cos_class_aves_vs_mammalia,cos_order_passer_vs_other_aves,abs_cos_veitch_class_vs_passer_subord,species_separability_ratio,species_n_with_data,top1_share,top10_share,mean_l2_norm,model,layer_idx,bootstrap,seed
0.6616219562533145,0.9413595047802665,0.39409990123867816,0.07377944205154335,12,0.04571061510089037,0.27126242558087904,8.264108177218116,eat_all,5,0,47
0.6903219329004032,0.8785833488838783,0.31837828940899376,0.06997844843793333,12,0.045650873866651696,0.2725884937767338,8.26211898027321,eat_all,5,1,1047
0.6649881627838974,0.8883287269947818,0.26406797156281486,0.07709536363789798,12,0.04650607495592874,0.2734870005197041,8.264536183046756,eat_all,5,2,2047
0.6636237549972999,0.8905426907520464,0.3861622540540039,0.07235516559569165,12,0.04371347744346812,0.2673238079297007,8.25773566852545,eat_all,5,3,3047
0.6544828364561956,0.9394246723760891,0.20819313554947014,0.06844931933952549,12,0.04544824629929923,0.2736204101290414,8.260513124457413,eat_all,5,4,4047
0.649223727709792,0.9028697935276109,0.2618469925667999,0.07729235661091001,12,0.044908090925272016,0.27151531679579083,8.258255495498211,eat_all,5,5,5047
0.6617651599337664,0.8981261570394414,0.42051987859037027,0.06362983823699539,12,0.0462053907819897,0.27375789338321593,8.258441617550385,eat_all,5,6,6047
0.618529471951291,0.926035540413374,0.3360475255526897,0.07600564691927103,12,0.04611298380909846,0.2696676297660356,8.262542338962648,eat_all,5,7,7047
0.6676162049924247,0.8773368644778705,0.36225572226261343,0.07063602425076367,12,0.0455706276871491,0.27173973207676505,8.26394098750839,eat_all,5,8,8047
0.6739594672763999,0.9351830000609003,0.3730865699720486,0.08794104237989192,12,0.0447739321890239,0.26893961582142567,8.261100041304912,eat_all,5,9,9047
0.6320867647212423,0.9294232267199891,0.2944318463989983,0.07140472862371394,12,0.04490298389551523,0.271636676797193,8.261664837516033,eat_all,5,10,10047
0.6411251490562475,0.8688430234722142,0.4445703401552592,0.0752548923520734,12,0.04643003169183394,0.27126937699947606,8.257987601930598,eat_all,5,11,11047
0.6480223217595924,0.9179985179045254,0.3231252256127796,0.07765359801890709,12,0.044567045402074505,0.26960334276894365,8.259706214798829,eat_all,5,12,12047
0.6330889581441842,0.9279743579651614,0.37922609209898867,0.07420273241266412,12,0.04441962592481744,0.27113664072414134,8.260046485023222,eat_all,5,13,13047
0.7049883695334277,0.9126737785927161,0.27733461616018895,0.07488517148359823,12,0.044715033029605444,0.27416997860753983,8.259302749001442,eat_all,5,14,14047
0.6723113508469916,0.9164411224176046,0.28394483205195875,0.07749279209563562,12,0.045122290539793136,0.2704652679169834,8.258503251648216,eat_all,5,15,15047
0.6653090409832447,0.877741000207694,0.2889492267459061,0.07228411468371536,12,0.04520607911789333,0.27106546400533293,8.261924159709707,eat_all,5,16,16047
0.6413806810195511,0.9131238806241739,0.27932518498547854,0.0749521944828982,12,0.04484913053066244,0.2706189895780599,8.258416370710828,eat_all,5,17,17047
0.6806194013528448,0.9249237905293116,0.3206932060052939,0.06723914407237075,11,0.045099335461823424,0.27124971758364125,8.261647968751257,eat_all,5,18,18047
0.6757875323352629,0.9415909527744905,0.2195180704085417,0.06803697549983133,12,0.044558592166207694,0.2714219298079195,8.263561980716867,eat_all,5,19,19047
0.6665610087757105,0.9249342548130943,0.2904676213582723,0.06719168996560425,12,0.044115021951413966,0.27192123997350953,8.25979108828133,eat_all,5,20,20047
0.6560872433617415,0.9353712348730865,0.25193175234517073,0.07151739714411626,12,0.046094952806367995,0.2727664732978496,8.260722601542065,eat_all,5,21,21047
0.6733616715945356,0.8912957476002461,0.45108644671751014,0.07710246337863723,12,0.04577751719313828,0.270929496060192,8.261469277677028,eat_all,5,22,22047
0.7147599526165032,0.9204682828144526,0.31666047423674076,0.06858519581493147,12,0.04494878952417058,0.27002369352843536,8.258952053623753,eat_all,5,23,23047
0.671541526481494,0.9253782793312026,0.24035057505566476,0.07222682357818595,12,0.046232732547061235,0.27351671996704663,8.261899770717807,eat_all,5,24,24047
0.6555607552791277,0.9103261685366297,0.2912477282990413,0.07439782569669877,12,0.04473029126536232,0.2695055305520119,8.26183442145984,eat_all,5,25,25047
0.6678911711830956,0.9391074203480996,0.23732598562461338,0.06859429888469497,12,0.04527928651310603,0.2727261987941592,8.257487537530883,eat_all,5,26,26047
0.6782725468486592,0.9357206668033209,0.3174306976214415,0.07424322823647365,12,0.044578763674716276,0.2730507528326412,8.259998572379404,eat_all,5,27,27047
0.6610156126835337,0.9150190398397612,0.2826112906982698,0.0729133761385947,12,0.04479456679772537,0.2697466116417514,8.259012580488326,eat_all,5,28,28047
0.648071881334583,0.9355939704682473,0.19390131851103046,0.07885470729238415,12,0.04659170527698804,0.270389153237367,8.26112394547692,eat_all,5,29,29047
0.5325228197642848,0.8475031442645496,0.37117377214444003,0.08580062438149993,12,0.03899113314774739,0.23491858868193913,9.149626065803309,eat_all,7,0,49
0.5403088093175212,0.8095826784753102,0.28214437737856896,0.08817323099193144,12,0.03927606441711212,0.23248658034230318,9.149543498010308,eat_all,7,1,1049
0.5528481367352276,0.8171780231147148,0.2121295754640182,0.10125105833290049,12,0.038995101180607276,0.23213438800506522,9.151004410454448,eat_all,7,2,2049
0.4973358965440968,0.8326377168526691,0.30117920856980085,0.08078721822245533,12,0.040629296603760516,0.23415500885115426,9.149543145315423,eat_all,7,3,3049
0.49104019973904645,0.857160812560444,0.1980042378427483,0.10130157010318305,12,0.040457491309764795,0.23303995957011706,9.149735971706892,eat_all,7,4,4049
0.5413992250834888,0.841634311459418,0.31583970117862314,0.08485496420940004,12,0.0392647816690998,0.23391512852307622,9.150856811441884,eat_all,7,5,5049
0.5000194474561978,0.8229484508824143,0.31034428461548497,0.08415541240169365,12,0.0382717990900431,0.2324593245704654,9.151858027466066,eat_all,7,6,6049
0.5189452234917866,0.8255535409839716,0.3669443177296956,0.09422362941418412,12,0.039150097740311536,0.2334591853936531,9.1525638263296,eat_all,7,7,7049
0.5212065913436695,0.8678014859555965,0.1595196610982372,0.0978490182966314,12,0.03995569027200366,0.2325361353787707,9.151831734580385,eat_all,7,8,8049
0.49594912023350346,0.8100782072070194,0.24427800640009237,0.08641611377710484,12,0.03774583366166262,0.2307230569117881,9.155764164651384,eat_all,7,9,9049
0.5125419406494524,0.8888863026419923,0.3306357321434335,0.09628475338050992,12,0.040342886651508536,0.23464197227454464,9.153892150107724,eat_all,7,10,10049
0.49254230621952794,0.8561337587678954,0.23120870984062397,0.09975776976132054,12,0.03911160779220952,0.23173992694563575,9.151062412429823,eat_all,7,11,11049
0.5476807614280339,0.8645685787994246,0.3609945669806427,0.09774008604325066,12,0.03983762115144177,0.23633000185978448,9.149226506638458,eat_all,7,12,12049
0.5171770668077075,0.8215916873522466,0.18065290705651796,0.10198875673667829,12,0.0388943714329879,0.23265947355517053,9.149111188709044,eat_all,7,13,13049
0.5348006623111125,0.8246568083445428,0.4491552177245085,0.09349782690347509,12,0.039589764327274415,0.23443672502201432,9.151508312386301,eat_all,7,14,14049
0.5275006164466844,0.8424105991479094,0.12885864863443292,0.09299067628212061,12,0.03886569896757898,0.2318698143420819,9.152338995040239,eat_all,7,15,15049
0.5179166218335798,0.8653618202837728,0.18703841191368123,0.09350502866939425,12,0.039338266594275424,0.23363044559081564,9.149415171218823,eat_all,7,16,16049
0.5459669999448911,0.8492373465660472,0.3883029002884827,0.08438804888566144,12,0.04029404838448026,0.23486264930884995,9.150841545091016,eat_all,7,17,17049
0.47605143044881854,0.8542165710584297,0.26843289286958905,0.09256573236085512,12,0.0396905866191151,0.23205186047786874,9.15200813706173,eat_all,7,18,18049
0.5322859828326431,0.8712157407674518,0.3321301993744513,0.08726200186404957,12,0.039227922958666915,0.2306861070176229,9.14932883663373,eat_all,7,19,19049
0.5195156181196304,0.8576327591056115,0.24302607945177995,0.08794417347328848,12,0.04065528721052668,0.23417547342369,9.153375085092563,eat_all,7,20,20049
0.48836188633283906,0.8366557372702534,0.39148726305258297,0.09837480193136715,12,0.04001763702365875,0.23418238757111315,9.15095918213353,eat_all,7,21,21049
0.5167065091188889,0.8665078020995189,0.30518697500305125,0.09949993736039517,12,0.03901349532366267,0.2327867745135409,9.15144836705255,eat_all,7,22,22049
0.5487461980913901,0.8332062677857641,0.30769973765547376,0.08395925068412444,12,0.04059123006548442,0.2336636649347316,9.148847887843543,eat_all,7,23,23049
0.5068668070482032,0.8487291838964992,0.23172282445127731,0.09928567032557804,12,0.03990659591004116,0.2341961189288544,9.149730142259319,eat_all,7,24,24049
0.5189661359940565,0.8752188257066015,0.33000149056602984,0.10321666268268011,12,0.04014729095375475,0.23525991876438532,9.149012713302056,eat_all,7,25,25049
0.5306713297139932,0.8004326446611378,0.30068387109871925,0.09244564320270064,12,0.039611280975407254,0.2333153804533464,9.15289144122823,eat_all,7,26,26049
0.5512514428081748,0.8475912017237623,0.26896269430328074,0.08727731945636445,12,0.04066039259881958,0.23475070676004844,9.14799955367245,eat_all,7,27,27049
0.5004103692343964,0.8397699358158706,0.32071831886445645,0.08634057588301544,12,0.039338582679479345,0.23329153681024514,9.15145172250389,eat_all,7,28,28049
0.5130940678725171,0.7750328605116681,0.34048260959643384,0.08639196476055659,12,0.039246759059268554,0.23472014716140896,9.150335472365638,eat_all,7,29,29049
0.6265142877551685,0.8982676303522655,0.17372050939051845,0.09642312757418416,12,0.050255294949207094,0.2906616767750284,7.296011889646428,eat_all,9,0,51
0.6338316297969324,0.8740470781207229,0.18923651877640305,0.07470825779638815,12,0.050621001368347254,0.2907463682508037,7.296161676114126,eat_all,9,1,1051
0.6053665120592896,0.8460530888629266,0.29866352835081633,0.09056103088145567,12,0.05052092916019092,0.29349189737909864,7.293496822319527,eat_all,9,2,2051
0.6175315071466896,0.8632172204316102,0.24287695443658955,0.08386081607092333,12,0.05071594982161771,0.29206287307286777,7.295194602422395,eat_all,9,3,3051
0.6397192047179616,0.8378575735529885,0.3141457696528452,0.08747592042781793,12,0.0502191550705288,0.29282053511673817,7.2947010694544,eat_all,9,4,4051
0.6265299798370644,0.8721923934200628,0.408630380724007,0.08368222434393824,12,0.051192494354662776,0.29177322196268923,7.293873219439019,eat_all,9,5,5051
0.613486596124073,0.8950042293353672,0.37043168838630885,0.07626849878614014,12,0.050283652670186176,0.2916235832650818,7.294804822900009,eat_all,9,6,6051
0.6566888295755348,0.8691776257391105,0.24389339302771249,0.08115488993341041,12,0.05032463517612255,0.28996079929694796,7.299630070702295,eat_all,9,7,7051
0.5819211736613414,0.8814335005407761,0.2649212013127042,0.07709401578020766,12,0.051159257963598,0.2905287395865934,7.29441027006218,eat_all,9,8,8051
0.6171304740445586,0.8791707450489759,0.28582378128679076,0.0938726141329456,12,0.04978214578921763,0.28982143605558963,7.298366207911794,eat_all,9,9,9051
0.5865342101576277,0.8125883857123934,0.23401634124462573,0.10553283892684634,12,0.04855121235824344,0.28806383303663946,7.300734435684296,eat_all,9,10,10051
0.6160250741422801,0.8955676829811507,0.229801272363205,0.07620192729678497,12,0.05110500689708307,0.2909750908750817,7.297686771021735,eat_all,9,11,11051
0.5666434606137047,0.8896988946296223,0.23373181931440648,0.09514735850902288,12,0.04931783499854663,0.288563231229912,7.300382262609222,eat_all,9,12,12051
0.5811267062841884,0.8892020234071196,0.2796097393682606,0.08472816858644569,12,0.049794978719273714,0.29071288805424117,7.296873935311575,eat_all,9,13,13051
0.5735496984788404,0.9144297173578757,0.2518686665693662,0.08142508736175426,12,0.04911496829292798,0.2885322221948504,7.29881917002409,eat_all,9,14,14051
0.5933561266450222,0.8702311084373798,0.3751561071198948,0.08326167791051044,12,0.04978645695811616,0.29047876643621845,7.298728961025179,eat_all,9,15,15051
0.6435786685515739,0.828243760429405,0.2536488690686709,0.08162741211739957,12,0.050054150990738074,0.2913614875215172,7.29388189947901,eat_all,9,16,16051
0.6484009028441806,0.8271267338082161,0.1627788274169636,0.08522914960169278,12,0.04963447182600131,0.29285461720907885,7.3011817860347215,eat_all,9,17,17051
0.6117330310301464,0.8600149367088804,0.4610429610283736,0.08898121743486286,12,0.04933715085660093,0.2881218247763574,7.300141676003802,eat_all,9,18,18051
0.6173552852528782,0.8480608412123015,0.21622314006783183,0.09425550804630055,12,0.049945359903234406,0.2892508068313035,7.29844780173871,eat_all,9,19,19051
0.6138227144894357,0.8370344351253148,0.23383000644092022,0.07732067329959057,11,0.05018994567648372,0.2887914544125973,7.29751447471651,eat_all,9,20,20051
0.6168055007192007,0.8836565526220094,0.2169858778638311,0.08189215093510348,12,0.049578616866690225,0.2895787841970243,7.299823503552941,eat_all,9,21,21051
0.6350932948387125,0.83709853514475,0.3835112039366102,0.08579108040959799,12,0.04956934922140336,0.2884503091121529,7.299062547810019,eat_all,9,22,22051
0.6252661985462732,0.8559882206781854,0.2243143107371555,0.07889974904277833,12,0.049268386055889804,0.289272871766929,7.2983749189617955,eat_all,9,23,23051
0.6091642154926892,0.8098682591993347,0.49985898262141526,0.08625492318109841,12,0.04983245039442142,0.290557684968461,7.2992797961102545,eat_all,9,24,24051
0.6154908779913126,0.8514331604437946,0.22653053156602798,0.08760494445631041,12,0.05046871322154716,0.29037013477392953,7.296843886369248,eat_all,9,25,25051
0.6035258834391185,0.8718533440980417,0.2644549900410491,0.07507575193690658,12,0.048531845895306215,0.28806412373659673,7.302961930885527,eat_all,9,26,26051
0.633393354023527,0.8620704796808397,0.39061698234524217,0.07694633985131474,12,0.049202268462356986,0.2902193330839315,7.299657354269163,eat_all,9,27,27051
0.5785093374844885,0.8798680984369005,0.2569540378194574,0.0895019620666951,12,0.05080766342416316,0.2912437779989933,7.293049063517325,eat_all,9,28,28051
0.5749957151861451,0.8724996820409444,0.3133386004478381,0.07974944668035949,12,0.0508506630959567,0.29311196358380553,7.291207782054192,eat_all,9,29,29051
0.6001047945026726,0.8875126221141751,0.35884443987023945,0.07999598316662648,12,0.054774761702737235,0.29379534031416477,5.724737505308448,eat_all,10,0,52
0.601797064246872,0.8965666278985696,0.2888709769135827,0.08238277642079296,12,0.05394013463717988,0.293453525324901,5.72418428019479,eat_all,10,1,1052
0.5709776201207232,0.9189532279978753,0.4144444085449714,0.08824153987776173,12,0.05465256624709854,0.2980298867390823,5.724272537962105,eat_all,10,2,2052
0.6154381605039421,0.898473465391398,0.2494818447957855,0.07140429372732553,12,0.05381612195459268,0.29420938839030286,5.724876595514241,eat_all,10,3,3052
0.5816970799743363,0.8574570373225969,0.36000276337127013,0.08534590822783407,12,0.054710400891432955,0.2950749203848703,5.72442548605543,eat_all,10,4,4052
0.6041433460156138,0.8965132429786713,0.3287453692568937,0.07526518380324958,12,0.0548781481213549,0.2958159609030328,5.723310932178559,eat_all,10,5,5052
0.6397700375736549,0.8888584165924491,0.3101470735083799,0.07302115217723007,12,0.053936302862570375,0.2918613506024253,5.725286483717304,eat_all,10,6,6052
0.6189678708725972,0.9164359562940483,0.3418571011978152,0.08221746968165561,12,0.05434713876532218,0.2941503943474051,5.724146084194372,eat_all,10,7,7052
0.5760179445145284,0.8823591170670981,0.26262748461936336,0.0789042177567249,12,0.05412878913104698,0.2940018913927113,5.724385459247951,eat_all,10,8,8052
0.6209762258821934,0.8951183096254848,0.333237560202024,0.08314829962991457,12,0.05423459262592003,0.296084503708352,5.723537598099406,eat_all,10,9,9052
0.6682239952015404,0.8861766574221127,0.18307496905875986,0.07645889620364568,12,0.054556426989043914,0.2962943240753409,5.724140175855257,eat_all,10,10,10052
0.6007045631956257,0.8775722179743676,0.3552367134149921,0.07967804027848559,12,0.05443276451611313,0.2970764385718988,5.728176113273918,eat_all,10,11,11052
0.5992668848921084,0.9055768681325812,0.22195948191218476,0.08226827772555333,12,0.055007060011539245,0.29540222261291976,5.723513792582514,eat_all,10,12,12052
0.6190537047599074,0.889491977873147,0.30282510262657997,0.08171397478120336,12,0.05508156326287437,0.2946375618732834,5.722412152298358,eat_all,10,13,13052
0.6121868576034272,0.8991028369562454,0.2999007746612976,0.07956300443757965,12,0.05486582288715373,0.29575142360954465,5.72513049495259,eat_all,10,14,14052
0.5966240145275796,0.86827431222561,0.30214770800846596,0.0926700293305593,12,0.05474568383837661,0.29401698689446887,5.7237676679235845,eat_all,10,15,15052
0.6097971539126978,0.8662473074513721,0.5175473509216219,0.08400129633627326,12,0.05469855657291577,0.29590458843191203,5.722141191609828,eat_all,10,16,16052
0.6160745891810551,0.8736967585552253,0.2729656669244032,0.08107469307022797,12,0.054059302641219616,0.2933024811528152,5.724207880333247,eat_all,10,17,17052
0.6011655156785666,0.9048110192916043,0.16686154227432323,0.0760340263043631,12,0.054412909998421896,0.29470274170944355,5.724079562950998,eat_all,10,18,18052
0.5860339319706289,0.8569511801652,0.18843248647565888,0.08756770602265038,12,0.05544320012523275,0.29746154282399984,5.723357432783554,eat_all,10,19,19052
0.5976500087137069,0.9205549569112745,0.26215267772934725,0.07948439471284997,12,0.054398096754208765,0.2946869835808599,5.727479320061566,eat_all,10,20,20052
0.6125963524123332,0.8689954986080226,0.3761338220261738,0.0951289211563168,12,0.05376689891670696,0.29519359165215375,5.72460079822165,eat_all,10,21,21052
0.6169435641281853,0.9069038118641901,0.2269600684507904,0.07317063416372531,12,0.053775658504218914,0.2951900588915691,5.725430885138363,eat_all,10,22,22052
0.5856087510629955,0.8734448311435953,0.45773416696997604,0.08474510034324967,12,0.05472172169955297,0.29477170950616066,5.725975881251138,eat_all,10,23,23052
0.6157667606766688,0.8839141635339101,0.22229399968996455,0.07314760349622967,12,0.05426924493917069,0.29332117168246924,5.724016445069986,eat_all,10,24,24052
0.5936846298400323,0.8932518634277631,0.25354344582694166,0.09217678224420078,12,0.05450785187943491,0.2941220754323194,5.723153415983419,eat_all,10,25,25052
0.593401173294155,0.8850764467721698,0.36406992774293095,0.08292367211939232,12,0.05486258486137744,0.2967149584769514,5.722132761673477,eat_all,10,26,26052
0.5912247268754529,0.8652870132838049,0.22299589624199306,0.08177896077245168,12,0.0540046612253387,0.2952426343444139,5.7248118449587,eat_all,10,27,27052
0.601671318107177,0.8908805606482175,0.13364553807738308,0.08190899831673594,12,0.05560594144058958,0.296425452617067,5.722465860874614,eat_all,10,28,28052
0.6030316280818804,0.8850767750726597,0.3394294731848982,0.08249588309505529,12,0.05387331838659384,0.2932491751976181,5.726915995451889,eat_all,10,29,29052
0.6311488548584803,0.8673552458656871,0.304938805726966,0.07037226126674032,12,0.057007375543164145,0.2727900319887923,6.463898375726121,eat_all,11,0,53
0.642633417376337,0.8889337720395805,0.35110604425961156,0.07728113406837767,12,0.058418542179777384,0.2732969640253939,6.4631713000436575,eat_all,11,1,1053
0.6152592913392999,0.8964158329757819,0.17636605550590598,0.06985151788235537,12,0.05888521094163728,0.2735957477099558,6.462005676543001,eat_all,11,2,2053
0.6475443400076861,0.8606658374970815,0.444436920564416,0.07826154626925569,12,0.05752287227748987,0.2741792538141989,6.464183828650848,eat_all,11,3,3053
0.6257558136123114,0.8652207830536977,0.581245792113386,0.07889313697122395,12,0.05889626987431238,0.27594881875184674,6.458738087507138,eat_all,11,4,4053
0.5901561382273253,0.8264138992732081,0.561807876741902,0.08090144569457636,12,0.05825188496289948,0.2750199391122516,6.462220272787254,eat_all,11,5,5053
0.6182170395825304,0.8742374277306201,0.16287383863445096,0.07241799497642248,12,0.058100043927216106,0.2734896784496002,6.461666164531256,eat_all,11,6,6053
0.6103589732834703,0.7916471964356695,0.37539491512488327,0.06818657114762088,12,0.057685184049900466,0.2773138978786922,6.4599611101994245,eat_all,11,7,7053
0.6067586866226901,0.803615400567011,0.3531236957170308,0.07289683941816358,12,0.058568884136910214,0.2751602733299732,6.462174010234068,eat_all,11,8,8053
0.6208343165681413,0.8670527256103762,0.35142206194075054,0.07370037677171536,12,0.05889031019098591,0.27270533889476156,6.463738661545426,eat_all,11,9,9053
0.616069451922444,0.7913929040366943,0.47814188167698024,0.07581612467987298,12,0.05878247185243321,0.2750980417441782,6.45983155343785,eat_all,11,10,10053
0.6335909884094012,0.8207066651293863,0.26894147930113627,0.07104941305159525,12,0.058407519621058904,0.27661421326751273,6.460424316876968,eat_all,11,11,11053
0.5885840273350421,0.8433011180017035,0.3837052383159522,0.07747837251007897,12,0.05884288373239396,0.2775224334907555,6.463057781728314,eat_all,11,12,12053
0.6028406776455555,0.8576016735346773,0.484559086549777,0.08625506650538328,12,0.057734130307625205,0.2768659118324436,6.462207420253089,eat_all,11,13,13053
0.6019524739606306,0.8591675426484642,0.3894976633039395,0.09620825182363046,12,0.058265914977451115,0.2747967106756489,6.460941199961863,eat_all,11,14,14053
0.5604684318472243,0.8243125545189143,0.36725186744143307,0.07536145617906777,12,0.057886275718084794,0.2742186124710022,6.460336966955479,eat_all,11,15,15053
0.5824444171664812,0.8636697888378396,0.4176199052006379,0.07540541831024518,12,0.05781112053975214,0.2758506365586195,6.463650485425608,eat_all,11,16,16053
0.633316685848437,0.8422704998917533,0.40535113941091533,0.08008858370307761,12,0.05933140014329741,0.27559968829233844,6.461714517578304,eat_all,11,17,17053
0.6538881920069144,0.8530848381315732,0.37990362078137374,0.07278987315969859,12,0.05872247165280034,0.2755503580486892,6.460531750331427,eat_all,11,18,18053
0.6350145420608785,0.8295844722178611,0.6203810609638923,0.08194242975643082,12,0.058695070643121565,0.27307195730421646,6.463135423917334,eat_all,11,19,19053
0.6218811378026788,0.801109248584838,0.293368768236981,0.07956314810634478,12,0.05785305435017998,0.2741404613178539,6.462272655510042,eat_all,11,20,20053
0.6430617409917682,0.8092012087177478,0.3957411255708649,0.074875178046728,12,0.05774546998259804,0.27483246367429154,6.463013419844241,eat_all,11,21,21053
0.6387019150628177,0.847169709986385,0.27497543965332055,0.09435677822795746,12,0.057965139049288426,0.27413808771335557,6.462674535418953,eat_all,11,22,22053
0.6101405027397172,0.8489423601379225,0.08543413727454471,0.08143928492361138,12,0.05816557098097756,0.2753162344108622,6.4625432078539795,eat_all,11,23,23053
0.6282688456434827,0.8506261157047519,0.6104545583854726,0.07125215601804,12,0.057112730411922066,0.27254567232667914,6.464256769175762,eat_all,11,24,24053
0.6350135035735524,0.8442279403764458,0.6509914957662002,0.07699547377944416,12,0.059060628595200296,0.2756416693680577,6.4624889374456504,eat_all,11,25,25053
0.6711812862469226,0.8874782038657789,0.28115526201469826,0.08162799933242351,12,0.05788027111425963,0.2737085938895023,6.462542207186511,eat_all,11,26,26053
0.590482256898732,0.8148996970111844,0.4706228571765545,0.07199522246178186,12,0.05694068547878798,0.27564005971597544,6.462807403825793,eat_all,11,27,27053
0.6102978860877217,0.8241242594583923,0.4563465120429771,0.07163813515974497,12,0.05895786810261272,0.27450111675149463,6.462931854052989,eat_all,11,28,28053
0.5914555249292879,0.8487894911864968,0.33588091658462393,0.07889019264800903,12,0.05811889797880481,0.27688503632487854,6.462619331413414,eat_all,11,29,29053
0.754010512689195,0.8776904418187383,0.7457396703794571,0.059020755964538624,12,0.27493442219724207,0.5624513864096158,6.392484382358917,eat_all,12,0,54
0.7491617979650889,0.8716054726796191,0.2948087295010218,0.0670188788184173,12,0.27732325313824724,0.5629619066576315,6.375318974698247,eat_all,12,1,1054
0.7629557313789264,0.8171457614020013,0.5326301250080233,0.0605727494877691,12,0.2712407751488931,0.5613850523219895,6.393851767327252,eat_all,12,2,2054
0.7471506851648557,0.8694233958843338,0.6056361470689129,0.064088286695741,12,0.2715752976348739,0.5604617356527185,6.404684964549758,eat_all,12,3,3054
0.7728602100903988,0.8911525903018946,0.7020401071994564,0.05652734966388894,12,0.2702076346824642,0.5579017321634413,6.407669107333207,eat_all,12,4,4054
0.7574264413742424,0.8769734001809221,0.22253938964709624,0.0602099444510152,12,0.2707476459015487,0.5599607109980664,6.451450048041332,eat_all,12,5,5054
0.7477501521951863,0.8460817024311504,0.5838792331831051,0.052425537370400024,12,0.2716520845821354,0.5592582056826031,6.429044153620098,eat_all,12,6,6054
0.7725800069469899,0.8795711431463722,0.5171705554770386,0.054119733248708085,12,0.26930553428897047,0.5600633205269844,6.422959187306978,eat_all,12,7,7054
0.7785927125349051,0.8029515764180939,0.8406936806338348,0.051978811955661806,12,0.26759043182805453,0.5579057356218866,6.4303364924030575,eat_all,12,8,8054
0.7701929627232416,0.8504319302263378,0.7170472579336482,0.054684572356691004,12,0.27308633942479044,0.5637037020813372,6.393807609101619,eat_all,12,9,9054
0.7943478959770378,0.9054196004576751,0.1954375884743377,0.05163857899357839,12,0.2702235850978793,0.5602284346941028,6.433299712963344,eat_all,12,10,10054
0.7392458828663899,0.853023217141706,0.14090487324671389,0.062249495124281955,12,0.2739758822024321,0.5627028371826049,6.387195547149948,eat_all,12,11,11054
0.7643634549081889,0.9123891697752639,0.19161668748598604,0.062301044612738485,12,0.2698160744326669,0.5596209142680957,6.445554451239754,eat_all,12,12,12054
0.7668108263801723,0.8302275171317506,0.3889231473698073,0.05349470235472148,12,0.27056933525080057,0.5602670474530443,6.426077051776372,eat_all,12,13,13054
0.77299187813005,0.8479263340465428,0.519005891576,0.06587905501949076,12,0.27193250033853755,0.5617680294802637,6.394116266911977,eat_all,12,14,14054
0.767712486919445,0.8589199323760448,0.6543017687143183,0.06403725429879714,12,0.26938634717825866,0.5603758056585361,6.400556129997589,eat_all,12,15,15054
0.7638976090935561,0.9084186719798101,0.6005250454355334,0.06441966448118713,12,0.2720752747047195,0.5592638596939884,6.411776186527932,eat_all,12,16,16054
0.739906316601244,0.8321347747339043,0.8287834251938884,0.07088184751626386,12,0.27329098603853197,0.5597190193337991,6.456523462515167,eat_all,12,17,17054
0.7505502930787158,0.8543992978080224,0.1420691573494105,0.0628238626506438,12,0.274232159089244,0.5626311002749486,6.431152028504502,eat_all,12,18,18054
0.7821922084070414,0.8613920705795541,0.5315533239809714,0.05035916586304413,12,0.2701271965735922,0.561471674305111,6.447230974702625,eat_all,12,19,19054
0.7584596683907873,0.8702514783698932,0.5722626320256784,0.05565036454752741,12,0.2713283861926547,0.5601058256909521,6.453509266158533,eat_all,12,20,20054
0.7338192796915742,0.8309333178901742,0.08921220833519679,0.06450338455986554,12,0.27408453463800075,0.5601332545903476,6.404639777702685,eat_all,12,21,21054
0.7701124237696794,0.8694106376805927,0.5684825706696378,0.06638788701080106,12,0.26951543207463285,0.5575443894890819,6.435514185291865,eat_all,12,22,22054
0.7683106061169812,0.8283554047893615,0.47468533000490487,0.054257038437227366,12,0.27666180877644897,0.5642383187835625,6.388967859113489,eat_all,12,23,23054
0.7621286186507714,0.8997240288484314,0.3822855587375938,0.06616291645153495,12,0.2690632029517109,0.5574034855463186,6.436815234140361,eat_all,12,24,24054
0.7679746733531712,0.9089747254219234,0.6082623277139017,0.0641903462460883,12,0.27222453958505927,0.560781446322333,6.43269554313629,eat_all,12,25,25054
0.7592567412187401,0.8823867384147558,0.5751757301285825,0.05743254393843894,12,0.2660212946337258,0.5556823414126776,6.455212665314643,eat_all,12,26,26054
0.7883145129794783,0.8972869348368299,0.21137990948824248,0.05932928630749032,12,0.26959952108433655,0.5603492013839556,6.445679882152526,eat_all,12,27,27054
0.7499273810508853,0.8973186642079902,0.44527435192264575,0.06309608821370732,12,0.2707644470744579,0.5595591178453942,6.461359770694234,eat_all,12,28,28054
0.7422128771277164,0.8959538740776608,0.5074310556186159,0.05042765640393146,11,0.27183089401634813,0.5598214117820879,6.382859944288343,eat_all,12,29,29054
0.7093471368287687,0.952969838055397,0.4752161257838148,0.06704461043092451,12,0.04541794528393937,0.3273419974412508,6.46049952153824,eat_bio,5,0,47
0.7244795784168307,0.9499140510433893,0.37997269482262475,0.06416526835857704,12,0.044499696564253455,0.32727879775072405,6.4605903429805105,eat_bio,5,1,1047
0.7126764847946354,0.9508581069569525,0.33969053520296455,0.07283726376503724,12,0.04496784355068433,0.327808752335613,6.460737636214989,eat_bio,5,2,2047
0.7444285611967444,0.9384015758812353,0.466848190172699,0.06774355470330883,12,0.04424222638920559,0.32693179350030716,6.456065652012153,eat_bio,5,3,3047
0.7205296177092625,0.9532640989264107,0.22541368105950077,0.06698704906375683,12,0.04492166474881214,0.32723341406824796,6.459767423347335,eat_bio,5,4,4047
0.7199850029968149,0.935217859608065,0.289329424980446,0.07007114366390466,12,0.04469061547693752,0.3286468779861361,6.457885043192842,eat_bio,5,5,5047
0.7120903964029675,0.9325740362693693,0.4557549716481131,0.059243675252624216,12,0.044836853733125806,0.32979864146892307,6.456453876675091,eat_bio,5,6,6047
0.715103565789751,0.9581772582672281,0.43581936196621196,0.07115242851606968,12,0.04493361753462692,0.3252258758594831,6.459757432023019,eat_bio,5,7,7047
0.7059483921256484,0.9341473156656214,0.5152406324778044,0.06512299559072034,12,0.044592381632792444,0.3260584660187318,6.460269221957899,eat_bio,5,8,8047
0.7289111063154774,0.942491523751859,0.44464087646762024,0.08193365165432218,12,0.04431760174391289,0.32362844440662164,6.457812519090328,eat_bio,5,9,9047
0.7081941091593456,0.9530067941371948,0.3277391953176772,0.06635901949013738,12,0.04469611338553818,0.3273960495498765,6.45813330768348,eat_bio,5,10,10047
0.7091061958877415,0.9343613221686164,0.5583831496935556,0.0692050128505599,12,0.045082260383770965,0.32569332925162314,6.456669476793729,eat_bio,5,11,11047
0.7200815002954976,0.9274974050878425,0.38224515191581876,0.07327230233259019,12,0.04434127268988585,0.3260964571937227,6.4569323890876,eat_bio,5,12,12047
0.7034840593585137,0.9428453009878259,0.5389413810105517,0.07084693099440091,12,0.04483556582127198,0.3280638184756762,6.458620221995832,eat_bio,5,13,13047
0.7306227879658118,0.9432088056981801,0.41374404611843124,0.06990254767031794,12,0.04534416216313828,0.3293625827792829,6.4581951688956165,eat_bio,5,14,14047
0.7120499667763857,0.9093125043399375,0.34583621656976393,0.07228436693643975,12,0.04522941236160077,0.3279951326279824,6.458657879209097,eat_bio,5,15,15047
0.7334434094252911,0.949338735523161,0.38287987292588477,0.0680589562937258,12,0.04420791563592117,0.32753753995082324,6.459048916251046,eat_bio,5,16,16047
0.7232151336333321,0.9077605606672725,0.30876208009944783,0.0710973128388434,12,0.044812246882652285,0.32849390284319346,6.456809183101851,eat_bio,5,17,17047
0.7337600544614215,0.9473167448006613,0.3385483824135906,0.0613591897681103,11,0.04548163672148764,0.3283657727719739,6.460244346439125,eat_bio,5,18,18047
0.7107030666735562,0.9195885001443342,0.2021932522105259,0.06119846054472492,12,0.0450764483081538,0.3260027635186639,6.461342496354599,eat_bio,5,19,19047
0.728894304716232,0.9451168457756806,0.3316659491320805,0.06188256135102521,12,0.04525444873596089,0.32994897064744805,6.458424016277564,eat_bio,5,20,20047
0.7214117370549368,0.9268213692044938,0.2107196350968166,0.06998363630919323,12,0.04519569936986337,0.3267760479317629,6.457889229946541,eat_bio,5,21,21047
0.7290494620801918,0.9162609702626476,0.6156041979053657,0.06560958724402252,12,0.04568146204459587,0.32703248574068267,6.459906387994136,eat_bio,5,22,22047
0.7416009149803071,0.9444343299841462,0.35222191244337175,0.06574201723000674,12,0.0453743385017013,0.32852962785221307,6.457402526826268,eat_bio,5,23,23047
0.7309638749424198,0.95030773402772,0.28732660772679514,0.07103132369305408,12,0.045228098660855656,0.32953236617602755,6.459770285773068,eat_bio,5,24,24047
0.7107158252790448,0.9274969478580827,0.457274226828281,0.0708386982979682,12,0.044503730084116254,0.3253009979584895,6.458482347227775,eat_bio,5,25,25047
0.7117921070523783,0.955240025703632,0.2606413685082138,0.06563090471931574,12,0.04483609201525235,0.3285237408276352,6.457750359237627,eat_bio,5,26,26047
0.7306104875474054,0.9565813206770898,0.4484730153807124,0.06969629903515442,12,0.04541765606382346,0.3310295554341126,6.460235262039403,eat_bio,5,27,27047
0.7187332859979612,0.9401368060158559,0.30461559494360335,0.06750589334208476,12,0.04505798351494964,0.3284141605732056,6.458560053525612,eat_bio,5,28,28047
0.7230363478572082,0.9472953581070358,0.15489491076047598,0.07251902560077435,12,0.04503398740258806,0.3260095838349595,6.456816391155202,eat_bio,5,29,29047
0.6110040031816099,0.8543236979248832,0.47280813071300354,0.07661171388986966,12,0.04659100487407001,0.2882853195358811,6.8723856068853335,eat_bio,7,0,49
0.6261249218330807,0.8705885815714804,0.2678050645906016,0.07937533041898491,12,0.04693163499142443,0.28596840913392774,6.874406707514002,eat_bio,7,1,1049
0.6219840188057494,0.867399672292078,0.13521566968339938,0.09641992929052744,12,0.04618221737763926,0.28715193742912276,6.874993932556299,eat_bio,7,2,2049
0.6027690800189321,0.8206280595589458,0.35921694475079324,0.07417699956422101,12,0.04727433972793359,0.28656327593270886,6.871573484190197,eat_bio,7,3,3049
0.5935405750234017,0.8727492659710036,0.23268011396487934,0.09685253956510397,12,0.04685221341055077,0.28573369208718746,6.873129741098443,eat_bio,7,4,4049
0.6180520005091263,0.8246715950846116,0.3755597884161738,0.08082869176399841,12,0.046091279004058856,0.28716385443424114,6.873592307165801,eat_bio,7,5,5049
0.588835643456617,0.8644592089733516,0.34079674423353296,0.07471320632572646,12,0.046130795138925436,0.28598970922929856,6.876865532888497,eat_bio,7,6,6049
0.6235385006375734,0.8255291891871227,0.40135212916519497,0.0869086208458454,12,0.046487465535415426,0.2876947243014477,6.873131620378601,eat_bio,7,7,7049
0.6131241834109717,0.8844785902825112,0.10002228604261199,0.09172283247420598,12,0.04691116392460582,0.2873095542581154,6.872398161945031,eat_bio,7,8,8049
0.6051851371934552,0.8755941185069377,0.3100797819328439,0.07889436790660612,12,0.04657423089162377,0.288578726060872,6.879605973066376,eat_bio,7,9,9049
0.6101114306898917,0.8534388234177909,0.39547578440879666,0.08594444005183298,12,0.047212535517182186,0.28867661364396846,6.874179803822818,eat_bio,7,10,10049
0.597399153080915,0.8442926073436346,0.2159237155638229,0.0893788770359685,12,0.046441415430259037,0.2852491363824204,6.873904236539824,eat_bio,7,11,11049
0.6853761323614874,0.8808939777541113,0.40068658332605217,0.08960451800172599,12,0.04687456024024786,0.28835699644407403,6.871823236829875,eat_bio,7,12,12049
0.622140287482461,0.8182339186986278,0.15864715439430044,0.09140288942344153,12,0.04660604558667578,0.2864746999005524,6.872842357524751,eat_bio,7,13,13049
0.6440270054071437,0.8103836795570238,0.4879973426234879,0.08397713110027653,12,0.04682868001050269,0.2876792043084607,6.870851385617425,eat_bio,7,14,14049
0.611529141016046,0.8069073862088271,0.08499934883148227,0.08454796122367324,12,0.0467147315605759,0.284784779002021,6.872387279707403,eat_bio,7,15,15049
0.6131197155292007,0.8326044845426024,0.12987466377172657,0.08503963995506411,12,0.0466123833495096,0.287159949827349,6.872082152160374,eat_bio,7,16,16049
0.6066765092284736,0.8214851727297331,0.40345974393322137,0.08105356418453705,12,0.04741648283283694,0.2875832999134523,6.868318777906772,eat_bio,7,17,17049
0.5961138275459815,0.8267720951026003,0.3128373032251435,0.08678908045593124,12,0.046708814941255436,0.2856940268831313,6.875650436163683,eat_bio,7,18,18049
0.6190559079958804,0.8283317794898334,0.2959260571777465,0.07790862198090841,12,0.04698347784460124,0.2862760953701096,6.8754278400741144,eat_bio,7,19,19049
0.6268673289177561,0.8649508749797079,0.26476008541926316,0.08122224222094923,12,0.047084373554712254,0.287856761815707,6.868287336138276,eat_bio,7,20,20049
0.5943963356711829,0.8512107398292666,0.46359797941228453,0.09296032758630024,12,0.04637484680723673,0.2888379703317812,6.873034412023377,eat_bio,7,21,21049
0.6012946296556442,0.8168483292037385,0.3152835780278045,0.09409606914136326,12,0.04676020817650401,0.28660861717590114,6.870445629877622,eat_bio,7,22,22049
0.6383869612236612,0.8638854511640325,0.366560325343268,0.07649420533392093,12,0.047699432489118045,0.28494455428727195,6.871398580488827,eat_bio,7,23,23049
0.6063894014654785,0.8243000167012615,0.17155839808698126,0.09169404369911964,12,0.046865783042187574,0.28642724375122824,6.871832284775063,eat_bio,7,24,24049
0.6022525080663861,0.856504280649428,0.36191239313478024,0.09549473546278865,12,0.04655700394653375,0.28774256895837885,6.8725409533858235,eat_bio,7,25,25049
0.6108805610131749,0.7888621250227302,0.323298940614683,0.08583957764975718,12,0.046694697252987395,0.2861729456528127,6.873277874153522,eat_bio,7,26,26049
0.6269585004356505,0.8675322740595888,0.282806865449094,0.08224273833411629,12,0.0474701732725511,0.28744062305619517,6.8706663718363945,eat_bio,7,27,27049
0.6062337670146987,0.8331819642622408,0.30429115168659815,0.07792381798400798,12,0.04655850876060559,0.28627613703574134,6.8751340929280484,eat_bio,7,28,28049
0.6084426565791301,0.7946405406617709,0.41577132023980096,0.07982481024867076,12,0.04644192534863177,0.2892256472192613,6.875014622884691,eat_bio,7,29,29049
0.6201775514411344,0.8697113772897944,0.28129774444529615,0.08848163384720992,12,0.05423109627575937,0.3177654157937836,5.319114528135351,eat_bio,9,0,51
0.6291931263325694,0.8713506040448135,0.18124169861671455,0.07568594268019065,12,0.05381399405589027,0.31720048030609843,5.322057550198595,eat_bio,9,1,1051
0.6395869436518831,0.8770394338808831,0.36033952386020923,0.09233395252270354,12,0.05412837696781638,0.32069674173671103,5.3182136982638255,eat_bio,9,2,2051
0.6177305000497635,0.829208350662199,0.2759512665910343,0.07629431613663415,12,0.05440153137425638,0.3171793326112337,5.317449285753575,eat_bio,9,3,3051
0.6194725433870658,0.8177294193454019,0.4088201492516398,0.08549171412259611,12,0.05441404022142273,0.32145179325315826,5.320742248490318,eat_bio,9,4,4051
0.6138671084173042,0.8671034616700372,0.48355626954395525,0.07904352454337045,12,0.053939590348522824,0.3131562386170132,5.316369576103455,eat_bio,9,5,5051
0.63279915265663,0.8804191850340535,0.46784142216349006,0.07332099155960842,12,0.0542635362085494,0.31742312535597766,5.31877433022836,eat_bio,9,6,6051
0.6365056469467801,0.8619244704221385,0.3094901265573541,0.07582287948230694,12,0.05382681055955521,0.31544187725591655,5.319905861925949,eat_bio,9,7,7051
0.604820097015984,0.8522800839538632,0.3067217411100583,0.07415889078576099,12,0.053510210952885995,0.31217458445235347,5.318647080292444,eat_bio,9,8,8051
0.6238733749394798,0.8858029570369605,0.36280711459417825,0.090628985079602,12,0.05430503263154715,0.31861750290537727,5.321945737150741,eat_bio,9,9,9051
0.5984791593100247,0.8443683539847633,0.2248221251354353,0.10560875717738002,12,0.0538234573690645,0.317189144295038,5.320462191967559,eat_bio,9,10,10051
0.570435545138064,0.8719153617581249,0.3166317149233933,0.07416488553160558,12,0.05440948844724484,0.31622036528218594,5.319936589694253,eat_bio,9,11,11051
0.6050082295964005,0.8566094875889909,0.281866086679571,0.09105902051605522,12,0.05352691299352234,0.3161389945101115,5.323511958636214,eat_bio,9,12,12051
0.6069739707089145,0.8535457943216551,0.3534806931099017,0.0819195093765893,12,0.05440410930167579,0.31700880714198615,5.323204103585017,eat_bio,9,13,13051
0.6256691463252453,0.8476256655648949,0.286700386569531,0.0792933240526736,12,0.054160676646987434,0.31784996094040785,5.3207011784686875,eat_bio,9,14,14051
0.6207912216019105,0.8632530668736977,0.4650174832500692,0.0828418320356464,12,0.053520268438171675,0.3174067648603687,5.322529606205112,eat_bio,9,15,15051
0.6300095612332445,0.8143425830375566,0.33793686633792325,0.0773392569636611,12,0.053513219875517555,0.3137828482618476,5.317804414533333,eat_bio,9,16,16051
0.6383013451131967,0.8122922343556453,0.24835205210477496,0.08152031664062034,12,0.05393960380596721,0.3200973271446047,5.323992595810329,eat_bio,9,17,17051
0.6555360144993249,0.8700519232080517,0.5634555444854024,0.08442351001769109,12,0.053822325573707024,0.3131072601155249,5.322405541985957,eat_bio,9,18,18051
0.6062193487730498,0.8365253534766917,0.29994843682946865,0.08848264336802981,12,0.05357458927557896,0.31507745324216274,5.319553206671726,eat_bio,9,19,19051
0.6340201785110968,0.8301221759763375,0.24741225410288017,0.0737873340412447,11,0.05394441044096159,0.31461857683931826,5.320054397919768,eat_bio,9,20,20051
0.6001746672090695,0.9092420419411793,0.24730575891663195,0.0783296620903021,12,0.05374745521330503,0.31688573732719866,5.323427443202894,eat_bio,9,21,21051
0.6110984187124472,0.8296650725708401,0.46329541248875244,0.08051866262674434,12,0.053434256309081336,0.3145659393333052,5.32100359929491,eat_bio,9,22,22051
0.6291457752433368,0.900283883756507,0.29467616316140716,0.07352672239830482,12,0.0533362417619942,0.31563027389506754,5.322848986393001,eat_bio,9,23,23051
0.6344499032969382,0.854094084868011,0.592390931806138,0.08401234911595691,12,0.05408092643342351,0.3175094992284877,5.321163045723199,eat_bio,9,24,24051
0.6199290658706257,0.8483020742550045,0.24982750778418109,0.08532907702424178,12,0.05433457384638685,0.3171748396861658,5.321374012331466,eat_bio,9,25,25051
0.6004691926010443,0.8512539181442043,0.36930764223262785,0.0736618644883162,12,0.05325762236163311,0.3165822166382655,5.3262422931577795,eat_bio,9,26,26051
0.598118082172714,0.8550411844205323,0.4940471269065384,0.07336902041047216,12,0.05373148723316933,0.3196176300843277,5.32197007300172,eat_bio,9,27,27051
0.6246469143257695,0.8531531528443477,0.3118487529786661,0.08423613177391209,12,0.054747966813419195,0.31560903551523456,5.318049563171512,eat_bio,9,28,28051
0.6084739700438843,0.872452851393183,0.39504144937716024,0.07681734430911899,12,0.054721735734037574,0.32049762562162964,5.317027933349456,eat_bio,9,29,29051
0.6486435077371026,0.8692468274159127,0.4563351732487327,0.088342704845298,12,0.05280445745756,0.31856064833007103,4.603940659511871,eat_bio,10,0,52
0.6675822582299259,0.9082996517456132,0.40871788530819153,0.09105036054962755,12,0.05234786006574571,0.31933009578251986,4.603467842517108,eat_bio,10,1,1052
0.6050731598135106,0.8939340009759306,0.5702267104113443,0.0977848893370394,12,0.05332939819296873,0.32472521875015764,4.601147783247564,eat_bio,10,2,2052
0.6230776459375746,0.9059089990645184,0.287536362811922,0.08020815546208197,12,0.052677693014007286,0.3216113636346365,4.604740907794525,eat_bio,10,3,3052
0.6470464169703252,0.8784089315103383,0.43086954958080625,0.09290128915012738,12,0.054149933162909,0.32416454472666323,4.60224020380635,eat_bio,10,4,4052
0.6237736070130138,0.8993816347043826,0.45178868350110146,0.08557666773257158,12,0.0531572325992179,0.32232765456680085,4.6019019895890585,eat_bio,10,5,5052
0.6280678160794664,0.8764627020346566,0.3325704747670125,0.0814624693559023,12,0.05262362273973569,0.3183729755916929,4.606835150431211,eat_bio,10,6,6052
0.6608616768753907,0.9205078966332817,0.4036525072054327,0.09207348779251782,12,0.052647941691988664,0.32025164277113616,4.60196761227515,eat_bio,10,7,7052
0.6216936937003584,0.9116418786285827,0.36663140248079457,0.08768237569806865,12,0.05305727594393182,0.326042736831015,4.601863716579204,eat_bio,10,8,8052
0.6963266326062321,0.9007471203486181,0.40841013056141495,0.09437865784480973,12,0.052658096698448384,0.3210127609598354,4.601863128192749,eat_bio,10,9,9052
0.6335212276490442,0.9073443479966782,0.18708370360380316,0.08619971781759432,12,0.05289683575902954,0.32443238022305043,4.605288333562646,eat_bio,10,10,10052
0.5929601496532979,0.8982669990943043,0.46033055457945943,0.09005729708115202,12,0.05356862356438512,0.3279771030453679,4.604879657902022,eat_bio,10,11,11052
0.6309730407803561,0.9092105384423688,0.26428780611886404,0.09237326993207344,12,0.053311553794136025,0.32048353537437946,4.6005651246826025,eat_bio,10,12,12052
0.6294129885473484,0.8657678067834699,0.3922525950123521,0.09325976360183577,12,0.05281921216365328,0.3182604957113734,4.599292179708448,eat_bio,10,13,13052
0.6559993720694253,0.9124599969624899,0.3150806882307123,0.08720090216583003,12,0.05226761664889534,0.3191964315774927,4.604165958901303,eat_bio,10,14,14052
0.6014883736696518,0.8875371615517447,0.3785809125161251,0.10211922283877374,12,0.05247096419939025,0.3175809322942416,4.6028340968942825,eat_bio,10,15,15052
0.6379872343804577,0.8683861802532016,0.6219840127329923,0.09451894590377326,12,0.05277450646502346,0.32146667844334637,4.601982505824838,eat_bio,10,16,16052
0.5996821086242962,0.8924523029759401,0.29964450413062194,0.0935539889539878,12,0.05262525727436449,0.3212426441183148,4.60350705164527,eat_bio,10,17,17052
0.6325862066972205,0.915234486407765,0.24478100617041046,0.08757993368160599,12,0.05257517683344658,0.3184419768250204,4.6018079162955345,eat_bio,10,18,18052
0.5852604286807666,0.8580157650452149,0.19188065382228553,0.09572308654369902,12,0.05314422103259898,0.3217166404609166,4.602162014805508,eat_bio,10,19,19052
0.6025795296402694,0.9265334371054463,0.31872517507548914,0.08766465559470431,12,0.052679603631158756,0.3229523316582261,4.607820523188715,eat_bio,10,20,20052
0.6633989202704379,0.8862658555873265,0.45565323114757444,0.10219281833012223,12,0.05233519915103268,0.32170106185815495,4.603383729098178,eat_bio,10,21,21052
0.6350569932427705,0.9130846480242145,0.26066823780662113,0.08152665463239865,12,0.05200930765677131,0.32242540535824965,4.6057206520338445,eat_bio,10,22,22052
0.6271099899636081,0.8867124000743353,0.5412152928584054,0.09534983816559177,12,0.05327384403324653,0.3216648495757962,4.6061160496328055,eat_bio,10,23,23052
0.6342514664039683,0.9179188819360796,0.20668236934019155,0.08296008524740843,12,0.052592719167345224,0.3218036365387059,4.604927214407384,eat_bio,10,24,24052
0.6436280806023594,0.9184878069258327,0.3721856737037582,0.10546491162553281,12,0.05220156032200351,0.31504229904339054,4.599119840825337,eat_bio,10,25,25052
0.5987834800797679,0.9099948827930963,0.46665823533028766,0.09280292841668918,12,0.05261477508421956,0.31775467481138847,4.597818532419746,eat_bio,10,26,26052
0.6295965902040038,0.8424280730611192,0.24886959467492828,0.08928264787305758,12,0.05273838845673613,0.32407136652749635,4.604266853215685,eat_bio,10,27,27052
0.6014644584133779,0.8995203523545573,0.08983339294211008,0.09220112006083372,12,0.053733445628618114,0.32425242642686036,4.599620830397697,eat_bio,10,28,28052
0.6323821791233308,0.8822276265631336,0.46686365870495267,0.09378075325710654,12,0.05225655575855008,0.31998272492639435,4.607073060443063,eat_bio,10,29,29052
0.67041959106739,0.8331177467179105,0.3313255867098239,0.07550675860454077,12,0.05987427400901818,0.32866331751001737,4.636210801485002,eat_bio,11,0,53
0.6773250530168214,0.9061686791376141,0.3363930334259066,0.08181632077913033,12,0.059885351461811454,0.32824147792182296,4.633611109901734,eat_bio,11,1,1053
0.6461609201946932,0.9087499577062138,0.1995345688134273,0.07183496349916607,12,0.06026627931684681,0.32811267752126144,4.633552995492712,eat_bio,11,2,2053
0.6690240202406977,0.8746086801936119,0.46639920572154414,0.0755015158512208,12,0.06021474737018605,0.3310791970543621,4.634951328342083,eat_bio,11,3,3053
0.6500678058366779,0.8836587180112383,0.657033799629384,0.08371586875815575,12,0.06074436798808374,0.32854213506594315,4.631901882440469,eat_bio,11,4,4053
0.6265984422198894,0.9022165080648852,0.5890282368004027,0.08614808014375487,12,0.06011664625610238,0.33087786261129004,4.631860745122222,eat_bio,11,5,5053
0.6603594708225878,0.8515380825150718,0.1536006204789928,0.07780593846877928,12,0.060589314227156466,0.33033445427955616,4.633566383001247,eat_bio,11,6,6053
0.6463998476678325,0.8605374960348892,0.33899047290419543,0.07827048580072309,12,0.061650391165652706,0.33457315748432165,4.632872547963323,eat_bio,11,7,7053
0.6477862359560833,0.8948867578171887,0.2807449307331261,0.0778572112059343,12,0.05994111396464022,0.328809771863965,4.633077811491094,eat_bio,11,8,8053
0.6798239829121326,0.8622261836440923,0.35491918189714616,0.0830743497057502,12,0.06068091943919058,0.32698954042096007,4.634145803868782,eat_bio,11,9,9053
0.6449423199602318,0.8676520510710203,0.4859611594769414,0.07992605972727625,12,0.06137392489158195,0.3294083674243949,4.634776559706203,eat_bio,11,10,10053
0.6536467920623259,0.8999360850848508,0.2520852782507585,0.07583447388851103,12,0.06085675567802219,0.33242643915954445,4.633655781890391,eat_bio,11,11,11053
0.6628532839945435,0.8582648716176804,0.40562775221143665,0.0831879247688951,12,0.06167627896736927,0.3341864145845429,4.633219199238429,eat_bio,11,12,12053
0.6450935225617652,0.8897955355327902,0.5371473081162396,0.09164604064948692,12,0.06162244026878485,0.334906589704718,4.634643733655779,eat_bio,11,13,13053
0.6067246863448164,0.9104710338740987,0.44696994402185813,0.10081005544002127,12,0.0613522064106568,0.3316885674574992,4.631377943036272,eat_bio,11,14,14053
0.6446048331927486,0.9010333239053707,0.37652656912651317,0.07922615767170821,12,0.05976242247421926,0.33014286738914395,4.635444736110273,eat_bio,11,15,15053
0.6379927847148414,0.8673707139259372,0.4521472961719649,0.0803026207508273,12,0.059707303474817806,0.33315996781585916,4.636638527746483,eat_bio,11,16,16053
0.6705727949026122,0.904405879237458,0.43809211725993624,0.08774623681481429,12,0.06097808380883912,0.33031981291939355,4.634683344597328,eat_bio,11,17,17053
0.6598357249137241,0.8504735110518213,0.39713496268535964,0.07599516003402104,12,0.060906323476266226,0.33041750878263215,4.631386256814621,eat_bio,11,18,18053
0.6522820671052768,0.8620382373416915,0.6645354730929358,0.08602887317741864,12,0.05976962364117956,0.3274217821537319,4.634959445846727,eat_bio,11,19,19053
0.6545994051270361,0.8912811419040638,0.33182708052992144,0.07894494611737018,12,0.0601792068796714,0.33164136426237784,4.632633412353043,eat_bio,11,20,20053
0.6779048496476858,0.9098665946353464,0.3947236015949452,0.07715843982789868,12,0.060901308878231676,0.33141724077055595,4.634788239490104,eat_bio,11,21,21053
0.6879725523143222,0.889053513670983,0.30117527419673323,0.09442680488145933,12,0.061068405551741915,0.3306280300981297,4.633997473649986,eat_bio,11,22,22053
0.6501733111967641,0.9003835531828649,0.09508392739591393,0.08445133462770132,12,0.06138114671870722,0.3308677673450511,4.633681396781017,eat_bio,11,23,23053
0.6919403178826162,0.8730096896224679,0.6275200537624811,0.07650796729616671,12,0.059258848097484135,0.3292041020855262,4.63671865745543,eat_bio,11,24,24053
0.6551346717067419,0.8147394639769436,0.676703956837768,0.08659963554781684,12,0.06157193446450244,0.3299492631617739,4.6351245009666355,eat_bio,11,25,25053
0.6724330038005898,0.9000294178329963,0.2888392046482598,0.0881566893813112,12,0.06091125639282954,0.3297533666941413,4.634687641692185,eat_bio,11,26,26053
0.6534602182695932,0.8270706858048941,0.47758085717193904,0.07681109327273397,12,0.06131552446408667,0.33261041495600335,4.635724369275919,eat_bio,11,27,27053
0.6441258823310385,0.869440040238033,0.5277193026614052,0.07788127467528781,12,0.06167679926064479,0.32973738221239246,4.632747709084909,eat_bio,11,28,28053
0.6388014943027823,0.864239240294865,0.3987148432985153,0.08540870849585268,12,0.06102418996349901,0.3330629928682089,4.634660470750651,eat_bio,11,29,29053
0.5584602577941984,0.7374033934249294,0.5388879458837481,0.05937518216850077,12,0.15956304621164705,0.3190760541328202,4.972646709788233,eat_bio,12,0,54
0.5186657416557685,0.7879698905206954,0.3024248353949216,0.06372781698366012,12,0.16480746346405825,0.324289000394532,4.922043770331717,eat_bio,12,1,1054
0.5439417862227625,0.7259112512234693,0.40781456358910745,0.06532550037448825,12,0.16263430950855076,0.3231888021550163,4.969307886228082,eat_bio,12,2,2054
0.5338577859047191,0.74105035612407,0.27899760537276835,0.06264153274807169,12,0.16139680892989028,0.3209207849410053,4.973236596362345,eat_bio,12,3,3054
0.5597295368669597,0.7463305116644288,0.5531794031881496,0.05461052889279099,12,0.16118026927031145,0.3202464410189426,4.976353855841854,eat_bio,12,4,4054
0.5826343434213629,0.715974648929412,0.5622731960444686,0.06069879442862284,12,0.16236431205011975,0.3218762484000805,4.99093097878347,eat_bio,12,5,5054
0.5160459281998462,0.7479115208602025,0.42119348691433495,0.05660159442585686,12,0.1618162216602532,0.316487108249513,4.917055221751553,eat_bio,12,6,6054
0.5531503107094696,0.771837040891845,0.3881701520859382,0.053834430427615265,12,0.161081545197902,0.31896214131459316,4.945732471734487,eat_bio,12,7,7054
0.6072472749436171,0.7313529321297917,0.7102884666506456,0.052092591048423724,12,0.16097363911124954,0.3183272590552992,4.982044807379388,eat_bio,12,8,8054
0.5495134232734585,0.7679403200937197,0.5933017833220227,0.05641808395711256,12,0.16453698468080777,0.32553193429947974,4.961151977279205,eat_bio,12,9,9054
0.6177621739870391,0.74708452950327,0.46232790888448305,0.04903757884140966,12,0.16157817070157632,0.3181672838756458,4.939397365594917,eat_bio,12,10,10054
0.5317223666733573,0.8290806162705475,0.19084539770512554,0.06588877394390517,12,0.161602911608053,0.32168285773489524,4.927951166722939,eat_bio,12,11,11054
0.5465969019035164,0.8026137439735717,0.36908378941883474,0.06900710142858758,12,0.16276997560050915,0.32108771212854414,5.016769069755144,eat_bio,12,12,12054
0.584455876994167,0.7153659410664963,0.487839514109928,0.06023134704665327,12,0.1623841128649342,0.31902292395377624,4.9525428341031095,eat_bio,12,13,13054
0.536417543636192,0.7683243298953046,0.309940397170581,0.0599715505921619,12,0.15934000840207538,0.3175550119751744,4.952956383930565,eat_bio,12,14,14054
0.5659900239185067,0.7699908447153772,0.461399740820883,0.06425511325174144,12,0.16212489447341108,0.31893982269230325,4.9730361320877225,eat_bio,12,15,15054
0.5486268393944098,0.7861872288625908,0.32736350004641745,0.07610201472095565,12,0.1630400399085805,0.3190027693981584,4.952114237335004,eat_bio,12,16,16054
0.5511303110203969,0.7155791092155471,0.7105944991692692,0.06764776957298575,12,0.15943491969901338,0.3139668934817445,4.998589966444469,eat_bio,12,17,17054
0.542942149294079,0.7545757959114303,0.3786206522254916,0.056217192981873616,12,0.16274122113148912,0.3205486370625935,4.974089905929938,eat_bio,12,18,18054
0.5899071543750694,0.7149934281171699,0.558820427569721,0.05690116812328018,12,0.16220577190928495,0.3189093191974926,4.979361306563593,eat_bio,12,19,19054
0.5480763716339762,0.7677275167797954,0.5388824449393078,0.05990142191933841,12,0.16149923564290625,0.31757909837800236,4.948818565485841,eat_bio,12,20,20054
0.5564252043494945,0.7255510836539248,0.3725522313268058,0.06853756406018911,12,0.16113292888591677,0.32190814700236886,4.97223687284493,eat_bio,12,21,21054
0.6064895777555116,0.7377627379951839,0.4204951433899823,0.06278924589127766,12,0.1580810330061567,0.3125961819674022,4.924255343387552,eat_bio,12,22,22054
0.5540537080147981,0.6951387184590436,0.6576388432833771,0.05775667201502212,12,0.16370015978645489,0.32189206270686366,5.0035317308243314,eat_bio,12,23,23054
0.5168362120737918,0.7997693350315881,0.2564263385479577,0.06440205678728309,12,0.15949657964840228,0.3141948049631825,4.9610313571505635,eat_bio,12,24,24054
0.5932186605242897,0.7593071894043772,0.31888014518026414,0.055810418715808774,12,0.1599140238276347,0.3186479368995861,5.011523370525753,eat_bio,12,25,25054
0.6072449480400185,0.8042813620777745,0.5581724253163236,0.05836665713640735,12,0.15822079900795627,0.3122275460295808,4.964408999360919,eat_bio,12,26,26054
0.5486996885547777,0.7647345995191397,0.26042324479996815,0.06123899344489965,12,0.16235538519530648,0.31710881669641916,4.97915278703433,eat_bio,12,27,27054
0.5435925471750739,0.7420360202501751,0.5156178753274108,0.06616608101118457,12,0.16095324223185906,0.3154557729290188,4.963311845563715,eat_bio,12,28,28054
0.5749469794450436,0.7753275260197232,0.4256044131841243,0.05593901093432794,11,0.16195666526708308,0.31939408249000467,4.941150129894121,eat_bio,12,29,29054
0.5905771078150082,0.8389693826264224,0.6621499386033661,0.0927932487407187,12,0.05798494162156564,0.2688838644107768,8.62663904799931,sl_eat_all_ssl_all,5,0,47
0.6375379196797213,0.8619058146168268,0.5075932501911136,0.08694092825871336,12,0.05738734132400986,0.27138478443465663,8.623104146763477,sl_eat_all_ssl_all,5,1,1047
0.6019809323624925,0.8464174939100007,0.6201103790688941,0.09744402407841983,12,0.057301589718200555,0.2738964987133418,8.630769597608992,sl_eat_all_ssl_all,5,2,2047
0.6208466703023705,0.8574240962669977,0.6031305826999738,0.09229906311430666,12,0.058222441916497746,0.2687258154642894,8.63206703486027,sl_eat_all_ssl_all,5,3,3047
0.5899745331966723,0.8611312076659253,0.435240619088291,0.08886934048327842,12,0.05697006402396779,0.26866320287497336,8.621989550129788,sl_eat_all_ssl_all,5,4,4047
0.6157337219625503,0.8109435411131999,0.5665089707644273,0.09124138230508398,12,0.057729318690974474,0.2716273308249784,8.635538416444545,sl_eat_all_ssl_all,5,5,5047
0.619425823714012,0.8090517333092666,0.5844825343826425,0.08309025613285327,12,0.06012640691794158,0.275739168735059,8.621407999429694,sl_eat_all_ssl_all,5,6,6047
0.57463299047688,0.8627963998292311,0.5615643080826052,0.09339622087837765,12,0.05747735600495487,0.2697620434520461,8.623154714897966,sl_eat_all_ssl_all,5,7,7047
0.6055250280956671,0.8794973535270294,0.673582661610909,0.08644437420385134,12,0.05562194846159199,0.2680406441814501,8.632423320468474,sl_eat_all_ssl_all,5,8,8047
0.6241800737330131,0.8567032686350599,0.6024183764330459,0.09637677507287941,12,0.055389240866701946,0.2662002880209565,8.62602841177312,sl_eat_all_ssl_all,5,9,9047
0.58354672282781,0.8154600849929278,0.47945875306070324,0.08809406147044052,12,0.05748640143220046,0.27352831949722617,8.615090730245088,sl_eat_all_ssl_all,5,10,10047
0.6075416278912661,0.8345557597064348,0.6986567074782374,0.0896230732003127,12,0.058793563721455465,0.2713611176753342,8.622140203448957,sl_eat_all_ssl_all,5,11,11047
0.5888092434507186,0.8080487564143398,0.45752519114782303,0.09651193771482112,12,0.05958521212664411,0.2745557319748161,8.62195569955803,sl_eat_all_ssl_all,5,12,12047
0.5850265537667776,0.8597233131273689,0.663975088816223,0.09387381586178964,12,0.06112565347282542,0.274681379311163,8.626895700550815,sl_eat_all_ssl_all,5,13,13047
0.6042601234442552,0.7953869538727321,0.5412423202031232,0.08775986815795714,12,0.0577113766623261,0.27253732636544425,8.631645006958014,sl_eat_all_ssl_all,5,14,14047
0.6212876189871038,0.8136236357371956,0.5924960093568706,0.09316622630944862,12,0.05619037698328659,0.2696187706457058,8.626044892459404,sl_eat_all_ssl_all,5,15,15047
0.6132778972024242,0.8301430436976661,0.5650349686382603,0.09392575152987095,12,0.05905097308366802,0.2728583653793341,8.629265221185081,sl_eat_all_ssl_all,5,16,16047
0.6117192411999803,0.823236509989799,0.5953151118446415,0.09533509586810494,12,0.059089858247018144,0.27058396045411326,8.623422496254552,sl_eat_all_ssl_all,5,17,17047
0.6534642870607414,0.8545317275624477,0.4208403404215697,0.08357203184072402,11,0.05676225931828261,0.27158448766936605,8.632563205376439,sl_eat_all_ssl_all,5,18,18047
0.607864957190029,0.8714208821034614,0.3847205051261054,0.08271622995339437,12,0.056843165582420536,0.26988595527305415,8.622222922373716,sl_eat_all_ssl_all,5,19,19047
0.6072284942646072,0.82971362517809,0.4293676941001618,0.08834192048010699,12,0.060214218562107784,0.27409981094283997,8.628707055720543,sl_eat_all_ssl_all,5,20,20047
0.6104389909577944,0.8551586671879091,0.402324330724596,0.09435253347364357,12,0.05587542795165085,0.2695759651010451,8.626065322475476,sl_eat_all_ssl_all,5,21,21047
0.6441952213515509,0.8322408351828559,0.7196871772389763,0.0901797608554752,12,0.055170081563207005,0.26620372502223844,8.629911381981263,sl_eat_all_ssl_all,5,22,22047
0.6425543915607489,0.8397216266464179,0.5086393884655417,0.08654447171139602,12,0.05802901464159784,0.268925736137176,8.627346557312894,sl_eat_all_ssl_all,5,23,23047
0.5979186914713439,0.8769288723723097,0.5846655065901398,0.09692022995963205,12,0.05802820433379233,0.27170924393769236,8.620535664402357,sl_eat_all_ssl_all,5,24,24047
0.5946274528053068,0.8375544847653167,0.643165431282755,0.09394023312495418,12,0.05603913946944675,0.2655682467826941,8.629844270633006,sl_eat_all_ssl_all,5,25,25047
0.6346537998252834,0.8774363950169277,0.46511206024592094,0.0873118293238492,12,0.05792511517831094,0.27179538608999054,8.619456981272444,sl_eat_all_ssl_all,5,26,26047
0.6453514661803121,0.8722065429555436,0.6046506087590536,0.09034541949010824,12,0.058856881784399254,0.2720084373626449,8.62521381735328,sl_eat_all_ssl_all,5,27,27047
0.6231893665934376,0.8469492693206584,0.5155340075637843,0.090609546222531,12,0.05866030546813637,0.2714445295737477,8.61707815097373,sl_eat_all_ssl_all,5,28,28047
0.611610387237017,0.8711019059637234,0.32711234747248313,0.09005065288577115,12,0.05616031972869446,0.2660231418386087,8.629281664555101,sl_eat_all_ssl_all,5,29,29047
0.5786219842108021,0.8316018936029087,0.5659075847834768,0.11013113849924136,12,0.05022775677976107,0.253156016562606,8.747245050103404,sl_eat_all_ssl_all,7,0,49
0.5834314761267362,0.7962162360104951,0.4105089910582778,0.11732973809630548,12,0.04893085642530289,0.2501073229917012,8.732929216001173,sl_eat_all_ssl_all,7,1,1049
0.59625416528881,0.8096356245465192,0.3193719694970494,0.1192533304664625,12,0.05052672359829931,0.25254852966693037,8.738189888693748,sl_eat_all_ssl_all,7,2,2049
0.545435356415912,0.7478095730319865,0.46055374244039393,0.11074877682762298,12,0.05239144187857651,0.25405430140297325,8.73087987575056,sl_eat_all_ssl_all,7,3,3049
0.5619673902842963,0.759949105072028,0.23224026895422867,0.12210213881571673,12,0.049808192151899834,0.2497178108106934,8.752171953549217,sl_eat_all_ssl_all,7,4,4049
0.6053973748060919,0.7941291435617679,0.43350455968102075,0.10657762661050185,12,0.05234847602580777,0.2556085650845398,8.759571059231499,sl_eat_all_ssl_all,7,5,5049
0.5496356051415456,0.7796664470017909,0.3344645947383103,0.11010506171425403,12,0.05019218799225097,0.2519306710886313,8.739840180295394,sl_eat_all_ssl_all,7,6,6049
0.5924137054216755,0.8085557930734932,0.4456848794316948,0.11976801935599925,12,0.05240712973584748,0.2568407055550629,8.749479137641334,sl_eat_all_ssl_all,7,7,7049
0.5539058097750688,0.8300089232471037,0.04897239148238082,0.12158124287130659,12,0.0533238088856565,0.254501727220608,8.746918710776429,sl_eat_all_ssl_all,7,8,8049
0.5741234115455649,0.8090329933656859,0.40959233348859747,0.11376214192577747,12,0.053480473486533314,0.25713684168586576,8.757005684279441,sl_eat_all_ssl_all,7,9,9049
0.5868626104065842,0.8451538537376283,0.4304156246251603,0.10980031154036912,12,0.05220944325988574,0.2496764822316181,8.754335680073844,sl_eat_all_ssl_all,7,10,10049
0.5703580500747941,0.8356793702836649,0.3618545929325997,0.11967663197976021,12,0.0539312284172984,0.2585091931421467,8.761054188969979,sl_eat_all_ssl_all,7,11,11049
0.6269460300265004,0.8128446682718071,0.29901344063591195,0.11822430558872135,12,0.051686859524261594,0.25362961577344467,8.748201785605705,sl_eat_all_ssl_all,7,12,12049
0.5730752369321138,0.8533539029665288,0.2741724740381224,0.13199843496885422,12,0.05076832516290413,0.253062437262051,8.745012567719382,sl_eat_all_ssl_all,7,13,13049
0.5939706641298375,0.7433947956315456,0.6264533871691462,0.11966917525483028,12,0.052135154261824676,0.25351905454230494,8.753173438177395,sl_eat_all_ssl_all,7,14,14049
0.5595416949950478,0.803275081119802,0.14109169159184284,0.11809823087067854,12,0.05260842492503957,0.2550183165009103,8.755978616436865,sl_eat_all_ssl_all,7,15,15049
0.5550314167937771,0.7871690291893758,0.2366391204715653,0.1165283630771679,12,0.053809195433141936,0.255897488145275,8.748228927617633,sl_eat_all_ssl_all,7,16,16049
0.5699345203658501,0.791447780991209,0.449470383566419,0.10940093534767768,12,0.05353969485217522,0.2571298360693698,8.74773332949913,sl_eat_all_ssl_all,7,17,17049
0.5565639016447083,0.8099892632691154,0.3070328013537191,0.11580290301884992,12,0.049464709945690556,0.2499771922444018,8.73008857823164,sl_eat_all_ssl_all,7,18,18049
0.5856760560119401,0.8244322945007869,0.4883680986454075,0.10854938769685393,12,0.04725711190522318,0.24558264943076208,8.73662814311691,sl_eat_all_ssl_all,7,19,19049
0.5858625909777682,0.8159965095429695,0.357353689542337,0.11486994687033274,12,0.05335276490183312,0.2545080204911628,8.755473483664446,sl_eat_all_ssl_all,7,20,20049
0.5691767715165561,0.7939786617274025,0.5739919700048565,0.11448525878880345,12,0.052988947689725015,0.2519981332021188,8.745169833567518,sl_eat_all_ssl_all,7,21,21049
0.5844418620787919,0.8083872917537531,0.311511956990366,0.12369734142502618,12,0.05265943284115387,0.25458574761438646,8.751682479719957,sl_eat_all_ssl_all,7,22,22049
0.6021286805790201,0.8032263201899195,0.45808001933943876,0.10257602683568566,12,0.04987701892720959,0.24978135749634378,8.748850946916335,sl_eat_all_ssl_all,7,23,23049
0.5692036478768149,0.831605436492808,0.3170995955181922,0.11755187641738164,12,0.05146819641303574,0.25543529084039845,8.750600513230484,sl_eat_all_ssl_all,7,24,24049
0.5683174065976945,0.8262998928243395,0.398273588502112,0.12695612778773901,12,0.05304872400177623,0.25456052080277014,8.74016542764809,sl_eat_all_ssl_all,7,25,25049
0.595189479796934,0.783055455694492,0.4807407072963618,0.11873292753879598,12,0.05275539795338212,0.25413174819281026,8.749177581843854,sl_eat_all_ssl_all,7,26,26049
0.6108252512226903,0.8666873768584541,0.36900542669173964,0.11475725628629686,12,0.04994317004109372,0.2494837546955133,8.756396183483385,sl_eat_all_ssl_all,7,27,27049
0.5749073379742826,0.8451239215203824,0.4456687886676375,0.11409829480991786,12,0.05006338636881323,0.2522920951786287,8.746147052762913,sl_eat_all_ssl_all,7,28,28049
0.5943373721754165,0.7669859501550699,0.3796454300615275,0.11329858163668975,12,0.05244241840268475,0.25676347151270545,8.754547794884578,sl_eat_all_ssl_all,7,29,29049
0.48528404816294735,0.76658485374908,0.21598870625821753,0.12194894670232577,12,0.04474924482749543,0.2800192499650463,6.592383518082191,sl_eat_all_ssl_all,9,0,51
0.4753172347810527,0.7261163391740242,0.20507175760779864,0.09800350726960934,12,0.045875700795473345,0.28278300172775783,6.594084029532192,sl_eat_all_ssl_all,9,1,1051
0.443671013376583,0.7686254484133651,0.26565766649857386,0.10639890468033847,12,0.04508626725500501,0.2838601468709449,6.596632195402854,sl_eat_all_ssl_all,9,2,2051
0.4786945192516391,0.7295742516901459,0.298263765291623,0.10989688119053621,12,0.04369557772473371,0.2792680725276032,6.597780612029379,sl_eat_all_ssl_all,9,3,3051
0.5326861491158696,0.7456449024018769,0.3444712981651166,0.10942852756015758,12,0.04569892757531125,0.2854630648834059,6.601352228772729,sl_eat_all_ssl_all,9,4,4051
0.5257105749224168,0.750909407697874,0.4802298925687601,0.11136439828344638,12,0.04472457384257901,0.27684414925199363,6.596222283832962,sl_eat_all_ssl_all,9,5,5051
0.5324716528701652,0.7880066488050282,0.4528922455476122,0.10065299711174623,12,0.043490960700429585,0.2801794235689472,6.598575967599874,sl_eat_all_ssl_all,9,6,6051
0.4829137960462937,0.76115402691848,0.2688662008694798,0.10569538335418598,12,0.04349116333758313,0.27703583867894804,6.596637499248,sl_eat_all_ssl_all,9,7,7051
0.48493301757693175,0.7405930893990206,0.28056200130305126,0.1006412813907362,12,0.044581687048697555,0.28193470205898175,6.59306028350678,sl_eat_all_ssl_all,9,8,8051
0.4993535368160007,0.7889816021645388,0.28849402351786313,0.12350093308543202,12,0.04441448750684084,0.28467480436927994,6.600308542906834,sl_eat_all_ssl_all,9,9,9051
0.44354264885621364,0.8195253693113955,0.2776183534427527,0.11787657292378863,12,0.04375058268451469,0.2801445669889946,6.591008231261043,sl_eat_all_ssl_all,9,10,10051
0.43584355200110514,0.7734553783967605,0.28592206719439056,0.10008641665261628,12,0.04338316357034341,0.2804514602290793,6.5987164291760605,sl_eat_all_ssl_all,9,11,11051
0.4559727220951024,0.7492447494837278,0.27098096029599394,0.11032520746037501,12,0.04466320493614192,0.2796172438432624,6.60614835306405,sl_eat_all_ssl_all,9,12,12051
0.4863833594824694,0.7539414242178452,0.2754014764937863,0.10777239649076713,12,0.04632555559377237,0.2851951410183017,6.60307840826009,sl_eat_all_ssl_all,9,13,13051
0.424653703708362,0.7638274931507396,0.34074863071168016,0.10166768241924018,12,0.04505135889004457,0.28035527207243477,6.60527652195625,sl_eat_all_ssl_all,9,14,14051
0.4491867197565581,0.7566876134979891,0.3487701827825398,0.11125167426515611,12,0.04488218758321138,0.2823189807458989,6.5992486659130485,sl_eat_all_ssl_all,9,15,15051
0.4716856557469171,0.8183016457682781,0.32005286941383915,0.10295076284586062,12,0.04694774829739353,0.28374624240793694,6.585460547153574,sl_eat_all_ssl_all,9,16,16051
0.5024059000251191,0.7463290029104167,0.16975564762965226,0.10468909475978924,12,0.045682719043893226,0.28098669673310256,6.604652854112877,sl_eat_all_ssl_all,9,17,17051
0.48855146342588496,0.7724272870493882,0.471933670147613,0.11052061052211853,12,0.043508211107206235,0.2769090735573805,6.601409929054929,sl_eat_all_ssl_all,9,18,18051
0.43877787958144177,0.815582218257245,0.2829665702599957,0.12967163722527414,12,0.044728327283316285,0.2794926519509175,6.592562920728761,sl_eat_all_ssl_all,9,19,19051
0.4932589337447314,0.7510736021050614,0.20733033682240767,0.0972511574763748,11,0.044632724200372655,0.28156585992227656,6.595175127097793,sl_eat_all_ssl_all,9,20,20051
0.4491441359274789,0.7758455983857123,0.2227260606039546,0.10379750207806705,12,0.04500665716320117,0.2809038732195735,6.603835237485779,sl_eat_all_ssl_all,9,21,21051
0.46232934349319893,0.7754165116735372,0.4234944408566744,0.1048669348259787,12,0.04372297711032987,0.27862620665307397,6.606290806319046,sl_eat_all_ssl_all,9,22,22051
0.4935721146503191,0.7962086878843867,0.2813507384584151,0.09896647602356358,12,0.04448965583713617,0.2814478646941878,6.601292170095583,sl_eat_all_ssl_all,9,23,23051
0.4544223236431881,0.7287103524954542,0.4421462945662916,0.10926089818348189,12,0.04500107181951352,0.2773165333486489,6.605033002281368,sl_eat_all_ssl_all,9,24,24051
0.4688620302514324,0.7193943556796183,0.26526352729120256,0.10665249183544716,12,0.04523655732121826,0.28246408343816853,6.596499648922229,sl_eat_all_ssl_all,9,25,25051
0.5082752906178998,0.7358672216494859,0.3541206221762464,0.09340980039461903,12,0.04401557434230139,0.2813544532207005,6.602444771995935,sl_eat_all_ssl_all,9,26,26051
0.4667359189576776,0.6693761367963494,0.4559547199622479,0.10507791949954624,12,0.045501504065426114,0.2833347746398885,6.605110665925862,sl_eat_all_ssl_all,9,27,27051
0.4717932244226951,0.792731267054848,0.4307963402919598,0.10885573434656376,12,0.04584051707203518,0.2801497082779527,6.596977728284573,sl_eat_all_ssl_all,9,28,28051
0.4510095352120301,0.8026940648260877,0.38977617280741794,0.09581546042677364,12,0.045710517845697754,0.2841004123084223,6.593199898802933,sl_eat_all_ssl_all,9,29,29051
0.5300265842809189,0.7525086744788049,0.46116704734919794,0.09384931867321258,12,0.06941491398138579,0.32984882863051124,5.050414349253398,sl_eat_all_ssl_all,10,0,52
0.5422725782433383,0.818817909277741,0.3196546855283562,0.09875559738881533,12,0.06852155437090049,0.3295014635472219,5.058364541114354,sl_eat_all_ssl_all,10,1,1052
0.5113949496757403,0.7724822753803849,0.4032574307548511,0.10253806567256611,12,0.06838776265273676,0.33658330940462095,5.060520927886449,sl_eat_all_ssl_all,10,2,2052
0.5256501814975094,0.8225939851456893,0.25074160561068853,0.0891473699276133,12,0.06616747474396764,0.32978722189075416,5.064294753864953,sl_eat_all_ssl_all,10,3,3052
0.5045323044326114,0.8141221919393062,0.41216133806623434,0.10104442254332092,12,0.06624633379447672,0.3285993373897711,5.0625466264428445,sl_eat_all_ssl_all,10,4,4052
0.5305932445202033,0.7966823966047628,0.45536653783784503,0.09055915259380419,12,0.0685846268335326,0.3326828848254548,5.053512770675603,sl_eat_all_ssl_all,10,5,5052
0.5558978653263444,0.753855756598084,0.3222465168085691,0.0898992306413393,12,0.06728910363427461,0.3280453216083744,5.058626516528209,sl_eat_all_ssl_all,10,6,6052
0.4997241767375252,0.7666495869543567,0.35693328088951076,0.10035548318225676,12,0.06956395385805508,0.3314289159596069,5.0481420895481595,sl_eat_all_ssl_all,10,7,7052
0.509105074536736,0.7819105251583347,0.3668936670296103,0.09343823709945519,12,0.06730830752518485,0.330520105235599,5.06098257402337,sl_eat_all_ssl_all,10,8,8052
0.5457393501591346,0.8214306464359925,0.3778865213661198,0.10373793909874442,12,0.06967240496342667,0.33345609547754157,5.053769131025923,sl_eat_all_ssl_all,10,9,9052
0.5519746240668604,0.7854681534076178,0.3261635096738466,0.0906960181433144,12,0.0693725651546668,0.3315509068113045,5.058188765494918,sl_eat_all_ssl_all,10,10,10052
0.5151336192836518,0.7696165173395222,0.41855267446536176,0.09371722198413913,12,0.06725536649109277,0.3329695411905071,5.060032375802052,sl_eat_all_ssl_all,10,11,11052
0.5158778442377826,0.7772822665843101,0.31622387694916254,0.10224785745495901,12,0.06804190825626738,0.3336995280929864,5.058714269282477,sl_eat_all_ssl_all,10,12,12052
0.5529538159348497,0.765491368294368,0.4058949930960407,0.09522809099285745,12,0.0685833222645994,0.32931972699461315,5.054621437186875,sl_eat_all_ssl_all,10,13,13052
0.532944927651559,0.8180704771285037,0.2864058151337241,0.09556091861753033,12,0.06928375995671653,0.33027686534723594,5.057633484756235,sl_eat_all_ssl_all,10,14,14052
0.5544462660946471,0.8051457893831024,0.33979018776592723,0.10608744322814162,12,0.07004641336124279,0.328952361806057,5.056495746794385,sl_eat_all_ssl_all,10,15,15052
0.5541846901102906,0.8031688278798894,0.5542211569460205,0.09822511357333409,12,0.06659457752544712,0.3310600135977885,5.061082527850865,sl_eat_all_ssl_all,10,16,16052
0.5440052758414822,0.8116279924973313,0.35782746631595536,0.09304633126577433,12,0.06649697786975903,0.3265510411739956,5.0643841350654375,sl_eat_all_ssl_all,10,17,17052
0.4920053621496156,0.7940916819391943,0.26002793482134295,0.08877825068695694,12,0.0697628086814216,0.32987069808116753,5.048540055431444,sl_eat_all_ssl_all,10,18,18052
0.5246664007476995,0.824036327910741,0.2506694931284383,0.09870045475071348,12,0.06754438343608621,0.3317892602302212,5.061823893024475,sl_eat_all_ssl_all,10,19,19052
0.5249691165559958,0.7776348662224176,0.38510783068580856,0.09993015330978729,12,0.06486270310875628,0.32523842354159277,5.068088422420473,sl_eat_all_ssl_all,10,20,20052
0.5584345155777561,0.7868504492368957,0.41470469283616246,0.11413404147543411,12,0.06760461327669612,0.33143795369886864,5.059009349488387,sl_eat_all_ssl_all,10,21,21052
0.5243275235414424,0.8379154938600127,0.29508072815631153,0.08788363566165691,12,0.06708757466125308,0.3307457938767279,5.05939211545425,sl_eat_all_ssl_all,10,22,22052
0.5234361873603206,0.7991867058073654,0.46091702473578305,0.10379664287221868,12,0.06865990376298155,0.33149767148729437,5.055522376957643,sl_eat_all_ssl_all,10,23,23052
0.5379852444430353,0.7936480957378771,0.2540388210729427,0.0928755626652403,12,0.06795041472591298,0.33016374624284106,5.059104783758094,sl_eat_all_ssl_all,10,24,24052
0.530940926646279,0.7860719675423864,0.31200324344462954,0.10786932771801498,12,0.0721843217836849,0.3322334270668169,5.043975776062748,sl_eat_all_ssl_all,10,25,25052
0.52134000926857,0.8112212601205389,0.3645134032179329,0.09511017268996194,12,0.07004206222075628,0.33338963632989765,5.0500128354243365,sl_eat_all_ssl_all,10,26,26052
0.5046786771390097,0.746309058801434,0.3263698192422995,0.09677414571433918,12,0.06704351595947322,0.331104302296032,5.061068792932727,sl_eat_all_ssl_all,10,27,27052
0.5089981195108189,0.7595649788139386,0.2612635981009898,0.09756808586274432,12,0.06780353008358321,0.3315876089673002,5.056587600398188,sl_eat_all_ssl_all,10,28,28052
0.5516288866596163,0.7223614340148132,0.45861832585657797,0.10110507876458497,12,0.06774287979331993,0.3293229214016102,5.063025761013277,sl_eat_all_ssl_all,10,29,29052
0.640140619485899,0.8578560208153533,0.4920762960891626,0.10393465649647343,12,0.2647246679311507,0.5451630392305772,3.396271232006556,sl_eat_all_ssl_all,11,0,53
0.598641714869115,0.9001112567358088,0.5686989094876862,0.10845107134724788,12,0.2632751597493807,0.5449165869511535,3.421832144648443,sl_eat_all_ssl_all,11,1,1053
0.6183080221758452,0.8656206390028581,0.32933716445887834,0.10217989301803342,12,0.261665476552433,0.5447299393175092,3.4128794488845595,sl_eat_all_ssl_all,11,2,2053
0.6180750093589443,0.8925654755543191,0.6161633812894213,0.11138391134597457,12,0.2629443524005909,0.5462609353363969,3.39922295411021,sl_eat_all_ssl_all,11,3,3053
0.596042167769449,0.8699039165138457,0.7675136859955026,0.10216491352031526,12,0.2624535013231418,0.5473757007476207,3.4206420198909018,sl_eat_all_ssl_all,11,4,4053
0.5945585094611031,0.9072048123727281,0.7628137573353109,0.11060488449430526,12,0.26442891358411647,0.5477004439528868,3.4077376008182334,sl_eat_all_ssl_all,11,5,5053
0.6018960642261637,0.8346521428996855,0.40189844452664425,0.09993178036983967,12,0.2632277166881678,0.5468307359366719,3.4025373356679594,sl_eat_all_ssl_all,11,6,6053
0.5866235780367381,0.8660888832571668,0.4307455603692586,0.11327572994274383,12,0.2606324144353702,0.5417691114455296,3.3961924435655324,sl_eat_all_ssl_all,11,7,7053
0.5740528727630974,0.832493573434044,0.6876474146668461,0.10467229318202907,12,0.2602411269030701,0.542671125709352,3.41235305020315,sl_eat_all_ssl_all,11,8,8053
0.5935237245328825,0.8895121128796009,0.5745076352741909,0.10784406676723692,12,0.26283695231124266,0.5486446196216069,3.4317582280934067,sl_eat_all_ssl_all,11,9,9053
0.5937215129175619,0.8793574726922225,0.5706352101121296,0.09886405898551033,12,0.2621029573683984,0.5473539838246171,3.408028184509878,sl_eat_all_ssl_all,11,10,10053
0.5991095904872245,0.8919614732824022,0.4284979390606958,0.10498436313217031,12,0.26294644498154734,0.546111524280931,3.3862405554345245,sl_eat_all_ssl_all,11,11,11053
0.5822038374161229,0.8893735706266135,0.70699842248598,0.10135326978928579,12,0.25939160249282656,0.5410618129088768,3.4047918406186226,sl_eat_all_ssl_all,11,12,12053
0.6152764491651352,0.8432702029403277,0.7252241214486079,0.11015035714111228,12,0.2603141337887096,0.5414486048594395,3.397579374078619,sl_eat_all_ssl_all,11,13,13053
0.5762437911857053,0.8475272367809026,0.6459592619861118,0.12100412230901597,12,0.2608175596013326,0.5452186989038621,3.405390230937632,sl_eat_all_ssl_all,11,14,14053
0.5655998376633076,0.8698065419530842,0.5674281068065622,0.10218080401412095,12,0.2644352292028884,0.5478598331421529,3.4168733993439586,sl_eat_all_ssl_all,11,15,15053
0.6027756724766902,0.850523973493944,0.4528466565871629,0.10229123021575601,12,0.2630248876802533,0.546661796456928,3.397361777230451,sl_eat_all_ssl_all,11,16,16053
0.6177003607454349,0.857411580511046,0.5828889415010061,0.11631404485718741,12,0.25976668011650045,0.5461926981815685,3.4069983241652846,sl_eat_all_ssl_all,11,17,17053
0.6160757868425237,0.8591355247689053,0.44067649380285,0.09969003811282307,12,0.2623772889256645,0.5456905174242253,3.4254602817877204,sl_eat_all_ssl_all,11,18,18053
0.5986090173308637,0.8529308461067929,0.7220857897475312,0.10969926500800747,12,0.26360374910506806,0.548329786625842,3.4189320750444527,sl_eat_all_ssl_all,11,19,19053
0.6012349565837193,0.8731952680621861,0.6905754634767803,0.10720907397788487,12,0.2603700856958352,0.542362906146022,3.400197784173333,sl_eat_all_ssl_all,11,20,20053
0.6134564124694818,0.8728835393546902,0.47848654632501525,0.10218649694530492,12,0.26479247212934887,0.5454765392877448,3.402192509284696,sl_eat_all_ssl_all,11,21,21053
0.6194761230934092,0.8649545877583019,0.6217872707640527,0.1117914347248854,12,0.2610248405809106,0.5437692092507228,3.397101374994393,sl_eat_all_ssl_all,11,22,22053
0.6083294365122287,0.8539973638360076,0.5232330461025265,0.10815973827685578,12,0.2583884032893433,0.5411453888717102,3.387146669502989,sl_eat_all_ssl_all,11,23,23053
0.6168472658715846,0.8514697724518753,0.6015711554048465,0.10081472101286497,12,0.2633855526864887,0.5470435225942735,3.4012787590861793,sl_eat_all_ssl_all,11,24,24053
0.6301830129411337,0.8459534327980267,0.7391115636130288,0.10390591866063462,12,0.2620465240468331,0.5458595536272365,3.4049613443347866,sl_eat_all_ssl_all,11,25,25053
0.6652446822895708,0.8623004023455261,0.527153678421419,0.11271011030231003,12,0.2610693888852899,0.5417767744630613,3.401604607235649,sl_eat_all_ssl_all,11,26,26053
0.5746808421234132,0.8944367214551849,0.6843068953731651,0.10056287463806933,12,0.2631655996365338,0.5471037301861256,3.3934212949525326,sl_eat_all_ssl_all,11,27,27053
0.5932242231470017,0.8638631453555179,0.5610657591722835,0.1066884985982768,12,0.26123539786507305,0.5454878672910866,3.4172882046933726,sl_eat_all_ssl_all,11,28,28053
0.6060256092247622,0.8600060284408132,0.6182551495131685,0.10863433925090867,12,0.2647874128484825,0.5483112237383617,3.4053049028283247,sl_eat_all_ssl_all,11,29,29053
0.6549881189612679,0.6756531599536769,0.7228834427286049,0.10075656342117469,12,0.6182256720599707,0.7563965622190691,11.691689789955667,sl_eat_all_ssl_all,12,0,54
0.6289273179596703,0.7174685487701364,0.5295382893413317,0.11483314116654461,12,0.6169916263880699,0.7574182628251651,11.751198032826792,sl_eat_all_ssl_all,12,1,1054
0.6317940215987041,0.6494890404842155,0.7819422265179127,0.10422830692675895,12,0.612163163986837,0.7538949289521383,11.75394459707107,sl_eat_all_ssl_all,12,2,2054
0.6458992253486252,0.675111288242481,0.6380493567210515,0.13092651416746634,12,0.6203699302976277,0.7593475533424461,11.742947703069111,sl_eat_all_ssl_all,12,3,3054
0.6676258241133237,0.6735050275902679,0.620268035458165,0.10956572900620089,12,0.6152031752744533,0.7545760423792612,11.726422274900228,sl_eat_all_ssl_all,12,4,4054
0.6275007600171871,0.6789740609456755,0.47819536797293316,0.10648245739320285,12,0.612622667494507,0.7531612545592298,11.752480583670902,sl_eat_all_ssl_all,12,5,5054
0.6261028889501953,0.6669165385938916,0.6366711640815008,0.11998672202694055,12,0.619707093471496,0.7573023788947179,11.721843052189588,sl_eat_all_ssl_all,12,6,6054
0.6429375065627012,0.6648137967459572,0.6369988488474303,0.10950357629640783,12,0.6209815244232497,0.7584378858325385,11.709353852539332,sl_eat_all_ssl_all,12,7,7054
0.6122818897739172,0.658648761387766,0.8289290052485044,0.11486425207869908,12,0.6180823271188917,0.7569833862486534,11.728926358926875,sl_eat_all_ssl_all,12,8,8054
0.6155124995741635,0.6676454124118859,0.75124484225516,0.10083768624529463,12,0.6102970135266761,0.7534775998125661,11.765180697123714,sl_eat_all_ssl_all,12,9,9054
0.6566903825837087,0.64736461873304,0.4330651596377459,0.09858407210216434,12,0.6173790115846673,0.7557806415081788,11.725614126662725,sl_eat_all_ssl_all,12,10,10054
0.6406405856378128,0.6870186534415478,0.46514119844736035,0.11527782497488061,12,0.6216380547762556,0.7590255061756014,11.741338328900211,sl_eat_all_ssl_all,12,11,11054
0.661061644316532,0.6726430545781451,0.5162720963697169,0.10660071104488017,12,0.6195481752204361,0.7565817146584445,11.739710633490406,sl_eat_all_ssl_all,12,12,12054
0.6693807609368598,0.6443815579796364,0.8203337125165215,0.12442098909261276,12,0.6121049378786694,0.7507887273976857,11.765673035062372,sl_eat_all_ssl_all,12,13,13054
0.6379970722050275,0.683231332340261,0.511248917944214,0.12054630369841998,12,0.6101651931482533,0.7526260522423792,11.758304270402242,sl_eat_all_ssl_all,12,14,14054
0.6512138392511725,0.6610412549298689,0.6370656784502706,0.1182886468034828,12,0.6229881121844992,0.7596516122031179,11.722627412126135,sl_eat_all_ssl_all,12,15,15054
0.6406210806159375,0.6785456000936592,0.6925248671261326,0.12132117048766534,12,0.6191976243328656,0.7561309922025268,11.706726618966291,sl_eat_all_ssl_all,12,16,16054
0.6461437292717951,0.64042059074954,0.7972537296165968,0.13378811103899863,12,0.6146763614704092,0.7532826299050086,11.701068565257158,sl_eat_all_ssl_all,12,17,17054
0.6708497074265105,0.6425067785019575,0.6804665520272305,0.10597608077535384,12,0.6176540825918151,0.7556368614718366,11.717221230443576,sl_eat_all_ssl_all,12,18,18054
0.6275696519576917,0.6738324881180924,0.6869904158157496,0.10477956285165009,12,0.6212759894017434,0.7578607940887501,11.685868995861565,sl_eat_all_ssl_all,12,19,19054
0.63629977130687,0.6502713103359752,0.7750391625045642,0.11958526643070981,12,0.6192957515355334,0.7572770589585919,11.727808178929934,sl_eat_all_ssl_all,12,20,20054
0.6534855021524261,0.6840533799656405,0.7768863423450206,0.11151476135758319,12,0.6124919370952827,0.7524956305991719,11.738041649373232,sl_eat_all_ssl_all,12,21,21054
0.637530651308305,0.6864207105205776,0.6962229208938131,0.09842726921231293,12,0.6204189511806053,0.7567537761696239,11.735061371357498,sl_eat_all_ssl_all,12,22,22054
0.6249101515102866,0.6633197435952181,0.8023251219679941,0.11725430383353418,12,0.6114147686112901,0.7523363741645278,11.748854305935803,sl_eat_all_ssl_all,12,23,23054
0.6687416258798999,0.6515249223029642,0.3456344349067699,0.12199142490150001,12,0.6158916451332439,0.7542606044855017,11.709745157941203,sl_eat_all_ssl_all,12,24,24054
0.653690612494542,0.6584695997746566,0.579543069209752,0.11085294200076186,12,0.6181863630854344,0.7554916552646614,11.723890921086142,sl_eat_all_ssl_all,12,25,25054
0.6444132484147735,0.6731348883991852,0.7199966465831998,0.124601769508835,12,0.6203010297961774,0.7566614231520904,11.718392671070777,sl_eat_all_ssl_all,12,26,26054
0.6315334970829976,0.6892547115700645,0.5307162770394616,0.11477695008084574,12,0.618547420675753,0.7567987676399178,11.747289963413154,sl_eat_all_ssl_all,12,27,27054
0.6311171685556838,0.6264834426132143,0.7260451276022576,0.11127322290028423,12,0.6211632111507867,0.7579271920237798,11.750097519858175,sl_eat_all_ssl_all,12,28,28054
0.6423033811185301,0.6786042259497579,0.6432057170517081,0.1037734795989738,11,0.6117710362172879,0.7517643962677801,11.74740033652188,sl_eat_all_ssl_all,12,29,29054
0.5605808934854066,0.797303317488635,0.3864022325193706,0.07771940520827114,12,0.03631981927908607,0.21399018612258527,8.57297629875949,sl_eat_bio_ssl_all,5,0,47
0.597139643352838,0.7416952211181781,0.35950415584760287,0.07749209884217806,12,0.036309312049293045,0.21407394288441658,8.572804658512306,sl_eat_bio_ssl_all,5,1,1047
0.6000323805455847,0.7746991781126933,0.33817970114401974,0.08282324109305017,12,0.03686088112998651,0.21677646955037835,8.57259062213819,sl_eat_bio_ssl_all,5,2,2047
0.5671019063142763,0.7524576371727598,0.3989138819426305,0.08074185836854164,12,0.035458196459822525,0.21213054817479216,8.572186610707437,sl_eat_bio_ssl_all,5,3,3047
0.5777100496955603,0.8258722530133404,0.22220295699423048,0.0757965561215844,12,0.03636556071114208,0.21277022598923565,8.572241608606047,sl_eat_bio_ssl_all,5,4,4047
0.5649588545270561,0.7773379364451758,0.3499159492279774,0.08341851558410954,12,0.03594316205239729,0.21368381602466635,8.569323283422422,sl_eat_bio_ssl_all,5,5,5047
0.6087014265751467,0.7230651206047387,0.4619084309322105,0.0724116995249674,12,0.03693273506589934,0.21644492434335022,8.571130855611713,sl_eat_bio_ssl_all,5,6,6047
0.5467191114763775,0.7913793509548046,0.3664680596789809,0.0820430445668716,12,0.03649320125606281,0.21422079278762618,8.574287869276715,sl_eat_bio_ssl_all,5,7,7047
0.5749157572443572,0.7714400881686435,0.3641958919008536,0.0789116965826874,12,0.03624038351373318,0.2127580779264447,8.573421334022752,sl_eat_bio_ssl_all,5,8,8047
0.5989305743742106,0.8253136459386285,0.3817181726354354,0.08879277104562616,12,0.0357049919346585,0.21160998853532306,8.573888889134272,sl_eat_bio_ssl_all,5,9,9047
0.5975827666976595,0.8028087373711456,0.3448199368400517,0.07825711740691493,12,0.036733909964787835,0.21735608662559244,8.57066328193266,sl_eat_bio_ssl_all,5,10,10047
0.5754561095377155,0.771033708377012,0.4567041379226757,0.08023562363161688,12,0.03696805176660458,0.2145775679454087,8.569475596992183,sl_eat_bio_ssl_all,5,11,11047
0.5990698959244327,0.7733277305833629,0.3251396405898863,0.08184563516455678,12,0.03608416477117188,0.21484926306803345,8.56993629409214,sl_eat_bio_ssl_all,5,12,12047
0.5952867792804907,0.8204664800462291,0.404852792052998,0.08087129595553583,12,0.03637084845632858,0.21472643973550812,8.571886267320474,sl_eat_bio_ssl_all,5,13,13047
0.5842429487185248,0.764154977629938,0.30666135679209194,0.078120757254392,12,0.03633899670918979,0.21561479298860636,8.570391011075483,sl_eat_bio_ssl_all,5,14,14047
0.5863892307971617,0.7855834255645366,0.3562621950059256,0.08370873028304847,12,0.03659486665240759,0.21286702014813205,8.56776120459756,sl_eat_bio_ssl_all,5,15,15047
0.5742443915340836,0.7649227017404466,0.3620323603183287,0.08000160454733651,12,0.03633027458162891,0.21360034283170173,8.572683001032027,sl_eat_bio_ssl_all,5,16,16047
0.591653351835068,0.7557988916386703,0.3078218852382539,0.07829263491516246,12,0.036127228818886636,0.21264312979825928,8.568441499349097,sl_eat_bio_ssl_all,5,17,17047
0.6054985072922697,0.8160801688889636,0.3646696869431272,0.074668925760993,11,0.03679575733573695,0.2146484533592273,8.571676529509915,sl_eat_bio_ssl_all,5,18,18047
0.6003358923737827,0.8276704194254829,0.29754735736317967,0.0748527387462905,12,0.036077072406728354,0.2151997326169004,8.573008139341098,sl_eat_bio_ssl_all,5,19,19047
0.6000633369908402,0.8331948978327175,0.31936228249168064,0.07678285127063983,12,0.03591981326556986,0.21536182961065617,8.568597300773865,sl_eat_bio_ssl_all,5,20,20047
0.6111534440786061,0.7866621683704862,0.3226289853727141,0.07816013232820908,12,0.036714735124668316,0.21367806772956838,8.57079227417551,sl_eat_bio_ssl_all,5,21,21047
0.5790801081751773,0.7171229687843752,0.43690902678136506,0.085541287264469,12,0.0367519985217849,0.21037964931657224,8.571098877920381,sl_eat_bio_ssl_all,5,22,22047
0.6052408831901965,0.7915733197399606,0.3810997950829999,0.0748937244570607,12,0.03629653004814523,0.2113629851438692,8.57098743720031,sl_eat_bio_ssl_all,5,23,23047
0.5767945334002984,0.8190967515604729,0.2947502436604325,0.07904787582901847,12,0.036727930218680795,0.21574428734481305,8.572172051652554,sl_eat_bio_ssl_all,5,24,24047
0.5784139850796983,0.7691560787725428,0.30673459197029906,0.08164050315623103,12,0.03607667441266289,0.21174043707842805,8.57335998024799,sl_eat_bio_ssl_all,5,25,25047
0.573982398210471,0.8269645924770547,0.25897551603769475,0.07367843185802467,12,0.03633658779533034,0.21401383261081766,8.568244515120023,sl_eat_bio_ssl_all,5,26,26047
0.6216101863616199,0.7713937997105805,0.3431884198838161,0.07858368596259883,12,0.03641843062708275,0.2138063698731584,8.570172021300285,sl_eat_bio_ssl_all,5,27,27047
0.5629316809889355,0.782711493177765,0.3140403375870064,0.07816360888889745,12,0.03617809832895846,0.21335502185985886,8.570538786332806,sl_eat_bio_ssl_all,5,28,28047
0.5647293747120011,0.826313730720751,0.277144554631108,0.08454357238304017,12,0.03685638639870176,0.21123621152087094,8.571761142828349,sl_eat_bio_ssl_all,5,29,29047
0.3691486513239717,0.6798204145440698,0.243265904328234,0.13576593383943034,12,0.029481342662428127,0.17935958541535216,9.46185196888583,sl_eat_bio_ssl_all,7,0,49
0.3814030061152165,0.6984868789466934,0.17542311888136636,0.15318404159089763,12,0.02979297029227499,0.17812595656094038,9.468047255025512,sl_eat_bio_ssl_all,7,1,1049
0.38163770175567624,0.6407098419852147,0.12133731908926122,0.15218469608863663,12,0.03098985251774297,0.18061348089239668,9.461777508796525,sl_eat_bio_ssl_all,7,2,2049
0.36812436375989577,0.6678728671011485,0.22320062091100004,0.14038577794658577,12,0.030081534022624923,0.17871544006215284,9.465157400664753,sl_eat_bio_ssl_all,7,3,3049
0.4062550941007136,0.6810060209883467,0.2209968584074379,0.14470688577624116,12,0.029408727069060503,0.1768588733284632,9.465648109510846,sl_eat_bio_ssl_all,7,4,4049
0.38156226404114924,0.6663461961444083,0.19081636216630118,0.1327883943937833,12,0.030488536483564477,0.17931599475330606,9.464657709664676,sl_eat_bio_ssl_all,7,5,5049
0.36468388623492876,0.6773216606713746,0.1193554304058809,0.14575205102532124,12,0.02964323278753924,0.1785253031020166,9.466790014148485,sl_eat_bio_ssl_all,7,6,6049
0.37000134651373007,0.6869475627802366,0.18151083227539191,0.14901671388439933,12,0.031237650072496594,0.18119465221522255,9.465954415437697,sl_eat_bio_ssl_all,7,7,7049
0.3752463938830525,0.677695665031556,0.17071786347571374,0.15746895108841868,12,0.030086998447069274,0.1786755812022077,9.467841745947556,sl_eat_bio_ssl_all,7,8,8049
0.3945442298992959,0.6866089121422201,0.15862864651907352,0.13450758950544786,12,0.03086956668621044,0.1823596508774818,9.46946829475382,sl_eat_bio_ssl_all,7,9,9049
0.39489016716782055,0.7607777438052372,0.2533092066875667,0.16050380296378772,12,0.031063547710998108,0.18066433457801168,9.469209338615508,sl_eat_bio_ssl_all,7,10,10049
0.357209153249734,0.6893924129286886,0.14739151317968024,0.15226190037930232,12,0.030543120759952826,0.18076576789118,9.465605678270434,sl_eat_bio_ssl_all,7,11,11049
0.37939800881279534,0.6506655144319264,0.2744651826480456,0.15497360960419673,12,0.030696721472143428,0.17978106332408772,9.468191884927851,sl_eat_bio_ssl_all,7,12,12049
0.37116774911043465,0.7509196000276812,0.10670059705993597,0.15823931676424374,12,0.029116052022933936,0.17793891813077184,9.462970608973224,sl_eat_bio_ssl_all,7,13,13049
0.39619786124901984,0.6624773896707506,0.2545348248782891,0.15477707910640232,12,0.02923648510653028,0.17858920929376465,9.465274477960454,sl_eat_bio_ssl_all,7,14,14049
0.39223181591316286,0.6614127952958153,0.15873604636562444,0.1472200103780915,12,0.030510714566665237,0.1792609990870647,9.470582372906694,sl_eat_bio_ssl_all,7,15,15049
0.36346360795676,0.6651542158388442,0.17139108542755793,0.14894776720080857,12,0.030142331640898162,0.17864933687545273,9.469406683607037,sl_eat_bio_ssl_all,7,16,16049
0.38440109217733376,0.6338272846603322,0.23862909333252139,0.13913020049372446,12,0.03087263420544021,0.18109899756561929,9.468999961398241,sl_eat_bio_ssl_all,7,17,17049
0.38276312283984637,0.715760589284564,0.13638875788976754,0.14005197863067337,12,0.03116166719615028,0.1801594189897037,9.468577621328436,sl_eat_bio_ssl_all,7,18,18049
0.3956775105474558,0.6849090262645429,0.1971590084728242,0.1434064189580947,12,0.028351177209165558,0.1757428770192969,9.4637463453641,sl_eat_bio_ssl_all,7,19,19049
0.3919544744955493,0.7358801190352406,0.13156143268405146,0.14390044900865565,12,0.029883707865803636,0.17802521192903098,9.470696945915567,sl_eat_bio_ssl_all,7,20,20049
0.3730500663861512,0.6716026633614233,0.24648162441144342,0.14240603872768837,12,0.03041594073974471,0.17910355193731223,9.46493116195339,sl_eat_bio_ssl_all,7,21,21049
0.39353005998753826,0.6815280834910624,0.13513057131139927,0.14644035789059356,12,0.029563027559267697,0.1793736676262798,9.466802029513326,sl_eat_bio_ssl_all,7,22,22049
0.39463270351409424,0.6338474748597136,0.14451153027517835,0.13930310666457288,12,0.02870649382531024,0.17539973584629368,9.465417260042786,sl_eat_bio_ssl_all,7,23,23049
0.3577161245512627,0.6842652251049304,0.16810814576163643,0.16148462483521614,12,0.030071543272946866,0.1798407642291984,9.464177218393361,sl_eat_bio_ssl_all,7,24,24049
0.3642318889281177,0.7333568470591174,0.16724341272714532,0.15906100038336457,12,0.029879108694595313,0.17899400869854662,9.461922167141891,sl_eat_bio_ssl_all,7,25,25049
0.39508853325708654,0.6332584295125276,0.24567051872787415,0.14309148112446995,12,0.029340309510490124,0.17811791632071666,9.46926625767843,sl_eat_bio_ssl_all,7,26,26049
0.4167002538736135,0.7075771982342219,0.10676196411793934,0.14286821816919823,12,0.02866793952117653,0.1774178690454949,9.464511265282429,sl_eat_bio_ssl_all,7,27,27049
0.36389117538174026,0.668699390189967,0.2424604938227428,0.15072377763688308,12,0.030256320099053012,0.17914188799246267,9.470110253338653,sl_eat_bio_ssl_all,7,28,28049
0.3974276516364171,0.6766186694383667,0.19106446462833135,0.14700337487118767,12,0.03140895829437044,0.18296117194297976,9.463618876715534,sl_eat_bio_ssl_all,7,29,29049
0.39440817467907674,0.6315672808707432,0.13567601104689445,0.2534643875396874,12,0.04175999506410469,0.2103833341520572,7.73542797475841,sl_eat_bio_ssl_all,9,0,51
0.37003216569127173,0.6423289490254698,0.2398009656965732,0.19441858377834967,12,0.04263593563043442,0.2107633117430944,7.736994884339889,sl_eat_bio_ssl_all,9,1,1051
0.36951295761622854,0.6074222128795134,0.06257032334133476,0.20836523550932803,12,0.04147668786670296,0.21173659230697245,7.734729286816219,sl_eat_bio_ssl_all,9,2,2051
0.40620736575290595,0.6076468002550722,0.0918242970426053,0.20528244315791977,12,0.042740495244024804,0.21006267439024937,7.7404707010570855,sl_eat_bio_ssl_all,9,3,3051
0.37604166956947843,0.6401789247885052,0.18328686870319172,0.22013298032747775,12,0.04164322132177825,0.21329446685007952,7.737822873129108,sl_eat_bio_ssl_all,9,4,4051
0.4050810131784468,0.681964088971354,0.2557685894586039,0.22375663277813215,12,0.04029039664976453,0.20638295635283777,7.735932688920473,sl_eat_bio_ssl_all,9,5,5051
0.39479238396787963,0.6050828831151098,0.1925016844459458,0.19569908838293798,12,0.04141777236800073,0.20710828594441075,7.737400873380575,sl_eat_bio_ssl_all,9,6,6051
0.37450855152837387,0.6584879763810013,0.13320420988393258,0.21889366641276312,12,0.04030072926046164,0.20968331221586625,7.742473953412563,sl_eat_bio_ssl_all,9,7,7051
0.3754087199171857,0.659453057386691,0.15711754546602874,0.2110915336037865,12,0.040761578139140706,0.2065166105135763,7.742831903191551,sl_eat_bio_ssl_all,9,8,8051
0.36800735070208856,0.6488790391429363,0.07866073042885224,0.23127459120895522,12,0.04182286906832229,0.209193314517767,7.73883456674805,sl_eat_bio_ssl_all,9,9,9051
0.3792499205663962,0.5844808490386816,0.086682179334989,0.23603473508289982,12,0.04201506810378198,0.21066370635346976,7.741358558830273,sl_eat_bio_ssl_all,9,10,10051
0.35663749947960555,0.6468232699698742,0.09617599522576538,0.2034242889373149,12,0.041496834053105454,0.20840138920998288,7.73605050911488,sl_eat_bio_ssl_all,9,11,11051
0.4000451989402604,0.6403988682174531,0.151964773486812,0.22634528645365176,12,0.041235844831065564,0.2097793333797783,7.741141574348937,sl_eat_bio_ssl_all,9,12,12051
0.36213535869417546,0.6748144214489604,0.11100615425962576,0.22196001970201615,12,0.0408830951388449,0.2098943169687714,7.741304264831288,sl_eat_bio_ssl_all,9,13,13051
0.38747766911016274,0.6805946507072982,0.12466997660774812,0.19807995716806862,12,0.04144089235669141,0.21130526466351945,7.744110989544939,sl_eat_bio_ssl_all,9,14,14051
0.3876956664098795,0.6741149163450324,0.1556185288252078,0.19904234773523105,12,0.04153890499846585,0.21157910070017985,7.7353685422216145,sl_eat_bio_ssl_all,9,15,15051
0.35480381810661904,0.6145239098513584,0.1074040498138094,0.20395878256735528,12,0.04203451998326613,0.2083152361402464,7.73748359664181,sl_eat_bio_ssl_all,9,16,16051
0.3787820662933315,0.6417605198082648,0.11127145531815223,0.2177179443197827,12,0.04061516243951717,0.21104849887512517,7.738008982419428,sl_eat_bio_ssl_all,9,17,17051
0.39432550289363544,0.6820310399639459,0.1759357503943096,0.22673846227223524,12,0.04059894395497114,0.20682090359604532,7.739501812719696,sl_eat_bio_ssl_all,9,18,18051
0.3716362383002947,0.6233410952942571,0.09014744487296167,0.22019606352620963,12,0.042305724551788236,0.21079117452153087,7.744383988355116,sl_eat_bio_ssl_all,9,19,19051
0.3862750446801187,0.5935569171880619,0.143343866700132,0.2091069371604733,11,0.041357044946638076,0.2092390195678132,7.743437961791302,sl_eat_bio_ssl_all,9,20,20051
0.3462126957606012,0.578975339321367,0.1354281984158598,0.20194711077734653,12,0.04141294773629518,0.20990937078454078,7.739135652636933,sl_eat_bio_ssl_all,9,21,21051
0.3728929868565438,0.6714225817167065,0.08731202537365121,0.20774167790439538,12,0.04124335591516452,0.20947163352988318,7.7420446286215405,sl_eat_bio_ssl_all,9,22,22051
0.3991366113797358,0.6318202817828898,0.1819179413614323,0.19991094428210118,12,0.042905026263155,0.21137525317921266,7.742727751283833,sl_eat_bio_ssl_all,9,23,23051
0.3768795620856481,0.651256988373936,0.10614069878310955,0.21374147047909658,12,0.04227555686998699,0.2125524766119021,7.741416995058106,sl_eat_bio_ssl_all,9,24,24051
0.38755550323911125,0.6378255748807657,0.21960455653298344,0.2072499076579675,12,0.041016927621040776,0.21047872824492275,7.74034156933547,sl_eat_bio_ssl_all,9,25,25051
0.3721443021912689,0.6506165371520509,0.20781849262111501,0.2000997249371059,12,0.04156420675941506,0.2117531638162534,7.744572443656222,sl_eat_bio_ssl_all,9,26,26051
0.37320371469156405,0.6320106370387971,0.1702751977346104,0.21446615980869632,12,0.04140965934567658,0.2095111217052991,7.74260341192545,sl_eat_bio_ssl_all,9,27,27051
0.38442928358625095,0.6582539367372926,0.09865294300244669,0.20833197772622608,12,0.041608352547645715,0.2091720574949899,7.735582835555684,sl_eat_bio_ssl_all,9,28,28051
0.36014563444698156,0.6890502160813953,0.14598689205861096,0.20168809799499895,12,0.042706547404464786,0.2125081862134496,7.736977190116007,sl_eat_bio_ssl_all,9,29,29051
0.4225996372908997,0.7145331837849509,0.29491774193565395,0.21915829973179418,12,0.054113814334630486,0.2353484545406017,5.991078659418078,sl_eat_bio_ssl_all,10,0,52
0.45811382798368233,0.6927374966913881,0.35420198303799943,0.22256689606974803,12,0.05443809124374933,0.23673106116089354,5.9921923109000295,sl_eat_bio_ssl_all,10,1,1052
0.4417445046684817,0.7261381284788845,0.30907081533398273,0.2262852927268852,12,0.05669616203374076,0.24220108070389296,5.992824639471749,sl_eat_bio_ssl_all,10,2,2052
0.48901502701699834,0.7282877025524409,0.26721969163860143,0.2132062423720156,12,0.056271580222159605,0.23975586546720887,5.9908696058947015,sl_eat_bio_ssl_all,10,3,3052
0.4573534019179851,0.651238574441104,0.2914646696260273,0.22685807437149583,12,0.057697928268125524,0.23861308937096032,5.992446352028879,sl_eat_bio_ssl_all,10,4,4052
0.49770803552803117,0.7000032300174798,0.31291924151411815,0.21029907896743422,12,0.05666530178682119,0.23986437848892792,5.991486837196072,sl_eat_bio_ssl_all,10,5,5052
0.4376943193085173,0.6981135043783981,0.3008291669911772,0.21054176616649117,12,0.05671339099702493,0.23804110464233352,5.992669615115196,sl_eat_bio_ssl_all,10,6,6052
0.4306719452839154,0.6801776186729597,0.3310021526126795,0.22624847921290564,12,0.055905623606493975,0.2384897215940398,5.992973312513109,sl_eat_bio_ssl_all,10,7,7052
0.4246222847130207,0.7165107279719647,0.34417950003475717,0.21781717329748088,12,0.05568684027634105,0.24244322241692065,5.992444302024807,sl_eat_bio_ssl_all,10,8,8052
0.4581413155295655,0.7285252845020651,0.3504159828729401,0.21688600511685896,12,0.057644422927882084,0.24165519094913432,5.990031652554053,sl_eat_bio_ssl_all,10,9,9052
0.4730750012744666,0.7403889351285902,0.360036865620719,0.20635762689407441,12,0.05577400313208632,0.23962185887013132,5.991074170300123,sl_eat_bio_ssl_all,10,10,10052
0.43645536006534363,0.6681096246131529,0.3345521028386954,0.20938108535412356,12,0.056228990733342234,0.23857156487476214,5.991992709795087,sl_eat_bio_ssl_all,10,11,11052
0.49445343455999036,0.6700806434693637,0.34740438844895755,0.2164689632244314,12,0.05577084506904667,0.23909712962216895,5.991280229279556,sl_eat_bio_ssl_all,10,12,12052
0.4913351808138692,0.7024691411190545,0.3319927898561172,0.22364601768595432,12,0.056463890671380794,0.2364774454009796,5.991549016265678,sl_eat_bio_ssl_all,10,13,13052
0.4278209881841072,0.670441626383637,0.27834586133334843,0.21920470216373072,12,0.05548558038504437,0.23871326643287474,5.991221290776146,sl_eat_bio_ssl_all,10,14,14052
0.471351920648706,0.680834668662578,0.29731803327031686,0.2330505447943079,12,0.05555562869673836,0.23743291738887815,5.993225659307838,sl_eat_bio_ssl_all,10,15,15052
0.513458631920395,0.7867071522148573,0.29128647919010575,0.2034838797157767,12,0.0560984282135451,0.23755511651644784,5.989552939253065,sl_eat_bio_ssl_all,10,16,16052
0.4595249232436737,0.7098872581522409,0.24093014269959678,0.21996671122080477,12,0.05614031948390041,0.23902574021654352,5.991132006302517,sl_eat_bio_ssl_all,10,17,17052
0.45643673862968015,0.7126036010582656,0.27776125043080174,0.2135649153708594,12,0.05586396087098203,0.2378460156298748,5.992949136808744,sl_eat_bio_ssl_all,10,18,18052
0.481440776948072,0.6698123812740615,0.22902351268963983,0.21878351731773263,12,0.057485401583384464,0.24142748212837392,5.992120634166283,sl_eat_bio_ssl_all,10,19,19052
0.46254221528505396,0.6897468050791838,0.36809210194795333,0.20624491374364587,12,0.05760275612144184,0.23944162340780556,5.9920992575154886,sl_eat_bio_ssl_all,10,20,20052
0.46959652773542365,0.6623571490155118,0.39726341009829,0.24375757298742784,12,0.05621742889744545,0.23959966993699366,5.989508632680613,sl_eat_bio_ssl_all,10,21,21052
0.4767345672465001,0.7251559102502294,0.3353727354726154,0.20577940754174165,12,0.05658682796623027,0.24046132723606664,5.990912156326021,sl_eat_bio_ssl_all,10,22,22052
0.4795898057067748,0.7177823217561546,0.3270986265423616,0.21310692385594895,12,0.056854131593744354,0.240065399767282,5.991440471149072,sl_eat_bio_ssl_all,10,23,23052
0.4958933729120564,0.7082628431855217,0.3213025170646654,0.21852591799656954,12,0.05631356661145275,0.23865888438549732,5.991324612462188,sl_eat_bio_ssl_all,10,24,24052
0.4140806482447048,0.7291608789011976,0.31687384020486864,0.2492886726945815,12,0.05772728806390429,0.2387076997174405,5.993957198402289,sl_eat_bio_ssl_all,10,25,25052
0.44623088933841704,0.7557715651836857,0.33520759467068867,0.2175173062236456,12,0.057030990394806115,0.2399976798360645,5.992303696240797,sl_eat_bio_ssl_all,10,26,26052
0.5060779655119038,0.6454786954642702,0.3346383830697619,0.2146923904499638,12,0.05688862287935718,0.23902248574139384,5.989698365884796,sl_eat_bio_ssl_all,10,27,27052
0.4647935124251882,0.6934802713485688,0.334310676757585,0.20831245895093245,12,0.057058522546332445,0.24166301050050354,5.993853762879971,sl_eat_bio_ssl_all,10,28,28052
0.4559570160832149,0.6506301624987333,0.36256269648292866,0.2301997242344126,12,0.05550813518668364,0.23941165000313888,5.990849474056917,sl_eat_bio_ssl_all,10,29,29052
0.5542814853255729,0.7233288836613414,0.12166402199374314,0.18502142014562892,12,0.09530976374189877,0.28104851838949446,6.036035002761588,sl_eat_bio_ssl_all,11,0,53
0.5230127109496182,0.8139775358884165,0.34087931000180627,0.1878571722852557,12,0.09822409184128,0.2811739535590782,6.036308149868145,sl_eat_bio_ssl_all,11,1,1053
0.535431922146888,0.7919338072209952,0.2723463895364917,0.18346053031941081,12,0.09907240919889995,0.283922178969324,6.0401442886991505,sl_eat_bio_ssl_all,11,2,2053
0.5383698632853299,0.7844077653797813,0.38871157144889523,0.1951960834595946,12,0.09546077551909633,0.28015354258460423,6.0431753493281475,sl_eat_bio_ssl_all,11,3,3053
0.5556108514424394,0.7175669209125908,0.3535850080321775,0.1994736665972686,12,0.09536793172385609,0.28092527348006086,6.042653775711662,sl_eat_bio_ssl_all,11,4,4053
0.5179654373085918,0.8100715548740869,0.3517602621668268,0.1897008485547264,12,0.09834752953198671,0.2833841144937676,6.042482218148945,sl_eat_bio_ssl_all,11,5,5053
0.5262517398307578,0.7007843498060338,0.2633832061427612,0.18547923228257837,12,0.09372164784352063,0.2797920623623775,6.038577149901519,sl_eat_bio_ssl_all,11,6,6053
0.5198265205117537,0.7439245417280493,0.12758780704850067,0.1991879865659221,12,0.09673367299321244,0.28181712685839266,6.04294763205738,sl_eat_bio_ssl_all,11,7,7053
0.5290179897614904,0.7334992400917679,0.3877832031851111,0.18917262359749232,12,0.09802969241627207,0.28299274476484026,6.04542941363978,sl_eat_bio_ssl_all,11,8,8053
0.5190264685852234,0.7445086516706199,0.2569110262178097,0.19560776703579072,12,0.09483689988775539,0.27976251260207086,6.042548126442477,sl_eat_bio_ssl_all,11,9,9053
0.5258329238763065,0.7393734741058584,0.20757142070429768,0.18778548171837967,12,0.09625901116325279,0.2808217025535312,6.037253147013518,sl_eat_bio_ssl_all,11,10,10053
0.5316373513639923,0.7918765664235319,0.05486693398535915,0.18480345230649659,12,0.09624099174801085,0.2821237333981387,6.047265376376568,sl_eat_bio_ssl_all,11,11,11053
0.5387164214201915,0.7737756593786153,0.31870454247035324,0.1861859925458377,12,0.09860182529934072,0.2829686051935412,6.041978631798599,sl_eat_bio_ssl_all,11,12,12053
0.5237120522851305,0.7346733426554745,0.39924364448878374,0.21381271575587554,12,0.09836751674257388,0.2825996676515613,6.041654245444454,sl_eat_bio_ssl_all,11,13,13053
0.49793206431575304,0.7573352997868817,0.33082122101973716,0.2150930107283324,12,0.10151758909464013,0.28520800382985995,6.049147265791755,sl_eat_bio_ssl_all,11,14,14053
0.543763649122533,0.7673195603077703,0.27433288832534625,0.2029150972205216,12,0.09868766236113975,0.28229403528621566,6.043999271816242,sl_eat_bio_ssl_all,11,15,15053
0.5161344586160912,0.7797562680710601,0.28113260241590354,0.19267365913159623,12,0.09762764665165724,0.28119595049458873,6.039162754820481,sl_eat_bio_ssl_all,11,16,16053
0.5156790401284657,0.811023541905381,0.3630768091509273,0.20994798894552497,12,0.09735449911648031,0.2833250517488496,6.044426882834514,sl_eat_bio_ssl_all,11,17,17053
0.5254830022819277,0.7428926962359698,0.08847680979181674,0.1807919131945531,12,0.09984964985262508,0.2849438893458051,6.049208913877153,sl_eat_bio_ssl_all,11,18,18053
0.5546982253248283,0.7663861319826866,0.3077190384955525,0.20200290555971062,12,0.09878306762621017,0.2826765806839649,6.040478361871637,sl_eat_bio_ssl_all,11,19,19053
0.5513204090369971,0.7736891259312011,0.32002039923252146,0.1910561150470153,12,0.09617265878080165,0.28107710732985924,6.039713819159111,sl_eat_bio_ssl_all,11,20,20053
0.56366009304498,0.7488632403713176,0.1211685667069663,0.1886646582883085,12,0.09767591398793628,0.281905518889642,6.042121109300167,sl_eat_bio_ssl_all,11,21,21053
0.5496287814432819,0.7825068954704828,0.22782854401759206,0.22685809269385504,12,0.09930979743966203,0.28509385447307156,6.046338567660395,sl_eat_bio_ssl_all,11,22,22053
0.5385326577816282,0.7473963219974082,0.18302800253299384,0.19866835660055335,12,0.09833937664066303,0.2827230552114931,6.045054402986309,sl_eat_bio_ssl_all,11,23,23053
0.5345934684927881,0.8250295009889796,0.2222497044075466,0.18959069828704783,12,0.09638228854888545,0.2831155810594046,6.037179189977237,sl_eat_bio_ssl_all,11,24,24053
0.6060450503518029,0.7320178112130058,0.30993977936159467,0.17665092981836725,12,0.09527430544105991,0.2807298691876694,6.042587912272839,sl_eat_bio_ssl_all,11,25,25053
0.5839753719657127,0.7364572516903503,0.36362214634778023,0.21263004397412905,12,0.09664751568442896,0.28021578203113134,6.041698927323817,sl_eat_bio_ssl_all,11,26,26053
0.5368704892372123,0.742271975820044,0.3702749713452339,0.18133518858932318,12,0.09501811397978402,0.2785360048484291,6.041146241807693,sl_eat_bio_ssl_all,11,27,27053
0.5157696332716044,0.7628723984369185,0.26409905662311683,0.18221718132299536,12,0.09712979833079737,0.28117958821614286,6.0410722281345,sl_eat_bio_ssl_all,11,28,28053
0.5467641437803487,0.7237044951218623,0.3345621047529797,0.2087712223642145,12,0.09809218975854679,0.2832113323061018,6.045276597615754,sl_eat_bio_ssl_all,11,29,29053
0.5641010270843132,0.6658359453272188,0.1017391636024267,0.20559666019990433,12,0.08088471150525336,0.28256285409790494,17.910944981782595,sl_eat_bio_ssl_all,12,0,54
0.5602191918293098,0.6542533788816128,0.09793047939456566,0.20881774712913426,12,0.08388398015665184,0.28802689424808103,17.912952321043615,sl_eat_bio_ssl_all,12,1,1054
0.5990123826434116,0.6702788437420799,0.1432063960703632,0.1969657362527152,12,0.08310660582843775,0.28612616810351976,17.955735243504577,sl_eat_bio_ssl_all,12,2,2054
0.592659796095772,0.6588693964540105,0.10218716904820961,0.2031158052617983,12,0.08156937055812431,0.28264908934397037,17.932864178980015,sl_eat_bio_ssl_all,12,3,3054
0.5957673388681634,0.6715669867046375,0.037781224205594086,0.20246162899053122,12,0.08066880934006612,0.2840457343776168,17.909644871656702,sl_eat_bio_ssl_all,12,4,4054
0.6019958720409491,0.6486063910016151,0.09435184967154922,0.20563535078832854,12,0.08322418403704122,0.2876856837634876,17.915747636544577,sl_eat_bio_ssl_all,12,5,5054
0.56399042261509,0.702528078340271,0.0702353148765213,0.1971827058655686,12,0.08164879215530024,0.28504555873287907,17.917592546669823,sl_eat_bio_ssl_all,12,6,6054
0.5865357327978555,0.6187598794373016,0.06126052335048771,0.1934773067027194,12,0.07956154694007493,0.28381884635487475,17.863881792030917,sl_eat_bio_ssl_all,12,7,7054
0.5989341333142744,0.6415808451182258,0.05388202572040636,0.20544675766827725,12,0.08350577339617006,0.28398884949741166,17.821065072669448,sl_eat_bio_ssl_all,12,8,8054
0.6040414330601107,0.6659265519563634,0.07967398420423862,0.19805733544863624,12,0.08246116545438868,0.2849274777336166,17.869794769853904,sl_eat_bio_ssl_all,12,9,9054
0.5941011677620125,0.6514340572219844,0.07391132218681554,0.1960502672477842,12,0.08357795740649697,0.2858848478863803,17.906396392267812,sl_eat_bio_ssl_all,12,10,10054
0.5459994208621922,0.6417844877367344,0.0638073315172126,0.19830773339827248,12,0.0826721242846982,0.2836900075935179,17.89370203451982,sl_eat_bio_ssl_all,12,11,11054
0.5875837386714657,0.6781654967854618,0.05010817106257831,0.2153723963644269,12,0.08069258893976138,0.2840149236981906,17.905228437627763,sl_eat_bio_ssl_all,12,12,12054
0.6200403662254275,0.6319122337377732,0.08970350109298082,0.2050661126846047,12,0.07980776172428117,0.2805507644629827,17.939259034235544,sl_eat_bio_ssl_all,12,13,13054
0.6049358140681246,0.6531913695884477,0.11460389482502684,0.20048736210315476,12,0.08248698514057937,0.2876463432840352,17.92446229125895,sl_eat_bio_ssl_all,12,14,14054
0.5867362356958405,0.6542792465763785,0.01665117045972242,0.19057300318709516,12,0.08148084626733627,0.28661570056267577,17.87815760166283,sl_eat_bio_ssl_all,12,15,15054
0.5851627361630702,0.6879849781644507,0.03669509732848816,0.21695356272404648,12,0.08146213570957325,0.28485966842132504,17.904484095415317,sl_eat_bio_ssl_all,12,16,16054
0.5925232565099293,0.6853870912433143,0.11806363294467237,0.2225254148463925,12,0.08157950773095622,0.2825495109669053,17.922204510558526,sl_eat_bio_ssl_all,12,17,17054
0.5968933807098414,0.6504563407053713,0.1566015198228913,0.21002575559260148,12,0.08173394964709402,0.2842726213114975,17.913521622009284,sl_eat_bio_ssl_all,12,18,18054
0.6186290310244603,0.6677481858419126,0.17282121700902744,0.2112528415606743,12,0.08016194073073926,0.28350533707561265,17.871760882143885,sl_eat_bio_ssl_all,12,19,19054
0.5771260163184777,0.6649445542157688,0.11872169401716454,0.19369669444498444,12,0.07887504604176593,0.2825143822206434,17.86886604602079,sl_eat_bio_ssl_all,12,20,20054
0.5628387710586574,0.6067403632645408,0.06396597968513436,0.2215358733550669,12,0.08095434069596634,0.28349089428935276,17.90749095988114,sl_eat_bio_ssl_all,12,21,21054
0.5800615992472613,0.6845297518006226,0.0032225522801215376,0.2072667663108129,12,0.07951959865141668,0.2808449410506435,17.90766244958196,sl_eat_bio_ssl_all,12,22,22054
0.5809733102347151,0.6630037996610311,0.11056041446706705,0.19740555389303238,12,0.08331054936036884,0.2879596478447469,17.90911713151101,sl_eat_bio_ssl_all,12,23,23054
0.5731039566060793,0.6732036476423406,0.02668826761005815,0.2241773713745679,12,0.08036487508793319,0.28244105810374087,17.905284818920528,sl_eat_bio_ssl_all,12,24,24054
0.5665195089171381,0.6528518720779808,0.10582041843227147,0.20737103598776072,12,0.08171811682536755,0.2839390991106184,17.923765983694448,sl_eat_bio_ssl_all,12,25,25054
0.566206121974826,0.657972458901966,0.08231710297432415,0.19399945056192075,12,0.07931260432406043,0.2829438368492584,17.914867454134168,sl_eat_bio_ssl_all,12,26,26054
0.5891807297477336,0.6276616075886153,0.07438699189841323,0.20754763870936807,12,0.0818477334894866,0.28356334922659915,17.949479409040407,sl_eat_bio_ssl_all,12,27,27054
0.5835783028102963,0.6416447177007111,0.15351077112876216,0.19425436209649213,12,0.0814386293355224,0.2829666988361903,17.862232561487325,sl_eat_bio_ssl_all,12,28,28054
0.5768576422016658,0.6469608495782735,0.07811851070064163,0.20211804532071573,11,0.08294770027986707,0.2860423724759203,17.909845677707317,sl_eat_bio_ssl_all,12,29,29054
0.9038811821728727,0.9802781773358316,0.9747359267689597,0.19555813125472257,12,0.5114528150644424,0.8206540162084347,27.712799687581565,random_init_eat_seed42,5,0,47
0.8882205887710863,0.9206010640791786,0.9215993266252281,0.21228509011966953,12,0.53492815926278,0.8318591272865444,27.71279694678589,random_init_eat_seed42,5,1,1047
0.922644506247889,0.9819140686778448,0.9799615922880055,0.29697714062799213,12,0.5229141446649089,0.8286607220646549,27.712798867203617,random_init_eat_seed42,5,2,2047
0.8810866349605547,0.9570495574977619,0.9166401853274926,0.2572824420055771,12,0.5065535066985952,0.8220843338028414,27.71280006637542,random_init_eat_seed42,5,3,3047
0.8725146728836102,0.9840172063351578,0.9205881035987389,0.2142693044446418,12,0.5173822026783691,0.8240822065936042,27.712799466567038,random_init_eat_seed42,5,4,4047
0.9184857212150588,0.9012674500525095,0.9320851728997438,0.26646520348515124,12,0.5227338534908366,0.8244989979744641,27.712795155437195,random_init_eat_seed42,5,5,5047
0.9091889882232145,0.9746384323702417,0.9163759745615259,0.2063622358186659,12,0.5149967184372545,0.8266200148743436,27.71280008471231,random_init_eat_seed42,5,6,6047
0.8760125900223261,0.9532325096184937,0.9490410170899409,0.2051473331531018,12,0.5185972523778256,0.8261677139293028,27.71280081930645,random_init_eat_seed42,5,7,7047
0.8827710793614949,0.9730009205889216,0.9516069062516569,0.2415191778254832,12,0.5261013724717979,0.8252509208910094,27.71279980391215,random_init_eat_seed42,5,8,8047
0.9006436319300445,0.9439554496250391,0.9646658582294068,0.2731695143622202,12,0.5219195376406879,0.8235659038300267,27.71280070802969,random_init_eat_seed42,5,9,9047
0.8885608052811935,0.980940962405378,0.8665796729263177,0.20795648153543186,12,0.5143764169763699,0.8265683322764645,27.712797515791745,random_init_eat_seed42,5,10,10047
0.8852981661070685,0.949036667770587,0.9504203332800739,0.21666869485291534,12,0.5110339505700897,0.8174206167369856,27.71279925949891,random_init_eat_seed42,5,11,11047
0.8767867698213822,0.9684172442287611,0.8968494264254676,0.33074861038550296,12,0.5226724512174428,0.8311378253818577,27.71280209876859,random_init_eat_seed42,5,12,12047
0.8698677620857123,0.9727043084111964,0.9022351245538236,0.21437001025319966,12,0.526245292125462,0.8312198279854169,27.712797666171255,random_init_eat_seed42,5,13,13047
0.9093511581087137,0.963924207394248,0.9553645213920732,0.24297756299221832,12,0.5212223652389337,0.8222597133398589,27.712799159518195,random_init_eat_seed42,5,14,14047
0.8958040625848029,0.927077098368326,0.941315060126178,0.21226018642437228,12,0.5124537764391113,0.8211397003432542,27.71279967442245,random_init_eat_seed42,5,15,15047
0.9097002640344878,0.9547924072545909,0.9112540617746809,0.18240325012993364,12,0.5173997848584779,0.8298178604652383,27.712796310819773,random_init_eat_seed42,5,16,16047
0.9014791514103898,0.9392581761942843,0.934951863753728,0.2606863423584581,12,0.5292556609530488,0.8282677533687738,27.712801499514118,random_init_eat_seed42,5,17,17047
0.9169815746086613,0.9700724449798763,0.7812220963661682,0.2136679434298273,11,0.5269972595320314,0.8279598387804398,27.712795062821435,random_init_eat_seed42,5,18,18047
0.8888827027750835,0.9835276911482687,0.5801001428943027,0.20654464466819716,12,0.5084367209315125,0.8181463257571197,27.712798169277203,random_init_eat_seed42,5,19,19047
0.8875735824975971,0.9352486004384166,0.7882841690450432,0.17127427927410402,12,0.5105060858844618,0.8208775494984362,27.71280088430055,random_init_eat_seed42,5,20,20047
0.895928780597613,0.9700582532446121,0.8569399131844553,0.22124420018663649,12,0.5192122532731315,0.8236660163005636,27.712799746881828,random_init_eat_seed42,5,21,21047
0.9004060311984047,0.9811021786251095,0.9542318111545225,0.21373730741295244,12,0.5251368480235316,0.8259868841368128,27.71279597752376,random_init_eat_seed42,5,22,22047
0.8826501664852519,0.9780612762424499,0.9382652521453866,0.21902064717119707,12,0.5170545497284704,0.8221767651534263,27.712798250835196,random_init_eat_seed42,5,23,23047
0.8954709482927262,0.9840885249093201,0.7180666001396133,0.23297285522374683,12,0.5041819715706682,0.8191612765888506,27.712798229307502,random_init_eat_seed42,5,24,24047
0.8934352207220171,0.9796252673940339,0.9803824731014561,0.2884141676783335,12,0.5295395317839187,0.8259511210852701,27.712798403439407,random_init_eat_seed42,5,25,25047
0.8841493850299009,0.9689941116395492,0.8738359582610421,0.24851432578449564,12,0.5302670812339446,0.8287006466019284,27.712799331890814,random_init_eat_seed42,5,26,26047
0.8993125117796176,0.9556635576181064,0.9411103726303159,0.22373622674209773,12,0.5294134690528802,0.8322927036180977,27.7128038159477,random_init_eat_seed42,5,27,27047
0.9240531474579532,0.9827359665169018,0.9665078844380702,0.22247611174735957,12,0.5138592111697821,0.8269059100038498,27.71279615237022,random_init_eat_seed42,5,28,28047
0.8936200648470389,0.9797346583322135,0.8476946893590781,0.2125819622402794,12,0.5193162263567408,0.82964593432824,27.71280040435749,random_init_eat_seed42,5,29,29047
0.8967598077626671,0.9348683387420816,0.9873554611451213,0.23055440281045245,12,0.4931430569198638,0.8287304325648611,27.712801657330456,random_init_eat_seed42,7,0,49
0.8988831941797584,0.9279305018124531,0.9666084913479108,0.2776902024248971,12,0.506321165094708,0.8313048990067048,27.71279909105346,random_init_eat_seed42,7,1,1049
0.9215528922895025,0.9179379138902822,0.934509277595367,0.27847665766720237,12,0.4972611286347029,0.8321376536020264,27.712799985552977,random_init_eat_seed42,7,2,2049
0.8773518160855988,0.9094004708067158,0.8417534220384245,0.23600520388145008,12,0.5032410218855422,0.8345954622471338,27.71279894595257,random_init_eat_seed42,7,3,3049
0.8912333410772041,0.9348145761391127,0.8894358424718684,0.22299549988013437,12,0.5154876236751926,0.834610466982114,27.712799904124143,random_init_eat_seed42,7,4,4049
0.8861066654004428,0.9284774833542226,0.9409683065747937,0.2800765558692621,12,0.49949553698088106,0.8311922740136899,27.712798430638838,random_init_eat_seed42,7,5,5049
0.8844266673107446,0.914451393311572,0.8272678851717723,0.25615131347179604,12,0.5025126593697342,0.834573500497984,27.712799044027772,random_init_eat_seed42,7,6,6049
0.9116237824044413,0.9360449244164224,0.9369916020881133,0.27563048177139976,12,0.49866787420259834,0.8357202203842893,27.71279901109784,random_init_eat_seed42,7,7,7049
0.9012656795664535,0.909588355085801,0.32783600758339065,0.26488344129721875,12,0.48729351675075533,0.8278954418671854,27.712800057966696,random_init_eat_seed42,7,8,8049
0.8800799599931765,0.9281332683217016,0.9181269996812533,0.2384723391875911,12,0.4893495107859149,0.8296697634551641,27.71279969156276,random_init_eat_seed42,7,9,9049
0.9152384736291298,0.9725645734765468,0.9697858565463264,0.26192387148741836,12,0.5041090355494636,0.8344621813221502,27.712798531302813,random_init_eat_seed42,7,10,10049
0.8787557794176373,0.9037450245873397,0.9602504128407384,0.24447283898854336,12,0.49418162070233695,0.826184243557964,27.712798327599916,random_init_eat_seed42,7,11,11049
0.9163917278475155,0.9746067123008182,0.8893189215005989,0.2120338118646105,12,0.49290467979447256,0.8304250834280285,27.712797360010768,random_init_eat_seed42,7,12,12049
0.7939379974401968,0.9166989826613594,0.9552553089234915,0.25830719507258515,12,0.512826047346365,0.8378575198066456,27.71279954598324,random_init_eat_seed42,7,13,13049
0.8823524478330791,0.9485618547117968,0.9720721698445272,0.3071718375469169,12,0.4985416981746715,0.8266782378271637,27.712797738741777,random_init_eat_seed42,7,14,14049
0.8711347462322255,0.9415077461085885,0.7960752424240403,0.26203314979345305,12,0.48354275396440344,0.8245783623061722,27.71280156538741,random_init_eat_seed42,7,15,15049
0.8846749163635728,0.9349180743786791,0.8445427260943498,0.2595843243096949,12,0.4902344996489805,0.8259530950176996,27.712801363658446,random_init_eat_seed42,7,16,16049
0.8842196629772235,0.8942946923107321,0.8609605886214328,0.31604964050539025,12,0.48761462042675424,0.8288307646195969,27.712800330669502,random_init_eat_seed42,7,17,17049
0.8841843897949981,0.9004452335242386,0.9241251239428991,0.26876238646710043,12,0.5021380771098464,0.8325986387255853,27.71280289268971,random_init_eat_seed42,7,18,18049
0.8838694899188176,0.9203288171954919,0.9377556571917626,0.2513371612260446,12,0.5096007936912181,0.8312013024664222,27.712802147401906,random_init_eat_seed42,7,19,19049
0.8491002721858092,0.9518122587357721,0.906379708778388,0.28381047529280584,12,0.5082105157611775,0.8357729165244242,27.712803330060094,random_init_eat_seed42,7,20,20049
0.8870614703763022,0.9587109832454466,0.9757482005012988,0.24405168932252744,12,0.4955678450342998,0.8314445429383949,27.712797594275706,random_init_eat_seed42,7,21,21049
0.8780756521374083,0.8954792225370027,0.9105017070096428,0.29225967311286033,12,0.5022124136836715,0.8372187491154105,27.712800100149504,random_init_eat_seed42,7,22,22049
0.883910044014906,0.9781692003723149,0.9629758780203763,0.2682331063482868,12,0.49999085721479364,0.8280384694280547,27.71279981872199,random_init_eat_seed42,7,23,23049
0.8585516106401204,0.9814473400950245,0.47750467253248957,0.335536510644245,12,0.5089784716235445,0.8348906543149575,27.712801037096263,random_init_eat_seed42,7,24,24049
0.8915938186296971,0.984484598176584,0.9557180540425779,0.28624581820764244,12,0.5167932812172895,0.8387018697498564,27.712804246174535,random_init_eat_seed42,7,25,25049
0.9067144866958164,0.930921625918044,0.2368681614956946,0.23622229569992498,12,0.5036626302921747,0.8335947038430217,27.712799801704513,random_init_eat_seed42,7,26,26049
0.8922614470811325,0.9758717584678538,0.8133733412601769,0.2732135504278818,12,0.5064937308527866,0.8310779518487131,27.712800770147084,random_init_eat_seed42,7,27,27049
0.878805490710213,0.8955349892222595,0.9467973813002499,0.2816828213500026,12,0.5065476417696599,0.8347239832730834,27.712801866274248,random_init_eat_seed42,7,28,28049
0.8762223390816342,0.9847163782396363,0.9230088127413463,0.3354690052616476,12,0.5111354074046891,0.8378665429949903,27.712797702015784,random_init_eat_seed42,7,29,29049
0.8840596578641835,0.9714817097819765,0.9283153040810256,0.31904590849740705,12,0.4927282002069502,0.8439880322453974,27.712799402443334,random_init_eat_seed42,9,0,51
0.9078431629600632,0.9006935785795258,0.8495514828699371,0.25540665378833727,12,0.4770772923032413,0.8356048555570508,27.712797207810187,random_init_eat_seed42,9,1,1051
0.8730674819530831,0.9774812873103482,0.3044341585529163,0.28671553666801886,12,0.4981989004626908,0.8425228568332647,27.7128013207598,random_init_eat_seed42,9,2,2051
0.8777323493227106,0.9632667495316822,0.9540003336403313,0.3402575586967529,12,0.4892088422978089,0.8382357912646051,27.712801342092916,random_init_eat_seed42,9,3,3051
0.9050595179535096,0.9438182378503939,0.9825502235186816,0.3222154286079789,12,0.48782926704090024,0.838398396342043,27.712797327740468,random_init_eat_seed42,9,4,4051
0.8797834191800378,0.9454635729536397,0.9686921014043226,0.31805433086277834,12,0.49093462904305657,0.8322836944911907,27.712802321617538,random_init_eat_seed42,9,5,5051
0.888557633504002,0.9364433666694391,0.9576621851966016,0.2650883910172164,12,0.5011458330709785,0.838903826308097,27.712799607550178,random_init_eat_seed42,9,6,6051
0.8931995341850216,0.9583638557125692,0.9259478122682457,0.31132534621687724,12,0.4962801783205372,0.8440948666219817,27.712802552975365,random_init_eat_seed42,9,7,7051
0.8896268920482282,0.9762370668296428,0.9314637404472039,0.3576263688214849,12,0.49408358290729076,0.8413397229985768,27.712796671854488,random_init_eat_seed42,9,8,8051
0.8851966783819124,0.9622044955105566,0.9451559471918786,0.3699398031729908,12,0.501919051724148,0.8459654080600836,27.71280088112619,random_init_eat_seed42,9,9,9051
0.8838465641633821,0.938070532462244,0.846858621240084,0.3537962457544447,12,0.5015176662894134,0.8430457389716709,27.71280204797624,random_init_eat_seed42,9,10,10051
0.879031538333438,0.973089998531421,0.911100370907474,0.29189013472346453,12,0.4945976603499529,0.8353017261627991,27.712797606530803,random_init_eat_seed42,9,11,11051
0.8726939846604991,0.9645053796128125,0.9204977704489784,0.2236816714407323,12,0.49256799495488574,0.8413314365902324,27.71280041403889,random_init_eat_seed42,9,12,12051
0.8770359458900032,0.9726965699163854,0.9342936904511936,0.31904141915802536,12,0.48366753459159556,0.8368656614407219,27.712800820024302,random_init_eat_seed42,9,13,13051
0.8450834088092639,0.9258285712531386,0.9622199493383486,0.34549115681117104,12,0.4654828977152876,0.8313835565266791,27.712803370636212,random_init_eat_seed42,9,14,14051
0.891632624612438,0.9071764240715645,0.9818943369668878,0.31904853984717835,12,0.4869984366585482,0.8396422495461853,27.712799360047125,random_init_eat_seed42,9,15,15051
0.8810209399813251,0.977429828355907,0.8938975261119588,0.28497263839775755,12,0.5098907552634915,0.8419593724068057,27.712801809911205,random_init_eat_seed42,9,16,16051
0.893890166065583,0.9589724847582002,0.8871705121099368,0.3268937232021162,12,0.48784187373073806,0.8428589550254697,27.71280026258688,random_init_eat_seed42,9,17,17051
0.8961067023751073,0.9810396812560592,0.9850452999924978,0.3370248540124648,12,0.4936999089027399,0.8419846350097296,27.71279796275659,random_init_eat_seed42,9,18,18051
0.8920207196803185,0.9580618487370913,0.9005214069866505,0.3617567928169272,12,0.4920834091245978,0.8386686355681195,27.712800728919092,random_init_eat_seed42,9,19,19051
0.8866707588204855,0.9333034090492864,0.9227490505187105,0.32127416272254977,11,0.4927930668136654,0.8423707105330529,27.71280159099813,random_init_eat_seed42,9,20,20051
0.8154087157521399,0.9200956097446366,0.8857090370324594,0.3261327460281344,12,0.49068166693990334,0.8437910777294654,27.712797485949867,random_init_eat_seed42,9,21,21051
0.8948899699063109,0.9115461315100933,0.9640768818712953,0.2853976739388507,12,0.4807483972397134,0.8358257820454197,27.712802455561704,random_init_eat_seed42,9,22,22051
0.8247107464916693,0.98102127453685,0.8423149001170491,0.28550752861535306,12,0.48148065242413557,0.8401571925932786,27.71280170308353,random_init_eat_seed42,9,23,23051
0.8878196689394645,0.9086937837883807,0.9694269731171895,0.3048514235450809,12,0.49681144308026615,0.842239078928256,27.712799995276836,random_init_eat_seed42,9,24,24051
0.9039844861265003,0.8965087038925779,0.8855514976317792,0.27571946330934016,12,0.48157552308854196,0.8365193797507904,27.712799524163973,random_init_eat_seed42,9,25,25051
0.8834081054886562,0.9167505287638411,0.9462039824681211,0.30797599933630876,12,0.48305507485598376,0.8396047748994855,27.712799612904302,random_init_eat_seed42,9,26,26051
0.9165600206657274,0.9446454450286945,0.974640026789571,0.28973331243809736,12,0.480667451704779,0.8399969326416323,27.712802877095744,random_init_eat_seed42,9,27,27051
0.8742758075210751,0.9668000818205236,0.9670817712999732,0.339320476211924,12,0.49108888258229044,0.8335379465383164,27.712796080736954,random_init_eat_seed42,9,28,28051
0.8775646135554063,0.9088349487060728,0.9708508134885808,0.3217835840782028,12,0.4895616038582038,0.8393748172107119,27.71279875096176,random_init_eat_seed42,9,29,29051
0.9030448774233093,0.9786016426499357,0.9779463194458615,0.3191230323290035,12,0.48506117776179775,0.8407358831961634,27.7127979625537,random_init_eat_seed42,10,0,52
0.94772790196093,0.9704433791003758,0.9524577913306823,0.3089077864414593,12,0.5014153247205865,0.8441789764654194,27.712798416724624,random_init_eat_seed42,10,1,1052
0.8851260610953615,0.9744871841774405,0.9645178785865,0.32282051885865937,12,0.49625144415818095,0.8477645570482472,27.712796060672595,random_init_eat_seed42,10,2,2052
0.924411408402827,0.951402608301882,0.6105524068920719,0.3170443013168201,12,0.49318505794487244,0.8470040195081122,27.71280071961138,random_init_eat_seed42,10,3,3052
0.892612153838132,0.9704279047795689,0.8694841262156052,0.3026150024857985,12,0.5009177393308969,0.8455645067133667,27.712799191056558,random_init_eat_seed42,10,4,4052
0.8965805353997478,0.9709390672143134,0.9694214646311968,0.3709181670392167,12,0.5022907791646753,0.8487147965015915,27.712801094860566,random_init_eat_seed42,10,5,5052
0.9351291358267998,0.966786442595317,0.8855033094795423,0.36335244143041223,12,0.4732540633314849,0.8368161589695909,27.712799689626006,random_init_eat_seed42,10,6,6052
0.8938908980184301,0.9818407902408911,0.8338315729792342,0.2338759190506147,12,0.5128751646133747,0.8532012722808784,27.712799204386297,random_init_eat_seed42,10,7,7052
0.894739199009814,0.9780398825763245,0.9057545736526021,0.3077978754650568,12,0.49415064380158624,0.8440184409137943,27.712794777323502,random_init_eat_seed42,10,8,8052
0.8899678867263445,0.9739844831601184,0.9794925501125538,0.33536930104369894,12,0.4898411591430648,0.8434124554101269,27.712800508578102,random_init_eat_seed42,10,9,9052
0.9126582845647782,0.9714900567536304,0.8855021320978261,0.2975509040605042,12,0.5047005553829433,0.8504245319411882,27.71280137059301,random_init_eat_seed42,10,10,10052
0.884520732518839,0.9607476945921236,0.9186738290655664,0.31795460936949294,12,0.48604683373655355,0.8427375656454847,27.712799287781607,random_init_eat_seed42,10,11,11052
0.9084172783905631,0.9790400912238638,0.9338397296922307,0.3078687654345374,12,0.5010236568732445,0.8461753719242363,27.712802117304488,random_init_eat_seed42,10,12,12052
0.8995301864852137,0.962613726100205,0.9693200909226007,0.320926902587286,12,0.5062085983974836,0.8451863450227395,27.712797037562705,random_init_eat_seed42,10,13,13052
0.900633445890908,0.9683727243995994,0.9302881497486859,0.2931020478758423,12,0.5055969121932811,0.8464717135205827,27.712802563828134,random_init_eat_seed42,10,14,14052
0.920460207845632,0.9487770712515285,0.9422856844055074,0.33015614045108543,12,0.4835208066238091,0.839071256827862,27.712801899640734,random_init_eat_seed42,10,15,15052
0.8916336928192354,0.9620415423587703,0.9020737370463721,0.29692603218856445,12,0.4852047437625112,0.8439376793441398,27.712797653710197,random_init_eat_seed42,10,16,16052
0.8979154162387498,0.9751293160870697,0.9178443518036583,0.28903078286902595,12,0.49178976533176183,0.8467744871630167,27.712798007662673,random_init_eat_seed42,10,17,17052
0.9026154062739062,0.9778553436615212,0.9459616423942746,0.30964165156731216,12,0.5023994495392112,0.8462637796256698,27.7128028637663,random_init_eat_seed42,10,18,18052
0.8634225336504653,0.9785937376686341,0.9215374037188355,0.33728357937707504,12,0.5050231957111201,0.8447862622554496,27.7127969231805,random_init_eat_seed42,10,19,19052
0.8821209067981017,0.9557075761997913,0.8732827483866472,0.3409942275532703,12,0.48154070809578764,0.8402350449130543,27.712802072903067,random_init_eat_seed42,10,20,20052
0.9314293833783445,0.9661138694516248,0.928965276143129,0.39688498125688093,12,0.4898420101490901,0.8419015895619338,27.7128001333073,random_init_eat_seed42,10,21,21052
0.9203030863201667,0.9859765712499472,0.9102247744410965,0.29307995231434836,12,0.48925181002288715,0.845294314076642,27.712798642294647,random_init_eat_seed42,10,22,22052
0.8839774595126315,0.9792311701180925,0.9761661133088939,0.34924099566795985,12,0.4973774129509453,0.8471209738373625,27.712797195503704,random_init_eat_seed42,10,23,23052
0.9002664281743051,0.9279076341965933,0.6871332268688224,0.3034859039099519,12,0.4932914469295061,0.8440326595907235,27.7127995563244,random_init_eat_seed42,10,24,24052
0.8996764944583685,0.980207152676831,0.9579960856325648,0.33675761046575786,12,0.49508821567670264,0.8404693419094384,27.712800375897466,random_init_eat_seed42,10,25,25052
0.8778669281774224,0.9715043205372179,0.949177168767536,0.3419757848376891,12,0.5040472050439218,0.8410677041082838,27.712800705963016,random_init_eat_seed42,10,26,26052
0.9227386606604883,0.95108906115921,0.6117908884074372,0.3289451644747995,12,0.4929274871279209,0.847841244518291,27.712799455315285,random_init_eat_seed42,10,27,27052
0.8624010716676553,0.9412521051085267,0.8332493213745021,0.38907726588241875,12,0.50686215295811,0.8493208582238521,27.71279979253837,random_init_eat_seed42,10,28,28052
0.8937465757902956,0.9650253841933478,0.9367625857514724,0.283890622380292,12,0.4873309157308939,0.8404167061227913,27.712805045718785,random_init_eat_seed42,10,29,29052
0.9223393426739911,0.9741130077647402,0.5576393536948496,0.3865341360413063,12,0.4997510111865408,0.8484603735300951,27.71280328839809,random_init_eat_seed42,11,0,53
0.9255866344460142,0.983838221990708,0.9277984486060173,0.2848054849445219,12,0.4784315200612066,0.8401784742419938,27.712794487543118,random_init_eat_seed42,11,1,1053
0.9011007916364775,0.980541197680782,0.43792201688445664,0.2970134802124484,12,0.5113649813266967,0.850269812236476,27.712798473065195,random_init_eat_seed42,11,2,2053
0.9323460074839007,0.9711233764063518,0.9548356419312476,0.28008758026296876,12,0.5026488181978217,0.8541967331572877,27.712797723086403,random_init_eat_seed42,11,3,3053
0.9066397569072944,0.959740801852275,0.9826425556884342,0.42500842133328987,12,0.4931856153647361,0.846468647556639,27.71280085077491,random_init_eat_seed42,11,4,4053
0.9055274363338508,0.9695429230229878,0.9785897328703915,0.36378549400008137,12,0.5006275491107677,0.8458420900870078,27.71279933490169,random_init_eat_seed42,11,5,5053
0.9020434972784924,0.9595728903450252,0.8367966677925458,0.3604073517175235,12,0.5003677536532228,0.850112518456815,27.712796058346115,random_init_eat_seed42,11,6,6053
0.8827395604660019,0.9675701385098495,0.9447414652500487,0.3787938560703985,12,0.5007761744775198,0.8468139255370064,27.712800176643356,random_init_eat_seed42,11,7,7053
0.9032207977023967,0.979131752754534,0.9007518004047707,0.3605542230891876,12,0.48252351556886236,0.8434787669046796,27.712799801964103,random_init_eat_seed42,11,8,8053
0.9009710538596541,0.9703950725242517,0.9523151660268769,0.3667204865383119,12,0.5053358870063446,0.8464272361352768,27.712800311483946,random_init_eat_seed42,11,9,9053
0.9221727926758214,0.954334655143026,0.876445761861507,0.3165187280596351,12,0.4915534072736478,0.8454497679601707,27.71280317592503,random_init_eat_seed42,11,10,10053
0.9074454893258004,0.9716455605401879,0.3357145231372913,0.33780450742501783,12,0.5011669490763648,0.848608995188821,27.712802018527398,random_init_eat_seed42,11,11,11053
0.8659612071658047,0.9717002783382606,0.9583352042391151,0.3334891859241716,12,0.4879440614356739,0.8419913193264102,27.712803315072524,random_init_eat_seed42,11,12,12053
0.8771929726327203,0.9597226282959974,0.9652094620988472,0.45452246293729504,12,0.5105169078314229,0.8518694238294331,27.712802267233442,random_init_eat_seed42,11,13,13053
0.8576516321863222,0.9732742414567517,0.9613560063088847,0.39048414790862307,12,0.5008622291554746,0.8458134826842505,27.712803193267693,random_init_eat_seed42,11,14,14053
0.875998704044548,0.9737888521569005,0.9507137834863995,0.40438345526068825,12,0.5051117876751402,0.851237141481576,27.712798191049128,random_init_eat_seed42,11,15,15053
0.889055019416363,0.9698951357473327,0.9475773880273975,0.30076544870476596,12,0.49116100084093306,0.8446793411985513,27.71279894982054,random_init_eat_seed42,11,16,16053
0.911544475861834,0.973482519543265,0.9109131060816331,0.40019757508978837,12,0.4917685509164839,0.8469338050377764,27.71280083097441,random_init_eat_seed42,11,17,17053
0.9256029779012179,0.9722670747078531,0.969074284322373,0.3286284918374391,12,0.4889201302345027,0.843294195737433,27.712798178487567,random_init_eat_seed42,11,18,18053
0.9166348182377371,0.9695143619856642,0.9822860309862556,0.40457811510467456,12,0.4946498750520993,0.8434181416294868,27.712802818801617,random_init_eat_seed42,11,19,19053
0.90623045026765,0.9790239731043183,0.9310455366265433,0.33751185344341694,12,0.4906054367220858,0.8431565590169823,27.712798581803852,random_init_eat_seed42,11,20,20053
0.9016742733149694,0.9606394112996799,0.7075385957372347,0.352650188229702,12,0.4993753765358234,0.8469566620167959,27.71280346062046,random_init_eat_seed42,11,21,21053
0.9227312468704657,0.970904924013279,0.0880134643617112,0.4174524198618121,12,0.4947927101289524,0.8435890047968261,27.712804476515604,random_init_eat_seed42,11,22,22053
0.8781921102921657,0.9754355319826133,0.6846316762539945,0.309571820638845,12,0.48412545264652257,0.8432246372331627,27.712799134514565,random_init_eat_seed42,11,23,23053
0.9447286194280444,0.964737784076094,0.9646578181090963,0.38297943829794767,12,0.5164790897888482,0.8522108910729181,27.712801939851094,random_init_eat_seed42,11,24,24053
0.955817106193934,0.9629626664915832,0.9665457547043399,0.34216157337262365,12,0.5122038679521423,0.8428475196047721,27.71279957301662,random_init_eat_seed42,11,25,25053
0.951502325925625,0.958794508234354,0.9278421850226574,0.2902056679761885,12,0.48496575733430786,0.8382893109736945,27.71280241202628,random_init_eat_seed42,11,26,26053
0.8942370752700473,0.9783081026698998,0.903195852816138,0.3132748120853311,12,0.49615851446216963,0.8474054053277783,27.712797858248347,random_init_eat_seed42,11,27,27053
0.8916903036072222,0.9687900796565561,0.9679267144327182,0.32130860919948556,12,0.49954751805564257,0.8461909042009031,27.71280052780294,random_init_eat_seed42,11,28,28053
0.8805082114753574,0.977974970789731,0.950484436170705,0.36552821493292076,12,0.5026904376865151,0.8494472856266673,27.712803527887708,random_init_eat_seed42,11,29,29053
0.9111311116718573,0.9653704289854499,0.9538340169976708,0.37002453300315785,12,0.5110883231317445,0.8537888395265824,27.712802833493495,random_init_eat_seed42,12,0,54
0.8135257134432446,0.9505942457254442,0.820154483573137,0.5384961057368012,12,0.5141637759765032,0.8586537943941054,27.71280344482351,random_init_eat_seed42,12,1,1054
0.9125063957804391,0.9567521919495716,0.9362969558559255,0.38135984355059477,12,0.4947679436001811,0.845236352111178,27.7128029633257,random_init_eat_seed42,12,2,2054
0.8986367987440292,0.961537419036493,0.9160794779224423,0.4273168077886617,12,0.49038433198899994,0.8519351936337495,27.71280037826971,random_init_eat_seed42,12,3,3054
0.915862947759139,0.9679339652112674,0.9635308178424908,0.35900594999551017,12,0.5037532581584135,0.8486314268740394,27.712802292824872,random_init_eat_seed42,12,4,4054
0.9418193262065321,0.9825524396502215,0.7975870418388579,0.3557037887074286,12,0.48454618079602,0.846965939132168,27.712798753988718,random_init_eat_seed42,12,5,5054
0.8928825757139988,0.959130895388902,0.9463511375808892,0.4067795755759755,12,0.5217208800252454,0.8537520931320817,27.71280434997841,random_init_eat_seed42,12,6,6054
0.9216460431239055,0.9703033302173925,0.9228256294076809,0.3814289195871421,12,0.49481374398667327,0.8516798514171838,27.712800411804817,random_init_eat_seed42,12,7,7054
0.9095451611441231,0.9630287512222842,0.9726661078671529,0.3234678757587191,12,0.48342254788982997,0.849857691010943,27.712802488941076,random_init_eat_seed42,12,8,8054
0.9156847011602196,0.9704659578126676,0.9681933878262926,0.30563752845542375,12,0.488849846845392,0.8437166911809518,27.712804012580534,random_init_eat_seed42,12,9,9054
0.8940706988969154,0.9298129962669528,0.8071734291530746,0.30046654678939333,12,0.49698660767422,0.854215893751139,27.712803195223138,random_init_eat_seed42,12,10,10054
0.8826577759233741,0.9604655016143294,0.8002528859282496,0.3431068582884816,12,0.5176013690518646,0.8554079801473795,27.712805472179046,random_init_eat_seed42,12,11,11054
0.9106777287183647,0.9458704300727897,0.8769778503669217,0.3700817077447498,12,0.49592091639807045,0.854773577182339,27.712802036486394,random_init_eat_seed42,12,12,12054
0.8937198986745797,0.9616609355690819,0.9555093074082396,0.3766323576807663,12,0.505959298060879,0.8514020152247913,27.712802268710796,random_init_eat_seed42,12,13,13054
0.8949270232276263,0.9694499353969099,0.9405657025601155,0.41560160482849173,12,0.5005751578520541,0.8509138858524009,27.7128029204903,random_init_eat_seed42,12,14,14054
0.9034761447310281,0.9777248893588991,0.9330182035519528,0.38852680642373405,12,0.49519460797793896,0.8470965649438309,27.712800200075417,random_init_eat_seed42,12,15,15054
0.9020055070125241,0.9779153264358087,0.8686192779336352,0.3782299774229912,12,0.5213434753219652,0.8558908098751201,27.712800868873895,random_init_eat_seed42,12,16,16054
0.8920608172842869,0.9699389723610368,0.981011852613608,0.36805389230406527,12,0.5209343434523948,0.851697469538641,27.712799783606123,random_init_eat_seed42,12,17,17054
0.8857379219840734,0.9683158101212557,0.9711361198570563,0.3985115779613922,12,0.5022430524495157,0.8490805610787078,27.712799632041413,random_init_eat_seed42,12,18,18054
0.9068360248446385,0.9717871702898982,0.9506099768525318,0.36131343402288757,12,0.5019275559173464,0.8497552462872068,27.712804272780396,random_init_eat_seed42,12,19,19054
0.9315441525168607,0.9749968768102061,0.9317443500238181,0.33872250424621125,12,0.5012886906032052,0.8504406816586766,27.71280287523901,random_init_eat_seed42,12,20,20054
0.9129951315689577,0.9490968644193453,0.8893382988234931,0.3888476051673115,12,0.4852982033422682,0.8508068815072057,27.71279931549994,random_init_eat_seed42,12,21,21054
0.9042022714955232,0.9475518674011365,0.9124948363825409,0.3767867755193944,12,0.493475955467881,0.8461592769058911,27.712802228448975,random_init_eat_seed42,12,22,22054
0.9169534580362019,0.9547826219636232,0.9816598185805129,0.3703039115607334,12,0.519010000320456,0.8592327172459113,27.712802076368355,random_init_eat_seed42,12,23,23054
0.9422204632632045,0.9493808550459345,0.8836962741451051,0.36471068705131443,12,0.5052370321796721,0.8465790065397472,27.712802772562476,random_init_eat_seed42,12,24,24054
0.9217134536000449,0.971750863274635,0.8896357528768535,0.33354105890279573,12,0.4930669325860517,0.8496262535986723,27.712796967709806,random_init_eat_seed42,12,25,25054
0.9268737321165819,0.95600109197145,0.966892006728298,0.33037261162704534,12,0.49517440128544593,0.8488130061002376,27.7127964897817,random_init_eat_seed42,12,26,26054
0.8991243914753226,0.9662749573944996,0.8855875838378638,0.31282506429404183,12,0.5040002467185634,0.8516697604634823,27.712803081618276,random_init_eat_seed42,12,27,27054
0.9282486342653231,0.9790438052098374,0.9272235602028525,0.44471633237733826,12,0.509244225604527,0.8498369207771219,27.712804211589756,random_init_eat_seed42,12,28,28054
0.8952862446542076,0.9649113887257217,0.9585723176006188,0.3234250022680737,11,0.5019999637683853,0.8522222627093711,27.712795327895947,random_init_eat_seed42,12,29,29054
