model,layer_idx,id,file_name,source_dataset,class,is_bio,proj_top1,proj_top2,proj_bio_axis
sl_eat_all_ssl_all,12,345526af-20c5-437b-8741-e197ac6511ed,XC693334-LS_58842%20Dusky-headed%20brushfinch%20song%20B.flac,Xeno-canto,Aves,True,2.273751107359664,0.5405340999813206,1.99128155877352
sl_eat_all_ssl_all,12,e605b07a-87dd-4723-b812-f84b781c9583,XC126939-Tristram%27s_Starling_2.flac,Xeno-canto,Aves,True,0.8687499514148287,0.6540945089937789,1.0795146044548665
sl_eat_all_ssl_all,12,61fc36ad-03d6-4171-97fe-5c67821ec6de,530.flac,WavCaps,,False,-5.53746759203183,0.8387843964112053,-5.316983127299197
sl_eat_all_ssl_all,12,67961220-1a93-4cce-84c6-cbe1bf6aa1bb,keyboard_electronic_023-032-100.wav,NatureLM,,False,-6.852903355894578,-1.2372693932898067,-7.086595003252548
sl_eat_all_ssl_all,12,5bf599ed-dfa6-41c7-918b-ae6e2f8e4113,XC739803-LS_51498%20Yellow-eyed%20Black%20Flycatcher%20duet%20A.flac,Xeno-canto,Aves,True,1.2398916497261538,-0.08551324078727862,1.7274787809636958
sl_eat_all_ssl_all,12,4d1f5da3-4aa7-4381-9949-f9d4ea9bc7fa,XC682803-5999-4004024-4438.flac,Xeno-canto,Aves,True,0.9139573630896198,0.669829591683213,1.00015292885148
sl_eat_all_ssl_all,12,a7f4feca-c0a2-4598-b8a1-c508590d0f31,XC717693-Willow%20Warbler%20%2B%20Wren_Song_Mizen%20Head_15.04.22_A%2B.flac,Xeno-canto,Aves,True,0.5345570134742172,-0.2567132645944002,1.054332586430664
sl_eat_all_ssl_all,12,ba79dda8-f0de-4b2a-8947-c1e7feeb58c9,SSW_269_20170819_120014Z.016_007.wav,NatureLM,,False,0.6757844133508057,0.17128226260852067,0.5067593146922297
sl_eat_all_ssl_all,12,3a5b71f7-0fda-4a9f-b693-0327aba0b306,SSW_055_20170325_060004Z.055_010.wav,NatureLM,,False,-1.713909918725708,0.7372211678617702,-1.131511817425074
sl_eat_all_ssl_all,12,3e92ca8d-18a6-48b2-84d9-e18b76078e72,SSW_039_20170311_110008Z.031_001.wav,NatureLM,,False,-1.7965344879006016,0.1816914340625119,-1.5062772387578791
sl_eat_all_ssl_all,12,53030683-a00c-4303-92c8-5b104a41ad3c,9750402P.flac,Watkins,Mammalia,True,-4.712938869170092,-2.6380643292972303,-2.999296938229953
sl_eat_all_ssl_all,12,16eaecc1-b297-4dce-bfc4-c5ca0d7fa81d,20ta010j_2.0053_209c0108_-2.0053.wav,NatureLM,,False,-0.47641712525937785,0.13377769177575727,-0.673802023512081
sl_eat_all_ssl_all,12,5781d7a0-80ea-4be6-9fd1-9f6be373528b,XC385115-T15.flac,Xeno-canto,Aves,True,2.04941519227222,-0.19853830536169317,2.0023138917389045
sl_eat_all_ssl_all,12,4223b186-47a7-4f88-9d8d-38479bb4d986,42459.flac,iNaturalist,Aves,True,0.7973087563187253,-0.10636101629379596,1.1003798300441916
sl_eat_all_ssl_all,12,b795d66d-a577-4b68-bdc1-810b5ff09052,NorthernParula1.flac,Xeno-canto,Aves,True,0.4310455313767383,-0.2637803406885921,1.0193038880271406
sl_eat_all_ssl_all,12,519199ae-1ece-451d-a8e7-16b393685585,256179.flac,iNaturalist,Aves,True,1.8623827161695616,-0.27389712072495376,1.674001066308389
sl_eat_all_ssl_all,12,484018cf-99a4-4310-a58a-e24c1f9b8d5f,SSW_023_20170304_130010Z.036_009.wav,NatureLM,,False,1.9591414961799982,0.7338844538752841,1.4396954700533884
sl_eat_all_ssl_all,12,3035d7a6-e138-4057-baad-948b688a26d7,XC744361-Bachstelze%2C%20Gesang%20%209.4.2015%20%20Egelsee%2C%20Badesteg%20%20%E2%80%8F%E2%80%8E15_33_24%20VOC_150409-2357.flac,Xeno-canto,Aves,True,1.1282394414178403,1.0719535786704042,1.3103220301557963
sl_eat_all_ssl_all,12,639d5440-7745-4fbf-943b-2393c1a84ddf,324452.flac,iNaturalist,Aves,True,0.5172567786195303,0.46311139831509585,0.7781599642631707
sl_eat_all_ssl_all,12,5cf424ab-6501-4962-91fd-ba2c0ce38a37,Cervus_elaphus_DIG0117_03_short.flac,Animal Sound Archive,Mammalia,True,-3.2123042779474793,-0.9025281461197969,-1.959043493930587
sl_eat_all_ssl_all,12,833701b2-b661-4fbd-868f-07dda09059bf,XC486056-Xiphocolaptes%20promerohyporhynchus.flac,Xeno-canto,Aves,True,1.8876890180779002,0.05428614966262646,1.954408402028462
sl_eat_all_ssl_all,12,cf7fd664-0699-4561-8e3d-aba7e1e54b90,Zalophus_californianus_V2061_17_short.flac,Animal Sound Archive,Mammalia,True,-2.661456594450473,0.5311859132261587,-2.2527747988970885
sl_eat_all_ssl_all,12,ac225d2d-bbcb-4f39-8b85-7916f5d8bb94,XC402294-sturnus%20unicolor%203%20chapatales%2024-09-2017.flac,Xeno-canto,Aves,True,1.2634387148545736,0.07989477882338608,1.511839498374036
sl_eat_all_ssl_all,12,b0e33146-8f91-4aad-b6d1-9fcd7e68e54c,mallet_acoustic_030-087-050.wav,NatureLM,,False,-1.334147904134205,-0.4186432195898845,-2.3994533784871903
sl_eat_all_ssl_all,12,9ad7750b-961c-4b95-b04c-2d69c8bce4d2,XC541270-Pied%20Currawong%2009_05_34.flac,Xeno-canto,Aves,True,1.062061846341023,0.17919791335561414,1.4080512427642404
sl_eat_all_ssl_all,12,5083d955-24a1-4232-97a5-37e945c676c7,XC360007-LS104552%20Black%20Magpie%20calls%20B.flac,Xeno-canto,Aves,True,3.2455038874834248,-0.05056009673205711,2.6569732193811673
sl_eat_all_ssl_all,12,12556fc5-c2b5-4020-81f4-c47d4c1466e0,XC688225-Goudvink%2020211021%201000%201a.flac,Xeno-canto,Aves,True,0.9318780241422051,1.0800096987101844,1.135238926721232
sl_eat_all_ssl_all,12,b74d3698-d9ed-4c8c-8ab7-b0621a69de4e,XC682514-stenkn%C3%A4ck%20lock.flac,Xeno-canto,Aves,True,-5.3121141303826604,0.4325003406754062,-4.020394400871396
sl_eat_all_ssl_all,12,f99dc342-77cc-4ab8-a22d-0aea960829d8,XC376687-XC360907%20-%20%D0%A2%D1%80%D0%B0%D0%B2%D0%BD%D0%B8%D0%BA%20-%20Tringa%20totanus%20robusta.flac,Xeno-canto,Aves,True,0.8714796802677337,-0.4091208393514719,1.329071732270949
sl_eat_all_ssl_all,12,4617b5a8-a226-4662-b005-5eaa24eb43c3,9500300I.flac,Watkins,Mammalia,True,-3.7541352080180452,-2.6656898670232665,-2.160854058489477
sl_eat_all_ssl_all,12,75cd84ad-8c2c-4333-88c9-7327f5e3bf23,XC420018-Common%20Bulbul%20on%202.9.17%20at%20Twinga%20Lodge%20TZ%20at%207.10%20for%20.10%20_0448.flac,Xeno-canto,Aves,True,1.0294476552959742,0.5073070716643082,1.315937311828055
sl_eat_all_ssl_all,12,eeb57353-2d95-488d-af35-add7e1716977,XC282848-HETH_3-4-15_1330_MtOrd1.flac,Xeno-canto,Aves,True,-5.434036997523503,-0.22985899826774167,-3.4868236401193697
sl_eat_all_ssl_all,12,8798231a-34af-4290-b188-7ddff7e20192,126066.flac,iNaturalist,Aves,True,-3.294317179162231,0.23126261024635344,-2.040865193275444
sl_eat_all_ssl_all,12,ff86a050-6731-45f6-b0df-0d4be52cd0d8,XC473849-Prinia_socialis_nom-FL%20calls%20Above%20Munnar%204Feb16%208.40am%20LS119888a.flac,Xeno-canto,Aves,True,0.9811133086264033,0.011834733408436287,1.0499760676345504
sl_eat_all_ssl_all,12,c91eeae1-4c7c-4d46-bf6a-b81bf31ae996,513777.flac,WavCaps,,False,-3.723937850984871,0.36683290904837373,-3.177188719426157
sl_eat_all_ssl_all,12,6fada358-92cd-4951-bf39-973c259f45e1,7801800C.flac,Watkins,Mammalia,True,-5.178117359592832,-1.7090150558895596,-3.6522561365234476
sl_eat_all_ssl_all,12,94635d4d-9fc1-4914-a6c7-2f5f7b03f1e0,172953.flac,iNaturalist,Aves,True,1.256281289478158,0.25660864972535347,1.2505982357141752
sl_eat_all_ssl_all,12,cb3a6d2d-fb28-4c97-bca8-4f9b108de2f2,79776.flac,iNaturalist,Aves,True,1.89864942358858,0.5512436838499042,2.046507778893635
sl_eat_all_ssl_all,12,d461f4d6-1645-4ea6-a593-3aec461ed21d,XC563725-PROW%20%28M2%29%20-%20Song%20-%20Les%20Arends%20-%202020-05-31%2006_48.flac,Xeno-canto,Aves,True,-0.566161785360285,0.7071257652636258,-0.08716167971058426
sl_eat_all_ssl_all,12,878a679a-f3c4-4277-aae3-b31c9a59c959,XC714401-Grey-winged%20Blackbird%20female%20Call.flac,Xeno-canto,Aves,True,4.518507818302205,0.3730694974724396,3.7111468655624753
sl_eat_all_ssl_all,12,040a385d-3c15-49d5-9e54-ee4649593939,XC507221-Tamatia%20tachete%CC%81%3ACrique%20Saint-Georges%3A01-11-19.flac,Xeno-canto,Aves,True,0.6934561258999203,-0.3054816782838637,0.9024337615170255
sl_eat_all_ssl_all,12,cd88c22f-f94f-47c5-8dd1-c503f28aecaf,57026059.flac,Watkins,Mammalia,True,-1.7821655659713893,-1.2487897137490727,-1.062579438529674
sl_eat_all_ssl_all,12,fa147d6d-55ca-4786-8269-3a37cb17ce28,XC625226-Carrion%20Crow%200649.flac,Xeno-canto,Aves,True,-1.0707180385536264,-0.760867893388959,-0.5947601266887389
sl_eat_all_ssl_all,12,64b22456-5987-405b-a70e-7acd9c8604c9,20090914_WayKambas_BandedPitta_song.flac,Xeno-canto,Aves,True,2.2376311268290485,0.9291090741775123,1.8191034761599327
sl_eat_all_ssl_all,12,2c99f75f-28e7-4df9-b7eb-5ca44807bedd,XC193967-THRUSH_Swainson%27s_c%20ustulatus%20Fish%20Creek%2C%20Hyder%20AK%20062314%201438.flac,Xeno-canto,Aves,True,3.094699206042879,-0.055053265445440536,2.8936913517004226
sl_eat_all_ssl_all,12,c9ad03d2-a092-4d7f-a663-7112b438b12a,XC200559-141024UhuGesangFH2edit.flac,Xeno-canto,Aves,True,3.0315722764996478,0.5478483374881176,2.6038231608261606
sl_eat_all_ssl_all,12,28da31b7-3b02-4799-a4d5-4d22351dc633,XC510628-Cranioleuca%20sulphurea_Rio%20Grande_1164.flac,Xeno-canto,Aves,True,-0.48984530981715513,0.07552367410679059,0.12634000570998075
sl_eat_all_ssl_all,12,9c91916b-7620-42c6-a2b4-8da3f3bcf140,XC210152-Corythopis_delalandi_14_12_2014_Amparo_SP_RSS.flac,Xeno-canto,Aves,True,0.7924487979355181,0.48464667216602586,0.9100379888997332
sl_eat_all_ssl_all,12,c0265934-ab70-410e-a560-21f91e93e762,XC543571-Mino%20kreffti%20kreffti_pcm_191013_06.flac,Xeno-canto,Aves,True,2.644812820695531,0.44539384201500676,2.3396623845714597
sl_eat_all_ssl_all,12,a32a40cb-43da-4114-9668-455fc632df45,XC226630-Long-billed%20Woodcreeper%20%206212.flac,Xeno-canto,Aves,True,1.8914504827362997,-0.1372723801612114,2.093799625433942
sl_eat_all_ssl_all,12,823eb09a-bc66-4ab4-ae43-ec1e805e341b,SSW_070_20170401_100007Z.059_004.wav,NatureLM,,False,-0.3601665413084268,0.045093085800565424,-0.28609042539199503
sl_eat_all_ssl_all,12,5bf962c9-3f94-43a2-acfb-cb014b8da2f0,77009017.flac,Watkins,Mammalia,True,-4.200171987074744,-0.5212822120601615,-3.417507063605641
sl_eat_all_ssl_all,12,f2650314-83b4-4e4b-a1f1-f93edd739272,SgriseicollisLepipuertoMD5track30.flac,Xeno-canto,Aves,True,3.4129584471744945,0.19582152687952958,3.0055982131180414
sl_eat_all_ssl_all,12,149de911-bf52-44f1-8c07-30079bfa5024,XC658335-210617-NFC-guiffette-moustac-possible-04h45-Guerfand-4.flac,Xeno-canto,Aves,True,0.6327126570104272,0.8672781353674239,0.901035393575438
sl_eat_all_ssl_all,12,39c8e491-e1d9-4ab0-97e7-74067bf186b4,259389.flac,iNaturalist,Aves,True,0.8546939962305512,-0.12395877040409364,0.9387536624818873
sl_eat_all_ssl_all,12,1b4e638a-ef28-406c-933d-83aacd20fdfd,XC137559-Cyanomitra_cyanolaema_130404_06.flac,Xeno-canto,Aves,True,-0.05910141652034239,-0.455894247756301,0.4729597096961851
sl_eat_all_ssl_all,12,68df0cb0-a0af-45df-9066-d7d9424040a9,THRUSH%20Slaty%20%28Andean%29_08_Acambuco_Salta_AR_8OCT05_B%20Lopez-Lanus%20%28BLL%20et%20al%202007%29.flac,Xeno-canto,Aves,True,0.6408238688950255,0.7434196925278245,1.215510081648599
sl_eat_all_ssl_all,12,bf372c58-e740-4020-a974-80d3865f9a60,CARDINAL%20Yellow-billed_05_Otamendi_Campana_Buenos%20Aires_AR_22NOV01_Bernabe%20Lopez-Lanus.flac,Xeno-canto,Aves,True,-0.27462493216640604,-0.49047172680774054,0.5707530672393346
sl_eat_all_ssl_all,12,ea4a5b95-6574-468a-8c16-7df995c2ec25,XC413916-RedBelliedPitta_Talaud_072217_song.flac,Xeno-canto,Aves,True,3.1302055248092495,0.04451484076962947,2.9079385352311817
sl_eat_all_ssl_all,12,ccb717f9-b508-4e72-a149-36bfa38d9f13,541272.flac,WavCaps,,False,0.4397238548108119,0.7171902468238703,0.34014772455286346
sl_eat_all_ssl_all,12,d92bc3a1-d8f7-439c-a0c3-2ab375d2c753,2836_5355_000026_0000002.wav,NatureLM,,False,-2.3181485969077067,-0.40765162071846217,-2.9255217146009875
sl_eat_all_ssl_all,12,2234bc1e-d1f1-4d15-964e-3311e14534b2,622099.flac,iNaturalist,Aves,True,1.0324740281998077,0.17839483274478024,1.2346785376590739
sl_eat_all_ssl_all,12,029aeed5-40a1-4728-bdb0-c328c4fa78fa,87003005.flac,Watkins,Mammalia,True,-6.458666967429838,-2.0328445717558195,-4.543222154599412
sl_eat_all_ssl_all,12,afb37eee-ce7c-4964-9b19-86b9b477797a,A%20Buchfink%20C.flac,Xeno-canto,Aves,True,0.569067028171427,0.3249781612767695,0.853470527037533
sl_eat_all_ssl_all,12,eb6d9779-2525-4889-8e90-fef798a9e447,XC585592-200829_2330a.flac,Xeno-canto,Aves,True,2.7779796312943787,1.140571037208157,2.308183683278342
sl_eat_all_ssl_all,12,26df3063-fe3c-48d5-9f5b-f1cdd1c39ddd,XC273712-Lance-tailed%20Manakin%20call.flac,Xeno-canto,Aves,True,1.9234299152538088,0.33357462841774643,2.2285705671114804
sl_eat_all_ssl_all,12,dfa945a5-d725-4213-8024-e95444d30022,SSW_131_20170506_160014Z.056_012.wav,NatureLM,,False,-5.022026826771002,-1.4922071004283546,-4.437378121046594
sl_eat_all_ssl_all,12,724ad83d-b8bf-40b4-8871-a63ef9997a2d,80951.flac,iNaturalist,Aves,True,0.4592685215361623,0.4558274080664372,0.8589467498826804
sl_eat_all_ssl_all,12,22d963f6-b54e-4af3-af09-f900ef4999a3,498419.flac,iNaturalist,Aves,True,0.2630239873916411,0.16146834292548687,0.5267375901593777
sl_eat_all_ssl_all,12,c83f22a7-fcf1-4fae-be2b-63a0e713fef5,XC703174-DUFL_2021-06-04_Surveyor_Campground_Klamath_County_OR_0834.flac,Xeno-canto,Aves,True,4.135802827037581,0.6391943296171494,3.4612598657590583
sl_eat_all_ssl_all,12,64fee962-59fe-4b32-a996-53a8f0a500b0,XC256074-THRASHE_Cur-bil_c_dawn%20OPCNM%20500m%20082012%200531.flac,Xeno-canto,Aves,True,0.2206627776497734,-0.2937259399157636,0.8245937417178912
sl_eat_all_ssl_all,12,767551e6-6aee-488f-b86a-934001633d21,XC684441-Cape%20Batis%204%20note%20call.flac,Xeno-canto,Aves,True,1.2304718128412437,-0.17551548264533207,1.2974739947632181
sl_eat_all_ssl_all,12,f65f769a-7e0f-4a8f-b4c5-407c13a0f3df,XC276215-Muscigralla_brevicauda54cut2A.flac,Xeno-canto,Aves,True,-1.7561318989559547,0.8567998117603464,-0.410932520614777
sl_eat_all_ssl_all,12,0f5c174e-631e-443c-b669-913d7a104b82,413492.flac,WavCaps,,False,1.664169177106411,0.012062175341201898,1.594622915510736
sl_eat_all_ssl_all,12,e3017e9b-8dde-411e-9379-397d61190dfa,XC280005-LS_56546%20FALSE%20BAY%20AREA%20Scarlet-chested%20Sunbird%20call%20A.flac,Xeno-canto,Aves,True,1.2017644534874123,0.2581820931555804,1.376394770225695
sl_eat_all_ssl_all,12,a012a70a-7061-4d78-99d2-95bfe85811eb,519647.flac,iNaturalist,Aves,True,6.090737446295824,0.31994012850808573,4.683766534403571
sl_eat_all_ssl_all,12,af091fbd-597b-4c39-873b-ba66c2dee4a7,XC701555-mp3%20%E0%B8%AB%E0%B8%B1%E0%B8%A7%E0%B8%82%E0%B8%A7%E0%B8%B2%E0%B8%99%E0%B9%80%E0%B8%82%E0%B8%B5%E0%B8%A2%E0%B8%A7%E0%B8%AB%E0%B8%B1%E0%B8%A7%E0%B8%94%E0%B8%B3.flac,Xeno-canto,Aves,True,4.218254008971641,-0.4104537408094212,3.597775382999714
sl_eat_all_ssl_all,12,d8591970-8835-4997-a360-34765d5f69bf,XC428511-Campylorhamphus%20falcularius3.flac,Xeno-canto,Aves,True,2.4757683043836427,0.6405120706668903,2.2993567085965947
sl_eat_all_ssl_all,12,22d30df2-b2ec-4bb6-94ed-143303dce57e,631192.flac,iNaturalist,Aves,True,1.4917400736084037,-0.029107957626589766,1.6113292219643216
sl_eat_all_ssl_all,12,45b9c5c2-0617-4b49-845c-ba57e4de9d37,XC698221-RECAV0_210507_1017_lim026_alarme.flac,Xeno-canto,Aves,True,-0.6250072690039535,0.24512329723627077,-0.2516397734226997
sl_eat_all_ssl_all,12,b93a5062-b645-4972-afa0-64f8b52eaf7b,46680.flac,iNaturalist,Aves,True,3.100279596017186,0.24044853480612688,2.580006040803477
sl_eat_all_ssl_all,12,f73d5b6c-4e75-4706-8879-10efb3f9dd6d,XC590985-Megascops%20roraimae%20MNML%20092020.flac,Xeno-canto,Aves,True,-1.2044874304699775,0.5366873465186568,-0.5942547701126026
sl_eat_all_ssl_all,12,3c561d9f-faeb-4095-a8df-db39c9f90e29,2413%2F27.flac,Xeno-canto,Aves,True,0.05268202477400224,0.38867550423475183,0.5091796412073051
sl_eat_all_ssl_all,12,5ff1b801-99e2-4468-8d1a-003bc3b04b9b,XC304310-Coppersmith%20Barbet.flac,Xeno-canto,Aves,True,1.3049993158435704,0.7243480620309517,1.3850803042524622
sl_eat_all_ssl_all,12,55b259de-bb5a-430f-b244-4074b68ab8e8,Yyy2Msyv3j5Q.flac,WavCaps,,False,1.5498323985420754,-0.3371108373768204,1.2716241109143995
sl_eat_all_ssl_all,12,95ee6b95-ab25-4dea-9368-291d38239041,XC499085-190917-100410alveolacinzenta.flac,Xeno-canto,Aves,True,2.525749558550072,-0.01171476038055333,2.325682681715756
sl_eat_all_ssl_all,12,95692cfb-15bf-4154-972c-e5b56cd998d3,650032.flac,iNaturalist,Aves,True,1.039034875920153,0.07637725590105307,1.1540663493037495
sl_eat_all_ssl_all,12,d2e93f15-608a-4d0a-95c5-fe87761ced2d,XC139158-Northern%20Puffback%20Manegusha.flac,Xeno-canto,Aves,True,-0.6943417729930106,0.32842077019242033,-0.1713992804816687
sl_eat_all_ssl_all,12,29f3fee1-2bc8-4972-b909-cfb00e85d26f,XC296212-picchioCen1.flac,Xeno-canto,Aves,True,1.1054734171525276,0.49605077084808225,1.366576112819461
sl_eat_all_ssl_all,12,44931f2b-2ab3-4914-8242-05d44c65b572,83_11691_000076_0000044.wav,NatureLM,,False,-1.4686457921371727,0.4126284915574655,-1.5140909812923624
sl_eat_all_ssl_all,12,ce541065-12f5-4555-ad32-64dcb6a2cbd9,XC538724-Indian%20pitta.flac,Xeno-canto,Aves,True,-0.9598628124769034,0.6053084765873201,-0.25491210142741494
sl_eat_all_ssl_all,12,880d47c7-4327-42c4-a423-4b34ab155b4b,133566.flac,iNaturalist,Aves,True,0.9818445732896881,-0.033826746453741716,1.0357975788846252
sl_eat_all_ssl_all,12,58256ccf-1484-4797-acd3-15a9751cc3d9,XC157730-Gampsorhynchus-rufulus-FL%20response%20Chidu%20area%2C%20Mishmi%20%207Apr13%207.33am%20LS113820.flac,Xeno-canto,Aves,True,-0.02670709430330405,0.30651798462752194,0.48745240770654663
sl_eat_all_ssl_all,12,9d183521-c0ab-445b-941e-add62ef1a4bb,40452.flac,iNaturalist,Aves,True,2.19464522164636,0.23336106616702496,2.180246464959224
sl_eat_all_ssl_all,12,e1502208-c3f6-4ddd-b74f-16743dde4b5a,Cervus_elaphus_S1329_07_short.flac,Animal Sound Archive,Mammalia,True,-2.4713078008740363,0.2953755581105735,-1.674751570100781
sl_eat_all_ssl_all,12,80c52694-8f0c-4bf5-9cf5-2cc5dfdd1044,XC407843-Woodpecker_Grey_and_Buff_UM1_20thMar18.flac,Xeno-canto,Aves,True,2.2347673493382842,0.9007277754594115,1.996371738012238
sl_eat_all_ssl_all,12,57ccbcb8-2320-49db-b21a-1b75139f3ee9,115565.flac,iNaturalist,Aves,True,4.3809713759056255,-0.46164186948230257,3.448514870581969
sl_eat_all_ssl_all,12,8bec7a0c-beaf-4a10-adb4-567825faa1cf,XC664893-9%20Saborta%20Warning.flac,Xeno-canto,Aves,True,-0.1181088561065333,0.049612161939258326,0.21428463348928686
sl_eat_all_ssl_all,12,768010b4-e17e-48d6-8a0f-02736799380d,XC561638-cho%20hul%20femelle2.flac,Xeno-canto,Aves,True,1.3641658026269834,0.35192571307762266,1.3293852079670598
sl_eat_all_ssl_all,12,098334ce-c397-4222-8296-8ffca7fae437,194139.flac,iNaturalist,Aves,True,2.615676459558059,-0.3562596572271527,2.1720367575243262
sl_eat_all_ssl_all,12,6978dff9-253f-4c22-9532-708d02ae08a5,XC701615-S4A10550_20200623_210002-23.12_klask.flac,Xeno-canto,Aves,True,-3.1286933387264986,-1.3547678740765199,-1.5071345293242255
sl_eat_all_ssl_all,12,dfd6cbf9-31a5-4bb6-b123-9f59b3ff4daa,SSW_118_20170429_220023Z.001_008.wav,NatureLM,,False,-3.214960193058954,0.8070071251556736,-3.622504541373961
sl_eat_all_ssl_all,12,3cb08433-cebb-4c98-898b-80e54ecb219f,32802.flac,iNaturalist,Aves,True,-0.8785039373161267,1.182972447594687,-0.19996139402151664
sl_eat_all_ssl_all,12,938bd247-c632-47bd-bbe2-f00ed2e54ea8,Serinus_mozambicus_barbatus_20100701_zang_Lake_Bunyonyi_OEG_LS100329egg-z.flac,Xeno-canto,Aves,True,1.0018028018233283,0.3786574423714535,0.9385225071114248
sl_eat_all_ssl_all,12,0f9889a9-b9a6-4e30-8b08-d0242da6a515,410922.flac,iNaturalist,Aves,True,-2.1184370523812746,-0.03121109880397155,-1.0367993836572902
sl_eat_all_ssl_all,12,547a075d-83d1-4019-8116-45f9dcc43c5e,XC422294-Blue-banded%20en%20Blue-headed%20Pitta%202%20260218%20Danum.flac,Xeno-canto,Aves,True,1.325760676795948,-0.20589678624432733,1.4976468067763489
sl_eat_all_ssl_all,12,bdc650b9-36d5-47ed-824c-13cca43302ff,SSW_154_20170513_190014Z.028_017.wav,NatureLM,,False,-5.218569264078157,-0.012170993771307884,-5.48710332603319
sl_eat_all_ssl_all,12,6f080f55-6198-461a-851c-e725bd9a49ab,7703501T.flac,Watkins,Mammalia,True,-1.192766517492402,-1.4639632356931045,-0.3580062570277889
sl_eat_all_ssl_all,12,c99b124b-07b7-4093-a90b-ffdd2c65a727,684349.flac,iNaturalist,Aves,True,3.5093834100089087,0.045298740376850305,2.9765572555851363
sl_eat_all_ssl_all,12,20ba605b-ee08-422c-ba42-f5dcc27d0a22,XC228328-Summer%20Tanager%20A%2015074.flac,Xeno-canto,Aves,True,5.153789816481531,-0.1556751086598471,4.311260607082676
sl_eat_all_ssl_all,12,5e87f433-d182-4e50-9aa9-27922cdcbfd2,XC374312-rossignol%20philomele%20tarerach%2066%20not%20seen%20A.flac,Xeno-canto,Aves,True,0.8310264554859768,0.3187798798796624,1.0432726892390218
sl_eat_all_ssl_all,12,76dd7bc3-8435-48c0-9f78-d0a3ab3b5b10,YDTngmSh5wnI.wav,NatureLM,,False,-2.5040200125677643,-0.19360209157961308,-2.0040868546805735
sl_eat_all_ssl_all,12,2c3c454c-0b4e-46df-92f6-e31c1ddc72e1,XC557317-BlackThroatedGreen.flac,Xeno-canto,Aves,True,2.746285108535372,0.39675325493439706,2.5051311163792382
sl_eat_all_ssl_all,12,9b448211-8049-4506-9419-b87c7eb56679,145647.flac,iNaturalist,Aves,True,4.627958201971308,0.17045095056543855,3.6586129192918415
sl_eat_all_ssl_all,12,61b544a0-e4aa-4ae3-b37c-d5f4dab651ec,XC498630-GRACKLE_Gre-tai%20Tepic%20900m%20042519%200707.flac,Xeno-canto,Aves,True,3.97469508866269,-0.25388459305882505,3.5290717160442897
sl_eat_all_ssl_all,12,93113a3a-def3-467f-a6a8-0aea0e83c63e,XC614959-Pipit%20de%20Richard%20Carolles%2012%20nov%2019.flac,Xeno-canto,Aves,True,-5.28371106095193,-0.3980779428369712,-3.501239133982293
sl_eat_all_ssl_all,12,24b8e155-3f39-4502-8d6c-ae5b54479f95,XC510190-LS_58313%20Hildebrandt%27s%20Starling%20predawn%20song%20B%20Superb%20Starling%20C%20Slender-tailed%20Nightjar%20C.flac,Xeno-canto,Aves,True,0.7058152528629222,-0.28913932717608837,1.3907953653559302
sl_eat_all_ssl_all,12,1be2c6f6-d8c9-4f70-92e4-b56e5cdea7f0,252028.flac,iNaturalist,Aves,True,0.5562403402052789,-0.6638740678086965,0.47487221698577786
sl_eat_all_ssl_all,12,0de51500-38b0-4fba-91d8-4197b88be5c0,XC268851-carduelis%20carduelis%202%20parque%20alamillo%2010-05-2015.flac,Xeno-canto,Aves,True,0.6380443409099364,0.32518026238879255,0.6465626994430334
sl_eat_all_ssl_all,12,e5e7833a-1fb9-40f5-a213-ca0cd70e516e,51356.flac,iNaturalist,Aves,True,1.7032888547686866,-0.4276698541599149,1.720730841238795
sl_eat_all_ssl_all,12,c9baa9ca-fe4c-47a6-914f-639f436c7bfb,SSW_110_20170429_110008Z.012_001.wav,NatureLM,,False,-0.6630107640134028,-0.3852305429472277,-0.22985363098058528
sl_eat_all_ssl_all,12,6e8f114b-95be-46a3-9e7c-ab79a2839796,DM550027_8strixUralensis.flac,Xeno-canto,Aves,True,-1.4083281248767126,0.31746453697249016,-0.5834966888922386
sl_eat_all_ssl_all,12,93c18450-b237-4c1a-86b8-f3f083500889,151117.flac,iNaturalist,Aves,True,1.2734847869347854,-0.16315870411343042,1.2896731781096347
sl_eat_all_ssl_all,12,6abc42ac-bced-4f8e-bc1b-15d06257a15c,453053.flac,WavCaps,,False,-0.954823039333224,-0.3781727381702553,-0.26162871115943037
sl_eat_all_ssl_all,12,259b6cdc-b252-4618-b2dd-2002b3a00c2b,411097.flac,iNaturalist,Aves,True,-0.6651922817348788,-0.055886385324456216,0.06017417866082467
sl_eat_all_ssl_all,12,3afa59d0-3f62-4840-8d8b-166a12870993,XC424030-Myiarchus%20tuberculifer%20R%20Bellavista%2012%2006%202017%203%2055%20pm.flac,Xeno-canto,Aves,True,4.259073854803859,0.05799126415837813,3.433370666246616
sl_eat_all_ssl_all,12,2ebc7768-c055-4f71-8ef4-e635b3189403,XC732418-210904_03%20Tawny%20Owl%20%282%29%20N%200206%20XCu.flac,Xeno-canto,Aves,True,-0.9227430618681023,0.3243447352658988,-0.4886713224242172
sl_eat_all_ssl_all,12,f36d9ee1-b897-4137-91f7-bdf664bc16f7,ICLISTENHF1251_20140904T175409.262Z_038.wav,NatureLM,,False,-2.761153212518453,0.5890159534618309,-2.398086288267839
sl_eat_all_ssl_all,12,b5f12d26-7328-4f78-b2a5-a3f7a363e89f,XC465758-R37_0108%20Coraya%20Wren.flac,Xeno-canto,Aves,True,2.9458770536770182,0.3740158969841052,2.6835288337907883
sl_eat_all_ssl_all,12,ad0c2a47-07f3-4f39-93e4-184b117456c3,XC426860-LS108242%20Black-crested%20Bulbul%20song%20B.flac,Xeno-canto,Aves,True,3.2587979284855475,0.25218563081134177,3.0074687059870557
sl_eat_all_ssl_all,12,0881cd4e-e788-4668-b4b3-a8dce94f0306,156708.flac,iNaturalist,Aves,True,0.526534181476642,0.06177711916140871,0.9255638198895024
sl_eat_all_ssl_all,12,e5e0eb45-0623-43f2-9fc6-fdffffdcea69,XC390467-White-throated%20Laughingthrush%2001%20-%2015Dec16%20-%20Sigri%20-%201109.flac,Xeno-canto,Aves,True,0.851775173972158,0.1351446678545653,1.3566818943097656
sl_eat_all_ssl_all,12,1a705b9e-4b45-4fc0-9ca9-0dc306e7e1e8,SALTATOR%20Golden-billed_17_Putre_I%20Region_CH_4NOV99_Alvaro%20Jaramillo.flac,Xeno-canto,Aves,True,1.9112882782482976,0.732014430556067,1.8949203917679602
sl_eat_all_ssl_all,12,a50d1daf-2f9a-4f8a-822f-51ad13bbadb4,YIA3Um5JtMqU.wav,NatureLM,,False,1.20294578143211,1.4525130210604589,0.8321923928682852
sl_eat_all_ssl_all,12,fb168f39-0035-4516-b8cd-8b8552705ccb,514405.flac,iNaturalist,Mammalia,True,2.172003039260174,0.22456940073445608,2.0703365069764263
sl_eat_all_ssl_all,12,c5a97ecb-3eb2-41e8-82fd-ffd90d062fd7,XC684562-vite-vite-de-cabe%C3%A7a-cinza.flac,Xeno-canto,Aves,True,0.5527353145774573,0.49696811211269265,1.017982851253445
sl_eat_all_ssl_all,12,9c65b9d3-98d4-4d13-a705-94529a1c3241,ICLISTENHF1251_20140404T200459.775Z_051.wav,NatureLM,,False,-2.979103100744746,0.6653351816088332,-2.672039301009315
sl_eat_all_ssl_all,12,09f37e69-9a9c-416b-9c44-86358a8ac40d,XC314241-Unknown%20-%20poss%20gw.flac,Xeno-canto,Aves,True,2.2263140388226983,-0.2176483400700256,2.044607891003345
sl_eat_all_ssl_all,12,6754e8a8-358b-4094-8b60-c013fa7fa5d8,XC773008-170519_01-Buskskv%C3%A4tta-s%C3%A5ngl%C3%A4rka.flac,Xeno-canto,Aves,True,0.28901791282892647,0.37674094159935007,0.9136686557662708
sl_eat_all_ssl_all,12,4031dcbb-cf15-4625-8794-0a18eba07430,110409.flac,iNaturalist,Aves,True,-3.1043808106351913,-0.32881886761642437,-1.6455162133023016
sl_eat_all_ssl_all,12,4d10e22d-7348-409c-8c15-7688683e0ec9,XC717159-220422_0150_stepnoy.flac,Xeno-canto,Aves,True,0.8845156319027399,0.6881850994023139,1.3405067129927566
sl_eat_all_ssl_all,12,f86852f7-a734-4245-a146-857bac1d5a7d,32073.flac,iNaturalist,Aves,True,1.8601913345565713,0.551968370087826,1.6787359788135952
sl_eat_all_ssl_all,12,d67a295c-5acf-455b-9e1f-2e7e9b8751f7,XC336055-160409-191944_Cyanistes%20teneriffae%20teneriffae_R.flac,Xeno-canto,Aves,True,2.4637204734090674,-0.09040633851254001,2.068614532366637
sl_eat_all_ssl_all,12,4bfa106e-19e4-4a55-bee6-bccdae6395f2,XC762905-LS_51891-Common-Newtonia-song-A.flac,Xeno-canto,Aves,True,-0.4832263129146761,0.5461698399015623,0.029783665931073677
sl_eat_all_ssl_all,12,1f98d9b4-40f6-48ce-9530-763e3b226d66,XC332011-Tern%2C%20Antarctic.flac,Xeno-canto,Aves,True,0.6653074895179805,0.031719098124316475,0.6934935872371966
sl_eat_all_ssl_all,12,c5fd87a3-5302-492d-bdd6-b742b5cb396b,XC525575-x_IAvH-CSA-5771.flac,Xeno-canto,Aves,True,2.043762579207365,0.1998721294194321,1.8493967018509552
sl_eat_all_ssl_all,12,38b5e494-6ef7-45a6-8bc6-d889803c202f,XC567554-Cannaiola%20verdognola1.flac,Xeno-canto,Aves,True,1.024694713820079,0.6267459221040015,0.9979293681278334
sl_eat_all_ssl_all,12,71402ffd-55bc-4fb1-a3e8-d08b8f2fa780,XC643933-24_10_39_actitis_glareola_totanus.flac,Xeno-canto,Aves,True,1.096153518323657,0.026739678287524077,1.5857549767711618
sl_eat_all_ssl_all,12,cd8055b7-c454-409a-b847-53fca842a0ed,XC629513-MIXPRE-4304.flac,Xeno-canto,Aves,True,1.8589373367122042,0.3322554603089143,1.773354406995445
sl_eat_all_ssl_all,12,713a478b-1866-4ec0-9a2a-838d12805843,XC445196-Slaty%20Finch.flac,Xeno-canto,Aves,True,-0.06941796206935462,-0.6429293406913137,-0.07024303577111332
sl_eat_all_ssl_all,12,90809c3f-33d3-4579-80c6-698a8313ef17,70014002.flac,Watkins,Mammalia,True,-4.467267896051476,-2.3849147990926434,-3.6639589938639103
sl_eat_all_ssl_all,12,fda78aee-aa4a-4375-be28-331f005d0297,bass_synthetic_096-033-100.wav,NatureLM,,False,-7.336414832854026,-0.2460734562990698,-6.652337990686022
sl_eat_all_ssl_all,12,e9bef080-ea2f-4a83-a7f9-6c36320a7b9a,XC439825-BECARD_Ros-thr_c_exc%20Uvalama%20400m%20051018%200619.flac,Xeno-canto,Aves,True,0.5322915993496904,0.3942350213839308,1.0673412376269447
sl_eat_all_ssl_all,12,028bccfe-4580-40cf-9127-7b283908caf5,XC485317-PICCAN%20kaes%20jvk190707.flac,Xeno-canto,Aves,True,-1.0743937531009735,0.13703795749772876,-0.8467370784388892
sl_eat_all_ssl_all,12,86ca1665-8ebc-441f-87c0-121b189c432a,XC515437-Mirafra_apiata_nom-FL%20song%2035km%20from%20Skittykloof%2022Oct19%207%2C50am%20LS114806b.flac,Xeno-canto,Aves,True,-1.5252587893470553,0.7669473345615665,-0.6823658550979135
sl_eat_all_ssl_all,12,d4f3df4e-8485-4e95-95ff-f21f6382abfb,XC397510-Fork-tailed%20Drongo%20exc%20SPCA%20dam.flac,Xeno-canto,Aves,True,2.0869195369144764,0.5008913120451844,2.0108536791761926
sl_eat_all_ssl_all,12,df8cbea6-9ca8-4947-a792-330de6f059e1,XC673485-gul%C3%A4rla%20lock%20ossora%202.flac,Xeno-canto,Aves,True,2.4900115305652184,0.5442683806434911,2.3636183954166974
sl_eat_all_ssl_all,12,e9a8ef71-3906-45ac-965e-ccbb132caa6f,641050.flac,iNaturalist,Aves,True,-2.3147567828306714,-0.14732699467195676,-2.41256707423953
sl_eat_all_ssl_all,12,7169c1ff-a981-44f1-af84-f41da149eee2,SSW_165_20170603_010000Z.001_003.wav,NatureLM,,False,0.5464958012674603,0.0665774247950237,0.370657155688494
sl_eat_all_ssl_all,12,a70ec7f2-0aef-4022-b54b-81c81b40d45e,XC591365-Bar-tailed%20godwit%201226.flac,Xeno-canto,Aves,True,-2.3900082558380635,-0.5659226056225348,-1.314658996945671
sl_eat_all_ssl_all,12,3c4ce7f6-faf7-4b3c-972d-18a04464be58,XC650670-Cape%20Batis.flac,Xeno-canto,Aves,True,1.2233092553212566,0.23801594246390273,1.5574216255725
sl_eat_all_ssl_all,12,da51ccbe-bd84-450c-8e48-a2406a977b60,XC632257-Black-capped%20Pygmy%20Tyrant%20March%2020%202021%20105617%20AM.flac,Xeno-canto,Aves,True,1.9534248195286077,0.42294889573782135,1.859614360362414
sl_eat_all_ssl_all,12,21078a26-1dd8-4efa-8db3-29e257096438,463843.flac,iNaturalist,Aves,True,3.408115801771852,0.40243341059685145,2.4646643453278063
sl_eat_all_ssl_all,12,381969a4-254e-46e8-a473-a7aee66653b1,7538_100043_000013_0000012.wav,NatureLM,,False,-4.8182233971748385,-1.5713462872295643,-4.576488322608375
sl_eat_all_ssl_all,12,a3ba416d-9a75-4d39-88bd-7e1841238f47,XC634670-ichtyaetus_melanocephalus_2021_03_31.flac,Xeno-canto,Aves,True,-0.15733031830786737,0.6630003983332855,-0.20575541087476912
sl_eat_all_ssl_all,12,aad98f44-759a-4a72-9b30-5bf077bef385,Sylvia_communis_Co0060_13_short.flac,Animal Sound Archive,Aves,True,-0.16585343547103165,-0.22623324881089604,0.25428473580187877
sl_eat_all_ssl_all,12,9de11c86-89eb-4273-956a-0030a840595c,XC415766-Sendelingsfontein%2017.5.2018.flac,Xeno-canto,Aves,True,2.0266498338612564,-0.09194123645668105,2.2909005934022906
sl_eat_all_ssl_all,12,c0bb22b8-5fe8-4c8b-a13c-f6761abd1665,YLF-070rGEbQ.flac,WavCaps,,False,-0.7052586691286997,0.5047881154374239,-0.6561963023417849
sl_eat_all_ssl_all,12,4b17f9cf-5f1c-4881-a0de-b73706f1c147,97782006.flac,Watkins,Mammalia,True,-5.231738389641185,-1.7717819211710273,-3.9575706360151757
sl_eat_all_ssl_all,12,8ce5a3bf-5f04-4fc1-86ed-0d193b5d8026,SSW_130_20170506_150010Z.024_010.wav,NatureLM,,False,1.2035385435818353,-0.28705485384040075,1.0525988278263272
sl_eat_all_ssl_all,12,8bf6f976-3ca2-4256-91a9-2e6fec138445,XC236669-093%20Barbet%20-%20Lineated%20%28Megalaima%20lineata%29%20Call%20500m%20ThungYaiNaresuanTH_GI_LS111373.flac,Xeno-canto,Aves,True,3.4987081268141162,0.6649439861350678,2.9815801080471864
sl_eat_all_ssl_all,12,4318866f-89c4-4372-8191-4d541f63fc59,7100201K.flac,Watkins,Mammalia,True,-2.9541250346196373,-2.833586962342584,-2.210240085052617
sl_eat_all_ssl_all,12,bf8acb2d-b958-4ffb-9feb-9e89583ac4a7,YoZapEQbSCfw.wav,NatureLM,,False,-0.3953529625454044,-0.14579684259488107,-0.7159333962375642
sl_eat_all_ssl_all,12,e77d1512-ba25-429d-a114-8e6874fa2b9f,XC417541-MoluccanScopsOwl_Buru_082117_song.flac,Xeno-canto,Aves,True,1.002561911306263,0.9969445194595242,1.035202761201759
sl_eat_all_ssl_all,12,3eebc371-e43d-4382-9075-2c24d5298cb0,SSW_283_20170826_170022Z.047_008.wav,NatureLM,,False,1.9942728387605015,0.2347475114587872,1.540353385504976
sl_eat_all_ssl_all,12,155b572c-d1b0-4670-83d1-0e0cdaedb625,SSW_020_20170304_070004Z.030_000.wav,NatureLM,,False,0.14093680151710825,0.8584230057564405,-0.0005457891149399652
sl_eat_all_ssl_all,12,eef42577-4f66-40f6-9836-b064082e6cb7,262702.flac,iNaturalist,Aves,True,-1.8233401323659546,-1.2461614273587776,-0.9161336397011308
sl_eat_all_ssl_all,12,eddd07e8-cb3b-4cfc-8cc6-ac958a5a05e9,75012037.flac,Watkins,Mammalia,True,-2.676633751609465,-0.8457866478850364,-1.6313615601340548
sl_eat_all_ssl_all,12,75b55dac-a75f-48b5-870d-8512b9dcc57d,XC283924-Elegant%20Tern%20pair%20flying%20to%20colony%20-CA%2C%20Bolsa%20Chica%2C%20Orange%20Co%2C%20April%2009%2C%202015%2C%200925%20AM.flac,Xeno-canto,Aves,True,0.2757937008089218,-0.5981030160630496,0.3756876407585833
sl_eat_all_ssl_all,12,afa092bb-f85d-4a09-9d0e-d1812b9a0227,brass_acoustic_027-065-100.wav,NatureLM,,False,-9.299023189541339,-1.7067333127566444,-8.417717026750289
sl_eat_all_ssl_all,12,d2553af2-6bda-42e6-bcad-633058a3ce05,SSW_250_20170722_130012Z.053_007.wav,NatureLM,,False,-0.6498404232569737,-0.5181865871388099,-0.21978719010278727
sl_eat_all_ssl_all,12,319b430c-7b69-4254-9274-2c98e945fd78,ICLISTENHF1251_20140504T143153.842Z_040.wav,NatureLM,,False,2.510886532067846,0.5386159993299293,1.904176476778106
sl_eat_all_ssl_all,12,5b4f149e-7b9e-4e4d-b458-6af0f67f8787,XC715729-R00244.flac,Xeno-canto,Aves,True,2.4578579398884277,0.8111667430391066,2.060837458805219
sl_eat_all_ssl_all,12,5fd45605-956f-4816-9712-12f8873090ec,XC337919-SCR-OWL_Whisker_c_bark%20delayed%20RPB%20Mesa%20de%20Arturo%202100m%20081313%200516.flac,Xeno-canto,Aves,True,-1.1967256621176294,-0.17832142553847813,-0.06509696942244136
sl_eat_all_ssl_all,12,a462f272-cffc-4dda-8dd4-055c5d4c89f1,YfEYaxZoQ188.flac,WavCaps,,False,-0.0771723653339572,1.237387750365477,-0.27880971643021607
sl_eat_all_ssl_all,12,12eb602b-9d55-478e-a006-9818b078a942,9320100X.flac,Watkins,Mammalia,True,2.374520331283681,-1.2954482186497605,2.0689640048880342
sl_eat_all_ssl_all,12,77fe7099-9ac9-43e8-97a9-05680b0e60d9,109318.flac,WavCaps,,False,2.269534159489499,0.47638832427372235,1.9853433051834608
sl_eat_all_ssl_all,12,0831e3b7-8ca8-4d6a-a12a-b1e18ea91aa0,SSW_226_20170701_190013Z.055_005.wav,NatureLM,,False,1.6912759628758054,0.7297082341504766,1.2865821106563662
sl_eat_all_ssl_all,12,477f40d1-81d0-4c61-b971-9cbec7552c96,keyboard_acoustic_012-023-100.wav,NatureLM,,False,-5.043686954042295,0.3242835657042321,-5.282380922248711
sl_eat_all_ssl_all,12,bf728c91-628d-4477-98ec-1006028bbb0b,274751.flac,WavCaps,,False,-5.009989684283414,-1.2994503269793174,-4.503105429855859
sl_eat_all_ssl_all,12,62f564be-3619-4132-9d2c-96f342e9e87a,XC741987-Celeus%20galeatus%20-%20Marcos%20E.Sosa.flac,Xeno-canto,Aves,True,0.6074885518316707,0.05148005850926529,1.094720187578727
sl_eat_all_ssl_all,12,9576bf10-17fe-4d70-b256-cb074b749282,7816_108621_000010_0000001.wav,NatureLM,,False,-6.283120589784823,-1.1711561789258227,-6.1571373204143445
sl_eat_all_ssl_all,12,93571316-2734-4fa3-986b-cbb488cf432a,6104800B.flac,Watkins,Mammalia,True,0.09176944917662656,0.37084856098066005,0.1576120814254836
sl_eat_all_ssl_all,12,0d5308bb-c6ad-465e-8e4e-829442671d9c,XC741655-220716%20MP-1714%20id%20goe%CC%81land%20marin.flac,Xeno-canto,Aves,True,-1.655667835516161,0.12378142667518599,-0.730966112159966
sl_eat_all_ssl_all,12,4a918152-129b-4574-95e4-3553c34c17b9,ICLISTENHF1251_20140702T124216.470Z_047.wav,NatureLM,,False,2.879995902415187,0.7078307977781464,2.159317334757635
sl_eat_all_ssl_all,12,c1242de1-a32c-448b-9cf5-a7f682aba8a5,XC227936-Strickland%27s%20Woodpecker%20B%204592.flac,Xeno-canto,Aves,True,3.910265822694188,-0.34663730502339196,3.5263224695432385
sl_eat_all_ssl_all,12,1653e321-adca-400b-81f7-1544730fd523,SSW_117_20170429_210015Z.022_001.wav,NatureLM,,False,0.49483434489662237,0.22830610593892559,0.4274710115001106
sl_eat_all_ssl_all,12,e426f293-f8e3-49bd-82e4-11828c92724e,SSW_149_20170513_140018Z.008_000.wav,NatureLM,,False,0.9604788094472705,-0.45940218857051074,1.108858390154957
sl_eat_all_ssl_all,12,5e043ed6-a2e1-420e-bc9b-d03e5e38c8a6,XC599992-201017_001_170907_GroeneSpecht.flac,Xeno-canto,Aves,True,2.537305610658357,0.8648613206422595,2.268791922698233
sl_eat_all_ssl_all,12,1abc296c-d293-4b87-baf9-4cf214190f7f,67274.flac,NatureLM,,False,-3.0754608004949358,-0.3164003065463498,-2.0610352414089235
sl_eat_all_ssl_all,12,629f1648-8d29-4e5a-940e-79eb0703f101,617913.flac,iNaturalist,Mammalia,True,-0.0864752074215169,0.599622093631607,0.31318124414601783
sl_eat_all_ssl_all,12,a42a387d-a5a3-4da9-b54e-a66f79a87c6a,XC369601-LS105127%20Barred%20Q%20Buttonquail%20purring%20D.flac,Xeno-canto,Aves,True,0.8436936880265846,0.015030559037715191,1.0108481601001218
sl_eat_all_ssl_all,12,0500e6e6-c609-4841-9c96-a7b888f4a2b9,XC228431-Black-bellied%20Plover%20B%201499.flac,Xeno-canto,Aves,True,-3.556959911750068,-1.0829075080173407,-2.004631078500976
sl_eat_all_ssl_all,12,e3d7c395-3114-4beb-a72b-3844a02b34fa,Blythipicus_pyrrhotis_Vietnam-84.1a-FRL_VN_15_587.5-619.6_1_C.flac,Xeno-canto,Aves,True,0.8587821438064551,-0.591153582418708,1.0772567451008324
sl_eat_all_ssl_all,12,921825f0-e47e-4fdf-8530-bd859edf9048,mallet_acoustic_039-054-075.wav,NatureLM,,False,-4.39577853152109,-0.3204106093680191,-4.937030166635729
sl_eat_all_ssl_all,12,6af21c82-c800-406a-b5f3-e238b98b893e,XC562717-sterne%20indeterminee.flac,Xeno-canto,Aves,True,1.3999782352217605,-0.4867850512949158,1.345539235081481
sl_eat_all_ssl_all,12,27d118a4-5eea-4c8b-b3c5-8104d1340887,7698.flac,WavCaps,,False,-0.35061396176531356,-0.7649408264087385,-0.18550526425319558
sl_eat_all_ssl_all,12,c6d24760-4fc9-43bc-bbcc-a9affa8766aa,XC117271-43%20Audio%20Track.flac,Xeno-canto,Aves,True,-0.8763332572880121,0.19203712689427155,-0.32690242669315617
sl_eat_all_ssl_all,12,83465c78-281b-4f56-9a33-ace4ce79838c,97752009.flac,Watkins,Mammalia,True,-4.791415770665907,-1.8469410157603035,-3.729655533692604
sl_eat_all_ssl_all,12,3c49a6c6-1592-4ba1-92be-9454d4591275,XC356856-170219_0044%20Vouille%CC%81%20P110%20Pic%20e%CC%81peichette.flac,Xeno-canto,Aves,True,4.885145401941045,-0.11249767091348589,3.965942025632201
sl_eat_all_ssl_all,12,9394eb24-a004-41e0-911f-d8e343a5ade4,XC715229-GALGAL%2012042022%200219%20vbo%20nfc.flac,Xeno-canto,Aves,True,-1.8971687799282608,0.17861359179315955,-1.053925328040297
sl_eat_all_ssl_all,12,0f9fc4b0-9460-4f57-b0f2-53caea61f5bd,SSW_233_20170708_040004Z.044_001.wav,NatureLM,,False,-6.301164823647112,0.34814110765270456,-6.3034466932750295
sl_eat_all_ssl_all,12,cbd0718e-9b3e-48a0-a9c1-7f981d150926,XC497272-Witgat%20190826%20Kalmthoutse%20heide.flac,Xeno-canto,Aves,True,1.234689991792115,0.0023589425005778875,1.4014654094109975
sl_eat_all_ssl_all,12,58d7483b-26c6-4ba7-8443-8bb7da8a48b6,58014023.flac,Watkins,Mammalia,True,-6.922322274510067,-1.9072425578939445,-4.31830840514842
sl_eat_all_ssl_all,12,db9da019-9831-4c00-be40-d3e15f86432a,p374_116_mic23.wav,NatureLM,,False,-1.303826307127623,-0.5999326052665028,-1.7768674145380077
sl_eat_all_ssl_all,12,785cba80-d777-4697-8b08-e92f2e65b547,p244_347_mic22.wav,NatureLM,,False,-4.693274951046754,-1.2151219608784478,-4.827294145897191
sl_eat_all_ssl_all,12,bfb4c658-60fe-4494-b8dd-27be5468a25f,75004003.flac,Watkins,Mammalia,True,-2.6856694077969774,-1.5275336792850567,-2.0552316655652536
sl_eat_all_ssl_all,12,4d18ffdc-8f86-44d2-9145-cfb45a8b7f93,XC379190-turnix%20silvatica%2010%20gualid%C3%ADa%2021-06-2017.flac,Xeno-canto,Aves,True,2.707454555900211,0.3625342618001123,2.4593900301827762
sl_eat_all_ssl_all,12,684f4525-8c49-4e74-8ba0-53dccbcbe153,XC630078-Athene_noctua_Steinkauz_Donnersberg_2021_03_18_4_04.flac,Xeno-canto,Aves,True,-1.6445857307645135,0.37436272244572716,-1.0005151720737508
sl_eat_all_ssl_all,12,2d5ee0b3-1aa4-426d-bfb4-e10da5f17f85,9778000S.flac,Watkins,Mammalia,True,-6.538010227643943,-2.1018569865036083,-5.123440999289173
sl_eat_all_ssl_all,12,141ddf0c-5686-4baa-9359-e48611646de3,268465.flac,iNaturalist,Mammalia,True,-0.9931710077634165,0.1571926414183604,-0.16511320908264693
sl_eat_all_ssl_all,12,9c17d34a-35fc-4429-8063-a3e45ffc103e,9420104R.flac,Watkins,Mammalia,True,-4.799519014414639,-2.1969960502185653,-3.7336047635400207
sl_eat_all_ssl_all,12,c86c34cd-175d-4dcd-999c-d580d43a479c,XC414721-guifettes%20moustac%20cris%20de%20vol%20PAS.flac,Xeno-canto,Aves,True,2.321093370810115,0.5841238401546771,1.9451902761439044
sl_eat_all_ssl_all,12,7f96d0b2-790e-4b55-b0a3-54c556f61382,8600801I.flac,Watkins,Mammalia,True,-2.6470832905317656,-0.2790632959759257,-1.7846850231471492
sl_eat_all_ssl_all,12,de27cb8b-2eca-49bc-b151-bd77866e897a,153735.flac,WavCaps,,False,-4.206266940858037,-0.6669434027123282,-4.822254799027487
sl_eat_all_ssl_all,12,5a34dcd9-4044-4ad2-bb0f-44872d20e07e,478943.flac,iNaturalist,Mammalia,True,0.283819700333876,0.2512476518810904,0.6470491023682234
sl_eat_all_ssl_all,12,78062cd0-82e5-4d3f-8cd2-264d9cf7f181,8501206Q.flac,Watkins,Mammalia,True,-4.649074637376789,-1.992523823411262,-3.280010227014639
sl_eat_all_ssl_all,12,d8246da7-58b5-4a99-b764-a4db005ad579,XC408965-Melanerpes_uropygialis_nom-FL%20song%20BuenosAires%20State%20Park%2017Jan18%2011.02pm%20LS111416a.flac,Xeno-canto,Aves,True,1.7606804022402696,-0.4990710974248113,1.9789922873732966
sl_eat_all_ssl_all,12,57b43305-03ba-4a46-9bf2-d67b0b5f6dde,bass_electronic_032-061-100.wav,NatureLM,,False,-0.445586274432728,0.5046226629170909,-0.9333277101932552
sl_eat_all_ssl_all,12,94fb7db3-8293-4876-9b7b-d35b1a0246fd,XC492697-Phodilus_badius_nom-FL%20song%20Kinabatangan%20FDC%2014Mar19%208pm%20LS116849b.flac,Xeno-canto,Aves,True,0.0799041287904507,0.8670588156893452,0.46737617631482276
sl_eat_all_ssl_all,12,a25d96e7-6053-4ac1-bda6-4190e11f087a,mallet_acoustic_019-063-127.wav,NatureLM,,False,-1.7879024083140127,-0.014139702888058409,-2.687228759157578
sl_eat_all_ssl_all,12,f6008180-d616-41ac-a027-37f6e6e463e2,361236.flac,iNaturalist,Aves,True,3.0532707454254635,0.8729817859669848,2.4992064640228953
sl_eat_all_ssl_all,12,748178b4-01ef-4f66-9fd2-51a426ba901d,keyboard_electronic_000-069-050.wav,NatureLM,,False,-4.334571386629003,-0.14998207674698633,-4.854975726501763
sl_eat_all_ssl_all,12,9a32177b-8e87-48ae-9b9f-3773d602a304,XC528564-Golden%20Plovers%20Driel%20180306%200030u.flac,Xeno-canto,Aves,True,0.24659163879596968,0.7714276173146429,0.6186217036664021
sl_eat_all_ssl_all,12,83519e91-d36c-450c-a1ef-81fb0d84be7a,97767008.flac,Watkins,Mammalia,True,-4.844267656094688,-1.7753175687801086,-3.2058514194923244
sl_eat_all_ssl_all,12,5bcc80dc-e86e-4931-b089-c181346c44b8,Y9FDzG0xNp5s.flac,WavCaps,,False,2.100678760337321,0.1656204128224399,1.8665666857184886
sl_eat_all_ssl_all,12,9f18bd27-3650-43fa-98c3-c18210e4a12f,XC420224-DR0000_0678.flac,Xeno-canto,Aves,True,-0.5284887426212198,0.7184686202925511,0.02596605363897051
sl_eat_all_ssl_all,12,19ee1106-5724-4111-afb2-996b9ca09d31,reed_acoustic_026-040-100.wav,NatureLM,,False,-4.948461979134194,0.904895806559403,-4.892253170351966
sl_eat_all_ssl_all,12,e6693075-1275-4d11-8263-d18408ee3126,XC687103-Ringed%20Plover%20%2B%20Dunlin_NFC_Lissagriffin_280721.flac,Xeno-canto,Aves,True,-0.5935902109509127,0.8033961466233893,0.09059910222457837
sl_eat_all_ssl_all,12,83085c9d-042d-4528-b00a-d1babe11d3eb,XC269439-Red-cockaded%20Woodpecker%20part%20of%202%2C%20at%20least%203%20with%20many%20short%20flights%20-NC%2C%20Croatan%20NF%2C%20July%2008%2C%202015%2C%201144%20AM.flac,Xeno-canto,Aves,True,-1.743621124806868,-0.7211942185369131,-0.7604640741334151
sl_eat_all_ssl_all,12,bf449bc6-4274-497e-bf2e-69d7e1eb6ade,352813.flac,WavCaps,,False,-0.5426768254039106,0.23255954361665732,-0.09320823446951829
sl_eat_all_ssl_all,12,11a02b0f-18bc-490b-ac70-3497b873e273,egg beater.wav,NatureLM,,False,-4.079228165201268,0.09030995319646118,-3.4282995334901933
sl_eat_all_ssl_all,12,2978c4d5-2820-4b09-810c-348fc5354dbc,140487.flac,iNaturalist,Mammalia,True,2.127295318286426,-0.815623122655128,2.134545711273376
sl_eat_all_ssl_all,12,63a007cc-9ee9-49c3-be39-f4fa346b9776,SSW_225_20170701_180012Z.052_000.wav,NatureLM,,False,-1.9321098137669699,-1.2261722850422492,-1.2608460301003208
sl_eat_all_ssl_all,12,c05844c0-56fc-48b3-af88-dcb87832b238,organ_electronic_072-046-075.wav,NatureLM,,False,1.6807836858697405,0.891749365860805,0.7555942637490358
sl_eat_all_ssl_all,12,f29f24f0-c2c8-4ec0-b4e2-e834b051d04a,p229_032_mic22.wav,NatureLM,,False,-2.5604865431013,0.01242256169696592,-3.3490465013319772
sl_eat_all_ssl_all,12,96bb6b75-cd6e-4f93-9c2b-d97b4102b502,1446_122614_000023_0000013.wav,NatureLM,,False,-2.628358601067567,-0.8242570429050113,-3.2394338579368553
sl_eat_all_ssl_all,12,4470e334-bdca-4b4e-b9c3-e17519750162,563983.flac,iNaturalist,Aves,True,0.6155485153414593,0.8326631025967909,0.7317486230952166
sl_eat_all_ssl_all,12,90da3b75-89d2-4c7c-8fe9-94c7f155d289,561526.flac,iNaturalist,Mammalia,True,-0.7981441855054757,-0.4808030771423852,0.22784120702761101
sl_eat_all_ssl_all,12,94bd8912-1b44-4a77-9970-93316905bd53,ICLISTENHF1251_20140901T070408.359Z_006.wav,NatureLM,,False,1.1732165411984097,0.5086555815724751,0.754335941263258
sl_eat_all_ssl_all,12,1da14036-d891-482d-bd7e-c83e408076b3,XC669519-S4A10550_20200621_010003-3.50_Aflamm-kontakt-d%C5%82ugo.flac,Xeno-canto,Aves,True,2.1908547490302652,-0.26381156577789755,2.2483614606750235
sl_eat_all_ssl_all,12,be261345-80b0-47bd-adce-81706f310468,9220100L.flac,Watkins,Mammalia,True,-4.104759998379666,-1.3416212913566983,-2.910910757732929
sl_eat_all_ssl_all,12,d7523e0c-0a81-4f4f-94e9-07fad85ff747,XC402122-barge%20a%20queue%20noir%20vol%202.flac,Xeno-canto,Aves,True,2.0731747629381916,-0.44576055092700223,2.1478035383418357
sl_eat_all_ssl_all,12,61f8d469-5b3b-4379-8200-cb3faf7486a7,7511_102419_000027_0000014.wav,NatureLM,,False,-0.7937019397663341,-0.361979114515729,-1.5359950412860657
sl_eat_all_ssl_all,12,d759aa3d-4cc8-4805-8026-353637682ddf,SSW_140_20170513_040005Z.018_008.wav,NatureLM,,False,-4.750383897384376,0.5268087113011228,-4.772072497678242
sl_eat_all_ssl_all,12,6d54177d-1e3a-437d-b849-16d9f9f91cc3,XC520965-x_IAvH-CSA-3478.flac,Xeno-canto,Aves,True,1.0809874734807037,0.000372713804835674,1.480610748703928
sl_eat_all_ssl_all,12,d1e9b24b-6be9-45cf-87f3-3235f2c09b97,7100801A.flac,Watkins,Mammalia,True,-3.605834201622545,-1.1502803386229177,-2.5289655512147142
sl_eat_all_ssl_all,12,fc2c06e6-db24-4104-a74f-0cc1006cfb3d,XC742206-ZOOM0005andagra.flac,Xeno-canto,Aves,True,2.6262882379163406,0.7617233646440662,2.2848498662859202
sl_eat_all_ssl_all,12,494ab59a-9fd8-459e-ba68-b37a832bf186,SSW_086_20170408_130009Z.023_007.wav,NatureLM,,False,2.785927607893241,0.4265736819748266,2.171676653758924
sl_eat_all_ssl_all,12,7d28b679-1e2a-426b-83a0-2a25b2508955,586908.flac,iNaturalist,Aves,True,2.687920263889218,0.45314839270119306,2.4129751057615656
sl_eat_all_ssl_all,12,4c08314d-87c1-4564-9356-f02a0950ae9c,XC372236-Dendrmajor-al_poland_psz_8.30_170526-3476.flac,Xeno-canto,Aves,True,2.911669408800844,0.3106547867136206,2.5636544193744992
sl_eat_all_ssl_all,12,aeebffdb-f337-49f7-a052-3a3452f19f8c,keyboard_electronic_026-097-100.wav,NatureLM,,False,-1.8238065401031918,-0.03333495299860449,-2.4220136564941113
sl_eat_all_ssl_all,12,26b06d2b-0e88-455e-9dcc-9e60f7295ad5,126883.flac,iNaturalist,Mammalia,True,0.5857254298668528,-0.7119605840700374,0.6383148625339211
sl_eat_all_ssl_all,12,be26c277-712a-4928-b62a-f1ad152919b0,8501206M.flac,Watkins,Mammalia,True,-6.254522409322163,-1.015920029260195,-4.41859257371352
sl_eat_all_ssl_all,12,db664b46-da75-438e-8757-cc5961fb808c,brass_acoustic_060-063-127.wav,NatureLM,,False,-6.1225362812664965,-0.6754869202303736,-6.586603419037735
sl_eat_all_ssl_all,12,32da0b8d-04c1-4f16-8548-7880df24c0c4,XC406595-slagugglaZOOM0032a.flac,Xeno-canto,Aves,True,-2.748321847093995,0.9197841522624183,-1.782638355814897
sl_eat_all_ssl_all,12,0c0f5899-652b-4a56-9a5d-0c44e8b6b9f6,5800200C.flac,Watkins,Mammalia,True,-0.32685839888158075,-0.3966769376519938,-0.15537992501482895
sl_eat_all_ssl_all,12,50643a1b-33dd-4672-95d9-5dbfd7f55b23,XC675261-210827_3459_1.flac,Xeno-canto,Aves,True,-0.625262768323877,0.40456823376234446,-0.21704239385215407
sl_eat_all_ssl_all,12,7a1b65bd-2d5d-4db2-8f2a-bf66b7d9b1dd,bass_synthetic_126-088-050.wav,NatureLM,,False,-3.407925272109623,0.09500923737677254,-3.6100769950594227
sl_eat_all_ssl_all,12,e3535cd4-4861-4d41-b5c9-6883957c4d3a,mallet_acoustic_020-086-050.wav,NatureLM,,False,-4.551716294562068,-0.3734237474008217,-4.956419823186107
sl_eat_all_ssl_all,12,9874db31-1872-4cba-9942-620e986576ed,625811.flac,WavCaps,,False,-5.902774375340728,-1.1254358331813124,-4.500993389161847
sl_eat_all_ssl_all,12,59d0d159-65ab-4861-b319-3f9aed817b26,XC737110-Roseate%20Tern_Flight%20Call_Ring%20Marsh_200622_A%2B_2.flac,Xeno-canto,Aves,True,-2.192785121761653,-1.024015812825365,-0.8770007544294294
sl_eat_all_ssl_all,12,ff6b23d4-3697-4b97-9746-ef7bafec7240,ICLISTENHF1251_20141201T104339.106Z_025.wav,NatureLM,,False,-0.8290172288204999,0.5811467690650035,-0.9243889096077933
sl_eat_all_ssl_all,12,9b3cd055-7335-45ef-a2b5-970830b02ddf,XC734496-mystery%20Kelso%2025.6.22.flac,Xeno-canto,Aves,True,1.7359900370148664,-0.3800419848392833,1.9666366266774942
sl_eat_all_ssl_all,12,9e043e2b-5a0b-4ee4-8ac6-ae02279341a4,299595.flac,iNaturalist,Mammalia,True,1.9057234147450997,0.007633224736050853,1.9315269417820855
sl_eat_all_ssl_all,12,d5685e70-e38b-464f-8182-4afcae776191,XC338230-recurvirostra%20avosetta%209%20salinas%20de%20bonanza%2007-08-2016.flac,Xeno-canto,Aves,True,-1.1277873860347039,0.7113360831957155,-0.22272378175489155
sl_eat_all_ssl_all,12,725e77e2-7cdd-4f09-81d3-0a1544387878,113080.flac,iNaturalist,Aves,True,1.874727951650252,-0.11136274299483924,1.5678014623023067
sl_eat_all_ssl_all,12,96a47dc8-1bdc-4246-a0fc-ba9fb3233336,83035019.flac,Watkins,Mammalia,True,-1.8380407012351205,0.31350791842856623,-1.4729134273696276
sl_eat_all_ssl_all,12,e4c67f17-4b18-449f-a2e0-2f41684cfd19,8300603L.flac,Watkins,Mammalia,True,-2.3372064272461164,0.6455266547739968,-1.4903327042013488
sl_eat_all_ssl_all,12,a0bb22d9-9e2e-4b38-b944-3c7fae0f61d4,XC303235-Voice00240%20mochuelo%20macho%20puebla.flac,Xeno-canto,Aves,True,2.151599808524924,0.1202480134736671,2.03466533279445
sl_eat_all_ssl_all,12,89aa8462-5b88-46c2-80cc-67ecdd15f6d1,689949.flac,iNaturalist,Aves,True,0.10465109109119067,0.7831585892695044,-0.47852947156473824
sl_eat_all_ssl_all,12,8a711d06-4747-4a99-bd49-891b9dae40aa,07046113.flac,WavCaps,,False,2.3702045725178764,-0.2755663372631537,1.9886509052269323
sl_eat_all_ssl_all,12,c5ca92f3-5479-4404-8061-f12788c4b934,XC478715-Sm%C3%A5spov_05.flac,Xeno-canto,Aves,True,1.350572533126439,0.002784041197467696,1.0373177786870988
sl_eat_all_ssl_all,12,6a7467f1-004a-4f99-8b28-7419334b398d,7202100C.flac,Watkins,Mammalia,True,-6.291301852358059,-2.967897989089302,-5.007883382747453
sl_eat_all_ssl_all,12,6a933a81-dba1-4c02-9725-b802866814d9,XC569792-Eastern%20Screech-owl%20alarm%20SISP%2012-26-19%200407.flac,Xeno-canto,Aves,True,2.1755869758380584,0.060010942324754124,1.7954163417356215
sl_eat_all_ssl_all,12,8f3ff8f0-9d15-4c7e-bec7-e1b8d9338f96,73001002.flac,Watkins,Mammalia,True,-2.365678444119673,0.15695101753687812,-1.3158813142298946
sl_eat_all_ssl_all,12,734c9e30-160b-45a1-8e19-0cdb8bea7327,reed_acoustic_015-086-100.wav,NatureLM,,False,-6.105463033404751,-1.1084263618358199,-6.311117690804689
sl_eat_all_ssl_all,12,516da4a0-75bb-427d-b12d-e4a97dce00f5,guitar_acoustic_028-056-025.wav,NatureLM,,False,-6.942239332338895,-1.2062509540988495,-6.216596554163555
sl_eat_all_ssl_all,12,ca215d65-5bff-4888-ab3a-290e85f4a0f3,XC247263-150516_0243-Vanellus%20vanellus.flac,Xeno-canto,Aves,True,1.4347203433954288,-0.12731826526730033,1.793183337188326
sl_eat_all_ssl_all,12,f7f98f31-0ac3-48ab-be64-82b68625685a,605171.flac,iNaturalist,Aves,True,-0.25243730264205994,0.01584716210924604,0.047289223568445754
sl_eat_all_ssl_all,12,9740dd80-2577-44da-b97e-7c34fe86126e,bass_synthetic_055-090-050.wav,NatureLM,,False,-3.691059516211337,0.2985196345211693,-4.0133389892983065
sl_eat_all_ssl_all,12,1ef42007-a43b-4bdc-9c86-b90869b5f297,XC271854-LS_54311%20Guianan%20Toucanet%20call%20B.flac,Xeno-canto,Aves,True,-0.21410257707537997,0.2544885143334134,0.14692731885844795
sl_eat_all_ssl_all,12,932ed885-170c-45db-b2bd-9a1a5ffac222,559015.flac,iNaturalist,Mammalia,True,0.4445792774032191,0.9737742568572583,0.4587221493265149
sl_eat_all_ssl_all,12,a39e86af-800c-48cb-a4c6-71a747614bd0,ICLISTENHF1251_20141103T235254.811Z_048.wav,NatureLM,,False,3.4891237332177,0.44212763432158886,2.5782564285814633
sl_eat_all_ssl_all,12,94c78f45-22b2-4473-89e1-fb03421a8f50,7501500A.flac,Watkins,Mammalia,True,-1.5834991998116932,-1.5277177716013275,-0.7709028063825163
sl_eat_all_ssl_all,12,4dad533b-5674-48cb-aa20-2b8c438d0556,XC376177-170618_40XC.flac,Xeno-canto,Aves,True,-0.017605519830747603,0.9251023224778567,0.7713565143860418
sl_eat_all_ssl_all,12,70af7884-5f16-497f-b932-5351f51d0e2f,XC742753-Yellow-throated%20Toucan-swainsonii%2C%20song%2C%20El%20Valle%2C%20Colombia%2C%20180722%2C%201731.flac,Xeno-canto,Aves,True,1.457099825328493,0.19927999123263537,1.591581896120264
sl_eat_all_ssl_all,12,ef7909ac-f653-4101-a5a8-6a91daf733c1,8700301I.flac,Watkins,Mammalia,True,-4.626420019062575,-1.441750925174864,-2.7653584069170116
sl_eat_all_ssl_all,12,59b72759-5956-4f4b-8556-c198f6a29b8a,300806.flac,iNaturalist,Mammalia,True,0.6828578271840056,0.05534882793300136,0.8226980785175493
sl_eat_all_ssl_all,12,6725007e-7dd3-4060-a13f-56dd2a5b05a1,YNp5CqgFVwsA.wav,NatureLM,,False,-2.6200825255023403,1.057276246838699,-2.3810271498526623
sl_eat_all_ssl_all,12,ef47d120-f19f-4d56-96b1-253498ca6cdd,XC443050-20181110_100350%20Swallow-tailed%20Gull%20cackling%20and%20mewing.flac,Xeno-canto,Aves,True,-0.36970142398967343,0.16938418722071946,0.051832196186586944
sl_eat_all_ssl_all,12,c8285a59-5b11-41f2-aa25-25a0dd1b9381,XC461122-picus%20sharpei%204%20las%20ventillas%2016-03-2018.flac,Xeno-canto,Aves,True,1.0711532751027033,0.43515614652232393,1.0014928111526773
sl_eat_all_ssl_all,12,4adde8a7-63e6-4948-ac84-031740678e8b,Y5cezddiPBAo.wav,NatureLM,,False,-0.5960025401707784,1.2776342654678094,-0.8096697819151966
sl_eat_all_ssl_all,12,c9bc2fd4-9910-4d9e-919b-e4aa1a6b5b8d,XC486586-BrownBoobok_20190414_191934.flac,Xeno-canto,Aves,True,2.295126608567943,0.10521352620017657,2.134799726617613
sl_eat_all_ssl_all,12,a8703d90-8b54-431e-8ebd-91a41cd556ba,244756.flac,iNaturalist,Aves,True,-1.433341194488476,0.5547946553353653,-0.8878128410333336
sl_eat_all_ssl_all,12,396e351d-3241-4c1c-9ba2-a981e6eac9e1,XC573910-Lapwing%2005.07.flac,Xeno-canto,Aves,True,-3.8810073506145075,-0.5250957874502039,-2.734390117558861
sl_eat_all_ssl_all,12,edc2bd4a-373c-44a7-a983-ae61dc069128,574372.flac,iNaturalist,Aves,True,-2.621641795669963,1.4208382612693435,-1.8275758021345834
sl_eat_all_ssl_all,12,2a97c7e7-df44-4213-be7d-b9b73d340fa7,XC560005-LS_55467%20Grote%20Bonte%20Specht%20adult%20near%20nest%20with%20juv%20call%20A.flac,Xeno-canto,Aves,True,2.4302081114104497,-0.011349336113700573,2.2594933762616503
sl_eat_all_ssl_all,12,a3bc944e-cd9a-4596-8366-83e16b2c59eb,Puma_concolor_V2010_12_short.flac,Animal Sound Archive,Mammalia,True,0.6834633705364562,-0.33201804824663333,0.7881775875879643
sl_eat_all_ssl_all,12,a0bf19b1-8d9f-4dbb-9191-1a4a96b4d52e,XC499713-HUBRO_ungetiggN%C3%86R_2019-09-17.flac,Xeno-canto,Aves,True,2.4156266875290897,0.7459997764788997,2.0809359268878476
sl_eat_all_ssl_all,12,3e6b1f2c-5dca-4c77-8767-eb5394ec2c14,ICLISTENHF1251_20140802T044029.421Z_027.wav,NatureLM,,False,1.915474580548814,-0.028197850371671475,1.4710837299313089
sl_eat_all_ssl_all,12,b3415337-ee79-4769-8735-280b4a54080b,XC336602-T13.flac,Xeno-canto,Aves,True,-2.7282917455382707,0.29574112702973154,-1.8771840865432448
sl_eat_all_ssl_all,12,41a1dfe4-0973-4f09-988a-329ea7cb7cf5,578883.flac,iNaturalist,Aves,True,2.266291641378224,-0.17481005010888406,1.9114869615393562
sl_eat_all_ssl_all,12,1e08a0f4-be9b-4c76-9c4f-4eac81dc1c40,506582.flac,iNaturalist,Mammalia,True,-0.7368554793585325,-0.9411056922145085,-0.07713406688649344
sl_eat_all_ssl_all,12,8bdb041a-0e92-4871-a41e-c4ab81d1334f,58623.flac,iNaturalist,Aves,True,2.3252906730488547,0.6142573341381916,1.8179091411315023
sl_eat_all_ssl_all,12,a8253011-aeba-4dc5-976d-747589d08931,p278_023_mic22.wav,NatureLM,,False,-4.194572886813891,0.013189947358397486,-4.236419446465174
sl_eat_all_ssl_all,12,e90e620c-c8be-4e70-b66c-995ab7318928,XC292285-Red-fronted%20Tinkerbird_Thika_11Nov2014_1120.flac,Xeno-canto,Aves,True,-0.10345054682459917,0.5699691804745481,0.5793734691419936
sl_eat_all_ssl_all,12,f1bd35c5-1251-4f81-823d-7ebc25b3b167,Neofelis_nebulosa_S0247_01_short.flac,Animal Sound Archive,Mammalia,True,-2.841704351973029,0.3635215022908723,-1.8862968917818914
sl_eat_all_ssl_all,12,ab10bc86-469b-430b-b965-2871ca1ac7d0,YM1KvQp2NUq0.flac,WavCaps,,False,-0.6728476803239221,0.2172926160662949,-0.2809075462330042
sl_eat_all_ssl_all,12,2300faf5-a5a1-415a-9a63-5b3c676620d6,SSW_151_20170513_160021Z.019_007.wav,NatureLM,,False,2.924535715770748,0.3112082510855245,2.136414191104648
sl_eat_all_ssl_all,12,72b06892-65cb-4b0a-ac58-182a7a08259c,XC625445-210228_0178A%20sel%20Slaguggla.flac,Xeno-canto,Aves,True,-0.8611777866277769,0.746263033245733,-0.3852098648259325
sl_eat_all_ssl_all,12,e8bb0aa3-403a-4067-9710-7430f5cc5024,2654_158744_000004_0000071.wav,NatureLM,,False,-6.451739735662806,-0.49273839027363625,-5.898131908084595
sl_eat_all_ssl_all,12,4edef489-cb27-4c03-9cb3-c895bdf8cfcd,84426.flac,WavCaps,,False,-0.7098539317082875,0.10984473089975523,-0.4136542907355479
sl_eat_all_ssl_all,12,1f74b3eb-d93b-47a4-91b9-3cff2792a6bc,324102.flac,iNaturalist,Mammalia,True,2.6935051534220067,0.4832659396243943,2.2776167729926664
sl_eat_all_ssl_all,12,b6a69aa0-7c34-464e-b220-78787c6981ab,Y3BwlstxbnWc.wav,NatureLM,,False,-1.2994714093985098,0.3939993924194762,-1.298389357854676
sl_eat_all_ssl_all,12,e8d393ca-93d8-43e8-9dfe-19a7a1e203b5,64042004.flac,Watkins,Mammalia,True,-0.6548067751962007,-0.46359710732746906,-0.04078388276096084
sl_eat_all_ssl_all,12,738bfae7-7fd0-431b-b4a0-9e86c73e8600,XC626878-210116_03a.flac,Xeno-canto,Aves,True,1.6557442007673626,0.23428063953267309,1.4360684683746885
sl_eat_all_ssl_all,12,e0907c86-fe9f-4355-90be-74d65f4f95c2,0300%20Wood%20Sandpiper.flac,Xeno-canto,Aves,True,3.4949237767671817,0.15728394062224518,3.009140010882413
sl_eat_all_ssl_all,12,1a52c6b0-0b42-49cc-9129-0c5f72051ac5,2204_131732_000041_0000012.wav,NatureLM,,False,-3.8549199777205256,-1.0544270577130574,-3.744358443634527
sl_eat_all_ssl_all,12,f4f45305-472d-4860-a969-bf0ce7e2923e,ICLISTENHF1251_20141203T103122.076Z_054.wav,NatureLM,,False,2.0777745533062504,0.1656648586229687,1.554648858807774
sl_eat_all_ssl_all,12,dd80e013-1b6f-46c8-8d4b-120f83f37c95,40co0316_2.397_408a010z_-2.397.wav,NatureLM,,False,-1.9136750056469036,0.1468028787295762,-1.495959671468784
sl_eat_all_ssl_all,12,c5494864-94f2-4e0a-9a6d-fbe9a0765227,490788.flac,WavCaps,,False,0.8422872203726798,-0.21482172884369044,1.0512196660145057
sl_eat_all_ssl_all,12,475c4e48-f1e4-4562-bb77-078594a12735,XC367549-170503-121118FISKEM%C3%85KE_tisnes.flac,Xeno-canto,Aves,True,1.3514926255563813,0.39189682229742107,1.799510081656771
sl_eat_all_ssl_all,12,b873f58a-c1c3-41ff-9908-197dc860aa37,XC568356-Fumarel%20cariblanco%20%2B%2B%2B%2C%2007_54%20%28online-audio-converter.com%29.flac,Xeno-canto,Aves,True,1.8605630699055589,0.21025275863133472,1.8982755892061711
sl_eat_all_ssl_all,12,439d715d-769c-40bb-bd18-70bd9163ee8d,SSW_227_20170701_200015Z.025_010.wav,NatureLM,,False,-3.991596205655885,0.02940183825192928,-3.8541762453079125
sl_eat_all_ssl_all,12,3fa4814e-b72d-44da-87da-de11832afcce,561065.flac,iNaturalist,Aves,True,3.703546137414783,1.1751488887426023,2.84219965854408
sl_eat_all_ssl_all,12,83c6fcc6-1f27-45f4-8e0d-580dd30f9b15,628093.flac,iNaturalist,Aves,True,1.2482718889519004,1.3501860427092542,1.036210415902618
sl_eat_all_ssl_all,12,ac074031-54b8-4aa5-8c82-58ed556de94c,116378.flac,iNaturalist,Mammalia,True,3.614724328322012,0.2396596065800119,3.09403411887164
sl_eat_all_ssl_all,12,c610ab73-a57b-429c-8430-cd1e7f0f4d6c,609353.flac,WavCaps,,False,-1.6440488525859607,0.3446116547929129,-0.8436945810673204
sl_eat_all_ssl_all,12,ffff7c2e-3ca9-4628-8988-1beb9794bb1c,XC298091-160103_03.northern.saw.whet.owl.bronson.canyon.lance.benner.flac,Xeno-canto,Aves,True,2.7996218313823107,0.18425099967265193,2.5025893916205657
sl_eat_all_ssl_all,12,76790e0b-a744-48d6-bc93-2757d8e14dba,keyboard_electronic_033-050-025.wav,NatureLM,,False,-5.957936569173437,-0.6846412702407116,-5.839612982026566
sl_eat_all_ssl_all,12,dc422392-cf30-433e-a7f8-2b025801a7f6,SSW_125_20170506_090007Z.056_007.wav,NatureLM,,False,-1.7639315151609951,0.8038193130305376,-1.5330057086725248
sl_eat_all_ssl_all,12,8907c5d9-aa7f-4a5c-bb11-5d6b184286ed,organ_electronic_034-054-127.wav,NatureLM,,False,-1.8027082881778977,-0.18401795171398733,-2.8257536677394706
sl_eat_all_ssl_all,12,6d6f7493-cc30-4b28-8496-f5773be60572,78007027.flac,Watkins,Mammalia,True,-1.7921865547446956,-0.657216343267754,-1.3022773248077284
sl_eat_all_ssl_all,12,eedcd6e1-5c27-4df2-8b40-a6abe0aaebf7,88006034.flac,Watkins,Mammalia,True,-2.470108458815402,-1.73549692380614,-1.5070321678991494
sl_eat_all_ssl_all,12,ee783ab4-be88-4dfe-a4d0-3aaac85badc5,ICLISTENHF1251_20141202T011144.851Z_027.wav,NatureLM,,False,-0.36650136171353587,0.6100460665151672,-0.5134378703600673
sl_eat_all_ssl_all,12,c42c0d83-66dd-493d-8f2d-85ede83b773c,652549.flac,iNaturalist,Aves,True,-3.1109866249848803,-0.2926726427682917,-1.6989164023006573
sl_eat_all_ssl_all,12,0d0efb49-ae03-4f2e-bc0f-c651d9ce9c6a,p244_082_mic24.wav,NatureLM,,False,-5.0523433690045145,-1.140354278072494,-4.214292021392268
sl_eat_all_ssl_all,12,7bca125f-ba28-4934-9681-fa5916444ee5,vocal_synthetic_005-076-050.wav,NatureLM,,False,-6.5053723656008815,-0.47762085397820153,-5.938660720467347
sl_eat_all_ssl_all,12,f487e3e6-8866-4682-a18f-360fde2c76ba,20120104_Sigiriya_Brown-headedBarbet.flac,Xeno-canto,Aves,True,1.26935550100786,0.9100159786175066,1.5147165438417498
sl_eat_all_ssl_all,12,220b8cb1-f1e1-45bf-9267-a9973d9fb438,guitar_synthetic_008-092-100.wav,NatureLM,,False,-7.346796845529711,-1.469756062998531,-7.194601675349876
sl_eat_all_ssl_all,12,a5640428-6061-4fc9-ba92-94c61d1963cd,330085.flac,iNaturalist,Mammalia,True,-2.5868577367473695,-0.26955031478065283,-1.6372764134433297
sl_eat_all_ssl_all,12,bb721e59-ee82-466f-91d9-19d3586fdfda,ICLISTENHF1251_20140702T183216.535Z_035.wav,NatureLM,,False,2.5649545853192888,-0.13089578760374632,1.9884274315789423
sl_eat_all_ssl_all,12,f777a4d8-a73a-4218-8eaa-f1c8b9602384,reed_acoustic_003-034-100.wav,NatureLM,,False,-6.46301069353165,0.17967218855075434,-6.1886602918596
sl_eat_all_ssl_all,12,69600846-8055-4e54-a420-d418e1a08fed,6404100D.flac,Watkins,Mammalia,True,1.0714371333845474,0.33297074315535835,1.2148726644186867
sl_eat_all_ssl_all,12,0a20ebc1-244f-4d2e-8db6-07937bf922aa,134717.flac,iNaturalist,Aves,True,2.429971740344859,-0.05400257320298814,2.1229100924718622
sl_eat_all_ssl_all,12,06d39be0-bfce-4c0c-911b-e9c27ef76c76,ICLISTENHF1251_20140901T121408.411Z_018.wav,NatureLM,,False,2.3048750632625583,0.31195685399373585,1.6882182396527248
sl_eat_all_ssl_all,12,8bc5604b-86f2-4126-aafa-934bd8e56386,SSW_246_20170708_220025Z.018_007.wav,NatureLM,,False,-3.0090861169351095,0.34168452241515423,-3.247160849997874
sl_eat_all_ssl_all,12,5c4635a9-bbcb-4055-964e-e1a680f94e50,ICLISTENHF1251_20140702T183216.535Z_054.wav,NatureLM,,False,-1.3218924318410679,0.6909534463492044,-1.1266178087101806
sl_eat_all_ssl_all,12,2e99c343-a1d1-4b04-8889-41703e6fe3af,77008006.flac,Watkins,Mammalia,True,-3.0679254496183455,-0.39366179373122623,-2.8165709466052427
sl_eat_all_ssl_all,12,0bbadb7e-f625-40f4-8bbf-e04821f8ebbc,XC290365-Ninox_%28jacquinoti%29_granti-FL%20X%20song%20Chupukama%20Ridge%2017Sept15%2010.26pm%201300m%20LS118255b.flac,Xeno-canto,Aves,True,-1.1180496406499703,0.7094169734719353,-0.5676679441754948
sl_eat_all_ssl_all,12,a19b22fe-babd-46ad-a94b-fb5909db58e1,ICLISTENHF1251_20141004T035246.107Z_002.wav,NatureLM,,False,-0.15406526899434023,0.5899097597064823,-0.24516743483137893
sl_eat_all_ssl_all,12,fb1edcf1-7536-479a-8b07-9014541bd40f,7100300W.flac,Watkins,Mammalia,True,-4.937495921359639,-1.5692086182855056,-3.0014973041577275
sl_eat_all_ssl_all,12,1a22ad44-2627-47b2-99f3-bb14e084abd1,37301.flac,WavCaps,,False,-6.005607114002043,-1.6367385824582428,-5.139222592236237
sl_eat_all_ssl_all,12,0c742eaa-2cd8-4877-86fe-82f3c03ad414,6696_73296_000017_0000003.wav,NatureLM,,False,1.2922627106015157,-0.03967530928338733,0.29055557238903446
sl_eat_all_ssl_all,12,c48cf5cc-3185-40aa-af67-ea5c8bf2e9d6,Celeus_spectabilis_T866.flac,Xeno-canto,Aves,True,1.9455014603945786,-0.0214564933852368,1.9748141167046462
sl_eat_all_ssl_all,12,f0b0d77a-d521-40eb-91d2-80f715bc274d,vocal_synthetic_006-090-075.wav,NatureLM,,False,-3.2123900369416543,-0.3583757940879384,-3.4463916467557545
sl_eat_all_ssl_all,12,5443139d-7439-4066-8928-850b443c93e9,Y6GmoFefjuHw.wav,NatureLM,,False,0.2369822857380758,-0.1878490847931368,0.00803577017837974
sl_eat_all_ssl_all,12,e5f13262-458c-4221-8024-8c951f461322,guitar_electronic_037-044-127.wav,NatureLM,,False,-0.8168233892067948,-0.5640299817939027,-1.594068810037053
sl_eat_all_ssl_all,12,d142e6cd-2898-4aeb-a8b0-f54714f1ff85,9420101W.flac,Watkins,Mammalia,True,-2.2347711017342946,-2.487199679910454,-1.9414345907859751
sl_eat_all_ssl_all,12,aaf137ef-63fc-4a06-b0f8-b6e1649765a0,516115.flac,iNaturalist,Aves,True,-0.7122509584467154,0.17254739573066538,-0.16720989662933072
sl_eat_all_ssl_all,12,b0a58bc9-8bde-4c3a-8a03-b77511bcfb67,4214_7146_000054_0000021.wav,NatureLM,,False,-4.3695912204179725,-1.9590434901322478,-4.503983010581414
sl_eat_all_ssl_all,12,8ac1fa03-b0d6-4306-8f40-c3a3b0a396fb,XC705126-Tern_White-winged_Black1_TLM3AK-1223_Karumba_3rdFeb22.flac,Xeno-canto,Aves,True,0.1882574914712533,0.4149097020913818,0.6918367132994911
sl_eat_all_ssl_all,12,b195ba59-7a66-436b-b9d7-277d58b90f8f,6608400N.flac,Watkins,Mammalia,True,-5.870364462079386,-0.7848836810608961,-4.178324335566872
sl_eat_all_ssl_all,12,459165a9-930b-44f1-a137-2b1f7d84fb45,68003001.flac,Watkins,Mammalia,True,-4.950803828851611,-0.44661792263038474,-3.0508328060845407
sl_eat_all_ssl_all,12,8055e210-6c94-47f3-97f0-85f2a5156cdd,XC341643-CHRRID_160730_2167_LeCroisic.flac,Xeno-canto,Aves,True,1.8868406771025008,0.11422765065681986,2.1260846783573197
sl_eat_all_ssl_all,12,eefd2629-a65e-49b3-909e-48ac47128256,224940.flac,iNaturalist,Mammalia,True,0.3751961120166183,0.18268853600137863,0.597203793201482
sl_eat_all_ssl_all,12,4c0ae147-a5a6-43fa-809e-aa266696c517,XC568103-Lechuza%20com%C3%BAn%2C%2004_09.flac,Xeno-canto,Aves,True,0.8407701277006936,0.8698766930687838,1.1176033409396209
sl_eat_all_ssl_all,12,ba8f95cd-ce04-4060-b948-e0818a6e8999,bass_synthetic_008-055-127.wav,NatureLM,,False,-4.818523459975612,1.176850109072354,-4.532507909978061
sl_eat_all_ssl_all,12,f0a3a24c-c8ec-4819-9f20-acc0fe9092f0,XC201176-Glapas_Farges_20141102_edited.flac,Xeno-canto,Aves,True,1.990876762983551,-0.21959908807511858,2.127198019749857
sl_eat_all_ssl_all,12,74bd235b-aa72-4d69-8b8b-7cee91fc12d7,72007015.flac,Watkins,Mammalia,True,-2.7442843474397205,-0.659281006694441,-1.5541923101645316
sl_eat_all_ssl_all,12,40155dc2-d3c9-498f-b34d-7e0bd7a8b981,352350.flac,iNaturalist,Mammalia,True,1.6620126193123372,0.2047420026786231,1.760868398950273
sl_eat_all_ssl_all,12,59976ca1-3668-4a5d-a582-04dfa572d11a,894050E0.flac,Watkins,Mammalia,True,-3.154150609963089,-1.668764036605095,-2.6387370235309975
sl_eat_all_ssl_all,12,632789f7-ea0d-4493-86b3-ddc6fe7de889,XC260279-himantopus%20himantopus%203%20corredor%20del%20guadaira%2007-03-2015.flac,Xeno-canto,Aves,True,2.5329996467134563,0.38709147669550037,2.316281366405622
sl_eat_all_ssl_all,12,56688b9f-09b2-41be-9708-f87b57fd7c3e,Panthera_tigris_S1423_03_short.flac,Animal Sound Archive,Mammalia,True,-2.556969505710975,0.26331364348666253,-1.3102551750955542
sl_eat_all_ssl_all,12,aa4a1377-c129-41d2-a6e3-1418dee8a958,SSW_114_20170429_180011Z.047_017.wav,NatureLM,,False,-4.820050660806485,0.6420726255856108,-4.982262839901544
sl_eat_all_ssl_all,12,66313538-a232-41c3-a867-1a788714745c,XC478558-Gull-billed%20Tern%20adult%20and%20chicks%20flight%20june%203%201411.flac,Xeno-canto,Aves,True,-0.12204686791557748,-0.11798866980236808,0.34235362586880125
sl_eat_all_ssl_all,12,d29c730a-30c4-4285-9c49-85b0ce36c05b,882_123267_000037_0000011.wav,NatureLM,,False,-5.362528025758892,-0.9000480556070263,-5.401454013747053
sl_eat_all_ssl_all,12,811f1467-3a96-402f-91b7-9b20956669a7,5601700A.flac,Watkins,Mammalia,True,-5.84018778275309,-2.3394797716025257,-4.625184885453882
sl_eat_all_ssl_all,12,8e43281c-412a-467c-a95b-c9889cb7cad0,394031.flac,iNaturalist,Aves,True,-5.433220114243924,-1.6505638924982695,-4.376087182524172
sl_eat_all_ssl_all,12,7ca1f2b1-76b2-4493-9470-b763c1a6f099,guitar_electronic_014-050-075.wav,NatureLM,,False,-3.7555378512451068,1.4669385003974198,-3.982921469993648
sl_eat_all_ssl_all,12,01d41c46-5f66-44c3-8fa8-16f7f0b691c5,5600600B.flac,Watkins,Mammalia,True,-5.523575507550229,-0.6701282044392979,-3.088184675007797
sl_eat_all_ssl_all,12,03bccf19-679f-4b04-b17b-23f9b46e0862,621681.flac,iNaturalist,Aves,True,0.9981963974917214,0.1819285657542994,1.053273677086315
sl_eat_all_ssl_all,12,e19ef301-d176-4954-9fc6-17a341852a27,XC548845-OCB_409914_D9_20190519_074500_HUGO.flac,Xeno-canto,Aves,True,1.013483892289771,-0.21650756895714676,1.258706346214519
sl_eat_all_ssl_all,12,cc585b0f-2f72-42ab-8d73-f0e3a4c233e5,9400901S.flac,Watkins,Mammalia,True,-4.691160035406703,-2.0378512981593206,-3.4191276018910983
sl_eat_all_ssl_all,12,6b95a6c1-5c50-4060-938d-0d24bbc7f9bf,p288_356_mic12.wav,NatureLM,,False,0.09164908931340546,0.11202589379614085,-0.16871954423929197
sl_eat_all_ssl_all,12,6435cfdd-d051-46cc-8ce7-b66af67db8ca,XC688560-200402_1638-19.05_Afu-god-Nikn.flac,Xeno-canto,Aves,True,-3.1037260451107116,0.5783723718917775,-2.237887145035677
sl_eat_all_ssl_all,12,f466d0cb-9598-4122-86c6-97f876e8ec94,444c020l_0.75853_22go010b_-0.75853.wav,NatureLM,,False,0.41825197582133494,0.536010128337238,0.005949321521184464
sl_eat_all_ssl_all,12,f0210edb-302b-4538-b9c5-39be5c0c1c9e,Yzat8mWJSJjo.flac,WavCaps,,False,1.6643821133400962,0.03953403304384143,0.9518007148414127
sl_eat_all_ssl_all,12,b0dc3b3a-53ea-40dc-9f22-c657e4eb4629,SSW_021_20170304_110008Z.045_009.wav,NatureLM,,False,1.0858495057743949,0.37133507298726665,0.6212280668652903
sl_eat_all_ssl_all,12,29bbc1a7-a86c-4e1b-92b0-409d0f220895,209a010i_0.056719_40gc020o_-0.056719.wav,NatureLM,,False,0.7630116968006584,0.40058613044144603,-0.1803288874823391
sl_eat_all_ssl_all,12,6728d88a-5871-4171-a98a-0bfe4dab821d,brass_acoustic_001-037-100.wav,NatureLM,,False,-4.723383784409684,-0.4424475965661513,-4.648429927227469
sl_eat_all_ssl_all,12,a8bc19d5-57d6-42d9-95ff-9335d32c0b68,bass_synthetic_106-087-127.wav,NatureLM,,False,-5.3107123292331355,-1.4036834888577179,-5.179572268830513
sl_eat_all_ssl_all,12,fd449aca-8556-4fe0-9f5d-a9071978e31d,9775100D.flac,Watkins,Mammalia,True,-4.6077455564431915,-2.2088346873407376,-3.7841766972997997
sl_eat_all_ssl_all,12,e98e44c2-0f57-4e95-bc29-138900ff73cd,XC579617-Ryukyu%20Scops%20Owl%202%2020200728%20.flac,Xeno-canto,Aves,True,-5.0435634304281916,-0.35436524215293697,-3.246050327456736
sl_eat_all_ssl_all,12,b7d147a3-5599-47c7-af07-c0785b51ad2c,XC339835-berf.flac,Xeno-canto,Aves,True,1.9388091649619354,1.3071827512645868,1.5905395252882326
sl_eat_all_ssl_all,12,11498200-3c42-4bad-97a7-ed2779850be6,XC542766-Chestnut-tipped%20Toucanet_Plataforma_Pe_27jun2013_FSchmitt_1.flac,Xeno-canto,Aves,True,-0.010285712449325302,0.11602250919885806,0.11516891451055891
sl_eat_all_ssl_all,12,093755a2-08e2-4c53-9cf2-a9456278ff36,XC353317-RC_23_Vanellus_chilensis.flac,Xeno-canto,Aves,True,1.4863851094703697,-0.08781696017333213,1.5572778382369714
sl_eat_all_ssl_all,12,ecf64fef-92e1-4f06-9caf-27fade9a3426,p254_109_mic23.wav,NatureLM,,False,2.945076511584344,0.9663989050822327,1.7619347479495264
sl_eat_all_ssl_all,12,290420dc-43ba-4201-bc2d-e38d98b17cc0,2019-11-13-15-55_Schleusinger-Allee_70Kmh_2680973_A_D_CL_SE_CH34.wav,NatureLM,,False,-4.247886825882664,-0.7049243034012189,-4.196486748461896
sl_eat_all_ssl_all,12,e237c09f-413c-422d-a5d0-8ef9d18841d5,guitar_electronic_021-063-075.wav,NatureLM,,False,-6.135184773536066,1.0654206829047772,-6.02916158256086
sl_eat_all_ssl_all,12,f3eec048-3e2e-4ab0-b682-33426f59d3b1,216_122451_000021_0000004.wav,NatureLM,,False,0.055630219426756,0.6237484967187006,-0.32216281813153136
sl_eat_all_ssl_all,12,e88506dc-e50b-409f-8b73-afe4803f87bd,p334_257_mic22.wav,NatureLM,,False,-3.702916586238052,0.4869080708145856,-3.8464034457117506
sl_eat_all_ssl_all,12,3509130b-c7d8-4216-a1ea-6956357a6c3d,2019-11-18-15-45_Langewiesener-Strasse_50Kmh_539048_A_D_CL_SE_CH34.wav,NatureLM,,False,-3.511259103927813,0.24986725570911333,-3.4070149034408015
sl_eat_all_ssl_all,12,00e5ac2e-bc44-45b4-9536-ba147a036cfe,4331_57180_000012_0000033.wav,NatureLM,,False,-6.893857018353074,-1.874018642904554,-6.506768603677344
sl_eat_all_ssl_all,12,65a8cc8c-a8ed-4ecf-927a-af69dc655ead,74645.flac,iNaturalist,Aves,True,-3.9616017561251744,-0.5386486887134019,-2.403258289523951
sl_eat_all_ssl_all,12,319f4ca3-3a16-4fce-916f-6994e8efcd1e,bass_synthetic_089-032-025.wav,NatureLM,,False,-1.814056030082313,1.1737776369110924,-1.9201867786781024
sl_eat_all_ssl_all,12,f3283e37-e2d5-46ea-a957-78a3b1909d2f,XC688888-200503_1748-21.45_Afu-hole.flac,Xeno-canto,Aves,True,0.10232556757486189,0.767424386662787,0.252638724503347
sl_eat_all_ssl_all,12,f27d31da-ce12-4d49-895c-134fc8c38564,XC454394-2019-01-26%2021-59-27_cut.flac,Xeno-canto,Aves,True,1.673666129170866,0.2663752419467545,1.4235548937967821
sl_eat_all_ssl_all,12,05e491e3-8526-4b80-a122-a087ab582ec8,437034.flac,iNaturalist,Mammalia,True,2.543710850290172,-0.17669412310628205,2.318991535731858
sl_eat_all_ssl_all,12,a4c9d7cd-cef2-4700-be60-f02201f788d4,XC426586-LS107973%20Asian%20Barred%20Owlet%20song%20and%20call%20B.flac,Xeno-canto,Aves,True,2.667071333856755,0.322147889018389,2.555234697203775
sl_eat_all_ssl_all,12,d90cc1fb-e7f5-4e14-9927-b8e47b4a0ec1,542483.flac,iNaturalist,Mammalia,True,0.06173817728752609,-0.29384791293416784,0.600386885070537
sl_eat_all_ssl_all,12,d4af2244-e48e-40cd-803e-a0e001d3bf19,YP7WjiBsM5rU.flac,WavCaps,,False,1.3061052747904873,-0.08476926657168432,0.7415632026431167
sl_eat_all_ssl_all,12,cd355d38-87f2-48f0-92ea-4a9771b31a01,XC209544-GIWO_150105_02_DVP.flac,Xeno-canto,Aves,True,1.468754752957979,-0.24342029361439368,1.7447784181023034
sl_eat_all_ssl_all,12,3d1c43ee-22bd-4568-82f2-493f874f6fd0,XC259237-Megascops_barbarus-FL%20song%20west%20of%20San%20Cristobal%20de%20las%20Casas%2018Mar15%2018.39pm%20LS114396a.flac,Xeno-canto,Aves,True,2.5857476099743835,0.054217456870909696,2.3765019167574684
sl_eat_all_ssl_all,12,105a86c0-72d8-4717-a801-984fa219bf58,310956.flac,iNaturalist,Aves,True,-0.19820409494367872,1.3064236668083595,-0.10026355081960503
sl_eat_all_ssl_all,12,c318ab11-83e0-428c-8ba0-6905265ada78,XC487610-2018-07-17%20Flatey%20180717%20Sterne%20arctique%20cri%20de%20poursuite.flac,Xeno-canto,Aves,True,4.326169285431256,0.1321377221361194,3.881919618999025
sl_eat_all_ssl_all,12,4157521a-bb41-4639-97b2-10a038911541,bass_synthetic_012-062-100.wav,NatureLM,,False,-3.615632740446334,-0.27210730246825,-3.9173722824705584
sl_eat_all_ssl_all,12,3d3e1887-fc18-4e70-a41e-8ce5b68305d8,63005001.flac,Watkins,Mammalia,True,-5.259487310022121,0.23117855749707528,-4.105487824615683
sl_eat_all_ssl_all,12,c49b970e-1400-4aa3-beb6-cf633967ed97,195628.flac,iNaturalist,Aves,True,1.821294516182286,-0.005816486402975607,1.6421897984029235
sl_eat_all_ssl_all,12,22a61408-3509-4067-b013-495622b188e4,YfORTwxb5tcY.wav,NatureLM,,False,-1.031287919262764,-0.31172211711699055,-0.7905843757678214
sl_eat_all_ssl_all,12,882cd8ad-9001-4ca0-b021-ae74d7aab5a7,7900400L.flac,Watkins,Mammalia,True,-3.2143380523713865,-0.03558746968691939,-1.8030105657874458
sl_eat_all_ssl_all,12,a01ddadd-e47a-46db-bc20-dd11802ba8d0,61040009.flac,Watkins,Mammalia,True,0.35646806838582396,-0.17678655854195868,0.34007921988997847
sl_eat_all_ssl_all,12,26b4bba3-382b-4376-b3b9-09943c6f1e9a,YkMEHsM2CWAY.wav,NatureLM,,False,-1.276388827303312,1.4233922919686315,-1.0081047394719245
sl_eat_all_ssl_all,12,05894c3e-62cd-4e77-8895-5c8225dd4580,XC403635-Mindre%20hackspett_4.flac,Xeno-canto,Aves,True,2.3423796501068472,0.6419178298617687,1.9966132912227947
sl_eat_all_ssl_all,12,abe7afda-58f8-477c-a39e-9486e87e9c00,XC439076-180723_1065%20Pic%20e%CC%81peiche.flac,Xeno-canto,Aves,True,0.006582477655364613,0.09799237791059935,0.41752264086268853
sl_eat_all_ssl_all,12,390cb16a-666f-46b4-a690-cc2599a5a8b5,YEeg1o6yRVpM.wav,NatureLM,,False,-1.7930178837942985,0.9580553688117762,-1.9513198064006962
sl_eat_all_ssl_all,12,6a0689c9-4aed-4a8d-ac25-73527ade568f,bass_synthetic_007-046-127.wav,NatureLM,,False,-5.822944563503748,-0.3500815244662833,-6.213614428557305
sl_eat_all_ssl_all,12,a0e3fbea-e4b8-48bd-91e6-84e0dbfdf5e0,7789_258266_000008_0000004.wav,NatureLM,,False,1.9296054683446022,-0.12025981702138547,1.3176748505117577
sl_eat_all_ssl_all,12,0012aa9f-98de-425b-b851-c81c20e9edca,SSW_078_20170401_200022Z.019_003.wav,NatureLM,,False,-2.281810064098193,0.10427533370684776,-2.893262700445891
sl_eat_all_ssl_all,12,30198020-dcff-426d-b424-2fd58701ac6d,mallet_electronic_006-051-050.wav,NatureLM,,False,-2.5076568909970796,-0.7709388507189217,-3.024368533525413
sl_eat_all_ssl_all,12,acdc1409-e658-436a-8dc4-5b7f14bb4709,164276.flac,iNaturalist,Mammalia,True,2.741708128247903,-0.04243551434315086,2.4246147633380817
sl_eat_all_ssl_all,12,0dafdb09-cc1f-401b-83af-556ad2acf105,ICLISTENHF1251_20140301T092327.496Z_017.wav,NatureLM,,False,-0.8870274011345807,0.3237366514817033,-0.6549127722020649
sl_eat_all_ssl_all,12,dda3b2d6-3116-4c56-86c8-01af7a531181,6503000C.flac,Watkins,Mammalia,True,-3.452019520042039,-0.6077531875893287,-2.6442684066037776
sl_eat_all_ssl_all,12,e4a1ea08-a1ba-4abb-b487-8c4a1f8fe9cd,348629.flac,WavCaps,,False,-2.4776512277619354,-0.683685024701196,-1.781905544662787
sl_eat_all_ssl_all,12,ee619911-1276-4697-a07e-17d6f9c96366,4137_11702_000016_0000012.wav,NatureLM,,False,-1.3272653425009224,-1.2618157035984332,-1.9360733081092527
sl_eat_all_ssl_all,12,99613f62-eff5-46ae-8b4e-e9ed7d9e9b33,Y2IP8siC6ID0.flac,WavCaps,,False,3.0252703314026057,0.38299197646086214,2.310701240043217
sl_eat_all_ssl_all,12,549c4f26-63c3-4741-8c3b-f2d0e59116bd,711_187466_000008_0000073.wav,NatureLM,,False,0.5822075503799029,-0.0017769567016957255,-0.08590776953653564
sl_eat_all_ssl_all,12,3fbefbc5-6fe9-4bc6-bea9-fdd337eaec4d,SSW_031_20170304_210014Z.023_015.wav,NatureLM,,False,-2.024965343259372,0.6374452173784511,-2.7752085469967493
sl_eat_all_ssl_all,12,d73a71b3-2456-4b25-8177-81409b63f3d7,477893.flac,iNaturalist,Aves,True,2.470927984044265,0.1364080206933543,2.1071623600498617
sl_eat_all_ssl_all,12,6e310798-3523-46a8-b024-2be3e87d1145,keyboard_electronic_026-096-075.wav,NatureLM,,False,-4.701405627908192,-0.36128915487939117,-5.252251720614377
sl_eat_all_ssl_all,12,394c771c-5e40-48ae-85d4-6057168a2bed,XC619230-01-02-2021%205e7%20Coruja%20preta.flac,Xeno-canto,Aves,True,1.5808180398792837,-0.265561318526897,1.6051002155306369
sl_eat_all_ssl_all,12,b3f6a3c1-1cbb-42b6-9821-560e328bde25,SSW_189_20170610_130015Z.038_003.wav,NatureLM,,False,2.0794072203556184,-1.0807071208912218,1.8629583922218105
sl_eat_all_ssl_all,12,50fc75dc-3b06-4488-9d5c-4bbae116b96b,Y3ZB0HfkO0tQ.wav,NatureLM,,False,0.4236009018721671,0.23446090422237054,0.3065801869152513
sl_eat_all_ssl_all,12,d11f1efe-91c5-43a3-991d-bc056976381d,7500303T.flac,Watkins,Mammalia,True,-4.131918660742793,-0.6237134813817254,-2.4423063035291506
sl_eat_all_ssl_all,12,41fcdf68-9418-468c-842d-73340980ab31,369274.flac,WavCaps,,False,-4.462469960065359,-0.07561094467028352,-3.6318730474592043
sl_eat_all_ssl_all,12,ce979d4c-5bd0-4bb2-b7c4-5574e2c906b8,222523.flac,WavCaps,,False,-5.9969143838433645,-0.6114388290250449,-4.710853359333177
sl_eat_all_ssl_all,12,42989fd4-c57d-4e78-8dc1-6da0c2531427,XC463578-Pic%20syriaque%20pecking.flac,Xeno-canto,Aves,True,3.3653608656017426,-0.11574058524311728,2.8322301910588363
sl_eat_all_ssl_all,12,a19e7385-e9a8-4d58-b5aa-3673ed2acd1d,p259_444_mic12.wav,NatureLM,,False,-4.217171314741961,-0.3095334658496518,-4.345349996238527
sl_eat_all_ssl_all,12,8643d0cf-6129-4da6-905f-103276bf0815,2019-11-19-16-30_Langewiesener-Strasse_50Kmh_738440_A_D_TL_ME_CH12.wav,NatureLM,,False,-4.398416504260322,0.702668030589144,-4.089483492120699
sl_eat_all_ssl_all,12,ad7f9361-5a76-4bf6-ac36-ef1627e128c4,XC616689-Otus-mirus-FL%20X%20song%20ComVal%201300m%2015Feb20%204.50am%20LS114225a.flac,Xeno-canto,Aves,True,-0.6598949121347485,0.7670448735262914,0.014787855611115237
sl_eat_all_ssl_all,12,c0962a0a-1409-400d-bffb-9bb6e196051a,8600801Q.flac,Watkins,Mammalia,True,-3.6857313606948496,-2.3443957386506407,-2.630452616740051
sl_eat_all_ssl_all,12,d9215e73-f1db-4ae6-885a-a60b21790619,508786.flac,iNaturalist,Mammalia,True,1.190312885916779,-0.13300330714666836,1.4777916707349898
sl_eat_all_ssl_all,12,c6c6f5e7-649b-4254-b411-59319ca8461c,Y8oiyVt6-erA.flac,WavCaps,,False,0.6319749112738904,0.17008078756190195,0.7840006684234297
sl_eat_all_ssl_all,12,f23941f0-5f8e-4886-9cb8-cacbaf961bbf,vocal_synthetic_012-054-025.wav,NatureLM,,False,-4.948013923281493,-1.59419041260707,-4.848603447276809
sl_eat_all_ssl_all,12,9723b34c-f11b-466c-aae7-9929ab5f86b1,ICLISTENHF1251_20140203T185101.632Z_024.wav,NatureLM,,False,0.10723993738086858,0.4060148739885978,-0.06069996634185891
sl_eat_all_ssl_all,12,f516165c-9b20-4501-9984-9748f8091ea5,SSW_079_20170401_210014Z.035_007.wav,NatureLM,,False,0.5289925160843496,-0.04359790231448232,0.4140157377220445
sl_eat_all_ssl_all,12,d72366ce-5879-4174-936b-ea561da9d2bd,XC219791-Brown%20Jacamar%20A%204049.flac,Xeno-canto,Aves,True,0.4541562190919466,0.4467802429998585,0.9090419216288792
sl_eat_all_ssl_all,12,6162fff4-5f9d-4cb2-bc4c-9ff9d52014b9,SSW_209_20170617_190020Z.031_015.wav,NatureLM,,False,-0.6743443949874449,-0.5247123384637098,-1.3762938055617857
sl_eat_all_ssl_all,12,756dea88-26c7-4cec-a2cf-f1791eecf2f2,XC482969-S.%20maculirostris.flac,Xeno-canto,Aves,True,-2.2450277937968033,1.0648709800416112,-1.0841155034120369
sl_eat_all_ssl_all,12,91832065-0b87-45d1-95fe-33c3ddae7dca,XC314612-chlidonias__dojlidy_podlaskie_02.05.2016_1107.flac,Xeno-canto,Aves,True,-0.9902637408917969,0.09096691319546789,-0.08354732902598877
sl_eat_all_ssl_all,12,b46bc1a4-0264-4dcf-87ea-31b1c05aaa7d,SSW_114_20170429_180011Z.019_000.wav,NatureLM,,False,1.1983034359652291,0.3059534845179096,0.8767777616650843
sl_eat_all_ssl_all,12,8d54df23-9e4a-41af-a0e5-9ecb83d3b7c9,7957_39967_000011_0000064.wav,NatureLM,,False,-1.6187495823029903,0.870557631612489,-1.847903198219399
sl_eat_all_ssl_all,12,df771265-65b5-4559-8d89-15b61421b503,SSW_122_20170506_050003Z.035_000.wav,NatureLM,,False,-0.899731584083225,0.737390538722248,-0.7396611249376088
sl_eat_all_ssl_all,12,0b35f942-95d7-44db-a270-7cdead497c26,SSW_116_20170429_200013Z.027_000.wav,NatureLM,,False,-0.6708458847657298,0.21798505064977336,-0.41111065767654476
sl_eat_all_ssl_all,12,1b49c919-ee99-45ca-a134-aac8aa0c15ca,91670.flac,iNaturalist,Aves,True,1.5455564214143693,0.3147474050615032,1.5029501668199345
sl_eat_all_ssl_all,12,fecd09cf-3cbf-481c-a09c-66b50a95ea9b,313533.flac,iNaturalist,Aves,True,2.4956085985270815,0.688752170342458,2.238118799876528
sl_eat_all_ssl_all,12,fadae947-3c4f-49ff-888e-1e5a7571ffcc,organ_electronic_062-093-075.wav,NatureLM,,False,-6.688121603372183,-0.5972974740166361,-6.123128028578579
sl_eat_all_ssl_all,12,8b4b5a32-cc1c-4440-9056-57f28cd7eb08,XC385909-chevalier%20guignette%20cri%20de%20vol%20tres%20fin.flac,Xeno-canto,Aves,True,1.9984768533216917,0.16332842793269153,1.9073420372681127
sl_eat_all_ssl_all,12,f6060001-2a4f-4e41-8e24-0aa5b2091834,7900500U.flac,Watkins,Mammalia,True,-3.49575655645501,-0.9800640756696344,-2.7502545303577888
sl_eat_all_ssl_all,12,69f6682f-81fc-4ebf-8882-f42b7af00514,ICLISTENHF1251_20140104T212150.177Z-HPF_019.wav,NatureLM,,False,3.231392529627065,0.17754110695792827,2.452565436634142
sl_eat_all_ssl_all,12,0cfc7479-06b4-4bf4-9d04-d279ac2c0917,894050DB.flac,Watkins,Mammalia,True,-4.1987925052689015,-2.6245962289557987,-3.4051791112611562
sl_eat_all_ssl_all,12,ecdd29d6-d40a-4a7f-b189-bcb77c7cf5db,flute_acoustic_000-086-050.wav,NatureLM,,False,-2.761970852815503,-0.29233261966454943,-3.304656566239169
sl_eat_all_ssl_all,12,b698b564-98dd-4cca-a056-0000696a024e,274146.flac,iNaturalist,Mammalia,True,1.7501601349513145,0.1193257246261926,1.7024820156172145
sl_eat_all_ssl_all,12,afbc008b-4f39-4847-afdd-800feeec2e9f,p304_285_mic11.wav,NatureLM,,False,-5.3276116882406175,-0.6922004244767862,-5.07955148294527
sl_eat_all_ssl_all,12,60ef419f-51c7-4606-aeb8-c443e75d60a4,XC585455-LaughingGull2.flac,Xeno-canto,Aves,True,-0.3629436147769378,-0.4839745769515113,0.30557026549163424
sl_eat_all_ssl_all,12,57c71e21-0f5a-4b79-b7da-caa00cb26da1,mallet_synthetic_002-102-050.wav,NatureLM,,False,-3.1580329426793545,1.3163162018555739,-3.17342787567772
sl_eat_all_ssl_all,12,8386bf3d-b891-4c22-8ac8-7f97643fcd3c,2020-08-29-16-07_Hohenwarte_unknownKmh_2161592_M_D_ML_ME_CH12.wav,NatureLM,,False,-5.576195870689588,-0.6557206426600339,-5.155513735248131
sl_eat_all_ssl_all,12,316bf0c1-8d09-461f-bc82-9155bdbd3901,asianbarredowlet-bhutan210407farrow.flac,Xeno-canto,Aves,True,1.8658472681787297,-0.07521929434928912,1.6886271235147212
sl_eat_all_ssl_all,12,6b76612e-a842-4a38-a20f-d53e9e6e56e5,SSW_112_20170429_130010Z.000_009.wav,NatureLM,,False,-0.0385900566884389,-0.23867841035008916,0.19410414850250424
sl_eat_all_ssl_all,12,e6d6174d-1753-4cee-bbba-95ff4a6895d9,57026077.flac,Watkins,Mammalia,True,-4.62339844701386,-1.6080765583601595,-2.627842417681836
sl_eat_all_ssl_all,12,7bb8fdd2-850f-4bfd-80da-31f07fb24e2b,XC443772-Bar-tailed%20godwit%20alarm%20call.flac,Xeno-canto,Aves,True,1.2412457525486664,0.7476045657751049,1.2702206040480042
sl_eat_all_ssl_all,12,0f238e01-4bc5-4865-a5ac-d448f8cefba7,p363_421_mic24.wav,NatureLM,,False,-2.267194833044531,-0.10153900179392923,-2.528474420874189
sl_eat_all_ssl_all,12,33f20638-9870-4bd3-8176-a18ef51db7e3,SSW_101_20170415_152049Z.036_005.wav,NatureLM,,False,1.148367537370103,-0.6130810630699817,0.8986577626279675
sl_eat_all_ssl_all,12,14750724-eeee-4fc8-98ed-5a3dab54b6cc,330868.flac,iNaturalist,Mammalia,True,1.5953060666263494,-0.41129851504391374,1.627058142174087
sl_eat_all_ssl_all,12,018d7982-41f3-4e8b-afaa-3a0d1f2e9460,XC766046-Go%C3%A9land-de-Mongolie-cris.flac,Xeno-canto,Aves,True,2.2939294531724705,0.30798177850651026,2.152880832304434
sl_eat_all_ssl_all,12,996db5bc-424b-473e-9cf2-d9b7e6d9aece,XC699624-Pic%20mar%20chant%20Bois%20Cornec%2030%2001%202022.flac,Xeno-canto,Aves,True,-1.5963940490592154,0.3934634973766341,-0.7792660820100372
sl_eat_all_ssl_all,12,606b0e8d-0508-4caf-bc24-cc80fcceea85,XC775747-190319_02A-Slaguggla-hona-defensiv-kattuggla-rev5-sel.flac,Xeno-canto,Aves,True,1.0982129206446234,0.5647711708703846,0.9141847679498925
sl_eat_all_ssl_all,12,958d73a1-358c-497e-8eaa-5e0ddb8aa47c,9101000T.flac,Watkins,Mammalia,True,-2.36117470965316,-1.784226094770518,-1.0992018620745103
sl_eat_all_ssl_all,12,26990953-7f52-40ed-a0b1-3acb5c2a8506,SSW_122_20170506_050003Z.033_007.wav,NatureLM,,False,-2.4115287514179884,0.9258582383044773,-2.7790638248906774
sl_eat_all_ssl_all,12,5a2781a5-1076-4e4a-a228-d4368649bbe2,SSW_003_20170225_030002Z.048_019.wav,NatureLM,,False,-5.753580370083948,0.4353299763131574,-5.774837062694802
sl_eat_all_ssl_all,12,176d8658-1e37-4995-9bab-7a55b33ed856,SSW_229_20170701_220016Z.002_001.wav,NatureLM,,False,1.1447862088755634,0.7755394471588022,0.8600091732771862
sl_eat_all_ssl_all,12,fa24bf8c-c5f1-47c8-ab0e-214f218e8a2a,307727.flac,iNaturalist,Mammalia,True,1.0756695771567855,0.05021501103185241,1.2316239125935193
sl_eat_all_ssl_all,12,615a9a1c-4589-4fa4-83f1-5316ce96dfe8,156868_siren_4.wav,NatureLM,,False,-1.8701005770421029,-1.8099413513209774,-1.624415020630428
sl_eat_all_ssl_all,12,97be1029-5724-4ba8-8ae7-d94d7aa97979,62487.flac,NatureLM,,False,2.459188338862665,-0.28110674133060326,1.7889878052781523
sl_eat_all_ssl_all,12,7456253e-2ffc-429e-ad36-c44ba8b79cfd,XC271853-LS_54250%20Guianan%20Toucanet%20long%20call.flac,Xeno-canto,Aves,True,5.202907834332562,0.19677487018508943,4.24881663849999
sl_eat_all_ssl_all,12,c2352e92-6dcd-4c4e-9c65-ff3f440f1015,XC584748-Becasseau%20variable%20H%20cris%20doux%20et%20cris%20aigus.flac,Xeno-canto,Aves,True,-3.2204545363243335,0.5925076360797403,-1.8994620358784577
sl_eat_all_ssl_all,12,6995984e-eb64-4191-82fb-f2b57c73d7e5,58205.flac,iNaturalist,Aves,True,-0.007208849784280061,0.4009879300735959,0.22019345084575598
sl_eat_all_ssl_all,12,ea8cc891-c112-46e1-b234-aeb6456f0792,XC661998-LE-OWL_20210623_025640.flac,Xeno-canto,Aves,True,0.9263514970287662,0.5023621288847462,1.038857522257015
sl_eat_all_ssl_all,12,6e8d8826-a506-4c0e-aec2-ab913b7383e3,keyboard_electronic_056-037-127.wav,NatureLM,,False,-3.79607019297731,-0.7727677488158478,-4.191963371771976
sl_eat_all_ssl_all,12,5cf6ee43-f531-4515-ab9b-1e1071ee77e3,XC627869-090321%2023u13%20spec.flac,Xeno-canto,Aves,True,-4.747263642826201,-0.8566833687577834,-3.7950241885934757
sl_eat_all_ssl_all,12,bc1ce63c-8a71-48d4-accb-d4e737357b5c,98681.flac,WavCaps,,False,-3.085209310648614,0.5559618619888077,-2.465122372251126
sl_eat_all_ssl_all,12,d42320e3-79b9-4a37-8201-1367189d68fe,organ_electronic_076-053-100.wav,NatureLM,,False,-0.9813865814519611,-0.00037444917961855853,-1.9386519747428357
sl_eat_all_ssl_all,12,86885ccf-defc-4f47-a203-879424df0470,7700901J.flac,Watkins,Mammalia,True,-2.849105684472966,-0.41964344740697584,-2.6350004692542086
sl_eat_all_ssl_all,12,26a24a6a-525c-464b-8acd-0d061e63e6b4,XC529810-Lophostrix%20cristata.flac,Xeno-canto,Aves,True,1.1518389291586097,0.34324652699425906,1.246514213134232
sl_eat_all_ssl_all,12,f6a4eab3-d666-40db-95e5-b3cfa58ac53f,XC127025-Mediterr%C3%A1neo%20-%20Megascops%20choliba-c%20MARZO-16-2013_02_01.flac,Xeno-canto,Aves,True,-2.2102714667228422,1.1242472476987686,-1.2120750552665407
sl_eat_all_ssl_all,12,bdb01d99-1f08-4ae7-be4f-004304fe2b38,SSW_167_20170603_090007Z.053_004.wav,NatureLM,,False,0.6661722105308531,-0.6430833620459654,0.49740523888415145
sl_eat_all_ssl_all,12,597452b7-1157-42b5-a9af-8ced9babc4e5,vocal_electronic_001-054-127.wav,NatureLM,,False,-5.179026286733363,-0.952519551709697,-4.848959042748387
sl_eat_all_ssl_all,12,779455cf-5327-4d1a-a13a-dc5b278ea807,207c0104_2.2216_20ro010b_-2.2216.wav,NatureLM,,False,-0.6716243274769551,0.7438409261742287,-0.8343018431357229
sl_eat_all_ssl_all,12,0468da12-7705-4d44-96ce-f202e2957683,ICLISTENHF1251_20140804T104424.328Z_002.wav,NatureLM,,False,-0.5824416261748877,0.42339164271688373,-0.44666926988515543
sl_eat_all_ssl_all,12,dfafbd62-794b-4311-9e5c-97ab3b52d596,351293.flac,WavCaps,,False,-2.7658794943896066,-0.6312973098107961,-1.389451642948893
sl_eat_all_ssl_all,12,f613c227-d1cc-423d-92b8-0c4959ef48ce,p239_271_mic24.wav,NatureLM,,False,-2.424974286845531,0.25612268939422034,-2.7363424685375426
sl_eat_all_ssl_all,12,6f6a7219-921d-4326-b08e-3ad8e7eb846c,XC181584-LS100856.northern.pygmy.owl.copo.wwpe.flow.benner.t22.2014may28.flac,Xeno-canto,Aves,True,-0.6642496403484366,0.6377101884371172,-0.12249649591167013
sl_eat_all_ssl_all,12,f2cf73c8-1dd2-46c6-88e1-ab9b06bfa3e0,16109.flac,WavCaps,,False,2.0989991569520003,0.8622051435616618,1.7797057448675089
sl_eat_all_ssl_all,12,7bf86453-4005-41e2-b56f-ac5b944d8595,XC484604-STE-176%20uszatka%20zytno%2015%2006%2019%2022%2030.flac,Xeno-canto,Aves,True,0.13281493541011188,0.4845129230756311,0.4992154803731408
sl_eat_all_ssl_all,12,cd32e772-0142-4c8e-982e-9e772945c35f,guitar_synthetic_004-108-075.wav,NatureLM,,False,-2.996235355218209,0.4580248387156809,-3.2559463813222074
sl_eat_all_ssl_all,12,db2a39aa-df74-4bf7-b3d7-9b178987bed5,SSW_063_20170325_170011Z.023_003.wav,NatureLM,,False,0.525449797006375,0.018219332443527678,0.5108455498969636
sl_eat_all_ssl_all,12,2b785e14-2205-44e2-93f7-521d79cf9ea0,mallet_acoustic_035-080-025.wav,NatureLM,,False,0.2774012003151429,-0.0005460882874615217,-0.9681864597870992
sl_eat_all_ssl_all,12,7918055c-181c-41c5-a212-dfc32b7577de,YMFe5We4D1ws.wav,NatureLM,,False,-2.5275625569473954,0.06865670778616974,-3.1360570077217185
sl_eat_all_ssl_all,12,341af722-536d-4a37-a23c-9ecb7ba8fa5e,YvMU7ZKY2Eso.flac,WavCaps,,False,-0.905966792223416,0.4643813922186345,-0.7153467751080951
sl_eat_all_ssl_all,12,83008977-cdd0-4edb-879d-d83b0f8265b2,YqdexSzEvG74.flac,WavCaps,,False,2.043857774516658,-0.14931517486973847,1.5772689982277757
sl_eat_all_ssl_all,12,2b4b5861-d4e4-4146-aa3e-40877b57dbbb,192431.flac,WavCaps,,False,-1.2744294242455596,-0.1272549573470787,-0.5952622931157535
sl_eat_all_ssl_all,12,e13112b9-db62-4ad6-949b-755a14aa6b26,ICLISTENHF1251_20141203T142122.125Z_047.wav,NatureLM,,False,1.3669826520588444,0.5172120236778982,1.008613918307406
sl_eat_all_ssl_all,12,1a24ef80-8eab-4bdf-bcc4-636aa37b819a,XC427234-Colaptes%20campestris%20-Caio%20Brito-%28Porto%20Seguro-BA%29-BRITO2671.flac,Xeno-canto,Aves,True,-0.4369895901360083,0.029517662820899987,-0.012738009768361258
sl_eat_all_ssl_all,12,e3048473-cd5d-4ce2-9660-f4f6e0515e0d,6102204S.flac,Watkins,Mammalia,True,-2.8714699153703895,-0.985396875961412,-1.6555422971651361
sl_eat_all_ssl_all,12,84e31ed2-2f15-452c-809d-07c4c761651f,205a010w_1.0783_208c010f_-1.0783.wav,NatureLM,,False,-0.9674865344474395,0.47258966763399646,-0.8612438300505763
sl_eat_all_ssl_all,12,f25b7469-a1e3-4528-8b90-9ff9bda7c76b,XC618443-IV-_20200523_020233-2.10_A.flamm-klask.flac,Xeno-canto,Aves,True,-1.6772431301713597,-1.0966203979581444,-0.7144806632978467
sl_eat_all_ssl_all,12,ed8fa4b2-a169-4bc3-89f1-5982502e3452,XC664034-Silvert%C3%A4rna_20210716_1852_lockl%C3%A4te_juvenil_tiggl%C3%A4te_Falkv%C3%A5ltj%C3%A4narna_AA_redigerad_202107.flac,Xeno-canto,Aves,True,4.120345572100293,-0.5614581820338314,3.676742532182651
sl_eat_all_ssl_all,12,57a430c0-e1f0-45b0-9ab6-90cfdd5ea450,417065.flac,iNaturalist,Aves,True,-2.7540013167745663,0.24988952475187137,-1.5329052801035825
sl_eat_all_ssl_all,12,01eb8a2d-17e6-44bd-893f-9b9ed1585946,guitar_acoustic_028-081-075.wav,NatureLM,,False,-2.0157181241673845,-0.2072216640580044,-2.5339683616727293
sl_eat_all_ssl_all,12,42d79681-f110-423b-95f1-6f7f5f8caf1a,SSW_062_20170325_160010Z.056_002.wav,NatureLM,,False,-3.7356785452862233,0.03906503089841501,-4.074941838587114
sl_eat_all_ssl_all,12,71d374da-dcab-4349-9590-527737216438,XC439740-181021_3882%20WFNU%20PB%2050ft%20Torre%20I%201630%20mp3%20amp.flac,Xeno-canto,Aves,True,-0.8201896031054556,-0.4275872627331985,-0.004645920997706721
sl_eat_all_ssl_all,12,5232fefb-ab2c-4815-97e9-408ab9dc44fd,XC758942-221027_0130e.flac,Xeno-canto,Aves,True,0.769364715733895,0.9802914966106752,0.6257165304345289
sl_eat_all_ssl_all,12,da91e28d-2fac-442d-ace6-695ba07feb7a,SSW_005_20170225_070005Z.002_001.wav,NatureLM,,False,-0.7603202466731347,-0.48631872377931634,-0.3410195800584077
sl_eat_all_ssl_all,12,ca5412b7-f91a-4648-8827-691e640f6fe4,6107500R.flac,Watkins,Mammalia,True,-6.062853284116371,-2.2840769023577834,-4.780824558338623
sl_eat_all_ssl_all,12,278decaf-387e-4252-9f2e-38a632043f5a,172583.flac,iNaturalist,Mammalia,True,0.8101002564930375,0.20791002570961448,1.1382447187385991
sl_eat_all_ssl_all,12,108f6957-02f2-4e45-9538-2f0e2c3e4494,bass_synthetic_021-071-050.wav,NatureLM,,False,-0.3085900902908825,-0.018202942502814623,-1.57747169347042
sl_eat_all_ssl_all,12,ba14f3f1-9bbc-49e1-b02d-ecbef92ea69e,7100101Y.flac,Watkins,Mammalia,True,-5.336277162203606,-1.4726840430726886,-3.246118711539191
sl_eat_all_ssl_all,12,2682a546-fb75-44f4-a8fc-c28ed5581873,6107200P.flac,Watkins,Mammalia,True,-2.794032385998083,-2.146174166587871,-1.4829495516215132
sl_eat_all_ssl_all,12,6842bdb1-82ce-4b3f-a569-2873f8c02462,7501201J.flac,Watkins,Mammalia,True,-4.816581965860694,-1.4300534520936201,-3.1346488383137725
sl_eat_all_ssl_all,12,09fb3288-4173-47fa-be1e-86444cf49f08,SSW_213_20170701_000000Z.040_007.wav,NatureLM,,False,0.5806109435805721,0.2836292517708948,0.6094687984452702
sl_eat_all_ssl_all,12,58e4e64e-6933-424d-9672-339d8858c748,578363.flac,WavCaps,,False,-2.883291068754895,-1.5491246449048668,-2.4637774462685815
sl_eat_all_ssl_all,12,fb47604a-dd37-4cd7-95be-f5f4d59b0b30,XC468747-Psilopogon_chrysopogon_laetus-FL%20X%20song%20Frasers%20Gap%201%2C000m%209.45am%2028Feb19%20%20LS116797a.flac,Xeno-canto,Aves,True,4.659613686774801,0.4524689008323847,3.6506777164480195
sl_eat_all_ssl_all,12,14aa86e4-c002-48a2-bb31-6b9f80046f99,56016015.flac,Watkins,Mammalia,True,-6.322613160000499,-2.2581672629718614,-5.500751227895066
sl_eat_all_ssl_all,12,9ed6905c-d8bd-4aa4-a063-32d93a697922,Tamias_sibiricus_S1118_03_short.flac,Animal Sound Archive,Mammalia,True,-1.9462143253217328,-0.6806891421452551,-0.6954814543793444
sl_eat_all_ssl_all,12,115012d5-55e0-4014-b2e8-7c0cca39df7b,555735.flac,iNaturalist,Mammalia,True,0.7975270763918518,-0.20038239999766855,1.0968124948665896
sl_eat_all_ssl_all,12,a5aa8a7c-5bbd-4dd2-a1ed-1256a107f99e,56026003.flac,Watkins,Mammalia,True,-3.3348839944669475,-1.0868026979284067,-2.4687611695795075
sl_eat_all_ssl_all,12,17b6ea0d-1338-4782-ad45-8e58c5d5f6f3,81014034.flac,Watkins,Mammalia,True,-2.060709781885002,-2.1576932767301216,-1.6539951785012739
sl_eat_all_ssl_all,12,d57221bb-54b3-4248-a511-c267d17470c6,XC536805-19-03-2020%2015e1%20Pica%20pau%20verde%20barrado%20tamb.flac,Xeno-canto,Aves,True,4.124742536918499,0.2590400287820669,3.3893949255220233
sl_eat_all_ssl_all,12,a0b6e39f-dcc1-4a38-8453-ce23eb17cf26,XC468674-Kokmeeuw%2C%20flight%20call%2C%20270219%2C%200228%20uur.flac,Xeno-canto,Aves,True,3.628049083715843,0.5101686556122222,3.051951910069688
sl_eat_all_ssl_all,12,37ffe707-a499-4bc2-b108-2ff8a58c932d,XC579870-Dunlin.flac,Xeno-canto,Aves,True,-0.5231004739342133,1.1020157205932974,-0.272217825858444
sl_eat_all_ssl_all,12,ff5e3f46-ae1d-4ac0-8b4f-5be1adcf3e0b,79040007.flac,Watkins,Mammalia,True,-5.830458354350788,-1.792107353779669,-4.538537396643138
sl_eat_all_ssl_all,12,58c0f7cb-8dd8-4f84-bfc1-06b858c224dd,Equus_zebra_S0953_04_short.flac,Animal Sound Archive,Mammalia,True,-2.965307248382108,-0.3882230241437891,-1.7497127693996475
sl_eat_all_ssl_all,12,70a388bb-71e3-41fd-8632-284cfb15fe4c,88006029.flac,Watkins,Mammalia,True,-3.223230179239194,-1.5797058170575606,-2.6089969748759976
sl_eat_all_ssl_all,12,26ab2eac-bd09-4f62-afb1-3b7dea897b72,CoppersmithBarbet7Jan2010FortAguadaGoaIndia.flac,Xeno-canto,Aves,True,2.325782563987852,0.2902676414591625,2.3822548482597217
sl_eat_all_ssl_all,12,1a0e8c67-a218-45e5-8e76-98d6cd1c9ac6,668305.flac,iNaturalist,Aves,True,0.40258580343148276,-0.2276918026112283,0.6063035440823268
sl_eat_all_ssl_all,12,c0583b5c-c4f6-4f86-811f-be7d6b36a7fc,61022007.flac,Watkins,Mammalia,True,-6.117707531803264,-1.2986208589009889,-3.6905869449151694
sl_eat_all_ssl_all,12,f68a99d0-a7d2-4e5a-9e42-8b08b2ecfb55,5601700E.flac,Watkins,Mammalia,True,-4.473800274912165,-2.1093547038637457,-3.4913319665941946
sl_eat_all_ssl_all,12,bb3ed88c-2a50-4ba0-b207-81fb0ea239f9,91008006.flac,Watkins,Mammalia,True,-4.663035252868392,-3.8936283685717226,-2.9352784986433305
sl_eat_all_ssl_all,12,ff71a46a-4a12-44ba-a40b-47f08660dba7,61053003.flac,Watkins,Mammalia,True,-4.919333190745693,0.4845610581772448,-5.119433353794155
sl_eat_all_ssl_all,12,7dc3efe2-cacc-45c4-a1cf-97c4b62f381e,Glaucidium%20brasilianum.flac,Xeno-canto,Aves,True,-3.114181940474146,0.8445534048055148,-2.0386554184974344
sl_eat_all_ssl_all,12,5357a5b3-cf16-46d6-bba4-a35778ae1f62,XC147086-Stilt%20Sandpiper2013-8-30-1.flac,Xeno-canto,Aves,True,2.5335126805560964,0.5036359334555154,2.396974863241381
sl_eat_all_ssl_all,12,ede654af-061a-4fde-a37d-2e7aeca6f38b,61064003.flac,Watkins,Mammalia,True,-3.117183585417362,0.22296753508791606,-3.7137741722077364
sl_eat_all_ssl_all,12,4e6fa367-6aa5-4c59-8604-3606a781c2ee,6102102E.flac,Watkins,Mammalia,True,-6.151135617674786,-1.6066186209396838,-5.359051181349706
sl_eat_all_ssl_all,12,7cc78c73-8b3a-4641-9465-71f00d70859d,XC677689-22-09-2021%2018e7%20Coruja%20listrada%20TREMEMBE%20G1.flac,Xeno-canto,Aves,True,2.757868432408853,0.3982379323931032,2.467011324437962
sl_eat_all_ssl_all,12,d61abde2-697a-42ab-adb4-ba2954f3afcb,XC779564-Dry.mar-drumm-Kupinec-230209_0870.flac,Xeno-canto,Aves,True,3.027346846002632,-0.1659462678136358,2.2944168764471913
sl_eat_all_ssl_all,12,9406f44e-e2d4-45f9-a8cc-673d79a1f83f,XC354155-170203_03XC.flac,Xeno-canto,Aves,True,-0.5124797471929121,0.5958891675444711,-0.08475980918010051
sl_eat_all_ssl_all,12,21293d5d-6c29-437d-b3f8-f758ab58313a,567609.flac,iNaturalist,Aves,True,3.731667193161483,-0.28856571569050105,3.169540636016091
sl_eat_all_ssl_all,12,1746e44f-cf83-42ae-9b7d-9172738f6454,94009001.flac,Watkins,Mammalia,True,-3.778180989127152,-0.8548050333870363,-2.960105213422028
sl_eat_all_ssl_all,12,e9d74aff-4677-4b88-af8a-f5b59297ef9c,Vulpes_corsac_K0009_03_short.flac,Animal Sound Archive,Mammalia,True,-1.023087500619269,0.1750527793727567,-0.7718290544421668
sl_eat_all_ssl_all,12,67a7e886-69c4-43a1-8efd-17f57760fdde,8002001I.flac,Watkins,Mammalia,True,-6.216491150515056,-1.8552377663345887,-4.360637284815546
sl_eat_all_ssl_all,12,fa2e1f75-84eb-4187-9221-eff61f19a018,XC140019-DUNLIN%204.09am%20Moores%20Beach%20NJ%2004272013.flac,Xeno-canto,Aves,True,2.0031013205132746,-0.6012935353989959,2.1800391044221143
sl_eat_all_ssl_all,12,7a8d6c21-70f8-4648-9e73-0f9cbd980110,9230200N.flac,Watkins,Mammalia,True,-0.6763559003634811,-0.5497724786451814,-0.14161854940664745
sl_eat_all_ssl_all,12,a93ee2e7-e772-4f74-bdde-9cdb67e7f7ca,XC538488-STRURA%20Kikepera%20200321_1920.flac,Xeno-canto,Aves,True,-0.623583699972341,-0.4411165620668026,-0.06348274703539403
sl_eat_all_ssl_all,12,f1b0d51f-4609-4e38-889a-70bd3ad1d6c1,XC750809-Barred_Owl_ZOOM0152.flac,Xeno-canto,Aves,True,-0.16378740359959382,0.36235224901879914,0.4564025696218659
sl_eat_all_ssl_all,12,cd1593b5-8364-4ada-9e89-a284f3c63548,9769200H.flac,Watkins,Mammalia,True,-5.258634693018855,-1.4274223846939051,-4.159344434922372
sl_eat_all_ssl_all,12,7a616d44-044a-4e3f-beea-266e9cc42920,71001018.flac,Watkins,Mammalia,True,-4.2448093222294005,-2.8118053634065863,-3.1821286952543986
sl_eat_all_ssl_all,12,2fb629a3-99cd-4de4-9249-9e60c314b819,70025008.flac,Watkins,Mammalia,True,-4.122865716006359,-1.93819848687183,-3.018299669619315
sl_eat_all_ssl_all,12,fab44b19-714c-42a2-9f84-99a0e0d88d60,XC701540-210501_02%20Whimbrel%20N%200148.flac,Xeno-canto,Aves,True,3.934119292466712,0.25661739613647583,3.2583368699158073
sl_eat_all_ssl_all,12,09a07ff0-a37c-44a9-9c1e-1697f41e0bb4,585187.flac,iNaturalist,Aves,True,2.3832048245017807,-0.0017324905749117533,1.895535243477535
sl_eat_all_ssl_all,12,557826e4-d0d7-4aaf-8e24-6fdc56384601,183710.flac,iNaturalist,Aves,True,1.5207119444543495,0.08264860868492727,1.769539968633411
sl_eat_all_ssl_all,12,2706994a-956c-4159-b666-b116a5d2bee1,346749.flac,iNaturalist,Mammalia,True,3.150470351164472,0.06115181761014822,2.6339357044365954
sl_eat_all_ssl_all,12,84aabc72-5063-484e-bd77-d3bddf5e538e,XC495714-steenuil%203-9%2000.20h.flac,Xeno-canto,Aves,True,0.37485177743251513,-0.13618141298698516,0.5415249927448588
sl_eat_all_ssl_all,12,2b25e0d9-c789-443b-8b71-d033591608f3,XC443369-Coruja%20buraqueira%20SERRA%20%28Athene%20cunicularia-OK-OK%29%2023-9%2018e40.flac,Xeno-canto,Aves,True,3.6846554076288176,-0.048523508185326344,3.223116020532474
sl_eat_all_ssl_all,12,5a456d58-6b5b-4018-b25b-ccea7e38f64e,XC317425-Kleine%20Plevier%2C%20Bergerden%20220416%201200%20uur.flac,Xeno-canto,Aves,True,1.4390962153951972,0.03684623432721187,1.6153858032377633
sl_eat_all_ssl_all,12,dd60e886-4bbe-4fe5-95f8-a6842dc48741,9776700I.flac,Watkins,Mammalia,True,-4.632701044821609,-1.952655176173042,-2.7067012963348542
sl_eat_all_ssl_all,12,6424a5dd-097f-432b-862e-95eae4397d18,6102203K.flac,Watkins,Mammalia,True,-3.176122498784606,-1.0482857581291865,-1.7064558754688082
sl_eat_all_ssl_all,12,38f53cbd-15a0-41f2-8ac7-f2cfc5d29688,XC550447-0568%20BLL531-33%20Celeus%20galeatus.flac,Xeno-canto,Aves,True,1.426861568779906,0.0409188730030705,1.6099621154958648
sl_eat_all_ssl_all,12,4f59a6c4-e326-4477-a2b3-06fcc9786129,XC642572-Galbula%20cyanicollis_Tembe_20210411-075212.flac,Xeno-canto,Aves,True,-0.9057941619172167,0.533555909472357,-0.3205695930622523
sl_eat_all_ssl_all,12,9c4cd840-09ea-4291-9bb5-6341a306d3ba,258230.flac,iNaturalist,Aves,True,-0.47473111539237,0.0338593760594701,-0.1322419195752204
sl_eat_all_ssl_all,12,3a71a70f-282f-4df1-932b-194ec85f38f4,553206.flac,iNaturalist,Aves,True,0.8763110928217374,0.9934890540573844,1.0551598910850943
sl_eat_all_ssl_all,12,3f569d38-347a-4548-983f-a4b8bd94c1e1,57021003.flac,Watkins,Mammalia,True,-5.318248393426942,-0.777085398523109,-3.700436635891595
sl_eat_all_ssl_all,12,169c64d7-db1b-4572-bd7a-87c6520f1c0b,9776600C.flac,Watkins,Mammalia,True,-1.8069947844329726,-0.9406555300431967,-1.7696939881665903
sl_eat_all_ssl_all,12,9d2e86fa-3b5b-4e87-84c1-8ba89bad07da,8500900K.flac,Watkins,Mammalia,True,-2.2198536104148014,-2.520759556226054,-1.7486389465754555
sl_eat_all_ssl_all,12,955301c0-f6fa-431a-b3a4-1cd68f0765a5,6400500M.flac,Watkins,Mammalia,True,-4.873461735686078,-0.7383966113167595,-3.412057447803583
sl_eat_all_ssl_all,12,9ee6e918-cf62-4d2b-9527-03817c9bab15,XC637797-210409_03ybs.flac,Xeno-canto,Aves,True,3.6176732917897443,0.23962852843102683,3.0606112626789637
sl_eat_all_ssl_all,12,9a864163-e795-45d9-be92-e8ec55e52c2c,XC419874-Chouette%20hulotte%20chant%20diurne%20et%20cris%20d%20alarme%20en%20plein%20jour.flac,Xeno-canto,Aves,True,2.7737708346530026,0.15778910441831343,2.4599498170913963
sl_eat_all_ssl_all,12,b5214abb-14e1-4dfa-86c2-6730ffb8dd04,XC764002-MixPre-809_Capito_aurovirens.flac,Xeno-canto,Aves,True,1.9438611585146601,0.2904100557504557,1.7897704565302972
sl_eat_all_ssl_all,12,ac052ba7-9f49-4dfa-be46-a4bfef19a104,XC178999-Dendrmin-Alarm_Poland_PSZ_2014_05_19_3722.flac,Xeno-canto,Aves,True,2.1903941618282055,-0.38527968967883897,2.0534886333479028
sl_eat_all_ssl_all,12,15d6a4ca-ed80-4db7-bf70-99ee0e507715,XC746232-arcticternnocmigrosslare.flac,Xeno-canto,Aves,True,-1.3935947149160366,-0.03281031670991444,-0.6438848375821802
sl_eat_all_ssl_all,12,9d5669a9-4063-4926-a1e9-73f7bf460a9b,XC300016-LS_50637%20Senegal%20Thicknee%20call%20B.flac,Xeno-canto,Aves,True,3.599964576415782,-0.3975692300491518,2.808431027956577
sl_eat_all_ssl_all,12,43869f31-9b23-443e-87e4-f15206409e69,Megalaima_haemacephala_mindanensis_Mindanao-9Dec09-FRL_PH_R09.0110_0-52_S.flac,Xeno-canto,Aves,True,0.8097045418961608,0.7719468305656152,0.9273979661937823
sl_eat_all_ssl_all,12,9e2a87e5-2e7c-4334-94ea-7746d2b45433,66091006.flac,Watkins,Mammalia,True,-2.2962190241276472,-1.6803029423275067,-1.3844155974711247
sl_eat_all_ssl_all,12,859a9c1a-4eeb-4588-b73a-231061fa694a,90027106.flac,Watkins,Mammalia,True,-4.50155802494012,-2.526547978124327,-2.356024818187307
sl_eat_all_ssl_all,12,88ef6865-f787-4827-bf83-98c495dc91d1,XC695896-2022.01.05%2007h10%20Grand-duc%20Boutonnet.flac,Xeno-canto,Aves,True,0.621752987380095,0.6381462064934178,0.9691737917473365
sl_eat_all_ssl_all,12,474e848f-0066-46d8-a630-9da2877724eb,XC166258-1279.northern.saw.whet.owl.benner.2014jan28.flac,Xeno-canto,Aves,True,3.0596952987680544,-0.028373941653322035,2.5628477608499525
sl_eat_all_ssl_all,12,0008b62f-dcb8-4b2b-87ee-b3bf809069f3,6102102L.flac,Watkins,Mammalia,True,-5.3440293909069325,-1.9905509337478464,-4.2331695087585235
sl_eat_all_ssl_all,12,a35a7b6d-2e8e-4294-ae3a-2c83eecb93ff,605850.flac,iNaturalist,Aves,True,1.9520904686087874,0.02293155867376867,1.9409774510355082
sl_eat_all_ssl_all,12,27d4bf5e-8adf-4db2-991c-7d19f42160c7,XC425219-LS109419%20Senegal%20Thicknee%20flight%20call%20B.flac,Xeno-canto,Aves,True,-0.7478374684146427,0.6149708155471157,-0.168335740254008
sl_eat_all_ssl_all,12,35601063-e03d-4668-a80d-c7f53b5fe230,9101200G.flac,Watkins,Mammalia,True,-3.790609994093362,-3.953101190055392,-2.5847169958646576
sl_eat_all_ssl_all,12,bbc0f0d4-79f9-461d-a707-84514098014c,XC319756-Whimbrel%20from%20pair%20flt%20-CA%2C%20Tijuana%20Estuary%20off%205th%20Street%2C%20April%2018%2C%202015%2C%200800%20AM.flac,Xeno-canto,Aves,True,0.6988329408532826,-0.3979389915667577,1.1787346812547848
sl_eat_all_ssl_all,12,0d0309fc-c5ca-4f74-bba6-bef77d7e4f42,XC388615-150923%200830%20Stony%20Creek%20Metropark_Marker%2013.flac,Xeno-canto,Aves,True,-0.7505520862593842,-0.8056930734313232,-0.09773156467171712
sl_eat_all_ssl_all,12,55d4aa22-6db5-4f34-81fd-554cbd7d983f,XC577872-200617_2591_COSC.flac,Xeno-canto,Aves,True,-1.5769508210031145,0.6396889785711114,-0.8145758301979411
sl_eat_all_ssl_all,12,9d9e810f-d25f-45c4-8e83-d6b1983fcba9,XC338339-chroicocephalus%20genei%2019%20salinas%20de%20bonanza%2007-08-2016.flac,Xeno-canto,Aves,True,-2.6790278406765626,-0.6661238024298315,-1.2568087051592365
sl_eat_all_ssl_all,12,d13044f7-27cc-4035-926f-21e1917d3325,XC427554-Lophostrix%20cristata%20-Caio%20Brito-%28Paragominas-PA%29-BRITO2335.flac,Xeno-canto,Aves,True,-1.0051992483745418,1.4872924829355836,-0.5358820283461134
sl_eat_all_ssl_all,12,d89cedbf-c7d8-4f8c-a175-24a6f6a1ce2b,XC540230-1002%20Long%20Eared%20Owl%20Male%20and%20Female2.flac,Xeno-canto,Aves,True,0.9983702960762615,-0.09755557004247865,1.156703119047364
sl_eat_all_ssl_all,12,8ac6ff3e-3a86-43ca-a454-de7768a4b278,african_grey_woodpecker_120301_1710_kerio_valley.flac,Xeno-canto,Aves,True,-0.9674687721663339,-0.7147368897890409,-0.1755742393976883
sl_eat_all_ssl_all,12,1cce2ce6-a7b7-49da-a678-982933912de0,351924.flac,iNaturalist,Aves,True,3.9864043553887605,0.5326714473364327,3.1735786473249155
sl_eat_all_ssl_all,12,4bfac305-e179-4d3f-afe3-c4bc27892157,XC373565%20-%20Black-breasted%20Puffbird%20-%20Notharchus%20pectoralis.flac,Xeno-canto,Aves,True,0.583190782328544,0.1823597593147933,0.6904125564345794
sl_eat_all_ssl_all,12,921d605d-7396-45ca-b2a5-468ef6ebaa69,XC531293-DOWO_YRWA_SOSP_AMRO_BEWR_AMCR_CASJ_BCCH_2019-04-21_Whitaker_Ponds_Portland_OR_1456.flac,Xeno-canto,Aves,True,4.275035374168889,-0.17478727363687252,3.548584149791424
sl_eat_all_ssl_all,12,ae0345fd-4f95-4f26-ba18-829abba08cd4,XC745083-Sl%C3%B8rugle%20vingeslag%20og%20kald%20%C3%98by%20d%2025%20aug%20kl.02.35.flac,Xeno-canto,Aves,True,2.2956726055151786,0.7352065438670412,1.9968039930436141
sl_eat_all_ssl_all,12,d84907d1-5c01-4a36-a994-b5a83ac1a157,58036008.flac,Watkins,Mammalia,True,-4.822785587381794,-0.42820696163014893,-3.486508359505314
sl_eat_all_ssl_all,12,9db5c2bc-ca9b-4b61-8a85-4c8ebc01f24e,7700800A.flac,Watkins,Mammalia,True,-2.057501651114748,0.243487046192313,-1.9747846038845154
sl_eat_all_ssl_all,12,b2b0af18-1e80-4c3f-b42b-8c44fa4cf63e,XC574152-CIVETTA%20NANA%20-%20Verrayes%20%28online-audio-converter.com%29.flac,Xeno-canto,Aves,True,2.0322722132099775,0.7846831961660974,1.6286037837570781
sl_eat_all_ssl_all,12,474db083-e6f1-4316-a8b3-76dbdaa7db93,9775100B.flac,Watkins,Mammalia,True,-4.927010986469442,-0.958936135646695,-4.605164186979413
sl_eat_all_ssl_all,12,c07c3e40-5aae-430c-9599-80bbe0fe92fe,XC744944-220814_002Flussuferl%C3%A4ufer.flac,Xeno-canto,Aves,True,0.7591374976584453,0.7229927838434965,1.1014472062130307
sl_eat_all_ssl_all,12,a8ee600d-d3d7-435e-aedf-c6efb70a8ea6,XC360929-Red-cockaded%20Woodpecker%20-FL%2C%20Buffer%20Preserve%2C%20March%2022%2C%202017%2C%200842%20AM.flac,Xeno-canto,Aves,True,2.122926384121784,0.25822110093577955,1.9621018319263248
sl_eat_all_ssl_all,12,ba0d5e12-bc0e-4a0a-a5b3-b8f36d81ff91,386607.flac,iNaturalist,Aves,True,4.41790919410513,0.5021816205826743,3.5670981258763956
sl_eat_all_ssl_all,12,cabf870e-7cc8-4c73-9e27-7c172350564f,6102204P.flac,Watkins,Mammalia,True,-1.5550475623389475,-0.24170792752374753,-0.9357252431124925
sl_eat_all_ssl_all,12,107d7249-ed7b-473c-a808-bc48ada60dc6,XC385845-170504_08.flac,Xeno-canto,Aves,True,-0.6194404391676093,0.33371821285403397,-0.3337794835182103
sl_eat_all_ssl_all,12,212289f7-503b-47da-af8f-36249ee99ce0,75011016.flac,Watkins,Mammalia,True,-1.7719267073563532,-1.090641309977117,-0.7663151845037173
sl_eat_all_ssl_all,12,7bc373e0-dc42-4879-aff8-58e0e25a8bd2,97769003.flac,Watkins,Mammalia,True,-5.575866652198656,-0.12277810022805485,-4.496120475485927
sl_eat_all_ssl_all,12,a1bbe058-99e0-4e63-bf74-b45c2dadd6f0,XC617293-210124_14A%20sel%20Ok%C3%A4nd%20kattuggla.flac,Xeno-canto,Aves,True,1.7728332012544405,0.45265563872720455,1.5693421501251632
sl_eat_all_ssl_all,12,10d849db-1f13-49f0-bd31-18bfe1078ff5,6400504E.flac,Watkins,Mammalia,True,-1.274472790785996,-0.18492568067073642,-0.5320415808682301
sl_eat_all_ssl_all,12,d7ebaffb-d563-4171-86ce-3d88d0bdae25,XC507651-LS110268%20Steaea.flac,Xeno-canto,Aves,True,-0.36073294242495557,-0.09095108887192938,0.46651394538250557
sl_eat_all_ssl_all,12,cd81c359-70f0-436a-baf4-733668abc417,XC732783-R%C3%B6st_121-1-2-1-1-1.flac,Xeno-canto,Aves,True,0.48368604118415254,0.42259909649130845,0.5707573735505685
sl_eat_all_ssl_all,12,d8e29594-701e-4a10-89a2-9b525d89f9f4,Megascops%20apurimacensis0719-2.flac,Xeno-canto,Aves,True,-0.20609838814013579,-0.2969262776223836,0.32592436189416124
sl_eat_all_ssl_all,12,1fb022d7-2a61-4133-9f1a-3380d127a83d,XC301947-RNSA_up_123015_1100.flac,Xeno-canto,Aves,True,2.8903464478744567,0.3541036242580361,2.351340546796277
sl_eat_all_ssl_all,12,29ff6030-b8b6-4e9a-a197-4bbfcb793346,9400805X.flac,Watkins,Mammalia,True,-3.997828941640257,-1.9993821431426362,-2.7354648160971964
sl_eat_all_ssl_all,12,c1686836-ba4c-42ce-b483-36dccd6c4ab3,XC448657--St%C3%B6rre%20hackspett-trumning%202%20ex-Tivedens%20NP%20Vg-%282017-03-11%2006.55%29-LS140049.flac,Xeno-canto,Aves,True,1.0566559129844593,0.3727437417042164,0.9459808057554574
sl_eat_all_ssl_all,12,8f4bf5fc-8fa9-4125-8071-f6b8ff215d70,XC576978-200702_003h.flac,Xeno-canto,Aves,True,1.6895321149221845,0.17039308901383476,1.6566006530063109
sl_eat_all_ssl_all,12,ea5ffa7e-e29a-4ee0-85ef-69516c40aba1,XC192911-Blue-eared%20BarbetTG12014.flac,Xeno-canto,Aves,True,2.246585289462612,0.2395356309500906,2.422582476626695
sl_eat_all_ssl_all,12,564352d0-cae2-4f23-8966-d3fc1d45a907,XC637938-Chev%C3%AAche%20d%27Ath%C3%A9na%201_Moutonne.flac,Xeno-canto,Aves,True,0.11997669396980773,0.3225964003076547,0.4266475293544527
sl_eat_all_ssl_all,12,5176c662-6d32-4eb1-b1d6-d9960e637fb5,XC795010-230421_1226B-sel2-Enkelbeckasin-r%C3%B6rdrom-sk%C3%A4ggdopping-r%C3%B6dvingetrast-trana-argt-d%C3%A4ggdjur-Nnoc-Ppyg.flac,Xeno-canto,Aves,True,3.215938157903924,-0.26601256238640436,2.9039424180462388
sl_eat_all_ssl_all,12,9469e45c-7ae7-47fa-aa28-329410f5da7f,656097.flac,iNaturalist,Aves,True,0.6650923480752201,0.6763436664430795,0.5939970776232993
sl_eat_all_ssl_all,12,6b879f0c-009f-4857-a277-213484450959,60026035.flac,Watkins,Mammalia,True,-3.991782851570323,0.2039241816593345,-2.5626596022414625
sl_eat_all_ssl_all,12,76ad9e1d-7719-4545-bb1d-19d0c867a400,7500400S.flac,Watkins,Mammalia,True,-4.077664562158839,-1.55158653125533,-2.313346538049416
sl_eat_all_ssl_all,12,79041ed9-600d-4c51-a69b-036c29591f23,7100101E.flac,Watkins,Mammalia,True,-3.63201998373756,-1.2506938474078582,-2.3169127751927476
sl_eat_all_ssl_all,12,c40ba31a-75e8-4087-ad53-f6779284c831,XC401953-171226_C_SpottedRedshank_flightcall_PoYang_OC.flac,Xeno-canto,Aves,True,4.225745972638595,0.5505154231731297,3.5008505995054002
sl_eat_all_ssl_all,12,9a2eaebf-1de4-4b3b-873c-1c34a05bba1d,XC609337-Dotterel_Black-fronted1_M6MKH-202_Mount_Wood_Dam1_Dusk_27thAug20.flac,Xeno-canto,Aves,True,0.41137481840560763,0.0005427930942480119,0.7841708474287602
sl_eat_all_ssl_all,12,21faf819-d5f0-4264-9a9d-d846feb83e93,R09_1362-Yellow-billed-Jacamar-interval-shortened.flac,Xeno-canto,Aves,True,2.546392548258461,0.049885736637860195,2.158788690898598
sl_eat_all_ssl_all,12,3417586c-f533-4d94-9087-1fea08ffe07e,6302100T.flac,Watkins,Mammalia,True,-5.7373662188195915,-2.090236104025178,-4.058982916365468
sl_eat_all_ssl_all,12,851fbe69-65dc-4720-be7a-50c017ee6013,XC337825-Gaviota%20Andina%20Huancar%2030-09-2016.flac,Xeno-canto,Aves,True,1.421769051170415,-0.002372465931808121,1.3390022846412493
sl_eat_all_ssl_all,12,eb10f2e6-5813-4711-a733-93643d9e5ee3,97769008.flac,Watkins,Mammalia,True,-3.895037158676937,-3.6123091704853265,-2.475565771278176
sl_eat_all_ssl_all,12,cef84491-8e59-429b-b71f-11e3aaf43c31,XC322893-LS_52158%20Arctic%20Tern%20call%20C.flac,Xeno-canto,Aves,True,-0.9453729447743341,-0.2001146540163057,0.15318797324490413
sl_eat_all_ssl_all,12,df360fc2-208e-46f8-aa98-4dc104cffa2e,XC690078-jynruf.flac,Xeno-canto,Aves,True,0.3860591178107253,0.21785591093199128,0.6817865515182205
sl_eat_all_ssl_all,12,8ecc4d79-20a5-404d-b8f3-82e18963ba92,66091007.flac,Watkins,Mammalia,True,-2.8179864332138003,-0.9844511840755483,-1.8703975783875977
sl_eat_all_ssl_all,12,ade7119c-e45e-4951-a49c-00108278cf8e,198862.flac,iNaturalist,Aves,True,0.20237939113371609,0.03447803036108056,0.44874582902373067
sl_eat_all_ssl_all,12,a0f16809-156a-426f-8156-2e5a6bc1178e,127749.flac,iNaturalist,Mammalia,True,0.8039947282717115,-0.3264863990157439,0.9373971204621577
sl_eat_all_ssl_all,12,e123df50-5102-4545-a9f5-4d6ffc1989de,8600805U.flac,Watkins,Mammalia,True,-4.178287604462556,-2.3834944458831524,-3.1324589114014483
sl_eat_all_ssl_all,12,2c94d6d8-1f62-4765-834c-8366f158f2a8,7501100U.flac,Watkins,Mammalia,True,-3.657801684913364,-1.715774452976977,-2.4525279057078695
sl_eat_all_ssl_all,12,d2511bb9-1aa6-4aaa-b5cf-f76a1fc88b0e,XC723434-Enkelbeckasin_20.flac,Xeno-canto,Aves,True,0.27110139873987077,-0.6862986395719082,0.8867751712476231
sl_eat_all_ssl_all,12,80597c6a-56a8-4704-a62c-26cebdf855cc,XC794305-20190530-0555-CO190016-US-CO-Baca-Two-Buttes-SWA-HAWO-%28B%29-calls_01.flac,Xeno-canto,Aves,True,2.746863693682562,0.5282955418027422,2.5874712138335214
sl_eat_all_ssl_all,12,c1916296-98ff-4dc2-b438-1ec451830830,XC670315-pancianera_sentDR0000_1306.flac,Xeno-canto,Aves,True,3.6572257554802126,1.2116583270219627,2.9251972745998867
sl_eat_all_ssl_all,12,16c145ab-e73a-4ae1-8e08-d52879fe6a44,570618.flac,iNaturalist,Mammalia,True,0.16242096443842946,0.5784258506914395,0.41364289120822895
sl_eat_all_ssl_all,12,06157d42-4db5-4d5d-a60a-a95d308e510d,XC749806-oystercatchernocmigrosslare.flac,Xeno-canto,Aves,True,-0.5084417688730882,1.3735402556780048,-0.03904544703210424
sl_eat_all_ssl_all,12,88bd2c94-33b5-43ee-983d-e47ac6b5ee1b,9100501X.flac,Watkins,Mammalia,True,-6.039059007758372,-1.3830112981697371,-4.8956677727053535
sl_eat_all_ssl_all,12,8b2034c7-8d72-4a23-9d87-ab5ac194320f,9776100T.flac,Watkins,Mammalia,True,-6.191338048718757,-2.126796564273484,-5.048932662311511
sl_eat_all_ssl_all,12,6467d4ef-2260-4966-82b2-41d76f711cbd,290312-039perleugle_varsel.flac,Xeno-canto,Aves,True,-1.3502785834915711,0.8541473002389934,-0.77454511182825
sl_eat_all_ssl_all,12,a0d76e86-2da8-407d-bad7-7b1a48178285,94008055.flac,Watkins,Mammalia,True,-5.404164110308233,-2.5063529716761583,-3.643333709111695
sl_eat_all_ssl_all,12,0fb9b6be-0dea-40dd-bcab-c76725831270,639903.flac,iNaturalist,Mammalia,True,-0.2671811743494388,-0.41044089314249266,0.5540171569875219
sl_eat_all_ssl_all,12,02aa1b93-297f-4a73-9372-5a85ce4d1de3,XC663441-210716-BO5%20clip.flac,Xeno-canto,Aves,True,-2.8051275495849133,-0.6188270048124618,-1.2867223836933042
sl_eat_all_ssl_all,12,29da94d6-f609-4c27-b0d1-25c256c1a5a3,91010025.flac,Watkins,Mammalia,True,-2.979173340374612,-0.5002428703532789,-1.7827110072712213
sl_eat_all_ssl_all,12,cdcb4a53-adf4-45e4-b96e-19dc7c262ecf,Otus.insularis081205_01.flac,Xeno-canto,Aves,True,0.0451987973272886,0.11065865593899338,0.36096274163902686
sl_eat_all_ssl_all,12,b4d60fab-3403-413c-a4bb-c98fa1689afe,XC288966-schwarzspecht%20weibchen%20trommeln%2013.2.15%20seba.flac,Xeno-canto,Aves,True,1.2891208557708729,-0.12699513596177062,0.9621306878998743
sl_eat_all_ssl_all,12,e0bff30c-da81-4a54-957f-bd740b28b701,348175.flac,iNaturalist,Aves,True,1.7796785971305904,-0.0849328200995657,1.6207585098577173
sl_eat_all_ssl_all,12,b530fe98-7246-4668-9fe3-7b60e81b2b3a,8800505C.flac,Watkins,Mammalia,True,-2.238067621768475,-0.24265118670205132,-1.632503566710763
sl_eat_all_ssl_all,12,80d7d06d-657f-4081-9d73-82283223ef6d,94008050.flac,Watkins,Mammalia,True,-4.638080253361011,-1.848340551128983,-3.4030897666128768
sl_eat_all_ssl_all,12,7d329ae3-6bb3-48d4-bca7-919dea46e70f,XC203599-Glaucous%20Gull2014-7-1-1.flac,Xeno-canto,Aves,True,-1.7532003476375362,0.7879410122103372,-0.9323450227274942
sl_eat_all_ssl_all,12,929b9e55-0dec-4f9c-ba32-b381dc725e22,XC565646-11mar2curlew.flac,Xeno-canto,Aves,True,3.838272210832008,0.22031906566118925,3.117252716493466
sl_eat_all_ssl_all,12,73101c49-f652-401f-b1e6-d35a27addcd1,510200.flac,iNaturalist,Mammalia,True,0.03706647800628628,0.14368688318290346,0.4965389868841158
sl_eat_all_ssl_all,12,c1ad4413-bcac-4954-964b-554d8a071a7b,Ptercast03.flac,Xeno-canto,Aves,True,-1.0975941029203586,-0.0208550483995274,-0.4767711473144424
sl_eat_all_ssl_all,12,09d1e2b8-c21a-4c93-9454-d8d2e9c2577c,XC154257-Tringa%20stagnatilis%20calls%20Zhanteke%20lake%20Aqmola%20province%204%20May%202013%20%28Arend%20Wassink%29.flac,Xeno-canto,Aves,True,0.596111121963328,0.969239001011177,1.376814962630986
sl_eat_all_ssl_all,12,9ec4f6a7-7afa-4052-a7b9-2c6171619646,75001010.flac,Watkins,Mammalia,True,-4.87974856058176,-0.9445624599208917,-3.1434476232864066
sl_eat_all_ssl_all,12,5be7c5ea-68f5-4d29-beac-ece4f168ed3e,Kattugle_Kaja_180308.flac,Xeno-canto,Aves,True,1.3507281413480245,0.9476941144940777,1.3276930974474128
sl_eat_all_ssl_all,12,26151adc-12ba-4bd0-881b-e4727dc6fa18,XC349740-170108_05.northern.pygmy.owls.mt.graham.az.lance.benner.flac,Xeno-canto,Aves,True,3.502245823842159,-0.04427192551653547,2.9955249444872285
sl_eat_all_ssl_all,12,cf0cee6a-132d-410f-85ea-128eb30213d3,XC299042-120%20Glaucidium%20brasilianum%20%28Calls%20of%20a%20couple%29_VerdeMarII_RibasPardoMS120912.flac,Xeno-canto,Aves,True,2.408286259506889,0.4570530452879573,2.3546686422427587
sl_eat_all_ssl_all,12,a3324412-6f1d-421e-adb2-929113789ce3,64031001.flac,Watkins,Mammalia,True,-3.745624989543343,-1.1172795934179869,-2.6047925650071075
sl_eat_all_ssl_all,12,649596f6-a0fa-4e5c-bc67-4f8cecaf4654,XC550460-Campephilus%20rubricollis%20DCB%20597-1a.flac,Xeno-canto,Aves,True,3.481156841309783,0.19814762886635345,2.7629579287407733
sl_eat_all_ssl_all,12,b1b82430-988c-4b1b-b442-4cdb17d5bb6b,6403100G.flac,Watkins,Mammalia,True,-4.90029787498243,-0.25493428417254066,-3.706547221492791
sl_eat_all_ssl_all,12,249f0ae5-f109-431b-b467-119f3fabb594,6804000N.flac,Watkins,Mammalia,True,-4.82955239151382,-2.5042294641806486,-4.461580261668973
sl_eat_all_ssl_all,12,a220bfb3-0d2a-447f-87c2-396ba444676d,XC571539-Mochuelo%20call%20%2B%2C%2022_28.flac,Xeno-canto,Aves,True,3.59731454896721,0.7821070492617973,3.0016596723748767
sl_eat_all_ssl_all,12,e4414041-567d-4b62-89d4-b0125603cb05,XC710838-DENMAJ2022-03-20-07-22-KALL-d-A.flac,Xeno-canto,Aves,True,4.158567179842102,0.417123369580375,3.422532567964315
sl_eat_all_ssl_all,12,e5a898e9-0ef6-41ff-b708-fd8070201206,8303501T.flac,Watkins,Mammalia,True,-2.7296105804813875,-1.0777959321441377,-1.2040124872662687
sl_eat_all_ssl_all,12,1836a52d-0a83-41f5-be10-39c80895d917,287326.flac,iNaturalist,Mammalia,True,-0.5535906656143093,-0.13665285585923376,0.012471955485577849
sl_eat_all_ssl_all,12,93cae18f-fd3b-4417-ae5e-a5c59407d936,97762009.flac,Watkins,Mammalia,True,-3.3432607096607736,0.19773792740942364,-3.070715654127924
sl_eat_all_ssl_all,12,b1e2de20-3eab-47b3-9d2d-6c6b9c0d5e80,9002708R.flac,Watkins,Mammalia,True,-4.071413341030609,-2.640406074008135,-1.9398053814782004
sl_eat_all_ssl_all,12,4e31a432-7177-430f-b9d0-85c641fe1abe,XC771647-Cabur%C3%A9-minuto-Go-V.flac,Xeno-canto,Aves,True,1.0454439447332473,0.5455966387370591,1.2420886759574925
sl_eat_all_ssl_all,12,6ebb27ae-c9ca-4bde-8f80-779b7d125dfe,XC549391-20200422_nuit_indiv%2003h24mn28s_sylvain.flac,Xeno-canto,Aves,True,-4.361504838353842,-1.5597309020300756,-3.474527877643966
sl_eat_all_ssl_all,12,0729b5e3-8d1d-411c-9dc9-c88f46a4ef14,546578.flac,iNaturalist,Mammalia,True,2.4589563984058254,0.2561940181546926,2.2650188064881647
sl_eat_all_ssl_all,12,efd4408f-bb1b-4bb0-b477-64bf7a24d8c3,XC425217-LS109414%20Caspian%20Tern%20call%20C.flac,Xeno-canto,Aves,True,-0.01391841533491208,0.7457784987512679,0.6346444686983779
sl_eat_all_ssl_all,12,f65ebf13-eb73-4fef-b10c-1e0763b14dbc,60026041.flac,Watkins,Mammalia,True,-4.787077816882745,-0.8734491065364528,-3.4391513956120083
sl_eat_all_ssl_all,12,0a45821c-ad05-421c-a701-28034d55f291,XC281036-150%202%20Scholekster%202%20Zang%20baltsvlucht.flac,Xeno-canto,Aves,True,-1.2854346189383175,0.5254586113893599,-0.7902490517246225
sl_eat_all_ssl_all,12,7caca538-5ed9-48f0-ab2d-f53920567e34,86008029.flac,Watkins,Mammalia,True,-6.184792215842965,-2.151255884550282,-4.520048343397052
sl_eat_all_ssl_all,12,1270a6a5-a9ac-4f46-9c12-dccc9e2f213e,XC148370-1677.flac,Xeno-canto,Aves,True,1.6173007219971236,0.18929893918122184,1.5725091444366008
sl_eat_all_ssl_all,12,ed41f8c4-0c3b-4294-82e2-1beaa67ef988,XC707876-210124_0629%202030%20Ervedal_Little%20Owl%2001_NNPL.flac,Xeno-canto,Aves,True,-0.8508180810234295,0.3757405033588285,-0.3123884153338545
sl_eat_all_ssl_all,12,5d45d1a2-c296-4ce1-98da-76a2e4ac539a,XC278857-Eastern%20Barn%20Owl%20B%200405_195641%20mp3%20near%20Apui%20Alor%20%282%29.flac,Xeno-canto,Aves,True,1.2452389858820467,1.0385866255238543,1.2753221536824904
sl_eat_all_ssl_all,12,8a8fee17-f852-44a4-884f-5fd7b7e06893,XC346932-LS102669%20African%20Scops%20owl%20song%20A.flac,Xeno-canto,Aves,True,2.0175525528483287,0.6933467645094371,1.9267121909926708
sl_eat_all_ssl_all,12,2dbf46f4-25c5-4449-b968-ffd4d27ab507,XC319054-White-bellied%20woodpecker.flac,Xeno-canto,Aves,True,3.29439656618189,0.5339089754364712,2.864464418295118
sl_eat_all_ssl_all,12,15d7d6c4-a911-4ae6-8769-c4eccbe07989,613124.flac,iNaturalist,Aves,True,1.4614474074727175,0.06442463025381823,1.5949346233097592
sl_eat_all_ssl_all,12,f08a03c2-9bcf-40ed-abc8-e65768734499,XC287904-FEPO_031415_1900_OrganPipe1.flac,Xeno-canto,Aves,True,2.1819031245831484,0.9021892689808535,2.0427619884466583
sl_eat_all_ssl_all,12,ecb342f6-5b78-4f9a-924e-817afde027fd,XC522273-Gravelot%20%C3%A0%20collier%20interrompu%20201114%20Bar%20Al%20Hikman.flac,Xeno-canto,Aves,True,1.4226232031341142,0.10676229470221701,1.7855553207625072
sl_eat_all_ssl_all,12,9cbbb0d9-b50c-48cd-b5da-ab5ae0b66393,XC669353-Grote%20Geelpootruiter%2C%20call%2C%20poel%20vlakbij%20Washington-Slagbaai%20NP%2C%20090821%2C%201017%20uur.flac,Xeno-canto,Aves,True,4.02890742662909,0.17965583750149683,3.4398525568406026
sl_eat_all_ssl_all,12,e0274ad3-19d5-4083-81b7-b6dd530a3842,XC797105-GreatBarbet_PhouSamSoum_230422_2134_edited.flac,Xeno-canto,Aves,True,-0.5374732901190069,0.13039524704813096,0.12626210692411155
sl_eat_all_ssl_all,12,f1dcdae1-9a77-4c65-bf6d-9468dfa301a9,79005004.flac,Watkins,Mammalia,True,-4.857015217017881,-1.0620423335526934,-3.9305281784867203
sl_eat_all_ssl_all,12,a86b7b8c-30ef-4f30-adfe-1ab71382d5ba,XC228025-White-barred%20Piculet%20B%204482.flac,Xeno-canto,Aves,True,1.6900807336939434,-0.035019539133541694,2.0458442554643357
sl_eat_all_ssl_all,12,f308d7c9-8052-4316-963a-f5175dcd5ff6,75012031.flac,Watkins,Mammalia,True,-6.406296662865386,-1.6933819669595034,-5.127474729247972
sl_eat_all_ssl_all,12,72e8c01f-385e-40fe-a645-c400d2489a71,97750003.flac,Watkins,Mammalia,True,-3.0408434252534007,-0.8875012682568489,-2.573498653054748
sl_eat_all_ssl_all,12,658854ae-e1c8-49af-a693-d08d845f9528,XC161830-130621-032148.flac,Xeno-canto,Aves,True,1.6572433163784794,0.056507413441891946,1.5223171461703926
sl_eat_all_ssl_all,12,e1e82fdc-c197-4087-862e-1bc14071dbff,XC662241-Tuc%C3%BAquere%20PN%20La%20Campana%20mp3%20audacity.flac,Xeno-canto,Aves,True,-4.981010854638569,0.11957744436772794,-3.629497569944076
sl_eat_all_ssl_all,12,13fe6cd3-e5b1-4849-bb90-ed53076b0304,8600803W.flac,Watkins,Mammalia,True,-4.6490534207179195,-1.8976445770790844,-3.3232705556925453
sl_eat_all_ssl_all,12,2020f0a2-2e1e-4903-b2f4-2fa22cf91bef,XC273727-Rufous-tailed%20Jacamar%20song.flac,Xeno-canto,Aves,True,1.7802066312487523,0.7295815161663448,1.8087393153725317
sl_eat_all_ssl_all,12,3728dcc0-7ba5-4869-8922-97c837ad1542,XC687396-Green%20Sandpiper_Flight%20Call_Tory_080821_B.flac,Xeno-canto,Aves,True,-0.26487688055343284,1.485172921956,-0.0584637740905338
sl_eat_all_ssl_all,12,6e4024c4-191a-4258-94c1-d1ade96934ed,XC281238-273%201%20Steenuil%201%20Zang.flac,Xeno-canto,Aves,True,2.6800836742015384,-0.049658406357228985,2.288414318531278
sl_eat_all_ssl_all,12,2cb01763-57e1-4a0e-b795-eae75656a8b1,5702606N.flac,Watkins,Mammalia,True,-5.994114732948605,-1.1262353713130773,-3.588757934643926
sl_eat_all_ssl_all,12,41d48329-93ff-404a-8678-151bf3fbb2f0,9101203S.flac,Watkins,Mammalia,True,-7.0849724639906295,-2.0644880865040287,-5.76361532576803
sl_eat_all_ssl_all,12,99dd86bb-077f-4371-b1e7-9249cb9fdf35,XC765705-B%C3%A9casseau-minute-vol.flac,Xeno-canto,Aves,True,-0.06960366722982896,-0.5341956196762339,0.2595595849371814
sl_eat_all_ssl_all,12,6068f9f9-e9e4-4b3c-ac40-8b9155dbb54d,XC321259-Uria%20aalgae_20160520_SD_T106.flac,Xeno-canto,Aves,True,-3.054227720888763,0.7299274518938058,-2.2022016143625156
sl_eat_all_ssl_all,12,78be6796-a469-4ddd-be22-2f4b3e8c1601,56018004.flac,Watkins,Mammalia,True,-6.156144436778408,-1.008924715204028,-5.208437250209738
sl_eat_all_ssl_all,12,864dfc18-961a-4847-b8c7-4a5ddb421a9f,8800500H.flac,Watkins,Mammalia,True,-3.125161316750101,-2.183994708006942,-2.3782275153395425
sl_eat_all_ssl_all,12,bb2c644b-d518-4d35-a629-1318b25337f6,151144.flac,iNaturalist,Aves,True,0.20690380825564864,0.31358762690828756,0.6548975619584698
sl_eat_all_ssl_all,12,a2cc20e8-c985-4519-a2ec-376b117dbdc4,XC590337-Eurasian%20Eagle-Owl-Suertetierra-20200922_0350.flac,Xeno-canto,Aves,True,2.0118192440372575,0.59775373062061,1.7722650179532853
sl_eat_all_ssl_all,12,0873f4eb-7dd0-46c2-90ea-32f0160ec1aa,7100201S.flac,Watkins,Mammalia,True,-4.543650734004927,-1.7929294805762483,-3.8547232278613466
sl_eat_all_ssl_all,12,721b294a-96fc-4ce1-acfd-5be8c6eae40c,9775200H.flac,Watkins,Mammalia,True,-4.2938428223663845,-2.0780342930360627,-4.063074521838567
sl_eat_all_ssl_all,12,11d6cf45-5280-4902-86a8-b6d8f97b4fb8,444106.flac,iNaturalist,Mammalia,True,2.3742361119095055,-0.0910935041011432,2.1756856567549083
sl_eat_all_ssl_all,12,143fb0bc-c663-427c-b788-405779f282b8,XC625194-Tawny%20Owl%202215.flac,Xeno-canto,Aves,True,1.330696538113227,-0.03418953583446953,1.574594311593971
sl_eat_all_ssl_all,12,dd33ebbf-925a-4f79-b501-ca2c0a38e6bc,58878.flac,iNaturalist,Mammalia,True,0.15099840807214107,-0.059670810239567953,0.7507445615464057
sl_eat_all_ssl_all,12,a4612c62-b694-4d48-95ea-d4a99b390271,88006019.flac,Watkins,Mammalia,True,-3.630255662183809,-1.0602534589926047,-2.7998003368645827
sl_eat_all_ssl_all,12,58ddf4a9-0d85-4b4b-8a04-e83ec9cf73ba,5903001Q.flac,Watkins,Mammalia,True,-4.724869884919119,-2.1587835645618196,-3.5712138535818383
sl_eat_all_ssl_all,12,5aeb8e9a-f817-4f21-9db6-2a3fd1a46ab1,SNIPE%20Giant_03_SF%20de%20Paula_Rio%20Grande%20do%20Sul_BR_5JUL07_Bernabe%20Lopez-Lanus.flac,Xeno-canto,Aves,True,0.9546720119147649,0.2989263918556228,1.1685140673089156
sl_eat_all_ssl_all,12,6a488107-6c99-4d36-a40c-e3a1bae1dec3,7100700D.flac,Watkins,Mammalia,True,-3.3130390924982605,-2.0192876626790928,-2.529295732406834
sl_eat_all_ssl_all,12,1a569564-a111-4806-9d7f-d59387a77d48,Bubo.flac,Xeno-canto,Aves,True,2.5561076574172095,0.3899102108651944,2.045080684405076
sl_eat_all_ssl_all,12,f6094e06-2635-46d0-91d3-770ff80d7911,164331.flac,iNaturalist,Mammalia,True,3.5762817939946765,0.06442818459772572,2.6469883146680813
sl_eat_all_ssl_all,12,1b90b0b0-b80c-453c-b541-20ae49a6f022,5801801D.flac,Watkins,Mammalia,True,-1.5936130166618563,-0.94779780278266,-0.9268954812907183
sl_eat_all_ssl_all,12,e448c14a-7b23-42ef-bf3a-62157d54c7c4,637039.flac,iNaturalist,Mammalia,True,-0.014412143552738343,0.48984652737782175,0.3293552634516485
sl_eat_all_ssl_all,12,99213f38-7400-448c-9f64-4a687d0037ef,7700600F.flac,Watkins,Mammalia,True,-5.838022659055108,-1.5055832605536206,-4.778307053975482
sl_eat_all_ssl_all,12,65b49b46-ca07-4eca-9386-d47651d297ee,8600801X.flac,Watkins,Mammalia,True,-4.147752866769647,-2.11386446628944,-2.7119317436600427
sl_eat_all_ssl_all,12,6ac3006f-49e7-4d86-9c9b-6c16b3412a8f,8501201S.flac,Watkins,Mammalia,True,-6.234837253505373,-2.1933728578984293,-4.387829219667651
sl_eat_all_ssl_all,12,cb19da5c-319a-42b8-8ec3-1c2111c7a361,becacina2.flac,Xeno-canto,Aves,True,3.245970685823995,-0.20113705792414846,2.913001450024214
sl_eat_all_ssl_all,12,61a859bf-7cee-4a4e-8e89-ef0bd5383894,558077.flac,iNaturalist,Mammalia,True,1.5769923108957213,0.05211280975681053,1.6316341549046052
sl_eat_all_ssl_all,12,73ab37e3-ed12-4c68-ad00-c919d78bdb1d,519937.flac,iNaturalist,Aves,True,0.6582971651455696,0.08585227097762996,0.9063833724627399
sl_eat_all_ssl_all,12,ac0c5ba6-d022-478e-83aa-cd979038f6ce,97781001.flac,Watkins,Mammalia,True,-4.437620882265335,-2.3230604181490824,-3.80326567301208
sl_eat_all_ssl_all,12,4ab21425-c5b5-4145-8045-ab3f76b8046b,68032003.flac,Watkins,Mammalia,True,-1.8963646074804223,0.0585134910746775,-1.02041431762483
sl_eat_all_ssl_all,12,9e5795aa-f700-41e8-90c2-54e4bd11a7dc,XC513602-hiboux%20moyens%20ducs.%20le%2026%3A12%3A19%208h%20am.flac,Xeno-canto,Aves,True,1.329044789030715,0.06744012506789235,1.6081025994844143
sl_eat_all_ssl_all,12,25988f9e-7486-40a9-a5d1-c2c194c619d5,Ninox_novaeseelandiae_ETimorMay05-FRL_TL_18_1532-1248_1_s.flac,Xeno-canto,Aves,True,1.0997604795526341,0.776012766144089,1.1472358126266546
sl_eat_all_ssl_all,12,13145736-ff9f-48ba-901e-eeb040a16495,64055003.flac,Watkins,Mammalia,True,-2.9180683465802426,-0.6499333223266682,-1.9370536768642654
sl_eat_all_ssl_all,12,dd19218d-d90a-4ccc-af1a-a6ecd5ea9f43,XC715078-220330_Arabian%20Scops-Owl_calls_Al%20MehfarTP_OC.flac,Xeno-canto,Aves,True,0.46239176443885577,-0.3587878608659379,0.9602807299305058
sl_eat_all_ssl_all,12,ba936079-dabd-4831-bce3-117cc1d1ed00,XC563510-200519_04.flac,Xeno-canto,Aves,True,-0.2955057509921298,-0.5089504711594143,-0.12481095592127045
sl_eat_all_ssl_all,12,4b0cb268-dc0a-4aec-8442-00984f21edeb,7500305J.flac,Watkins,Mammalia,True,-3.8027040555410014,-2.0598207306866283,-2.7271892487223237
sl_eat_all_ssl_all,12,decbbb99-a8a1-4148-9988-206b6baf183e,5801801M.flac,Watkins,Mammalia,True,-2.868774394252436,-0.39152844594875713,-2.06984457761404
sl_eat_all_ssl_all,12,cdd57c98-fae5-4d6a-8916-88c1ce928c82,410656.flac,iNaturalist,Aves,True,-0.2703580125903998,0.5239031730487043,0.2872081567440552
sl_eat_all_ssl_all,12,70da9885-6877-4aba-b2ac-8bfa8c34ae6f,XC230074-%27San%20Isidro%27%20Owl%20A%202801.flac,Xeno-canto,Aves,True,0.5550079296308752,0.4067720904755717,1.1501019462891688
sl_eat_all_ssl_all,12,094e5fd7-f551-496b-811d-f649ad51034c,9776101U.flac,Watkins,Mammalia,True,-4.0949913291930145,0.6475148041250118,-3.071367409210492
sl_eat_all_ssl_all,12,756f5f6b-e605-4868-88c8-fc950336eb5a,460049.flac,iNaturalist,Aves,True,0.249835566363385,0.5307696207057373,0.6039473358252955
sl_eat_all_ssl_all,12,7124506c-9392-4b69-9cf9-a7dd620a311d,9400806F.flac,Watkins,Mammalia,True,-4.408357774397503,-0.4912488262948811,-3.2446031018528987
sl_eat_all_ssl_all,12,7611bc32-7e8b-4c6b-beea-38b18ea4ea2c,97766002.flac,Watkins,Mammalia,True,-1.5558963187197308,-0.9964017144105166,-1.4568926200904504
sl_eat_all_ssl_all,12,962afc60-1e38-4463-a210-99ae9714c58b,538671.flac,iNaturalist,Mammalia,True,1.0311522942993494,-0.6475942636090459,1.4726689170851162
sl_eat_all_ssl_all,12,0ab061f0-7e4f-4a32-87b0-fa21ffd6393f,530358.flac,iNaturalist,Aves,True,4.37667650441499,0.45040180903721905,3.30911126894216
sl_eat_all_ssl_all,12,6bffd177-4827-42f4-9690-fa6dc57646ee,79040003.flac,Watkins,Mammalia,True,-1.9573798861169187,-0.44635766495466367,-1.2707446952889299
sl_eat_all_ssl_all,12,df688143-3f05-4dcc-8520-b8202289acdd,XC178202-Guiffette%20moustac%20Ebre%2011%20mai%2014.flac,Xeno-canto,Aves,True,0.8860721962388187,1.017349064228082,1.242811950386875
sl_eat_all_ssl_all,12,127d8bc5-ca53-4b42-88fb-677e4e7a3687,9100402F.flac,Watkins,Mammalia,True,-4.0955771467443265,-1.3727508274611555,-2.613107424069451
sl_eat_all_ssl_all,12,9d7febc0-e3b2-4c47-9fea-45c87a3793db,BarredOwl2.flac,Xeno-canto,Aves,True,3.314448299114577,0.5807494538424407,2.9213410057865885
sl_eat_all_ssl_all,12,74fad971-8614-4838-b32f-0253b26d260f,75003011.flac,Watkins,Mammalia,True,-5.599051284008274,-1.7272505990540854,-3.8462312671264107
sl_eat_all_ssl_all,12,08822775-b854-4c90-8728-c1a8a06916e1,61021049.flac,Watkins,Mammalia,True,-6.376752414461235,-1.3961728711291927,-5.24178534764076
sl_eat_all_ssl_all,12,5776b7e7-65e1-48c6-a85b-6e9268651cc0,639152.flac,iNaturalist,Aves,True,-6.815181939382982,-0.9544945588155058,-4.946602603460544
sl_eat_all_ssl_all,12,cc9d7d05-042d-4680-887d-b865a71c5a91,XC571863-American%20Oystercatcher%20alarm%20call%20june%2025%201946.flac,Xeno-canto,Aves,True,2.780326765491432,0.18972889027852052,2.6048465262143763
sl_eat_all_ssl_all,12,60208ff6-e126-4d53-9043-b173305559ba,XC446811-Bay%20Woodpecker_20181207_124232_prepared.flac,Xeno-canto,Aves,True,1.382060378082198,-0.08123785033274154,1.6120121046833362
sl_eat_all_ssl_all,12,d59f7209-4238-4308-8d28-161cbd74230f,XC451747-Campethera_nubica_nom-FL%20song%20Baringo%20Lake%2020No18%2011.04am%20LS112684b.flac,Xeno-canto,Aves,True,2.3329922365784572,-0.07327534959792706,2.144922364081431
sl_eat_all_ssl_all,12,80682f50-0631-49e5-b63f-ac1c9fb724c3,XC268816-Least_Sandpiper_2.flac,Xeno-canto,Aves,True,1.030030925449465,0.328265354398267,1.1124411962424725
sl_eat_all_ssl_all,12,eb69bc44-80e5-4f47-83f8-1b8b52f1a906,695048.flac,iNaturalist,Aves,True,2.0940758009313405,0.6122475142435473,1.918651934086385
sl_eat_all_ssl_all,12,2d6d26c8-82e9-4eae-a187-d7eca628bf4d,XC251126-Miclan050704B.flac,Xeno-canto,Aves,True,1.4812711071536353,0.614377341371025,1.215711676566246
sl_eat_all_ssl_all,12,1af886b6-18df-41bb-961c-8e2b93f04022,XC674295-20210911_0510%20NoId%20Piula%20arbes%20XC.flac,Xeno-canto,Aves,True,2.198915624674404,0.8963418479026453,1.927470925194632
sl_eat_all_ssl_all,12,aeaa94c8-719e-497e-9025-d2207d8021b7,7900403A.flac,Watkins,Mammalia,True,-6.131396462907557,0.1150460330459569,-3.907590340259375
sl_eat_all_ssl_all,12,cb619930-0238-4c4a-97c1-aefaf0615fc3,XC556943-Pic%20mar%20divers%20cris%20%2B.flac,Xeno-canto,Aves,True,0.4594345308414598,-0.05288306788897562,0.8208550404629367
sl_eat_all_ssl_all,12,eca4188e-cbb8-43aa-967f-a26a6c19a374,XC647863-20210512_2345_Monkspath_JS_Oystercatcher.flac,Xeno-canto,Aves,True,-0.22548466216409727,0.06276112972358097,0.25849087144027855
sl_eat_all_ssl_all,12,83f2fbb1-f25c-43ab-8804-180a2838453b,94201060.flac,Watkins,Mammalia,True,-3.8608087260423707,-2.5169937595759526,-3.283619384412134
sl_eat_all_ssl_all,12,f0eaa508-896c-47d3-9f4e-7227183038d9,OWLTawnyBrowed-FL%20song%20REGUA%2022Aug06%2040m.flac,Xeno-canto,Aves,True,-0.92874456672005,0.42074056618691746,-0.23043443067948363
sl_eat_all_ssl_all,12,9421a52e-94f1-4c2f-9d14-e4b83fc674fc,97501003.flac,Watkins,Mammalia,True,-4.938715985392571,-2.329571004510929,-4.029229466106413
sl_eat_all_ssl_all,12,c480f0b3-b37a-4e88-b837-78ca0faba0a6,XC776602-esowforriver20230120_195711.flac,Xeno-canto,Aves,True,0.7566509345696752,0.5813669256802567,0.7966370513455578
sl_eat_all_ssl_all,12,5393a567-ded0-4b82-939b-af42e7785e10,9777100K.flac,Watkins,Mammalia,True,-4.710777978314438,-2.663408808502729,-3.45606657748161
sl_eat_bio_ssl_all,12,345526af-20c5-437b-8741-e197ac6511ed,XC693334-LS_58842%20Dusky-headed%20brushfinch%20song%20B.flac,Xeno-canto,Aves,True,8.452315159886286,-1.0591049816577527,-0.08707904028959068
sl_eat_bio_ssl_all,12,e605b07a-87dd-4723-b812-f84b781c9583,XC126939-Tristram%27s_Starling_2.flac,Xeno-canto,Aves,True,10.504091608762163,-1.2028966923019344,-0.05570997254286736
sl_eat_bio_ssl_all,12,61fc36ad-03d6-4171-97fe-5c67821ec6de,530.flac,WavCaps,,False,8.128753790762035,1.8486366806947798,-3.3509495546043064
sl_eat_bio_ssl_all,12,67961220-1a93-4cce-84c6-cbe1bf6aa1bb,keyboard_electronic_023-032-100.wav,NatureLM,,False,7.86445259623914,3.5475131830686086,-4.9398263174152905
sl_eat_bio_ssl_all,12,5bf599ed-dfa6-41c7-918b-ae6e2f8e4113,XC739803-LS_51498%20Yellow-eyed%20Black%20Flycatcher%20duet%20A.flac,Xeno-canto,Aves,True,8.573174773071491,-3.306854349144316,1.9129690208900527
sl_eat_bio_ssl_all,12,4d1f5da3-4aa7-4381-9949-f9d4ea9bc7fa,XC682803-5999-4004024-4438.flac,Xeno-canto,Aves,True,9.726451344987716,-1.305748037925873,0.09330600863711891
sl_eat_bio_ssl_all,12,a7f4feca-c0a2-4598-b8a1-c508590d0f31,XC717693-Willow%20Warbler%20%2B%20Wren_Song_Mizen%20Head_15.04.22_A%2B.flac,Xeno-canto,Aves,True,8.454592435439448,-1.2028793371357835,0.18330783223433855
sl_eat_bio_ssl_all,12,ba79dda8-f0de-4b2a-8947-c1e7feeb58c9,SSW_269_20170819_120014Z.016_007.wav,NatureLM,,False,8.216839828460763,3.226601302946176,-4.389551947646658
sl_eat_bio_ssl_all,12,3a5b71f7-0fda-4a9f-b693-0327aba0b306,SSW_055_20170325_060004Z.055_010.wav,NatureLM,,False,6.4949217453515775,5.047191557753598,-6.353359447058526
sl_eat_bio_ssl_all,12,3e92ca8d-18a6-48b2-84d9-e18b76078e72,SSW_039_20170311_110008Z.031_001.wav,NatureLM,,False,7.075058500966863,2.329028078174934,-4.267661547145636
sl_eat_bio_ssl_all,12,53030683-a00c-4303-92c8-5b104a41ad3c,9750402P.flac,Watkins,Mammalia,True,2.1164536547474655,-2.62963398229911,1.9726041358550572
sl_eat_bio_ssl_all,12,16eaecc1-b297-4dce-bfc4-c5ca0d7fa81d,20ta010j_2.0053_209c0108_-2.0053.wav,NatureLM,,False,8.66215270216857,0.4409881446306445,-2.2856468782953137
sl_eat_bio_ssl_all,12,5781d7a0-80ea-4be6-9fd1-9f6be373528b,XC385115-T15.flac,Xeno-canto,Aves,True,7.881020715695728,-0.1847711756990864,0.320117146848131
sl_eat_bio_ssl_all,12,4223b186-47a7-4f88-9d8d-38479bb4d986,42459.flac,iNaturalist,Aves,True,8.847130668748564,-1.4220574825867431,0.5486536704738272
sl_eat_bio_ssl_all,12,b795d66d-a577-4b68-bdc1-810b5ff09052,NorthernParula1.flac,Xeno-canto,Aves,True,7.097307763892002,-0.4995451946381163,0.5907564617611256
sl_eat_bio_ssl_all,12,519199ae-1ece-451d-a8e7-16b393685585,256179.flac,iNaturalist,Aves,True,9.792709117738813,0.6321357140514361,-1.4778148468404253
sl_eat_bio_ssl_all,12,484018cf-99a4-4310-a58a-e24c1f9b8d5f,SSW_023_20170304_130010Z.036_009.wav,NatureLM,,False,6.652624448645716,2.0754992321829278,-3.6718834820485586
sl_eat_bio_ssl_all,12,3035d7a6-e138-4057-baad-948b688a26d7,XC744361-Bachstelze%2C%20Gesang%20%209.4.2015%20%20Egelsee%2C%20Badesteg%20%20%E2%80%8F%E2%80%8E15_33_24%20VOC_150409-2357.flac,Xeno-canto,Aves,True,10.537071750137738,-2.361683296915813,1.2131801522944567
sl_eat_bio_ssl_all,12,639d5440-7745-4fbf-943b-2393c1a84ddf,324452.flac,iNaturalist,Aves,True,9.275392316267764,-1.2864645068203544,0.5620318594065342
sl_eat_bio_ssl_all,12,5cf424ab-6501-4962-91fd-ba2c0ce38a37,Cervus_elaphus_DIG0117_03_short.flac,Animal Sound Archive,Mammalia,True,7.699906808638484,0.1844809582202771,-2.0133352235686326
sl_eat_bio_ssl_all,12,833701b2-b661-4fbd-868f-07dda09059bf,XC486056-Xiphocolaptes%20promerohyporhynchus.flac,Xeno-canto,Aves,True,8.954638672363988,-1.0920666685735454,0.1757382428506129
sl_eat_bio_ssl_all,12,cf7fd664-0699-4561-8e3d-aba7e1e54b90,Zalophus_californianus_V2061_17_short.flac,Animal Sound Archive,Mammalia,True,10.044034911451101,-0.09643037971635793,-1.4670271621213278
sl_eat_bio_ssl_all,12,ac225d2d-bbcb-4f39-8b85-7916f5d8bb94,XC402294-sturnus%20unicolor%203%20chapatales%2024-09-2017.flac,Xeno-canto,Aves,True,9.38704120087625,-0.39093826666492415,0.02834356635204094
sl_eat_bio_ssl_all,12,b0e33146-8f91-4aad-b6d1-9fcd7e68e54c,mallet_acoustic_030-087-050.wav,NatureLM,,False,6.763390179067658,2.7310373610460306,-4.157058765973024
sl_eat_bio_ssl_all,12,9ad7750b-961c-4b95-b04c-2d69c8bce4d2,XC541270-Pied%20Currawong%2009_05_34.flac,Xeno-canto,Aves,True,9.40158973730453,-0.4708006805342737,-0.4035980228291671
sl_eat_bio_ssl_all,12,5083d955-24a1-4232-97a5-37e945c676c7,XC360007-LS104552%20Black%20Magpie%20calls%20B.flac,Xeno-canto,Aves,True,9.359559355958782,-1.953676567541578,0.8221369063299087
sl_eat_bio_ssl_all,12,12556fc5-c2b5-4020-81f4-c47d4c1466e0,XC688225-Goudvink%2020211021%201000%201a.flac,Xeno-canto,Aves,True,9.612008695145914,-2.595953180020551,1.6206706271280917
sl_eat_bio_ssl_all,12,b74d3698-d9ed-4c8c-8ab7-b0621a69de4e,XC682514-stenkn%C3%A4ck%20lock.flac,Xeno-canto,Aves,True,8.506482390867134,-0.6855041260836783,-0.14162194092336078
sl_eat_bio_ssl_all,12,f99dc342-77cc-4ab8-a22d-0aea960829d8,XC376687-XC360907%20-%20%D0%A2%D1%80%D0%B0%D0%B2%D0%BD%D0%B8%D0%BA%20-%20Tringa%20totanus%20robusta.flac,Xeno-canto,Aves,True,9.083920707145527,-0.25379611188150586,0.14513407086530516
sl_eat_bio_ssl_all,12,4617b5a8-a226-4662-b005-5eaa24eb43c3,9500300I.flac,Watkins,Mammalia,True,1.6498114040883307,-3.5298764122908035,1.9224377793343945
sl_eat_bio_ssl_all,12,75cd84ad-8c2c-4333-88c9-7327f5e3bf23,XC420018-Common%20Bulbul%20on%202.9.17%20at%20Twinga%20Lodge%20TZ%20at%207.10%20for%20.10%20_0448.flac,Xeno-canto,Aves,True,9.951030037503507,-1.1154014986127736,0.8590805190887341
sl_eat_bio_ssl_all,12,eeb57353-2d95-488d-af35-add7e1716977,XC282848-HETH_3-4-15_1330_MtOrd1.flac,Xeno-canto,Aves,True,8.97015647251828,-2.2886484996696317,0.5363794720476932
sl_eat_bio_ssl_all,12,8798231a-34af-4290-b188-7ddff7e20192,126066.flac,iNaturalist,Aves,True,7.741541963712888,1.5553300226398425,-2.202314877413537
sl_eat_bio_ssl_all,12,ff86a050-6731-45f6-b0df-0d4be52cd0d8,XC473849-Prinia_socialis_nom-FL%20calls%20Above%20Munnar%204Feb16%208.40am%20LS119888a.flac,Xeno-canto,Aves,True,6.523677783004921,0.2962297707799279,0.13036745555991797
sl_eat_bio_ssl_all,12,c91eeae1-4c7c-4d46-bf6a-b81bf31ae996,513777.flac,WavCaps,,False,7.865635300949114,2.3635608235156615,-3.736953247724082
sl_eat_bio_ssl_all,12,6fada358-92cd-4951-bf39-973c259f45e1,7801800C.flac,Watkins,Mammalia,True,2.0611725521892543,-1.4721455862239876,0.7012659434338535
sl_eat_bio_ssl_all,12,94635d4d-9fc1-4914-a6c7-2f5f7b03f1e0,172953.flac,iNaturalist,Aves,True,8.138365659420394,0.14499742253472458,-0.8880898591345323
sl_eat_bio_ssl_all,12,cb3a6d2d-fb28-4c97-bca8-4f9b108de2f2,79776.flac,iNaturalist,Aves,True,10.353238085571707,-1.911702797940731,0.7263411817138778
sl_eat_bio_ssl_all,12,d461f4d6-1645-4ea6-a593-3aec461ed21d,XC563725-PROW%20%28M2%29%20-%20Song%20-%20Les%20Arends%20-%202020-05-31%2006_48.flac,Xeno-canto,Aves,True,10.202563249383944,-1.6984107955109606,0.6549434600013948
sl_eat_bio_ssl_all,12,878a679a-f3c4-4277-aae3-b31c9a59c959,XC714401-Grey-winged%20Blackbird%20female%20Call.flac,Xeno-canto,Aves,True,10.337727972949269,-1.1129203552305937,0.9296151539274874
sl_eat_bio_ssl_all,12,040a385d-3c15-49d5-9e54-ee4649593939,XC507221-Tamatia%20tachete%CC%81%3ACrique%20Saint-Georges%3A01-11-19.flac,Xeno-canto,Aves,True,7.277073806500169,0.5996948881634223,-0.6798597965448313
sl_eat_bio_ssl_all,12,cd88c22f-f94f-47c5-8dd1-c503f28aecaf,57026059.flac,Watkins,Mammalia,True,5.21600398309021,-3.213419337682105,0.4757641682437491
sl_eat_bio_ssl_all,12,fa147d6d-55ca-4786-8269-3a37cb17ce28,XC625226-Carrion%20Crow%200649.flac,Xeno-canto,Aves,True,8.135020187043764,-1.126696554468432,-0.005604342850741295
sl_eat_bio_ssl_all,12,64b22456-5987-405b-a70e-7acd9c8604c9,20090914_WayKambas_BandedPitta_song.flac,Xeno-canto,Aves,True,9.692712405058636,-0.47720816444061587,-0.1476614445046598
sl_eat_bio_ssl_all,12,2c99f75f-28e7-4df9-b7eb-5ca44807bedd,XC193967-THRUSH_Swainson%27s_c%20ustulatus%20Fish%20Creek%2C%20Hyder%20AK%20062314%201438.flac,Xeno-canto,Aves,True,10.326437934486284,-1.2793641561349451,-0.232403780672219
sl_eat_bio_ssl_all,12,c9ad03d2-a092-4d7f-a663-7112b438b12a,XC200559-141024UhuGesangFH2edit.flac,Xeno-canto,Aves,True,10.592505295640015,-0.7848166350991632,-0.2426028541083698
sl_eat_bio_ssl_all,12,28da31b7-3b02-4799-a4d5-4d22351dc633,XC510628-Cranioleuca%20sulphurea_Rio%20Grande_1164.flac,Xeno-canto,Aves,True,7.406706232263199,-1.0279726342296969,-0.220816922742617
sl_eat_bio_ssl_all,12,9c91916b-7620-42c6-a2b4-8da3f3bcf140,XC210152-Corythopis_delalandi_14_12_2014_Amparo_SP_RSS.flac,Xeno-canto,Aves,True,8.656102700436406,0.5403751457886202,-0.36441949965169684
sl_eat_bio_ssl_all,12,c0265934-ab70-410e-a560-21f91e93e762,XC543571-Mino%20kreffti%20kreffti_pcm_191013_06.flac,Xeno-canto,Aves,True,9.244639096516671,-0.7408873362466211,-0.16097797745453513
sl_eat_bio_ssl_all,12,a32a40cb-43da-4114-9668-455fc632df45,XC226630-Long-billed%20Woodcreeper%20%206212.flac,Xeno-canto,Aves,True,8.791342285965476,1.411371234641621,-1.7469026745281255
sl_eat_bio_ssl_all,12,823eb09a-bc66-4ab4-ae43-ec1e805e341b,SSW_070_20170401_100007Z.059_004.wav,NatureLM,,False,8.644179646372244,2.9434819960768195,-4.752628202101044
sl_eat_bio_ssl_all,12,5bf962c9-3f94-43a2-acfb-cb014b8da2f0,77009017.flac,Watkins,Mammalia,True,5.364359493190495,-3.1279433866605784,1.7522299636258494
sl_eat_bio_ssl_all,12,f2650314-83b4-4e4b-a1f1-f93edd739272,SgriseicollisLepipuertoMD5track30.flac,Xeno-canto,Aves,True,7.609026072576149,-1.1427138544931474,1.0228043471041264
sl_eat_bio_ssl_all,12,149de911-bf52-44f1-8c07-30079bfa5024,XC658335-210617-NFC-guiffette-moustac-possible-04h45-Guerfand-4.flac,Xeno-canto,Aves,True,9.902241699124428,1.6558934272246757,-1.4073660638562928
sl_eat_bio_ssl_all,12,39c8e491-e1d9-4ab0-97e7-74067bf186b4,259389.flac,iNaturalist,Aves,True,8.938141637162921,0.27245624283601233,-1.1546379248441057
sl_eat_bio_ssl_all,12,1b4e638a-ef28-406c-933d-83aacd20fdfd,XC137559-Cyanomitra_cyanolaema_130404_06.flac,Xeno-canto,Aves,True,9.433071277170669,0.29213293005641217,-1.263155105894345
sl_eat_bio_ssl_all,12,68df0cb0-a0af-45df-9066-d7d9424040a9,THRUSH%20Slaty%20%28Andean%29_08_Acambuco_Salta_AR_8OCT05_B%20Lopez-Lanus%20%28BLL%20et%20al%202007%29.flac,Xeno-canto,Aves,True,9.436853754859007,-2.11807927659758,0.913804016846667
sl_eat_bio_ssl_all,12,bf372c58-e740-4020-a974-80d3865f9a60,CARDINAL%20Yellow-billed_05_Otamendi_Campana_Buenos%20Aires_AR_22NOV01_Bernabe%20Lopez-Lanus.flac,Xeno-canto,Aves,True,8.64471202561475,-0.8724284530726669,0.785515099120444
sl_eat_bio_ssl_all,12,ea4a5b95-6574-468a-8c16-7df995c2ec25,XC413916-RedBelliedPitta_Talaud_072217_song.flac,Xeno-canto,Aves,True,10.010192579383002,-0.9096881624953173,-0.24524326494991877
sl_eat_bio_ssl_all,12,ccb717f9-b508-4e72-a149-36bfa38d9f13,541272.flac,WavCaps,,False,8.9247387115178,0.029541804300191377,-2.1851571819752307
sl_eat_bio_ssl_all,12,d92bc3a1-d8f7-439c-a0c3-2ab375d2c753,2836_5355_000026_0000002.wav,NatureLM,,False,8.288042010172695,-0.014879089998901529,-2.571155344948558
sl_eat_bio_ssl_all,12,2234bc1e-d1f1-4d15-964e-3311e14534b2,622099.flac,iNaturalist,Aves,True,9.567749796887892,0.3581818599624883,-1.2505220535532837
sl_eat_bio_ssl_all,12,029aeed5-40a1-4728-bdb0-c328c4fa78fa,87003005.flac,Watkins,Mammalia,True,3.120281339760671,-3.9648558157558873,1.0514617566075457
sl_eat_bio_ssl_all,12,afb37eee-ce7c-4964-9b19-86b9b477797a,A%20Buchfink%20C.flac,Xeno-canto,Aves,True,8.43410713593953,-1.681882397956962,0.8921477410271247
sl_eat_bio_ssl_all,12,eb6d9779-2525-4889-8e90-fef798a9e447,XC585592-200829_2330a.flac,Xeno-canto,Aves,True,9.919849965522069,-0.6061285926164122,0.5504774227312249
sl_eat_bio_ssl_all,12,26df3063-fe3c-48d5-9f5b-f1cdd1c39ddd,XC273712-Lance-tailed%20Manakin%20call.flac,Xeno-canto,Aves,True,9.479806844394533,-1.237083778119037,0.19888479016936755
sl_eat_bio_ssl_all,12,dfa945a5-d725-4213-8024-e95444d30022,SSW_131_20170506_160014Z.056_012.wav,NatureLM,,False,7.749119801206809,-0.8465859649502236,-1.130993201841588
sl_eat_bio_ssl_all,12,724ad83d-b8bf-40b4-8871-a63ef9997a2d,80951.flac,iNaturalist,Aves,True,8.97709747624296,0.15123034076081066,-0.782224269235251
sl_eat_bio_ssl_all,12,22d963f6-b54e-4af3-af09-f900ef4999a3,498419.flac,iNaturalist,Aves,True,9.432782931738114,-0.08451992831327937,-1.0376531657845325
sl_eat_bio_ssl_all,12,c83f22a7-fcf1-4fae-be2b-63a0e713fef5,XC703174-DUFL_2021-06-04_Surveyor_Campground_Klamath_County_OR_0834.flac,Xeno-canto,Aves,True,9.716998305293373,-1.9975014478170774,0.9120403961380177
sl_eat_bio_ssl_all,12,64fee962-59fe-4b32-a996-53a8f0a500b0,XC256074-THRASHE_Cur-bil_c_dawn%20OPCNM%20500m%20082012%200531.flac,Xeno-canto,Aves,True,9.105329730789244,-0.08201386644358788,-0.8092446986969107
sl_eat_bio_ssl_all,12,767551e6-6aee-488f-b86a-934001633d21,XC684441-Cape%20Batis%204%20note%20call.flac,Xeno-canto,Aves,True,8.744826279898795,-1.4155553771519682,0.8639449951056345
sl_eat_bio_ssl_all,12,f65f769a-7e0f-4a8f-b4c5-407c13a0f3df,XC276215-Muscigralla_brevicauda54cut2A.flac,Xeno-canto,Aves,True,10.305354712203531,-2.0412141999079823,0.6328817725355931
sl_eat_bio_ssl_all,12,0f5c174e-631e-443c-b669-913d7a104b82,413492.flac,WavCaps,,False,7.401080297509749,1.1618148098200443,-2.2641497050388466
sl_eat_bio_ssl_all,12,e3017e9b-8dde-411e-9379-397d61190dfa,XC280005-LS_56546%20FALSE%20BAY%20AREA%20Scarlet-chested%20Sunbird%20call%20A.flac,Xeno-canto,Aves,True,9.955257292718326,-2.002052058660081,0.9752013345348576
sl_eat_bio_ssl_all,12,a012a70a-7061-4d78-99d2-95bfe85811eb,519647.flac,iNaturalist,Aves,True,9.224056824535545,-1.688425895057801,1.499088787985817
sl_eat_bio_ssl_all,12,af091fbd-597b-4c39-873b-ba66c2dee4a7,XC701555-mp3%20%E0%B8%AB%E0%B8%B1%E0%B8%A7%E0%B8%82%E0%B8%A7%E0%B8%B2%E0%B8%99%E0%B9%80%E0%B8%82%E0%B8%B5%E0%B8%A2%E0%B8%A7%E0%B8%AB%E0%B8%B1%E0%B8%A7%E0%B8%94%E0%B8%B3.flac,Xeno-canto,Aves,True,10.306031711400873,-2.221631654229074,1.1160407153580083
sl_eat_bio_ssl_all,12,d8591970-8835-4997-a360-34765d5f69bf,XC428511-Campylorhamphus%20falcularius3.flac,Xeno-canto,Aves,True,8.840337015178235,-3.284464102214961,1.7733222714033157
sl_eat_bio_ssl_all,12,22d30df2-b2ec-4bb6-94ed-143303dce57e,631192.flac,iNaturalist,Aves,True,10.03160134903364,1.4231057938687348,-1.2662154608741325
sl_eat_bio_ssl_all,12,45b9c5c2-0617-4b49-845c-ba57e4de9d37,XC698221-RECAV0_210507_1017_lim026_alarme.flac,Xeno-canto,Aves,True,8.883166738932722,-0.9963651408352638,0.20536415079590908
sl_eat_bio_ssl_all,12,b93a5062-b645-4972-afa0-64f8b52eaf7b,46680.flac,iNaturalist,Aves,True,8.853127434304458,-1.5995856513590123,0.4731330852049125
sl_eat_bio_ssl_all,12,f73d5b6c-4e75-4706-8879-10efb3f9dd6d,XC590985-Megascops%20roraimae%20MNML%20092020.flac,Xeno-canto,Aves,True,8.683407103898004,0.06639482916154882,-0.3931558218887108
sl_eat_bio_ssl_all,12,3c561d9f-faeb-4095-a8df-db39c9f90e29,2413%2F27.flac,Xeno-canto,Aves,True,8.94998509316889,0.3153342985354701,-1.0258843534479682
sl_eat_bio_ssl_all,12,5ff1b801-99e2-4468-8d1a-003bc3b04b9b,XC304310-Coppersmith%20Barbet.flac,Xeno-canto,Aves,True,10.322778091736929,-1.6651577811342935,0.2389888963931297
sl_eat_bio_ssl_all,12,55b259de-bb5a-430f-b244-4074b68ab8e8,Yyy2Msyv3j5Q.flac,WavCaps,,False,9.663375149892499,-0.988972123029086,-0.40491918057314025
sl_eat_bio_ssl_all,12,95ee6b95-ab25-4dea-9368-291d38239041,XC499085-190917-100410alveolacinzenta.flac,Xeno-canto,Aves,True,8.680037050635327,0.7354608246843686,-1.1888155460402126
sl_eat_bio_ssl_all,12,95692cfb-15bf-4154-972c-e5b56cd998d3,650032.flac,iNaturalist,Aves,True,9.264577099548356,-0.6031358354980569,-0.5101738993663971
sl_eat_bio_ssl_all,12,d2e93f15-608a-4d0a-95c5-fe87761ced2d,XC139158-Northern%20Puffback%20Manegusha.flac,Xeno-canto,Aves,True,9.281946422451249,-0.905386133896668,0.049220794487768504
sl_eat_bio_ssl_all,12,29f3fee1-2bc8-4972-b909-cfb00e85d26f,XC296212-picchioCen1.flac,Xeno-canto,Aves,True,9.587739094304437,-1.8274365921185247,0.9427542501372449
sl_eat_bio_ssl_all,12,44931f2b-2ab3-4914-8242-05d44c65b572,83_11691_000076_0000044.wav,NatureLM,,False,9.997425661596637,0.3805824448760293,-2.7816190136051455
sl_eat_bio_ssl_all,12,ce541065-12f5-4555-ad32-64dcb6a2cbd9,XC538724-Indian%20pitta.flac,Xeno-canto,Aves,True,10.064498325048756,-1.1662726985519587,0.3973587466487045
sl_eat_bio_ssl_all,12,880d47c7-4327-42c4-a423-4b34ab155b4b,133566.flac,iNaturalist,Aves,True,9.428187387484185,-0.5644276779129414,0.08350347848777884
sl_eat_bio_ssl_all,12,58256ccf-1484-4797-acd3-15a9751cc3d9,XC157730-Gampsorhynchus-rufulus-FL%20response%20Chidu%20area%2C%20Mishmi%20%207Apr13%207.33am%20LS113820.flac,Xeno-canto,Aves,True,9.017745910689323,-1.0851038923702834,0.513242867739376
sl_eat_bio_ssl_all,12,9d183521-c0ab-445b-941e-add62ef1a4bb,40452.flac,iNaturalist,Aves,True,10.682215880558116,-0.9010687761330152,-0.12026224524869666
sl_eat_bio_ssl_all,12,e1502208-c3f6-4ddd-b74f-16743dde4b5a,Cervus_elaphus_S1329_07_short.flac,Animal Sound Archive,Mammalia,True,8.811854972022973,-0.5487156176516819,-1.116943938602791
sl_eat_bio_ssl_all,12,80c52694-8f0c-4bf5-9cf5-2cc5dfdd1044,XC407843-Woodpecker_Grey_and_Buff_UM1_20thMar18.flac,Xeno-canto,Aves,True,8.549880459885902,-0.4477418753826572,-0.07671633056555849
sl_eat_bio_ssl_all,12,57ccbcb8-2320-49db-b21a-1b75139f3ee9,115565.flac,iNaturalist,Aves,True,9.47370890730447,-0.3513047598197836,-0.42772417348534353
sl_eat_bio_ssl_all,12,8bec7a0c-beaf-4a10-adb4-567825faa1cf,XC664893-9%20Saborta%20Warning.flac,Xeno-canto,Aves,True,8.049847714103137,-2.252010791651665,0.6641932879634582
sl_eat_bio_ssl_all,12,768010b4-e17e-48d6-8a0f-02736799380d,XC561638-cho%20hul%20femelle2.flac,Xeno-canto,Aves,True,8.276710411854662,-0.09424593347373789,-0.02710728251078154
sl_eat_bio_ssl_all,12,098334ce-c397-4222-8296-8ffca7fae437,194139.flac,iNaturalist,Aves,True,9.617395996674965,-1.1872330453531945,-0.025195517051090355
sl_eat_bio_ssl_all,12,6978dff9-253f-4c22-9532-708d02ae08a5,XC701615-S4A10550_20200623_210002-23.12_klask.flac,Xeno-canto,Aves,True,8.629401635953197,1.2996112303578597,-0.9995972572775088
sl_eat_bio_ssl_all,12,dfd6cbf9-31a5-4bb6-b123-9f59b3ff4daa,SSW_118_20170429_220023Z.001_008.wav,NatureLM,,False,8.887129111602722,0.5569450740558117,-2.9874441188976446
sl_eat_bio_ssl_all,12,3cb08433-cebb-4c98-898b-80e54ecb219f,32802.flac,iNaturalist,Aves,True,8.478653126372404,-0.7444511596705415,-0.7873732639290374
sl_eat_bio_ssl_all,12,938bd247-c632-47bd-bbe2-f00ed2e54ea8,Serinus_mozambicus_barbatus_20100701_zang_Lake_Bunyonyi_OEG_LS100329egg-z.flac,Xeno-canto,Aves,True,9.27748147394792,-0.3467725642398498,-0.22978358632257856
sl_eat_bio_ssl_all,12,0f9889a9-b9a6-4e30-8b08-d0242da6a515,410922.flac,iNaturalist,Aves,True,8.007305059285056,0.35137150904515946,-0.7833798522286537
sl_eat_bio_ssl_all,12,547a075d-83d1-4019-8116-45f9dcc43c5e,XC422294-Blue-banded%20en%20Blue-headed%20Pitta%202%20260218%20Danum.flac,Xeno-canto,Aves,True,8.331367708436671,-1.0153733934397444,-0.540715158447477
sl_eat_bio_ssl_all,12,bdc650b9-36d5-47ed-824c-13cca43302ff,SSW_154_20170513_190014Z.028_017.wav,NatureLM,,False,8.092073941168257,1.4812830247975926,-3.894709035379311
sl_eat_bio_ssl_all,12,6f080f55-6198-461a-851c-e725bd9a49ab,7703501T.flac,Watkins,Mammalia,True,-0.3985316699084684,-3.7215728233790157,3.0552639048899395
sl_eat_bio_ssl_all,12,c99b124b-07b7-4093-a90b-ffdd2c65a727,684349.flac,iNaturalist,Aves,True,9.530364851970955,-0.6236553201348722,-0.46070004719958857
sl_eat_bio_ssl_all,12,20ba605b-ee08-422c-ba42-f5dcc27d0a22,XC228328-Summer%20Tanager%20A%2015074.flac,Xeno-canto,Aves,True,8.608088082553664,0.5406356324622816,-0.5982490641296236
sl_eat_bio_ssl_all,12,5e87f433-d182-4e50-9aa9-27922cdcbfd2,XC374312-rossignol%20philomele%20tarerach%2066%20not%20seen%20A.flac,Xeno-canto,Aves,True,9.19268005890762,-1.5103202573610393,-0.08511550014269509
sl_eat_bio_ssl_all,12,76dd7bc3-8435-48c0-9f78-d0a3ab3b5b10,YDTngmSh5wnI.wav,NatureLM,,False,9.75192822563115,-0.648324962641424,-1.4460817336023404
sl_eat_bio_ssl_all,12,2c3c454c-0b4e-46df-92f6-e31c1ddc72e1,XC557317-BlackThroatedGreen.flac,Xeno-canto,Aves,True,9.411568058032984,-0.9121491227149154,0.09463172995751423
sl_eat_bio_ssl_all,12,9b448211-8049-4506-9419-b87c7eb56679,145647.flac,iNaturalist,Aves,True,9.318423898586582,-0.5931987121051161,-0.5232549836964702
sl_eat_bio_ssl_all,12,61b544a0-e4aa-4ae3-b37c-d5f4dab651ec,XC498630-GRACKLE_Gre-tai%20Tepic%20900m%20042519%200707.flac,Xeno-canto,Aves,True,8.983975980650982,-0.2178972289333838,-0.1344623869277936
sl_eat_bio_ssl_all,12,93113a3a-def3-467f-a6a8-0aea0e83c63e,XC614959-Pipit%20de%20Richard%20Carolles%2012%20nov%2019.flac,Xeno-canto,Aves,True,9.023465198895341,0.885995925230646,-1.2871523487592822
sl_eat_bio_ssl_all,12,24b8e155-3f39-4502-8d6c-ae5b54479f95,XC510190-LS_58313%20Hildebrandt%27s%20Starling%20predawn%20song%20B%20Superb%20Starling%20C%20Slender-tailed%20Nightjar%20C.flac,Xeno-canto,Aves,True,8.602126680628865,-0.13601225257059246,0.3455341047708098
sl_eat_bio_ssl_all,12,1be2c6f6-d8c9-4f70-92e4-b56e5cdea7f0,252028.flac,iNaturalist,Aves,True,7.806914304547179,0.367899424308442,-0.4440125147036971
sl_eat_bio_ssl_all,12,0de51500-38b0-4fba-91d8-4197b88be5c0,XC268851-carduelis%20carduelis%202%20parque%20alamillo%2010-05-2015.flac,Xeno-canto,Aves,True,9.417610046470887,-1.7607586089557832,0.4886549769657854
sl_eat_bio_ssl_all,12,e5e7833a-1fb9-40f5-a213-ca0cd70e516e,51356.flac,iNaturalist,Aves,True,9.922548528317487,-2.235135820545127,1.0157889985905961
sl_eat_bio_ssl_all,12,c9baa9ca-fe4c-47a6-914f-639f436c7bfb,SSW_110_20170429_110008Z.012_001.wav,NatureLM,,False,9.46053674816013,0.21541447304018835,-2.4113635945500334
sl_eat_bio_ssl_all,12,6e8f114b-95be-46a3-9e7c-ab79a2839796,DM550027_8strixUralensis.flac,Xeno-canto,Aves,True,9.156468375853082,1.0832727899920895,-1.1367856486789552
sl_eat_bio_ssl_all,12,93c18450-b237-4c1a-86b8-f3f083500889,151117.flac,iNaturalist,Aves,True,10.003933970350431,0.1986147854414706,-0.8019529108090298
sl_eat_bio_ssl_all,12,6abc42ac-bced-4f8e-bc1b-15d06257a15c,453053.flac,WavCaps,,False,5.746159623830284,2.369858163732875,-3.624441120067312
sl_eat_bio_ssl_all,12,259b6cdc-b252-4618-b2dd-2002b3a00c2b,411097.flac,iNaturalist,Aves,True,8.865060273572745,0.6047303052106138,-1.1344339483306736
sl_eat_bio_ssl_all,12,3afa59d0-3f62-4840-8d8b-166a12870993,XC424030-Myiarchus%20tuberculifer%20R%20Bellavista%2012%2006%202017%203%2055%20pm.flac,Xeno-canto,Aves,True,8.28065355801554,0.8715127661558804,-0.9409774476576664
sl_eat_bio_ssl_all,12,2ebc7768-c055-4f71-8ef4-e635b3189403,XC732418-210904_03%20Tawny%20Owl%20%282%29%20N%200206%20XCu.flac,Xeno-canto,Aves,True,8.283468577699654,0.10775231247873746,-1.2813056257098263
sl_eat_bio_ssl_all,12,f36d9ee1-b897-4137-91f7-bdf664bc16f7,ICLISTENHF1251_20140904T175409.262Z_038.wav,NatureLM,,False,10.783852514802572,0.6427947545592103,-2.606335341262013
sl_eat_bio_ssl_all,12,b5f12d26-7328-4f78-b2a5-a3f7a363e89f,XC465758-R37_0108%20Coraya%20Wren.flac,Xeno-canto,Aves,True,8.801048989257538,-0.588269617662164,0.05977949340574784
sl_eat_bio_ssl_all,12,ad0c2a47-07f3-4f39-93e4-184b117456c3,XC426860-LS108242%20Black-crested%20Bulbul%20song%20B.flac,Xeno-canto,Aves,True,8.945699914822807,-1.561811303309118,1.220184523369369
sl_eat_bio_ssl_all,12,0881cd4e-e788-4668-b4b3-a8dce94f0306,156708.flac,iNaturalist,Aves,True,7.952635397404352,-1.9301457620290874,1.2087080360332692
sl_eat_bio_ssl_all,12,e5e0eb45-0623-43f2-9fc6-fdffffdcea69,XC390467-White-throated%20Laughingthrush%2001%20-%2015Dec16%20-%20Sigri%20-%201109.flac,Xeno-canto,Aves,True,10.129808535540715,-1.4925210696572644,0.9289734674702296
sl_eat_bio_ssl_all,12,1a705b9e-4b45-4fc0-9ca9-0dc306e7e1e8,SALTATOR%20Golden-billed_17_Putre_I%20Region_CH_4NOV99_Alvaro%20Jaramillo.flac,Xeno-canto,Aves,True,8.975474163256177,-0.5507189578538079,-0.10773432845230546
sl_eat_bio_ssl_all,12,a50d1daf-2f9a-4f8a-822f-51ad13bbadb4,YIA3Um5JtMqU.wav,NatureLM,,False,9.799366942102413,-1.2340730489407563,0.30867757934745643
sl_eat_bio_ssl_all,12,fb168f39-0035-4516-b8cd-8b8552705ccb,514405.flac,iNaturalist,Mammalia,True,9.121878179978635,-1.837445576517852,-0.09553467426637252
sl_eat_bio_ssl_all,12,c5a97ecb-3eb2-41e8-82fd-ffd90d062fd7,XC684562-vite-vite-de-cabe%C3%A7a-cinza.flac,Xeno-canto,Aves,True,10.363651451898146,-1.4316474528281908,1.5022879359792485
sl_eat_bio_ssl_all,12,9c65b9d3-98d4-4d13-a705-94529a1c3241,ICLISTENHF1251_20140404T200459.775Z_051.wav,NatureLM,,False,7.972182430170662,1.670315551021733,-3.532327663067534
sl_eat_bio_ssl_all,12,09f37e69-9a9c-416b-9c44-86358a8ac40d,XC314241-Unknown%20-%20poss%20gw.flac,Xeno-canto,Aves,True,9.152619123770197,-1.6083667989963961,0.3475400875187291
sl_eat_bio_ssl_all,12,6754e8a8-358b-4094-8b60-c013fa7fa5d8,XC773008-170519_01-Buskskv%C3%A4tta-s%C3%A5ngl%C3%A4rka.flac,Xeno-canto,Aves,True,11.326684868209087,-1.9143891231663057,1.3296995311491302
sl_eat_bio_ssl_all,12,4031dcbb-cf15-4625-8794-0a18eba07430,110409.flac,iNaturalist,Aves,True,9.81493348473515,-0.4767864252020855,-0.022563688425665918
sl_eat_bio_ssl_all,12,4d10e22d-7348-409c-8c15-7688683e0ec9,XC717159-220422_0150_stepnoy.flac,Xeno-canto,Aves,True,8.48164478256858,-0.32142972532154523,0.24478551639726365
sl_eat_bio_ssl_all,12,f86852f7-a734-4245-a146-857bac1d5a7d,32073.flac,iNaturalist,Aves,True,9.7105730750948,0.6712890597179046,-0.3133482377799569
sl_eat_bio_ssl_all,12,d67a295c-5acf-455b-9e1f-2e7e9b8751f7,XC336055-160409-191944_Cyanistes%20teneriffae%20teneriffae_R.flac,Xeno-canto,Aves,True,9.876763628325756,1.588354682343511,-0.9843432488915744
sl_eat_bio_ssl_all,12,4bfa106e-19e4-4a55-bee6-bccdae6395f2,XC762905-LS_51891-Common-Newtonia-song-A.flac,Xeno-canto,Aves,True,8.8774658973601,-2.132144361428591,0.499232749532585
sl_eat_bio_ssl_all,12,1f98d9b4-40f6-48ce-9530-763e3b226d66,XC332011-Tern%2C%20Antarctic.flac,Xeno-canto,Aves,True,8.211501692855634,0.7923515092866773,-0.36723448887507165
sl_eat_bio_ssl_all,12,c5fd87a3-5302-492d-bdd6-b742b5cb396b,XC525575-x_IAvH-CSA-5771.flac,Xeno-canto,Aves,True,8.229644806041652,-0.9802872972373748,0.28411018530419874
sl_eat_bio_ssl_all,12,38b5e494-6ef7-45a6-8bc6-d889803c202f,XC567554-Cannaiola%20verdognola1.flac,Xeno-canto,Aves,True,9.464646627187907,-2.0767392134417353,0.9911764527698659
sl_eat_bio_ssl_all,12,71402ffd-55bc-4fb1-a3e8-d08b8f2fa780,XC643933-24_10_39_actitis_glareola_totanus.flac,Xeno-canto,Aves,True,10.562888145663559,-3.978255758290622,2.955968625412284
sl_eat_bio_ssl_all,12,cd8055b7-c454-409a-b847-53fca842a0ed,XC629513-MIXPRE-4304.flac,Xeno-canto,Aves,True,9.392161280901378,-2.433924889418016,1.1527493281239853
sl_eat_bio_ssl_all,12,713a478b-1866-4ec0-9a2a-838d12805843,XC445196-Slaty%20Finch.flac,Xeno-canto,Aves,True,5.823756224709715,3.534920498977296,-3.63667022124695
sl_eat_bio_ssl_all,12,90809c3f-33d3-4579-80c6-698a8313ef17,70014002.flac,Watkins,Mammalia,True,1.6660185362539999,-2.1800905476288874,0.6850697010517639
sl_eat_bio_ssl_all,12,fda78aee-aa4a-4375-be28-331f005d0297,bass_synthetic_096-033-100.wav,NatureLM,,False,4.096754732679759,0.16128230440160995,-2.716458994694113
sl_eat_bio_ssl_all,12,e9bef080-ea2f-4a83-a7f9-6c36320a7b9a,XC439825-BECARD_Ros-thr_c_exc%20Uvalama%20400m%20051018%200619.flac,Xeno-canto,Aves,True,8.65148344319474,-0.19922551280972733,-0.7330610501765572
sl_eat_bio_ssl_all,12,028bccfe-4580-40cf-9127-7b283908caf5,XC485317-PICCAN%20kaes%20jvk190707.flac,Xeno-canto,Aves,True,9.199555493160922,-1.4781502848898367,0.43882459893998416
sl_eat_bio_ssl_all,12,86ca1665-8ebc-441f-87c0-121b189c432a,XC515437-Mirafra_apiata_nom-FL%20song%2035km%20from%20Skittykloof%2022Oct19%207%2C50am%20LS114806b.flac,Xeno-canto,Aves,True,9.650638084761898,-0.42453281993881387,-0.606868547162585
sl_eat_bio_ssl_all,12,d4f3df4e-8485-4e95-95ff-f21f6382abfb,XC397510-Fork-tailed%20Drongo%20exc%20SPCA%20dam.flac,Xeno-canto,Aves,True,9.392666217506243,-1.749788127287196,1.2260912160982265
sl_eat_bio_ssl_all,12,df8cbea6-9ca8-4947-a792-330de6f059e1,XC673485-gul%C3%A4rla%20lock%20ossora%202.flac,Xeno-canto,Aves,True,9.097324795371744,-1.2332270235686396,0.9412696485769699
sl_eat_bio_ssl_all,12,e9a8ef71-3906-45ac-965e-ccbb132caa6f,641050.flac,iNaturalist,Aves,True,8.212611288905514,-0.45856313803822,-0.5383913361771977
sl_eat_bio_ssl_all,12,7169c1ff-a981-44f1-af84-f41da149eee2,SSW_165_20170603_010000Z.001_003.wav,NatureLM,,False,8.16167856541788,1.9637819808420547,-4.41835221588617
sl_eat_bio_ssl_all,12,a70ec7f2-0aef-4022-b54b-81c81b40d45e,XC591365-Bar-tailed%20godwit%201226.flac,Xeno-canto,Aves,True,9.545735158627844,-3.1012177407713057,1.3754711528024177
sl_eat_bio_ssl_all,12,3c4ce7f6-faf7-4b3c-972d-18a04464be58,XC650670-Cape%20Batis.flac,Xeno-canto,Aves,True,8.850968519852564,-2.731468385119168,1.813804504751988
sl_eat_bio_ssl_all,12,da51ccbe-bd84-450c-8e48-a2406a977b60,XC632257-Black-capped%20Pygmy%20Tyrant%20March%2020%202021%20105617%20AM.flac,Xeno-canto,Aves,True,10.197649557872573,-1.271812913464373,0.3693584046843281
sl_eat_bio_ssl_all,12,21078a26-1dd8-4efa-8db3-29e257096438,463843.flac,iNaturalist,Aves,True,8.824773664785688,-0.35271711590277155,-0.49156302926751705
sl_eat_bio_ssl_all,12,381969a4-254e-46e8-a473-a7aee66653b1,7538_100043_000013_0000012.wav,NatureLM,,False,4.3754222678262,0.871761304505626,-3.416567876788084
sl_eat_bio_ssl_all,12,a3ba416d-9a75-4d39-88bd-7e1841238f47,XC634670-ichtyaetus_melanocephalus_2021_03_31.flac,Xeno-canto,Aves,True,9.53850574554069,1.4323225852880226,-1.4783351840466699
sl_eat_bio_ssl_all,12,aad98f44-759a-4a72-9b30-5bf077bef385,Sylvia_communis_Co0060_13_short.flac,Animal Sound Archive,Aves,True,8.3097433020849,-0.6670115952976599,-0.14161525209093584
sl_eat_bio_ssl_all,12,9de11c86-89eb-4273-956a-0030a840595c,XC415766-Sendelingsfontein%2017.5.2018.flac,Xeno-canto,Aves,True,9.5591412665961,-1.9898102700742135,0.7483505451287089
sl_eat_bio_ssl_all,12,c0bb22b8-5fe8-4c8b-a13c-f6761abd1665,YLF-070rGEbQ.flac,WavCaps,,False,8.525520850863735,4.064636237887052,-5.371934671035574
sl_eat_bio_ssl_all,12,4b17f9cf-5f1c-4881-a0de-b73706f1c147,97782006.flac,Watkins,Mammalia,True,0.9262460219877713,-1.7677369849555828,1.1413137577341226
sl_eat_bio_ssl_all,12,8ce5a3bf-5f04-4fc1-86ed-0d193b5d8026,SSW_130_20170506_150010Z.024_010.wav,NatureLM,,False,9.20398108436694,0.2241216479612076,-2.3786557902039105
sl_eat_bio_ssl_all,12,8bf6f976-3ca2-4256-91a9-2e6fec138445,XC236669-093%20Barbet%20-%20Lineated%20%28Megalaima%20lineata%29%20Call%20500m%20ThungYaiNaresuanTH_GI_LS111373.flac,Xeno-canto,Aves,True,9.959640226890391,-0.20414097255038355,-0.3205766036313724
sl_eat_bio_ssl_all,12,4318866f-89c4-4372-8191-4d541f63fc59,7100201K.flac,Watkins,Mammalia,True,1.4503834668384845,-1.7487671048611295,0.6575970681540156
sl_eat_bio_ssl_all,12,bf8acb2d-b958-4ffb-9feb-9e89583ac4a7,YoZapEQbSCfw.wav,NatureLM,,False,7.916710093760207,-0.8346351357516224,-1.0617118179138791
sl_eat_bio_ssl_all,12,e77d1512-ba25-429d-a114-8e6874fa2b9f,XC417541-MoluccanScopsOwl_Buru_082117_song.flac,Xeno-canto,Aves,True,9.661961785638965,-3.222838563184116,2.2680645702041624
sl_eat_bio_ssl_all,12,3eebc371-e43d-4382-9075-2c24d5298cb0,SSW_283_20170826_170022Z.047_008.wav,NatureLM,,False,9.62360580861412,1.856088795288068,-4.6312785521574575
sl_eat_bio_ssl_all,12,155b572c-d1b0-4670-83d1-0e0cdaedb625,SSW_020_20170304_070004Z.030_000.wav,NatureLM,,False,7.868056805199395,1.3938957380495327,-2.733053555833487
sl_eat_bio_ssl_all,12,eef42577-4f66-40f6-9836-b064082e6cb7,262702.flac,iNaturalist,Aves,True,8.920666212562633,0.055575097273318885,-0.1513215310422929
sl_eat_bio_ssl_all,12,eddd07e8-cb3b-4cfc-8cc6-ac958a5a05e9,75012037.flac,Watkins,Mammalia,True,7.537257114417935,-3.825816888584401,2.293611038421549
sl_eat_bio_ssl_all,12,75b55dac-a75f-48b5-870d-8512b9dcc57d,XC283924-Elegant%20Tern%20pair%20flying%20to%20colony%20-CA%2C%20Bolsa%20Chica%2C%20Orange%20Co%2C%20April%2009%2C%202015%2C%200925%20AM.flac,Xeno-canto,Aves,True,9.847847228727181,-4.556002779665689,2.0146378516418135
sl_eat_bio_ssl_all,12,afa092bb-f85d-4a09-9d0e-d1812b9a0227,brass_acoustic_027-065-100.wav,NatureLM,,False,4.61652885183797,0.07712706155996041,-3.5137943622015415
sl_eat_bio_ssl_all,12,d2553af2-6bda-42e6-bcad-633058a3ce05,SSW_250_20170722_130012Z.053_007.wav,NatureLM,,False,9.127685946787917,0.43392179634767647,-2.2245708191285014
sl_eat_bio_ssl_all,12,319b430c-7b69-4254-9274-2c98e945fd78,ICLISTENHF1251_20140504T143153.842Z_040.wav,NatureLM,,False,6.942198589459144,2.04894245166925,-3.55770142130231
sl_eat_bio_ssl_all,12,5b4f149e-7b9e-4e4d-b458-6af0f67f8787,XC715729-R00244.flac,Xeno-canto,Aves,True,9.83245384641118,-2.092031244162589,1.4459579503974567
sl_eat_bio_ssl_all,12,5fd45605-956f-4816-9712-12f8873090ec,XC337919-SCR-OWL_Whisker_c_bark%20delayed%20RPB%20Mesa%20de%20Arturo%202100m%20081313%200516.flac,Xeno-canto,Aves,True,10.482718250576212,-2.0873064857108767,0.2659754234842002
sl_eat_bio_ssl_all,12,a462f272-cffc-4dda-8dd4-055c5d4c89f1,YfEYaxZoQ188.flac,WavCaps,,False,8.522943972016837,-0.3625744655177441,-1.2952652783887841
sl_eat_bio_ssl_all,12,12eb602b-9d55-478e-a006-9818b078a942,9320100X.flac,Watkins,Mammalia,True,4.9537026468071295,-1.2610250165182766,0.057727084555367014
sl_eat_bio_ssl_all,12,77fe7099-9ac9-43e8-97a9-05680b0e60d9,109318.flac,WavCaps,,False,9.203614404199984,2.1534641170593813,-2.4768118973862077
sl_eat_bio_ssl_all,12,0831e3b7-8ca8-4d6a-a12a-b1e18ea91aa0,SSW_226_20170701_190013Z.055_005.wav,NatureLM,,False,8.785465789107974,2.4127616188061234,-4.659422541944926
sl_eat_bio_ssl_all,12,477f40d1-81d0-4c61-b971-9cbec7552c96,keyboard_acoustic_012-023-100.wav,NatureLM,,False,5.485236687538178,-0.1701012493741969,-1.8418002708765195
sl_eat_bio_ssl_all,12,bf728c91-628d-4477-98ec-1006028bbb0b,274751.flac,WavCaps,,False,7.479017787765829,1.2555593678174803,-3.2869199134924534
sl_eat_bio_ssl_all,12,62f564be-3619-4132-9d2c-96f342e9e87a,XC741987-Celeus%20galeatus%20-%20Marcos%20E.Sosa.flac,Xeno-canto,Aves,True,8.446732244363389,0.7845223197263113,-0.812421516162207
sl_eat_bio_ssl_all,12,9576bf10-17fe-4d70-b256-cb074b749282,7816_108621_000010_0000001.wav,NatureLM,,False,6.158179998419893,0.49080732682969497,-2.637509183656977
sl_eat_bio_ssl_all,12,93571316-2734-4fa3-986b-cbb488cf432a,6104800B.flac,Watkins,Mammalia,True,6.328665990258849,0.17902096584523963,-0.18638798796369205
sl_eat_bio_ssl_all,12,0d5308bb-c6ad-465e-8e4e-829442671d9c,XC741655-220716%20MP-1714%20id%20goe%CC%81land%20marin.flac,Xeno-canto,Aves,True,9.882439642517014,-1.7146476665714894,0.5309028589031075
sl_eat_bio_ssl_all,12,4a918152-129b-4574-95e4-3553c34c17b9,ICLISTENHF1251_20140702T124216.470Z_047.wav,NatureLM,,False,9.6355090769513,2.177347071012969,-3.700881183508172
sl_eat_bio_ssl_all,12,c1242de1-a32c-448b-9cf5-a7f682aba8a5,XC227936-Strickland%27s%20Woodpecker%20B%204592.flac,Xeno-canto,Aves,True,8.644193055758379,-0.3133512067680626,-0.36972894491503805
sl_eat_bio_ssl_all,12,1653e321-adca-400b-81f7-1544730fd523,SSW_117_20170429_210015Z.022_001.wav,NatureLM,,False,8.368175284042215,1.697960421884294,-4.132001435924668
sl_eat_bio_ssl_all,12,e426f293-f8e3-49bd-82e4-11828c92724e,SSW_149_20170513_140018Z.008_000.wav,NatureLM,,False,9.704049759222123,0.11532621939905541,-2.663309388297384
sl_eat_bio_ssl_all,12,5e043ed6-a2e1-420e-bc9b-d03e5e38c8a6,XC599992-201017_001_170907_GroeneSpecht.flac,Xeno-canto,Aves,True,10.274318888417564,-1.276970926694747,0.24146817510577967
sl_eat_bio_ssl_all,12,1abc296c-d293-4b87-baf9-4cf214190f7f,67274.flac,NatureLM,,False,7.826415321584674,2.548999226788657,-3.786801683752862
sl_eat_bio_ssl_all,12,629f1648-8d29-4e5a-940e-79eb0703f101,617913.flac,iNaturalist,Mammalia,True,8.134793035188991,-0.6739272553286022,0.10685977186116802
sl_eat_bio_ssl_all,12,a42a387d-a5a3-4da9-b54e-a66f79a87c6a,XC369601-LS105127%20Barred%20Q%20Buttonquail%20purring%20D.flac,Xeno-canto,Aves,True,6.539670268992441,0.3828793850606127,-0.4489190949361096
sl_eat_bio_ssl_all,12,0500e6e6-c609-4841-9c96-a7b888f4a2b9,XC228431-Black-bellied%20Plover%20B%201499.flac,Xeno-canto,Aves,True,8.36360459789713,-1.479374030193054,0.37123792597303895
sl_eat_bio_ssl_all,12,e3d7c395-3114-4beb-a72b-3844a02b34fa,Blythipicus_pyrrhotis_Vietnam-84.1a-FRL_VN_15_587.5-619.6_1_C.flac,Xeno-canto,Aves,True,7.482824733316346,-1.0061727467247499,0.36498029130554305
sl_eat_bio_ssl_all,12,921825f0-e47e-4fdf-8530-bd859edf9048,mallet_acoustic_039-054-075.wav,NatureLM,,False,6.465231130740879,2.7014738436298082,-4.350770070375002
sl_eat_bio_ssl_all,12,6af21c82-c800-406a-b5f3-e238b98b893e,XC562717-sterne%20indeterminee.flac,Xeno-canto,Aves,True,8.529676555318465,-1.427257492073455,0.6551598952098123
sl_eat_bio_ssl_all,12,27d118a4-5eea-4c8b-b3c5-8104d1340887,7698.flac,WavCaps,,False,4.798589662907691,1.971553092612639,-2.000082168858928
sl_eat_bio_ssl_all,12,c6d24760-4fc9-43bc-bbcc-a9affa8766aa,XC117271-43%20Audio%20Track.flac,Xeno-canto,Aves,True,8.472129194028817,0.5869735714259066,-0.5782896044592059
sl_eat_bio_ssl_all,12,83465c78-281b-4f56-9a33-ace4ce79838c,97752009.flac,Watkins,Mammalia,True,1.9704826546742595,-3.316726187353143,2.293850711688903
sl_eat_bio_ssl_all,12,3c49a6c6-1592-4ba1-92be-9454d4591275,XC356856-170219_0044%20Vouille%CC%81%20P110%20Pic%20e%CC%81peichette.flac,Xeno-canto,Aves,True,8.910501881028408,0.15333521357556257,0.664834165813688
sl_eat_bio_ssl_all,12,9394eb24-a004-41e0-911f-d8e343a5ade4,XC715229-GALGAL%2012042022%200219%20vbo%20nfc.flac,Xeno-canto,Aves,True,8.406592712568521,-0.0672749254142806,0.5194076867122948
sl_eat_bio_ssl_all,12,0f9fc4b0-9460-4f57-b0f2-53caea61f5bd,SSW_233_20170708_040004Z.044_001.wav,NatureLM,,False,8.148307656872868,1.7062914730816152,-3.748948651341066
sl_eat_bio_ssl_all,12,cbd0718e-9b3e-48a0-a9c1-7f981d150926,XC497272-Witgat%20190826%20Kalmthoutse%20heide.flac,Xeno-canto,Aves,True,9.906813898719747,-1.5701843022404505,1.7473027680360738
sl_eat_bio_ssl_all,12,58d7483b-26c6-4ba7-8443-8bb7da8a48b6,58014023.flac,Watkins,Mammalia,True,4.048669054843236,-4.035603012497064,1.6118487239929271
sl_eat_bio_ssl_all,12,db9da019-9831-4c00-be40-d3e15f86432a,p374_116_mic23.wav,NatureLM,,False,6.674036603313803,2.5571865992874443,-4.6773480439229616
sl_eat_bio_ssl_all,12,785cba80-d777-4697-8b08-e92f2e65b547,p244_347_mic22.wav,NatureLM,,False,8.243913329323082,0.9612947692477216,-3.028270630502915
sl_eat_bio_ssl_all,12,bfb4c658-60fe-4494-b8dd-27be5468a25f,75004003.flac,Watkins,Mammalia,True,5.058535312178956,-2.8381597794399207,2.0777062509900692
sl_eat_bio_ssl_all,12,4d18ffdc-8f86-44d2-9145-cfb45a8b7f93,XC379190-turnix%20silvatica%2010%20gualid%C3%ADa%2021-06-2017.flac,Xeno-canto,Aves,True,9.986122494660158,-1.2559320706670505,0.5568523535656094
sl_eat_bio_ssl_all,12,684f4525-8c49-4e74-8ba0-53dccbcbe153,XC630078-Athene_noctua_Steinkauz_Donnersberg_2021_03_18_4_04.flac,Xeno-canto,Aves,True,10.563580727837332,-2.9745508871517856,1.933088756643575
sl_eat_bio_ssl_all,12,2d5ee0b3-1aa4-426d-bfb4-e10da5f17f85,9778000S.flac,Watkins,Mammalia,True,-0.39270146311680104,-3.882832797189741,2.6181558963715634
sl_eat_bio_ssl_all,12,141ddf0c-5686-4baa-9359-e48611646de3,268465.flac,iNaturalist,Mammalia,True,8.467304375931436,0.6297350691154051,-2.325232806194433
sl_eat_bio_ssl_all,12,9c17d34a-35fc-4429-8063-a3e45ffc103e,9420104R.flac,Watkins,Mammalia,True,0.42725526327735464,-4.877754261978187,3.5788450810696726
sl_eat_bio_ssl_all,12,c86c34cd-175d-4dcd-999c-d580d43a479c,XC414721-guifettes%20moustac%20cris%20de%20vol%20PAS.flac,Xeno-canto,Aves,True,9.551905187689178,-0.20008543174751137,0.11255354421059027
sl_eat_bio_ssl_all,12,7f96d0b2-790e-4b55-b0a3-54c556f61382,8600801I.flac,Watkins,Mammalia,True,3.676360969266186,-0.7310878384906273,0.8246931182962448
sl_eat_bio_ssl_all,12,de27cb8b-2eca-49bc-b151-bd77866e897a,153735.flac,WavCaps,,False,5.060117665977131,0.3362674529635761,-2.7366902966825704
sl_eat_bio_ssl_all,12,5a34dcd9-4044-4ad2-bb0f-44872d20e07e,478943.flac,iNaturalist,Mammalia,True,9.034969555430704,-1.8690597192642189,0.18670121852034627
sl_eat_bio_ssl_all,12,78062cd0-82e5-4d3f-8cd2-264d9cf7f181,8501206Q.flac,Watkins,Mammalia,True,4.693081598329894,-5.001856996401339,3.051027405691369
sl_eat_bio_ssl_all,12,d8246da7-58b5-4a99-b764-a4db005ad579,XC408965-Melanerpes_uropygialis_nom-FL%20song%20BuenosAires%20State%20Park%2017Jan18%2011.02pm%20LS111416a.flac,Xeno-canto,Aves,True,6.376865801412302,0.23504069355637802,-1.3548856399133307
sl_eat_bio_ssl_all,12,57b43305-03ba-4a46-9bf2-d67b0b5f6dde,bass_electronic_032-061-100.wav,NatureLM,,False,8.58693201423726,0.5310351049976336,-2.738267293343948
sl_eat_bio_ssl_all,12,94fb7db3-8293-4876-9b7b-d35b1a0246fd,XC492697-Phodilus_badius_nom-FL%20song%20Kinabatangan%20FDC%2014Mar19%208pm%20LS116849b.flac,Xeno-canto,Aves,True,8.360133860133176,-0.1083649061281593,-0.8774856346517245
sl_eat_bio_ssl_all,12,a25d96e7-6053-4ac1-bda6-4190e11f087a,mallet_acoustic_019-063-127.wav,NatureLM,,False,7.545137145342668,3.126587019478475,-4.45816268292697
sl_eat_bio_ssl_all,12,f6008180-d616-41ac-a027-37f6e6e463e2,361236.flac,iNaturalist,Aves,True,9.482502768595449,-0.2702068217951976,-0.5710997274166337
sl_eat_bio_ssl_all,12,748178b4-01ef-4f66-9fd2-51a426ba901d,keyboard_electronic_000-069-050.wav,NatureLM,,False,6.545509533071041,1.834869711830991,-3.3274334648846304
sl_eat_bio_ssl_all,12,9a32177b-8e87-48ae-9b9f-3773d602a304,XC528564-Golden%20Plovers%20Driel%20180306%200030u.flac,Xeno-canto,Aves,True,10.146990753083042,-0.8174161832425666,0.2851914014401653
sl_eat_bio_ssl_all,12,83519e91-d36c-450c-a1ef-81fb0d84be7a,97767008.flac,Watkins,Mammalia,True,-0.49347804220381486,-2.179865595418022,1.7389038660060692
sl_eat_bio_ssl_all,12,5bcc80dc-e86e-4931-b089-c181346c44b8,Y9FDzG0xNp5s.flac,WavCaps,,False,9.342138704358565,2.034559171542625,-2.436119980958589
sl_eat_bio_ssl_all,12,9f18bd27-3650-43fa-98c3-c18210e4a12f,XC420224-DR0000_0678.flac,Xeno-canto,Aves,True,7.706690620176681,0.2955459573603094,-0.7636435131510326
sl_eat_bio_ssl_all,12,19ee1106-5724-4111-afb2-996b9ca09d31,reed_acoustic_026-040-100.wav,NatureLM,,False,7.792368719919434,2.2382541007553973,-4.139104785123531
sl_eat_bio_ssl_all,12,e6693075-1275-4d11-8263-d18408ee3126,XC687103-Ringed%20Plover%20%2B%20Dunlin_NFC_Lissagriffin_280721.flac,Xeno-canto,Aves,True,7.738648061796241,-0.5437898069644997,-0.4492280338964917
sl_eat_bio_ssl_all,12,83085c9d-042d-4528-b00a-d1babe11d3eb,XC269439-Red-cockaded%20Woodpecker%20part%20of%202%2C%20at%20least%203%20with%20many%20short%20flights%20-NC%2C%20Croatan%20NF%2C%20July%2008%2C%202015%2C%201144%20AM.flac,Xeno-canto,Aves,True,9.509150564629403,-0.9940510887526941,0.5556932182588601
sl_eat_bio_ssl_all,12,bf449bc6-4274-497e-bf2e-69d7e1eb6ade,352813.flac,WavCaps,,False,7.3330273153884455,4.007897707561269,-4.434859562138177
sl_eat_bio_ssl_all,12,11a02b0f-18bc-490b-ac70-3497b873e273,egg beater.wav,NatureLM,,False,6.729926866120291,2.1757867074404347,-3.146323222541073
sl_eat_bio_ssl_all,12,2978c4d5-2820-4b09-810c-348fc5354dbc,140487.flac,iNaturalist,Mammalia,True,7.691004072714413,-2.8025937292421714,1.1430105185147765
sl_eat_bio_ssl_all,12,63a007cc-9ee9-49c3-be39-f4fa346b9776,SSW_225_20170701_180012Z.052_000.wav,NatureLM,,False,8.112042749907484,3.5046594069703723,-5.092378049661901
sl_eat_bio_ssl_all,12,c05844c0-56fc-48b3-af88-dcb87832b238,organ_electronic_072-046-075.wav,NatureLM,,False,7.25747960771678,3.126906311805633,-4.233248347109108
sl_eat_bio_ssl_all,12,f29f24f0-c2c8-4ec0-b4e2-e834b051d04a,p229_032_mic22.wav,NatureLM,,False,7.4942939093250835,1.0201053221419145,-2.6972020080592034
sl_eat_bio_ssl_all,12,96bb6b75-cd6e-4f93-9c2b-d97b4102b502,1446_122614_000023_0000013.wav,NatureLM,,False,5.9732037960929,0.6783055191144154,-3.1789503128483134
sl_eat_bio_ssl_all,12,4470e334-bdca-4b4e-b9c3-e17519750162,563983.flac,iNaturalist,Aves,True,9.80697764353054,0.9286250847570933,-0.26697996778659067
sl_eat_bio_ssl_all,12,90da3b75-89d2-4c7c-8fe9-94c7f155d289,561526.flac,iNaturalist,Mammalia,True,8.232628390819645,2.8172345541767023,-2.8316170252583097
sl_eat_bio_ssl_all,12,94bd8912-1b44-4a77-9970-93316905bd53,ICLISTENHF1251_20140901T070408.359Z_006.wav,NatureLM,,False,10.318552698579627,0.5334921303687008,-2.524142860239731
sl_eat_bio_ssl_all,12,1da14036-d891-482d-bd7e-c83e408076b3,XC669519-S4A10550_20200621_010003-3.50_Aflamm-kontakt-d%C5%82ugo.flac,Xeno-canto,Aves,True,8.786568064427644,1.3740559024161634,-0.9429005410104958
sl_eat_bio_ssl_all,12,be261345-80b0-47bd-adce-81706f310468,9220100L.flac,Watkins,Mammalia,True,1.376830047674637,-3.290014564132566,2.7227362559295485
sl_eat_bio_ssl_all,12,d7523e0c-0a81-4f4f-94e9-07fad85ff747,XC402122-barge%20a%20queue%20noir%20vol%202.flac,Xeno-canto,Aves,True,9.076670805802516,0.3145722545075451,-0.5349857474065192
sl_eat_bio_ssl_all,12,61f8d469-5b3b-4379-8200-cb3faf7486a7,7511_102419_000027_0000014.wav,NatureLM,,False,6.191746410206084,1.8094358643505541,-3.9570778632380295
sl_eat_bio_ssl_all,12,d759aa3d-4cc8-4805-8026-353637682ddf,SSW_140_20170513_040005Z.018_008.wav,NatureLM,,False,8.15092187240873,1.5562087151227681,-3.950705463150701
sl_eat_bio_ssl_all,12,6d54177d-1e3a-437d-b849-16d9f9f91cc3,XC520965-x_IAvH-CSA-3478.flac,Xeno-canto,Aves,True,6.246813081430408,-1.7043882707029514,0.3555880018336631
sl_eat_bio_ssl_all,12,d1e9b24b-6be9-45cf-87f3-3235f2c09b97,7100801A.flac,Watkins,Mammalia,True,5.018496181943054,-0.4279955700697584,0.49582024836397703
sl_eat_bio_ssl_all,12,fc2c06e6-db24-4104-a74f-0cc1006cfb3d,XC742206-ZOOM0005andagra.flac,Xeno-canto,Aves,True,9.753170698420487,-0.789922187754011,1.3858252561832072
sl_eat_bio_ssl_all,12,494ab59a-9fd8-459e-ba68-b37a832bf186,SSW_086_20170408_130009Z.023_007.wav,NatureLM,,False,10.11068948141746,0.07408788580904502,-2.139800375361689
sl_eat_bio_ssl_all,12,7d28b679-1e2a-426b-83a0-2a25b2508955,586908.flac,iNaturalist,Aves,True,10.345004221210512,-1.1329006942903637,-0.3189591066751667
sl_eat_bio_ssl_all,12,4c08314d-87c1-4564-9356-f02a0950ae9c,XC372236-Dendrmajor-al_poland_psz_8.30_170526-3476.flac,Xeno-canto,Aves,True,9.536341987771369,-0.07940936903384554,0.3308832564659931
sl_eat_bio_ssl_all,12,aeebffdb-f337-49f7-a052-3a3452f19f8c,keyboard_electronic_026-097-100.wav,NatureLM,,False,5.133975985009587,4.409831262150727,-6.058038563388585
sl_eat_bio_ssl_all,12,26b06d2b-0e88-455e-9dcc-9e60f7295ad5,126883.flac,iNaturalist,Mammalia,True,5.529211845865676,7.652592456186736,-6.546123194481558
sl_eat_bio_ssl_all,12,be26c277-712a-4928-b62a-f1ad152919b0,8501206M.flac,Watkins,Mammalia,True,3.741690824511477,-5.4527603694694164,3.5167054508881868
sl_eat_bio_ssl_all,12,db664b46-da75-438e-8757-cc5961fb808c,brass_acoustic_060-063-127.wav,NatureLM,,False,7.102188072975188,0.7247753741232683,-4.038456861137474
sl_eat_bio_ssl_all,12,32da0b8d-04c1-4f16-8548-7880df24c0c4,XC406595-slagugglaZOOM0032a.flac,Xeno-canto,Aves,True,9.243364929066118,-1.5025590487661935,0.9081978033252152
sl_eat_bio_ssl_all,12,0c0f5899-652b-4a56-9a5d-0c44e8b6b9f6,5800200C.flac,Watkins,Mammalia,True,7.134797935988431,-1.2434856466251427,0.46729610688613477
sl_eat_bio_ssl_all,12,50643a1b-33dd-4672-95d9-5dbfd7f55b23,XC675261-210827_3459_1.flac,Xeno-canto,Aves,True,10.114807700721485,-1.5285498232683314,-0.0887439361357244
sl_eat_bio_ssl_all,12,7a1b65bd-2d5d-4db2-8f2a-bf66b7d9b1dd,bass_synthetic_126-088-050.wav,NatureLM,,False,8.954200240917242,1.2276220715903579,-3.1453501658317844
sl_eat_bio_ssl_all,12,e3535cd4-4861-4d41-b5c9-6883957c4d3a,mallet_acoustic_020-086-050.wav,NatureLM,,False,7.598507612754036,1.1728835110784375,-3.354144688428423
sl_eat_bio_ssl_all,12,9874db31-1872-4cba-9942-620e986576ed,625811.flac,WavCaps,,False,6.692066099324807,-0.10335344768036347,-1.0958833137300203
sl_eat_bio_ssl_all,12,59d0d159-65ab-4861-b319-3f9aed817b26,XC737110-Roseate%20Tern_Flight%20Call_Ring%20Marsh_200622_A%2B_2.flac,Xeno-canto,Aves,True,9.771572590579298,-1.531164655203467,0.7343773450493789
sl_eat_bio_ssl_all,12,ff6b23d4-3697-4b97-9746-ef7bafec7240,ICLISTENHF1251_20141201T104339.106Z_025.wav,NatureLM,,False,9.971885644858496,1.0701150801651966,-3.153754224717269
sl_eat_bio_ssl_all,12,9b3cd055-7335-45ef-a2b5-970830b02ddf,XC734496-mystery%20Kelso%2025.6.22.flac,Xeno-canto,Aves,True,9.274777591721243,-3.224239108723856,0.925683369295758
sl_eat_bio_ssl_all,12,9e043e2b-5a0b-4ee4-8ac6-ae02279341a4,299595.flac,iNaturalist,Mammalia,True,10.834624979114905,0.335553046605225,-0.1042939813023892
sl_eat_bio_ssl_all,12,d5685e70-e38b-464f-8182-4afcae776191,XC338230-recurvirostra%20avosetta%209%20salinas%20de%20bonanza%2007-08-2016.flac,Xeno-canto,Aves,True,9.53046234882846,-2.9326423374552832,2.0204726787640794
sl_eat_bio_ssl_all,12,725e77e2-7cdd-4f09-81d3-0a1544387878,113080.flac,iNaturalist,Aves,True,8.311932525921689,-0.6284619679786427,0.3427655401945524
sl_eat_bio_ssl_all,12,96a47dc8-1bdc-4246-a0fc-ba9fb3233336,83035019.flac,Watkins,Mammalia,True,1.3216605113250472,-4.793588039712148,3.7144592529555727
sl_eat_bio_ssl_all,12,e4c67f17-4b18-449f-a2e0-2f41684cfd19,8300603L.flac,Watkins,Mammalia,True,1.4625757407425128,-5.920685602876876,4.297173406553056
sl_eat_bio_ssl_all,12,a0bb22d9-9e2e-4b38-b944-3c7fae0f61d4,XC303235-Voice00240%20mochuelo%20macho%20puebla.flac,Xeno-canto,Aves,True,9.956764203924099,-1.6405929567307218,1.3623507131943493
sl_eat_bio_ssl_all,12,89aa8462-5b88-46c2-80cc-67ecdd15f6d1,689949.flac,iNaturalist,Aves,True,10.426077218241746,-0.05520599007611282,-0.7619696759849244
sl_eat_bio_ssl_all,12,8a711d06-4747-4a99-bd49-891b9dae40aa,07046113.flac,WavCaps,,False,9.320436375551653,1.0181864050249991,-2.1142285389668363
sl_eat_bio_ssl_all,12,c5ca92f3-5479-4404-8061-f12788c4b934,XC478715-Sm%C3%A5spov_05.flac,Xeno-canto,Aves,True,10.1841282330506,-3.0200656066940565,1.1043955100247058
sl_eat_bio_ssl_all,12,6a7467f1-004a-4f99-8b28-7419334b398d,7202100C.flac,Watkins,Mammalia,True,1.29620988525779,-1.8426122330940822,0.5560409121619635
sl_eat_bio_ssl_all,12,6a933a81-dba1-4c02-9725-b802866814d9,XC569792-Eastern%20Screech-owl%20alarm%20SISP%2012-26-19%200407.flac,Xeno-canto,Aves,True,9.957565361337158,-1.7514271556357963,0.5492817018543628
sl_eat_bio_ssl_all,12,8f3ff8f0-9d15-4c7e-bec7-e1b8d9338f96,73001002.flac,Watkins,Mammalia,True,5.996109022590117,-0.24722131001136582,-0.597740634307686
sl_eat_bio_ssl_all,12,734c9e30-160b-45a1-8e19-0cdb8bea7327,reed_acoustic_015-086-100.wav,NatureLM,,False,7.118862775261879,-1.2112851293676798,-1.2977194835998247
sl_eat_bio_ssl_all,12,516da4a0-75bb-427d-b12d-e4a97dce00f5,guitar_acoustic_028-056-025.wav,NatureLM,,False,7.3702091774276735,2.3831576642454735,-4.4895389784582145
sl_eat_bio_ssl_all,12,ca215d65-5bff-4888-ab3a-290e85f4a0f3,XC247263-150516_0243-Vanellus%20vanellus.flac,Xeno-canto,Aves,True,9.157645276257714,-0.6890446811131559,0.007528714366984213
sl_eat_bio_ssl_all,12,f7f98f31-0ac3-48ab-be64-82b68625685a,605171.flac,iNaturalist,Aves,True,9.229646528989225,0.5991990209677429,-1.0088966439451579
sl_eat_bio_ssl_all,12,9740dd80-2577-44da-b97e-7c34fe86126e,bass_synthetic_055-090-050.wav,NatureLM,,False,4.904643119612235,1.8665469830554957,-3.906405728491278
sl_eat_bio_ssl_all,12,1ef42007-a43b-4bdc-9c86-b90869b5f297,XC271854-LS_54311%20Guianan%20Toucanet%20call%20B.flac,Xeno-canto,Aves,True,7.9751085575251786,-0.3739921011523919,-0.42101061306323184
sl_eat_bio_ssl_all,12,932ed885-170c-45db-b2bd-9a1a5ffac222,559015.flac,iNaturalist,Mammalia,True,9.57419921064476,-2.3552196321047987,0.12944269859601
sl_eat_bio_ssl_all,12,a39e86af-800c-48cb-a4c6-71a747614bd0,ICLISTENHF1251_20141103T235254.811Z_048.wav,NatureLM,,False,6.589959158150303,3.1392259690614424,-4.468617402963658
sl_eat_bio_ssl_all,12,94c78f45-22b2-4473-89e1-fb03421a8f50,7501500A.flac,Watkins,Mammalia,True,5.92054963757932,-0.8030124204171353,-0.6766811929931675
sl_eat_bio_ssl_all,12,4dad533b-5674-48cb-aa20-2b8c438d0556,XC376177-170618_40XC.flac,Xeno-canto,Aves,True,9.677998584263154,0.23806641496664893,-0.4404176498865674
sl_eat_bio_ssl_all,12,70af7884-5f16-497f-b932-5351f51d0e2f,XC742753-Yellow-throated%20Toucan-swainsonii%2C%20song%2C%20El%20Valle%2C%20Colombia%2C%20180722%2C%201731.flac,Xeno-canto,Aves,True,7.892227552149346,1.450679971027473,-0.6209315718185212
sl_eat_bio_ssl_all,12,ef7909ac-f653-4101-a5a8-6a91daf733c1,8700301I.flac,Watkins,Mammalia,True,3.8667884552725083,-2.2923063668888983,-0.04410088000259316
sl_eat_bio_ssl_all,12,59b72759-5956-4f4b-8556-c198f6a29b8a,300806.flac,iNaturalist,Mammalia,True,9.150671419258678,-2.8718543056446535,0.8757946395926239
sl_eat_bio_ssl_all,12,6725007e-7dd3-4060-a13f-56dd2a5b05a1,YNp5CqgFVwsA.wav,NatureLM,,False,8.370361209829142,-0.27825310716018103,-2.070623581909952
sl_eat_bio_ssl_all,12,ef47d120-f19f-4d56-96b1-253498ca6cdd,XC443050-20181110_100350%20Swallow-tailed%20Gull%20cackling%20and%20mewing.flac,Xeno-canto,Aves,True,8.157971133800153,-0.12049569560589779,-0.6187764227668926
sl_eat_bio_ssl_all,12,c8285a59-5b11-41f2-aa25-25a0dd1b9381,XC461122-picus%20sharpei%204%20las%20ventillas%2016-03-2018.flac,Xeno-canto,Aves,True,8.935572934241769,0.4907963404744734,-1.08581959374855
sl_eat_bio_ssl_all,12,4adde8a7-63e6-4948-ac84-031740678e8b,Y5cezddiPBAo.wav,NatureLM,,False,9.777919508281226,-0.6351344618910346,-0.992713888375665
sl_eat_bio_ssl_all,12,c9bc2fd4-9910-4d9e-919b-e4aa1a6b5b8d,XC486586-BrownBoobok_20190414_191934.flac,Xeno-canto,Aves,True,11.074271963059093,-2.0767015376068185,0.9997750386560875
sl_eat_bio_ssl_all,12,a8703d90-8b54-431e-8ebd-91a41cd556ba,244756.flac,iNaturalist,Aves,True,7.5550003530987615,0.05984350728291954,-0.5253106743165368
sl_eat_bio_ssl_all,12,396e351d-3241-4c1c-9ba2-a981e6eac9e1,XC573910-Lapwing%2005.07.flac,Xeno-canto,Aves,True,8.87660432897621,0.18249168933140458,-0.963745830839705
sl_eat_bio_ssl_all,12,edc2bd4a-373c-44a7-a983-ae61dc069128,574372.flac,iNaturalist,Aves,True,8.022406628222077,-1.971268653725613,1.033355728220458
sl_eat_bio_ssl_all,12,2a97c7e7-df44-4213-be7d-b9b73d340fa7,XC560005-LS_55467%20Grote%20Bonte%20Specht%20adult%20near%20nest%20with%20juv%20call%20A.flac,Xeno-canto,Aves,True,9.742029107632971,0.19500785039645874,-0.3868767347525436
sl_eat_bio_ssl_all,12,a3bc944e-cd9a-4596-8366-83e16b2c59eb,Puma_concolor_V2010_12_short.flac,Animal Sound Archive,Mammalia,True,9.068004890936189,-0.7444095787715521,-1.3559036145394179
sl_eat_bio_ssl_all,12,a0bf19b1-8d9f-4dbb-9191-1a4a96b4d52e,XC499713-HUBRO_ungetiggN%C3%86R_2019-09-17.flac,Xeno-canto,Aves,True,11.076644214948134,-0.7528571001161488,0.49469399423314764
sl_eat_bio_ssl_all,12,3e6b1f2c-5dca-4c77-8767-eb5394ec2c14,ICLISTENHF1251_20140802T044029.421Z_027.wav,NatureLM,,False,6.543675321701,2.6802159527967584,-3.976879535091953
sl_eat_bio_ssl_all,12,b3415337-ee79-4769-8735-280b4a54080b,XC336602-T13.flac,Xeno-canto,Aves,True,8.454740135189848,-2.5036114470932493,0.7825871757239069
sl_eat_bio_ssl_all,12,41a1dfe4-0973-4f09-988a-329ea7cb7cf5,578883.flac,iNaturalist,Aves,True,10.192860754991287,-1.3296727157271935,0.03708822367055098
sl_eat_bio_ssl_all,12,1e08a0f4-be9b-4c76-9c4f-4eac81dc1c40,506582.flac,iNaturalist,Mammalia,True,8.857897040002648,-0.4948501962643732,-0.21701525294373214
sl_eat_bio_ssl_all,12,8bdb041a-0e92-4871-a41e-c4ab81d1334f,58623.flac,iNaturalist,Aves,True,8.623842609120278,2.314983910865214,-3.500228637736342
sl_eat_bio_ssl_all,12,a8253011-aeba-4dc5-976d-747589d08931,p278_023_mic22.wav,NatureLM,,False,4.96005809898614,1.7625182287837156,-4.092627123474824
sl_eat_bio_ssl_all,12,e90e620c-c8be-4e70-b66c-995ab7318928,XC292285-Red-fronted%20Tinkerbird_Thika_11Nov2014_1120.flac,Xeno-canto,Aves,True,10.577447766767238,-1.997582708424811,0.8366086454721573
sl_eat_bio_ssl_all,12,f1bd35c5-1251-4f81-823d-7ebc25b3b167,Neofelis_nebulosa_S0247_01_short.flac,Animal Sound Archive,Mammalia,True,8.392697035542739,-2.662823168427452,-0.05665011775452555
sl_eat_bio_ssl_all,12,ab10bc86-469b-430b-b965-2871ca1ac7d0,YM1KvQp2NUq0.flac,WavCaps,,False,8.935305095466422,0.14641793919194868,-1.7271848891284514
sl_eat_bio_ssl_all,12,2300faf5-a5a1-415a-9a63-5b3c676620d6,SSW_151_20170513_160021Z.019_007.wav,NatureLM,,False,9.436547791281544,0.6017673654807065,-2.9649017456917397
sl_eat_bio_ssl_all,12,72b06892-65cb-4b0a-ac58-182a7a08259c,XC625445-210228_0178A%20sel%20Slaguggla.flac,Xeno-canto,Aves,True,9.922371494155644,-0.1519531601133477,-0.027193913231858824
sl_eat_bio_ssl_all,12,e8bb0aa3-403a-4067-9710-7430f5cc5024,2654_158744_000004_0000071.wav,NatureLM,,False,4.034403295887,-1.3799121042610887,-1.827836771432267
sl_eat_bio_ssl_all,12,4edef489-cb27-4c03-9cb3-c895bdf8cfcd,84426.flac,WavCaps,,False,7.160783076692827,0.5540158964077772,-0.5028975673825816
sl_eat_bio_ssl_all,12,1f74b3eb-d93b-47a4-91b9-3cff2792a6bc,324102.flac,iNaturalist,Mammalia,True,7.560654448556148,3.6542242116384434,-3.435005310916377
sl_eat_bio_ssl_all,12,b6a69aa0-7c34-464e-b220-78787c6981ab,Y3BwlstxbnWc.wav,NatureLM,,False,8.208994101171433,0.3452668235933527,-2.002638184040798
sl_eat_bio_ssl_all,12,e8d393ca-93d8-43e8-9dfe-19a7a1e203b5,64042004.flac,Watkins,Mammalia,True,6.198469492903714,-0.6733894301268035,-0.5849006901195011
sl_eat_bio_ssl_all,12,738bfae7-7fd0-431b-b4a0-9e86c73e8600,XC626878-210116_03a.flac,Xeno-canto,Aves,True,9.386212474169904,1.0517550091210608,-0.9207096767805527
sl_eat_bio_ssl_all,12,e0907c86-fe9f-4355-90be-74d65f4f95c2,0300%20Wood%20Sandpiper.flac,Xeno-canto,Aves,True,9.613006080071562,-0.7153013936631529,0.39648327186267474
sl_eat_bio_ssl_all,12,1a52c6b0-0b42-49cc-9129-0c5f72051ac5,2204_131732_000041_0000012.wav,NatureLM,,False,6.351078169352649,1.6033381022075786,-3.2938962852555314
sl_eat_bio_ssl_all,12,f4f45305-472d-4860-a969-bf0ce7e2923e,ICLISTENHF1251_20141203T103122.076Z_054.wav,NatureLM,,False,7.029246678561151,2.922486381668295,-4.939453779323255
sl_eat_bio_ssl_all,12,dd80e013-1b6f-46c8-8d4b-120f83f37c95,40co0316_2.397_408a010z_-2.397.wav,NatureLM,,False,9.569737865163845,-0.051053211083450956,-2.6863095768854808
sl_eat_bio_ssl_all,12,c5494864-94f2-4e0a-9a6d-fbe9a0765227,490788.flac,WavCaps,,False,9.650467074247665,-0.10259678931702165,-1.3699751800736504
sl_eat_bio_ssl_all,12,475c4e48-f1e4-4562-bb77-078594a12735,XC367549-170503-121118FISKEM%C3%85KE_tisnes.flac,Xeno-canto,Aves,True,10.106497545433857,-2.989046660722778,1.5132635195186435
sl_eat_bio_ssl_all,12,b873f58a-c1c3-41ff-9908-197dc860aa37,XC568356-Fumarel%20cariblanco%20%2B%2B%2B%2C%2007_54%20%28online-audio-converter.com%29.flac,Xeno-canto,Aves,True,11.251063429295419,-1.8349277194005627,1.4810403718381997
sl_eat_bio_ssl_all,12,439d715d-769c-40bb-bd18-70bd9163ee8d,SSW_227_20170701_200015Z.025_010.wav,NatureLM,,False,8.774194365473143,0.518673860479951,-2.971051124298553
sl_eat_bio_ssl_all,12,3fa4814e-b72d-44da-87da-de11832afcce,561065.flac,iNaturalist,Aves,True,9.312451978190314,0.6191873814002724,-0.6431436978825402
sl_eat_bio_ssl_all,12,83c6fcc6-1f27-45f4-8e0d-580dd30f9b15,628093.flac,iNaturalist,Aves,True,10.767928491849027,-0.12337412373599221,-0.4606101709572148
sl_eat_bio_ssl_all,12,ac074031-54b8-4aa5-8c82-58ed556de94c,116378.flac,iNaturalist,Mammalia,True,10.685177096427868,-2.089329468390856,-0.10159231579428485
sl_eat_bio_ssl_all,12,c610ab73-a57b-429c-8430-cd1e7f0f4d6c,609353.flac,WavCaps,,False,7.174129022623796,4.268254350380083,-4.252473014888871
sl_eat_bio_ssl_all,12,ffff7c2e-3ca9-4628-8988-1beb9794bb1c,XC298091-160103_03.northern.saw.whet.owl.bronson.canyon.lance.benner.flac,Xeno-canto,Aves,True,9.807645992862172,-2.09194796080987,0.7979211018034718
sl_eat_bio_ssl_all,12,76790e0b-a744-48d6-bc93-2757d8e14dba,keyboard_electronic_033-050-025.wav,NatureLM,,False,4.6207346644067595,2.8333847602930993,-4.486211567836611
sl_eat_bio_ssl_all,12,dc422392-cf30-433e-a7f8-2b025801a7f6,SSW_125_20170506_090007Z.056_007.wav,NatureLM,,False,7.515091157868719,2.2803828278705436,-4.481616641349504
sl_eat_bio_ssl_all,12,8907c5d9-aa7f-4a5c-bb11-5d6b184286ed,organ_electronic_034-054-127.wav,NatureLM,,False,7.834252946883523,2.958792405349298,-4.56977814070009
sl_eat_bio_ssl_all,12,6d6f7493-cc30-4b28-8496-f5773be60572,78007027.flac,Watkins,Mammalia,True,3.9785766337231516,-1.2909019634450507,0.9258235254343194
sl_eat_bio_ssl_all,12,eedcd6e1-5c27-4df2-8b40-a6abe0aaebf7,88006034.flac,Watkins,Mammalia,True,1.5885191616375707,-2.8279696377834136,1.5598099648911092
sl_eat_bio_ssl_all,12,ee783ab4-be88-4dfe-a4d0-3aaac85badc5,ICLISTENHF1251_20141202T011144.851Z_027.wav,NatureLM,,False,7.541809097896154,3.0710663763010215,-4.571230967945273
sl_eat_bio_ssl_all,12,c42c0d83-66dd-493d-8f2d-85ede83b773c,652549.flac,iNaturalist,Aves,True,7.010803827716565,-2.125019443017748,0.8215192703186911
sl_eat_bio_ssl_all,12,0d0efb49-ae03-4f2e-bc0f-c651d9ce9c6a,p244_082_mic24.wav,NatureLM,,False,4.3918672416751985,1.0533714714875706,-3.2867943316990345
sl_eat_bio_ssl_all,12,7bca125f-ba28-4934-9681-fa5916444ee5,vocal_synthetic_005-076-050.wav,NatureLM,,False,6.288992150579128,-0.843389986659612,-2.0626456043224697
sl_eat_bio_ssl_all,12,f487e3e6-8866-4682-a18f-360fde2c76ba,20120104_Sigiriya_Brown-headedBarbet.flac,Xeno-canto,Aves,True,10.905487290716952,-1.1472351514147248,0.9316447517933805
sl_eat_bio_ssl_all,12,220b8cb1-f1e1-45bf-9267-a9973d9fb438,guitar_synthetic_008-092-100.wav,NatureLM,,False,6.386737219233503,0.37789263900273906,-2.2880330993719387
sl_eat_bio_ssl_all,12,a5640428-6061-4fc9-ba92-94c61d1963cd,330085.flac,iNaturalist,Mammalia,True,6.801497163481317,0.8026286869288862,-1.107819383222577
sl_eat_bio_ssl_all,12,bb721e59-ee82-466f-91d9-19d3586fdfda,ICLISTENHF1251_20140702T183216.535Z_035.wav,NatureLM,,False,9.414712856473539,1.88686250119294,-3.1961526828088953
sl_eat_bio_ssl_all,12,f777a4d8-a73a-4218-8eaa-f1c8b9602384,reed_acoustic_003-034-100.wav,NatureLM,,False,9.177739316874735,0.479795284694849,-2.1147123529421443
sl_eat_bio_ssl_all,12,69600846-8055-4e54-a420-d418e1a08fed,6404100D.flac,Watkins,Mammalia,True,6.496294362539542,-1.9207722043422106,-0.40006683753892425
sl_eat_bio_ssl_all,12,0a20ebc1-244f-4d2e-8db6-07937bf922aa,134717.flac,iNaturalist,Aves,True,8.353140818993413,-1.173069666611555,0.5672765591742026
sl_eat_bio_ssl_all,12,06d39be0-bfce-4c0c-911b-e9c27ef76c76,ICLISTENHF1251_20140901T121408.411Z_018.wav,NatureLM,,False,8.45944695927364,2.984796270360623,-4.070051202279205
sl_eat_bio_ssl_all,12,8bc5604b-86f2-4126-aafa-934bd8e56386,SSW_246_20170708_220025Z.018_007.wav,NatureLM,,False,8.027525287069139,0.7206945695995433,-2.8568682851175513
sl_eat_bio_ssl_all,12,5c4635a9-bbcb-4055-964e-e1a680f94e50,ICLISTENHF1251_20140702T183216.535Z_054.wav,NatureLM,,False,9.34935930033122,2.674984642809915,-3.751779093353911
sl_eat_bio_ssl_all,12,2e99c343-a1d1-4b04-8889-41703e6fe3af,77008006.flac,Watkins,Mammalia,True,6.861608286696514,-3.414774635159394,1.7505990099908788
sl_eat_bio_ssl_all,12,0bbadb7e-f625-40f4-8bbf-e04821f8ebbc,XC290365-Ninox_%28jacquinoti%29_granti-FL%20X%20song%20Chupukama%20Ridge%2017Sept15%2010.26pm%201300m%20LS118255b.flac,Xeno-canto,Aves,True,9.296963522523647,-0.2695120934723749,-0.08155842514588385
sl_eat_bio_ssl_all,12,a19b22fe-babd-46ad-a94b-fb5909db58e1,ICLISTENHF1251_20141004T035246.107Z_002.wav,NatureLM,,False,10.487621463602666,1.7343173167544583,-3.0618908940133345
sl_eat_bio_ssl_all,12,fb1edcf1-7536-479a-8b07-9014541bd40f,7100300W.flac,Watkins,Mammalia,True,4.148746646325215,0.4934175086906997,-0.7047051404817329
sl_eat_bio_ssl_all,12,1a22ad44-2627-47b2-99f3-bb14e084abd1,37301.flac,WavCaps,,False,6.212085191992443,2.9334836012088834,-3.5246522144385968
sl_eat_bio_ssl_all,12,0c742eaa-2cd8-4877-86fe-82f3c03ad414,6696_73296_000017_0000003.wav,NatureLM,,False,6.8075017760990395,0.5808065937380729,-3.015906897531779
sl_eat_bio_ssl_all,12,c48cf5cc-3185-40aa-af67-ea5c8bf2e9d6,Celeus_spectabilis_T866.flac,Xeno-canto,Aves,True,9.081234868746002,-3.312005877801533,1.726000377698349
sl_eat_bio_ssl_all,12,f0b0d77a-d521-40eb-91d2-80f715bc274d,vocal_synthetic_006-090-075.wav,NatureLM,,False,7.08030563339808,2.5252987257152686,-2.8925383526261284
sl_eat_bio_ssl_all,12,5443139d-7439-4066-8928-850b443c93e9,Y6GmoFefjuHw.wav,NatureLM,,False,9.075603998906846,-0.10556421822339068,-1.753831462799794
sl_eat_bio_ssl_all,12,e5f13262-458c-4221-8024-8c951f461322,guitar_electronic_037-044-127.wav,NatureLM,,False,6.753089348474026,2.2699387484806937,-4.167949641872722
sl_eat_bio_ssl_all,12,d142e6cd-2898-4aeb-a8b0-f54714f1ff85,9420101W.flac,Watkins,Mammalia,True,3.1302859896526103,-5.898331704223482,3.3674455384550037
sl_eat_bio_ssl_all,12,aaf137ef-63fc-4a06-b0f8-b6e1649765a0,516115.flac,iNaturalist,Aves,True,7.382583693304495,2.269212944761768,-2.757682367257069
sl_eat_bio_ssl_all,12,b0a58bc9-8bde-4c3a-8a03-b77511bcfb67,4214_7146_000054_0000021.wav,NatureLM,,False,3.979769324704809,-1.1098465769200556,-1.235218677512737
sl_eat_bio_ssl_all,12,8ac1fa03-b0d6-4306-8f40-c3a3b0a396fb,XC705126-Tern_White-winged_Black1_TLM3AK-1223_Karumba_3rdFeb22.flac,Xeno-canto,Aves,True,10.530883612701095,0.3289047427849856,-0.31120583136421637
sl_eat_bio_ssl_all,12,b195ba59-7a66-436b-b9d7-277d58b90f8f,6608400N.flac,Watkins,Mammalia,True,6.506348495131605,-0.4371659088454105,-0.7207912716465743
sl_eat_bio_ssl_all,12,459165a9-930b-44f1-a137-2b1f7d84fb45,68003001.flac,Watkins,Mammalia,True,8.661267955413331,-1.6605026464828627,0.505585970729453
sl_eat_bio_ssl_all,12,8055e210-6c94-47f3-97f0-85f2a5156cdd,XC341643-CHRRID_160730_2167_LeCroisic.flac,Xeno-canto,Aves,True,9.089297216906655,-0.2828406146104321,-0.7263944389760234
sl_eat_bio_ssl_all,12,eefd2629-a65e-49b3-909e-48ac47128256,224940.flac,iNaturalist,Mammalia,True,7.155086131077035,2.1587423722001096,-2.412804270757431
sl_eat_bio_ssl_all,12,4c0ae147-a5a6-43fa-809e-aa266696c517,XC568103-Lechuza%20com%C3%BAn%2C%2004_09.flac,Xeno-canto,Aves,True,9.02320562263828,-0.9822819809287036,1.044741173252772
sl_eat_bio_ssl_all,12,ba8f95cd-ce04-4060-b948-e0818a6e8999,bass_synthetic_008-055-127.wav,NatureLM,,False,9.610743921393794,-0.18158688400963396,-2.3007380503565704
sl_eat_bio_ssl_all,12,f0a3a24c-c8ec-4819-9f20-acc0fe9092f0,XC201176-Glapas_Farges_20141102_edited.flac,Xeno-canto,Aves,True,10.322712857438395,-0.9987096358882999,-0.11614891278461581
sl_eat_bio_ssl_all,12,74bd235b-aa72-4d69-8b8b-7cee91fc12d7,72007015.flac,Watkins,Mammalia,True,7.498807337802557,-0.7068017749786393,-0.5391039227833923
sl_eat_bio_ssl_all,12,40155dc2-d3c9-498f-b34d-7e0bd7a8b981,352350.flac,iNaturalist,Mammalia,True,9.818350259096965,-1.198773621496076,0.17886581515052002
sl_eat_bio_ssl_all,12,59976ca1-3668-4a5d-a582-04dfa572d11a,894050E0.flac,Watkins,Mammalia,True,1.79726156397465,-5.8129188722420695,3.47002768069056
sl_eat_bio_ssl_all,12,632789f7-ea0d-4493-86b3-ddc6fe7de889,XC260279-himantopus%20himantopus%203%20corredor%20del%20guadaira%2007-03-2015.flac,Xeno-canto,Aves,True,10.183730210066607,-1.2910302093873978,0.8900129419166168
sl_eat_bio_ssl_all,12,56688b9f-09b2-41be-9708-f87b57fd7c3e,Panthera_tigris_S1423_03_short.flac,Animal Sound Archive,Mammalia,True,10.704840353297117,0.29154828889010376,-1.2732351481378288
sl_eat_bio_ssl_all,12,aa4a1377-c129-41d2-a6e3-1418dee8a958,SSW_114_20170429_180011Z.047_017.wav,NatureLM,,False,8.113683375975267,0.5878327364691348,-3.053058513247626
sl_eat_bio_ssl_all,12,66313538-a232-41c3-a867-1a788714745c,XC478558-Gull-billed%20Tern%20adult%20and%20chicks%20flight%20june%203%201411.flac,Xeno-canto,Aves,True,9.833927498542158,-3.3933834413988144,1.5721749941712622
sl_eat_bio_ssl_all,12,d29c730a-30c4-4285-9c49-85b0ce36c05b,882_123267_000037_0000011.wav,NatureLM,,False,4.8861010246233665,2.593425194493381,-4.057663762197462
sl_eat_bio_ssl_all,12,811f1467-3a96-402f-91b7-9b20956669a7,5601700A.flac,Watkins,Mammalia,True,3.638065259459947,-2.3219167270124528,0.7448272099368386
sl_eat_bio_ssl_all,12,8e43281c-412a-467c-a95b-c9889cb7cad0,394031.flac,iNaturalist,Aves,True,7.312145757615699,0.11651172340968174,0.4113310101082026
sl_eat_bio_ssl_all,12,7ca1f2b1-76b2-4493-9470-b763c1a6f099,guitar_electronic_014-050-075.wav,NatureLM,,False,9.106672545082626,0.8892782336616415,-2.5281467464762413
sl_eat_bio_ssl_all,12,01d41c46-5f66-44c3-8fa8-16f7f0b691c5,5600600B.flac,Watkins,Mammalia,True,6.471386471370453,-4.009092324903648,1.5576956442848793
sl_eat_bio_ssl_all,12,03bccf19-679f-4b04-b17b-23f9b46e0862,621681.flac,iNaturalist,Aves,True,9.7583125846525,0.11419355434286649,-0.5259180819104636
sl_eat_bio_ssl_all,12,e19ef301-d176-4954-9fc6-17a341852a27,XC548845-OCB_409914_D9_20190519_074500_HUGO.flac,Xeno-canto,Aves,True,5.285373806245285,-1.3543082751492586,0.04355772034948491
sl_eat_bio_ssl_all,12,cc585b0f-2f72-42ab-8d73-f0e3a4c233e5,9400901S.flac,Watkins,Mammalia,True,5.825084503634077,-3.3175009218806117,2.810163256196423
sl_eat_bio_ssl_all,12,6b95a6c1-5c50-4060-938d-0d24bbc7f9bf,p288_356_mic12.wav,NatureLM,,False,5.239772634132977,3.8280962078855625,-4.95109977645606
sl_eat_bio_ssl_all,12,6435cfdd-d051-46cc-8ce7-b66af67db8ca,XC688560-200402_1638-19.05_Afu-god-Nikn.flac,Xeno-canto,Aves,True,10.065990326961796,-2.5601261284660612,1.4071866124926677
sl_eat_bio_ssl_all,12,f466d0cb-9598-4122-86c6-97f876e8ec94,444c020l_0.75853_22go010b_-0.75853.wav,NatureLM,,False,8.740585270989325,2.4526415105840282,-4.167209005662528
sl_eat_bio_ssl_all,12,f0210edb-302b-4538-b9c5-39be5c0c1c9e,Yzat8mWJSJjo.flac,WavCaps,,False,9.15647793483645,1.4072222540518395,-2.631707285785211
sl_eat_bio_ssl_all,12,b0dc3b3a-53ea-40dc-9f22-c657e4eb4629,SSW_021_20170304_110008Z.045_009.wav,NatureLM,,False,6.294708418713454,2.2370320357564566,-4.174666527772799
sl_eat_bio_ssl_all,12,29bbc1a7-a86c-4e1b-92b0-409d0f220895,209a010i_0.056719_40gc020o_-0.056719.wav,NatureLM,,False,8.584630482860685,1.1739747020028255,-3.4567368311405353
sl_eat_bio_ssl_all,12,6728d88a-5871-4171-a98a-0bfe4dab821d,brass_acoustic_001-037-100.wav,NatureLM,,False,9.01628546105708,2.047142133738935,-3.647504899651996
sl_eat_bio_ssl_all,12,a8bc19d5-57d6-42d9-95ff-9335d32c0b68,bass_synthetic_106-087-127.wav,NatureLM,,False,5.552895538808993,0.8270812972441743,-2.7946311298426028
sl_eat_bio_ssl_all,12,fd449aca-8556-4fe0-9f5d-a9071978e31d,9775100D.flac,Watkins,Mammalia,True,0.9781860157338829,-5.909116633797529,3.7696004434398436
sl_eat_bio_ssl_all,12,e98e44c2-0f57-4e95-bc29-138900ff73cd,XC579617-Ryukyu%20Scops%20Owl%202%2020200728%20.flac,Xeno-canto,Aves,True,8.141748011298432,0.16021608524475184,-0.5725104913058094
sl_eat_bio_ssl_all,12,b7d147a3-5599-47c7-af07-c0785b51ad2c,XC339835-berf.flac,Xeno-canto,Aves,True,9.180858438362801,-0.157746644341884,-0.5925998039916573
sl_eat_bio_ssl_all,12,11498200-3c42-4bad-97a7-ed2779850be6,XC542766-Chestnut-tipped%20Toucanet_Plataforma_Pe_27jun2013_FSchmitt_1.flac,Xeno-canto,Aves,True,7.106224543612626,-0.8597516012025579,0.3530613092235718
sl_eat_bio_ssl_all,12,093755a2-08e2-4c53-9cf2-a9456278ff36,XC353317-RC_23_Vanellus_chilensis.flac,Xeno-canto,Aves,True,8.987802024563194,2.101865983619487,-2.0850180992523546
sl_eat_bio_ssl_all,12,ecf64fef-92e1-4f06-9caf-27fade9a3426,p254_109_mic23.wav,NatureLM,,False,6.158390563511755,1.1359500702371461,-3.3287860663874023
sl_eat_bio_ssl_all,12,290420dc-43ba-4201-bc2d-e38d98b17cc0,2019-11-13-15-55_Schleusinger-Allee_70Kmh_2680973_A_D_CL_SE_CH34.wav,NatureLM,,False,7.609107603956666,0.13615126179527648,-2.3560999805978162
sl_eat_bio_ssl_all,12,e237c09f-413c-422d-a5d0-8ef9d18841d5,guitar_electronic_021-063-075.wav,NatureLM,,False,8.67881135901519,1.7598668902922534,-3.677847180264836
sl_eat_bio_ssl_all,12,f3eec048-3e2e-4ab0-b682-33426f59d3b1,216_122451_000021_0000004.wav,NatureLM,,False,6.933015557220672,2.897517203135611,-4.191409992728473
sl_eat_bio_ssl_all,12,e88506dc-e50b-409f-8b73-afe4803f87bd,p334_257_mic22.wav,NatureLM,,False,5.120348286009732,0.2858315706041189,-2.8892069872652835
sl_eat_bio_ssl_all,12,3509130b-c7d8-4216-a1ea-6956357a6c3d,2019-11-18-15-45_Langewiesener-Strasse_50Kmh_539048_A_D_CL_SE_CH34.wav,NatureLM,,False,6.856037166190822,1.3083041953819894,-3.3847949686102106
sl_eat_bio_ssl_all,12,00e5ac2e-bc44-45b4-9536-ba147a036cfe,4331_57180_000012_0000033.wav,NatureLM,,False,6.305770363149508,0.9667728489831007,-3.40762188266853
sl_eat_bio_ssl_all,12,65a8cc8c-a8ed-4ecf-927a-af69dc655ead,74645.flac,iNaturalist,Aves,True,6.799462662822512,1.006154478703479,-0.8518706718218727
sl_eat_bio_ssl_all,12,319f4ca3-3a16-4fce-916f-6994e8efcd1e,bass_synthetic_089-032-025.wav,NatureLM,,False,10.134039968352543,0.8239387366124185,-2.6398193322668706
sl_eat_bio_ssl_all,12,f3283e37-e2d5-46ea-a957-78a3b1909d2f,XC688888-200503_1748-21.45_Afu-hole.flac,Xeno-canto,Aves,True,9.986740045994154,-1.7199918985954836,1.030403817193501
sl_eat_bio_ssl_all,12,f27d31da-ce12-4d49-895c-134fc8c38564,XC454394-2019-01-26%2021-59-27_cut.flac,Xeno-canto,Aves,True,9.600655594975203,-1.5913998113071346,0.45300151487064166
sl_eat_bio_ssl_all,12,05e491e3-8526-4b80-a122-a087ab582ec8,437034.flac,iNaturalist,Mammalia,True,8.403431907224329,0.8338524681376726,-1.271908915385382
sl_eat_bio_ssl_all,12,a4c9d7cd-cef2-4700-be60-f02201f788d4,XC426586-LS107973%20Asian%20Barred%20Owlet%20song%20and%20call%20B.flac,Xeno-canto,Aves,True,11.223043740908944,-3.602221646007367,1.8902657559149707
sl_eat_bio_ssl_all,12,d90cc1fb-e7f5-4e14-9927-b8e47b4a0ec1,542483.flac,iNaturalist,Mammalia,True,8.053423898156362,-0.41089859516389327,-0.7289645001040508
sl_eat_bio_ssl_all,12,d4af2244-e48e-40cd-803e-a0e001d3bf19,YP7WjiBsM5rU.flac,WavCaps,,False,9.381183524926254,-0.673818394366005,-1.5045990022267985
sl_eat_bio_ssl_all,12,cd355d38-87f2-48f0-92ea-4a9771b31a01,XC209544-GIWO_150105_02_DVP.flac,Xeno-canto,Aves,True,7.429786512072151,-0.9969958987137861,0.4571790908753962
sl_eat_bio_ssl_all,12,3d1c43ee-22bd-4568-82f2-493f874f6fd0,XC259237-Megascops_barbarus-FL%20song%20west%20of%20San%20Cristobal%20de%20las%20Casas%2018Mar15%2018.39pm%20LS114396a.flac,Xeno-canto,Aves,True,8.430852455311975,-1.82929697816078,1.1354005694398308
sl_eat_bio_ssl_all,12,105a86c0-72d8-4717-a801-984fa219bf58,310956.flac,iNaturalist,Aves,True,10.505809106958711,0.009687651321798718,-0.6016594402366554
sl_eat_bio_ssl_all,12,c318ab11-83e0-428c-8ba0-6905265ada78,XC487610-2018-07-17%20Flatey%20180717%20Sterne%20arctique%20cri%20de%20poursuite.flac,Xeno-canto,Aves,True,10.851786565876907,-3.9336941271409347,2.374762817388964
sl_eat_bio_ssl_all,12,4157521a-bb41-4639-97b2-10a038911541,bass_synthetic_012-062-100.wav,NatureLM,,False,8.51974235967756,0.5329985409893749,-2.4820366069138813
sl_eat_bio_ssl_all,12,3d3e1887-fc18-4e70-a41e-8ce5b68305d8,63005001.flac,Watkins,Mammalia,True,6.56453001446577,-0.9135906617961551,-1.202392956846948
sl_eat_bio_ssl_all,12,c49b970e-1400-4aa3-beb6-cf633967ed97,195628.flac,iNaturalist,Aves,True,6.410050115012851,1.5872503703555,-0.7250736213223365
sl_eat_bio_ssl_all,12,22a61408-3509-4067-b013-495622b188e4,YfORTwxb5tcY.wav,NatureLM,,False,11.12927859705565,-1.5362845881479836,-0.685502784346697
sl_eat_bio_ssl_all,12,882cd8ad-9001-4ca0-b021-ae74d7aab5a7,7900400L.flac,Watkins,Mammalia,True,4.823950635200701,-2.693836508021281,1.3163349068789394
sl_eat_bio_ssl_all,12,a01ddadd-e47a-46db-bc20-dd11802ba8d0,61040009.flac,Watkins,Mammalia,True,6.0720117776680045,1.013411031752462,-0.552798611514432
sl_eat_bio_ssl_all,12,26b4bba3-382b-4376-b3b9-09943c6f1e9a,YkMEHsM2CWAY.wav,NatureLM,,False,10.465064929078242,-1.3949792374939665,-0.9092348955907057
sl_eat_bio_ssl_all,12,05894c3e-62cd-4e77-8895-5c8225dd4580,XC403635-Mindre%20hackspett_4.flac,Xeno-canto,Aves,True,7.592971607919225,0.49539015443455325,-0.24179438956228205
sl_eat_bio_ssl_all,12,abe7afda-58f8-477c-a39e-9486e87e9c00,XC439076-180723_1065%20Pic%20e%CC%81peiche.flac,Xeno-canto,Aves,True,8.926650417865622,0.6719892651290205,-0.685255048098059
sl_eat_bio_ssl_all,12,390cb16a-666f-46b4-a690-cc2599a5a8b5,YEeg1o6yRVpM.wav,NatureLM,,False,10.11643645930869,-0.8671620953306403,-1.419415092786041
sl_eat_bio_ssl_all,12,6a0689c9-4aed-4a8d-ac25-73527ade568f,bass_synthetic_007-046-127.wav,NatureLM,,False,7.401953577588353,1.2415790852718285,-2.818605896752381
sl_eat_bio_ssl_all,12,a0e3fbea-e4b8-48bd-91e6-84e0dbfdf5e0,7789_258266_000008_0000004.wav,NatureLM,,False,7.888966602077928,1.096065427285318,-2.8897389516982646
sl_eat_bio_ssl_all,12,0012aa9f-98de-425b-b851-c81c20e9edca,SSW_078_20170401_200022Z.019_003.wav,NatureLM,,False,8.2868522618642,2.1438817583331806,-4.358299779214639
sl_eat_bio_ssl_all,12,30198020-dcff-426d-b424-2fd58701ac6d,mallet_electronic_006-051-050.wav,NatureLM,,False,6.621951012786466,2.797020117856334,-4.223961569306926
sl_eat_bio_ssl_all,12,acdc1409-e658-436a-8dc4-5b7f14bb4709,164276.flac,iNaturalist,Mammalia,True,9.614387105788772,0.8151605941739137,-1.0709569560148384
sl_eat_bio_ssl_all,12,0dafdb09-cc1f-401b-83af-556ad2acf105,ICLISTENHF1251_20140301T092327.496Z_017.wav,NatureLM,,False,8.250116686346889,1.9693207330822906,-3.828284847368843
sl_eat_bio_ssl_all,12,dda3b2d6-3116-4c56-86c8-01af7a531181,6503000C.flac,Watkins,Mammalia,True,2.241000500951583,-3.1830437151545286,1.5015001744048095
sl_eat_bio_ssl_all,12,e4a1ea08-a1ba-4abb-b487-8c4a1f8fe9cd,348629.flac,WavCaps,,False,6.880014852773151,0.9895677973536973,-2.55234322496016
sl_eat_bio_ssl_all,12,ee619911-1276-4697-a07e-17d6f9c96366,4137_11702_000016_0000012.wav,NatureLM,,False,3.1346386151090795,0.5295073429309087,-2.2789217910677433
sl_eat_bio_ssl_all,12,99613f62-eff5-46ae-8b4e-e9ed7d9e9b33,Y2IP8siC6ID0.flac,WavCaps,,False,10.601078902430283,-0.9937616271594001,-0.556420398957876
sl_eat_bio_ssl_all,12,549c4f26-63c3-4741-8c3b-f2d0e59116bd,711_187466_000008_0000073.wav,NatureLM,,False,7.949302220041445,0.6171323246839693,-2.451597045589164
sl_eat_bio_ssl_all,12,3fbefbc5-6fe9-4bc6-bea9-fdd337eaec4d,SSW_031_20170304_210014Z.023_015.wav,NatureLM,,False,8.616323460589022,1.441353988988781,-3.618386442723156
sl_eat_bio_ssl_all,12,d73a71b3-2456-4b25-8177-81409b63f3d7,477893.flac,iNaturalist,Aves,True,10.051975766604215,-0.24866551384001045,-0.2987111150513211
sl_eat_bio_ssl_all,12,6e310798-3523-46a8-b024-2be3e87d1145,keyboard_electronic_026-096-075.wav,NatureLM,,False,7.093011769204031,1.6725048058113552,-3.3602732497297305
sl_eat_bio_ssl_all,12,394c771c-5e40-48ae-85d4-6057168a2bed,XC619230-01-02-2021%205e7%20Coruja%20preta.flac,Xeno-canto,Aves,True,9.606504060071131,-0.14814838913987471,-0.5084072455841468
sl_eat_bio_ssl_all,12,b3f6a3c1-1cbb-42b6-9821-560e328bde25,SSW_189_20170610_130015Z.038_003.wav,NatureLM,,False,8.22462652050267,0.5069727658761307,-1.8693370913445475
sl_eat_bio_ssl_all,12,50fc75dc-3b06-4488-9d5c-4bbae116b96b,Y3ZB0HfkO0tQ.wav,NatureLM,,False,9.590122475206686,-0.5890464629268461,-2.326597290964788
sl_eat_bio_ssl_all,12,d11f1efe-91c5-43a3-991d-bc056976381d,7500303T.flac,Watkins,Mammalia,True,2.591381616708422,-2.450594245292653,0.915325173748065
sl_eat_bio_ssl_all,12,41fcdf68-9418-468c-842d-73340980ab31,369274.flac,WavCaps,,False,7.162177261835603,0.4638575470608445,-2.5731877592063306
sl_eat_bio_ssl_all,12,ce979d4c-5bd0-4bb2-b7c4-5574e2c906b8,222523.flac,WavCaps,,False,8.435771194752682,-0.7174231419448618,-1.3813692366786323
sl_eat_bio_ssl_all,12,42989fd4-c57d-4e78-8dc1-6da0c2531427,XC463578-Pic%20syriaque%20pecking.flac,Xeno-canto,Aves,True,10.080113369676107,0.8324786695476865,-0.9672363397936363
sl_eat_bio_ssl_all,12,a19e7385-e9a8-4d58-b5aa-3673ed2acd1d,p259_444_mic12.wav,NatureLM,,False,6.527862954576114,1.5236991282396741,-3.5356351913432897
sl_eat_bio_ssl_all,12,8643d0cf-6129-4da6-905f-103276bf0815,2019-11-19-16-30_Langewiesener-Strasse_50Kmh_738440_A_D_TL_ME_CH12.wav,NatureLM,,False,8.81493886381196,-1.2253756182591666,-1.027801473527052
sl_eat_bio_ssl_all,12,ad7f9361-5a76-4bf6-ac36-ef1627e128c4,XC616689-Otus-mirus-FL%20X%20song%20ComVal%201300m%2015Feb20%204.50am%20LS114225a.flac,Xeno-canto,Aves,True,9.459989804573562,-2.3185156723368214,0.8461946210793858
sl_eat_bio_ssl_all,12,c0962a0a-1409-400d-bffb-9bb6e196051a,8600801Q.flac,Watkins,Mammalia,True,1.2465167104916044,-2.2011952734407685,1.273963070160282
sl_eat_bio_ssl_all,12,d9215e73-f1db-4ae6-885a-a60b21790619,508786.flac,iNaturalist,Mammalia,True,9.763809513805697,-0.36103757390093727,-0.9672166300696582
sl_eat_bio_ssl_all,12,c6c6f5e7-649b-4254-b411-59319ca8461c,Y8oiyVt6-erA.flac,WavCaps,,False,9.141131975027388,-1.167974633754191,-0.3990982776013723
sl_eat_bio_ssl_all,12,f23941f0-5f8e-4886-9cb8-cacbaf961bbf,vocal_synthetic_012-054-025.wav,NatureLM,,False,4.113516425576799,2.3422708207766583,-4.846425053374178
sl_eat_bio_ssl_all,12,9723b34c-f11b-466c-aae7-9929ab5f86b1,ICLISTENHF1251_20140203T185101.632Z_024.wav,NatureLM,,False,9.35071674847455,1.7229234348952793,-3.590242469643888
sl_eat_bio_ssl_all,12,f516165c-9b20-4501-9984-9748f8091ea5,SSW_079_20170401_210014Z.035_007.wav,NatureLM,,False,8.791853635595265,2.3443741625770183,-4.385809262954078
sl_eat_bio_ssl_all,12,d72366ce-5879-4174-936b-ea561da9d2bd,XC219791-Brown%20Jacamar%20A%204049.flac,Xeno-canto,Aves,True,8.630707171371833,-1.445356930221159,0.5971484888528589
sl_eat_bio_ssl_all,12,6162fff4-5f9d-4cb2-bc4c-9ff9d52014b9,SSW_209_20170617_190020Z.031_015.wav,NatureLM,,False,6.6113612773864245,1.2193424121141392,-3.019548940619893
sl_eat_bio_ssl_all,12,756dea88-26c7-4cec-a2cf-f1791eecf2f2,XC482969-S.%20maculirostris.flac,Xeno-canto,Aves,True,9.124661473412324,-3.9108298812561983,1.694410367256554
sl_eat_bio_ssl_all,12,91832065-0b87-45d1-95fe-33c3ddae7dca,XC314612-chlidonias__dojlidy_podlaskie_02.05.2016_1107.flac,Xeno-canto,Aves,True,9.09621829496487,-0.6160941643150029,0.6601986436337819
sl_eat_bio_ssl_all,12,b46bc1a4-0264-4dcf-87ea-31b1c05aaa7d,SSW_114_20170429_180011Z.019_000.wav,NatureLM,,False,9.50999137415071,1.3398980076098448,-3.1989354420270355
sl_eat_bio_ssl_all,12,8d54df23-9e4a-41af-a0e5-9ecb83d3b7c9,7957_39967_000011_0000064.wav,NatureLM,,False,7.155359505007943,0.3127315261785747,-2.5261970636816553
sl_eat_bio_ssl_all,12,df771265-65b5-4559-8d89-15b61421b503,SSW_122_20170506_050003Z.035_000.wav,NatureLM,,False,6.472678263993989,2.2622056141005493,-3.2531786268619998
sl_eat_bio_ssl_all,12,0b35f942-95d7-44db-a270-7cdead497c26,SSW_116_20170429_200013Z.027_000.wav,NatureLM,,False,8.641865707074459,1.153820065307204,-2.7099648251970367
sl_eat_bio_ssl_all,12,1b49c919-ee99-45ca-a134-aac8aa0c15ca,91670.flac,iNaturalist,Aves,True,9.470027627743022,0.03877516704067152,-0.4800029585991291
sl_eat_bio_ssl_all,12,fecd09cf-3cbf-481c-a09c-66b50a95ea9b,313533.flac,iNaturalist,Aves,True,9.788249632954766,-0.8734165326239389,-0.0247459299368884
sl_eat_bio_ssl_all,12,fadae947-3c4f-49ff-888e-1e5a7571ffcc,organ_electronic_062-093-075.wav,NatureLM,,False,6.3821763982826925,2.8330326315145595,-4.0612170533002745
sl_eat_bio_ssl_all,12,8b4b5a32-cc1c-4440-9056-57f28cd7eb08,XC385909-chevalier%20guignette%20cri%20de%20vol%20tres%20fin.flac,Xeno-canto,Aves,True,10.693311486490945,-0.7290011044021614,-0.5321823211016502
sl_eat_bio_ssl_all,12,f6060001-2a4f-4e41-8e24-0aa5b2091834,7900500U.flac,Watkins,Mammalia,True,4.195256551275608,-2.1974046229870123,1.298683668516217
sl_eat_bio_ssl_all,12,69f6682f-81fc-4ebf-8882-f42b7af00514,ICLISTENHF1251_20140104T212150.177Z-HPF_019.wav,NatureLM,,False,9.095410017615105,2.3769862506260258,-3.654953407790363
sl_eat_bio_ssl_all,12,0cfc7479-06b4-4bf4-9d04-d279ac2c0917,894050DB.flac,Watkins,Mammalia,True,1.1371019221386558,-6.034041158463891,3.7907212989620023
sl_eat_bio_ssl_all,12,ecdd29d6-d40a-4a7f-b189-bcb77c7cf5db,flute_acoustic_000-086-050.wav,NatureLM,,False,8.69689291192635,1.355133583204753,-3.1219613128360546
sl_eat_bio_ssl_all,12,b698b564-98dd-4cca-a056-0000696a024e,274146.flac,iNaturalist,Mammalia,True,9.115486759862126,-0.526481635982579,-0.7940324153887892
sl_eat_bio_ssl_all,12,afbc008b-4f39-4847-afdd-800feeec2e9f,p304_285_mic11.wav,NatureLM,,False,5.528414885188832,1.243898946458935,-3.588526626037494
sl_eat_bio_ssl_all,12,60ef419f-51c7-4606-aeb8-c443e75d60a4,XC585455-LaughingGull2.flac,Xeno-canto,Aves,True,7.600362807808766,-0.909098148656134,-0.14710254323099292
sl_eat_bio_ssl_all,12,57c71e21-0f5a-4b79-b7da-caa00cb26da1,mallet_synthetic_002-102-050.wav,NatureLM,,False,10.100690721128794,2.8716121518094817,-3.63045125095
sl_eat_bio_ssl_all,12,8386bf3d-b891-4c22-8ac8-7f97643fcd3c,2020-08-29-16-07_Hohenwarte_unknownKmh_2161592_M_D_ML_ME_CH12.wav,NatureLM,,False,8.738548331346035,-0.25307444961183934,-2.5805620436400662
sl_eat_bio_ssl_all,12,316bf0c1-8d09-461f-bc82-9155bdbd3901,asianbarredowlet-bhutan210407farrow.flac,Xeno-canto,Aves,True,10.17978440643475,0.04801304231827341,-0.6151830314950681
sl_eat_bio_ssl_all,12,6b76612e-a842-4a38-a20f-d53e9e6e56e5,SSW_112_20170429_130010Z.000_009.wav,NatureLM,,False,9.255369656879179,0.10284510562580662,-2.1618186580156027
sl_eat_bio_ssl_all,12,e6d6174d-1753-4cee-bbba-95ff4a6895d9,57026077.flac,Watkins,Mammalia,True,3.9862075029270017,-3.907704963456457,0.9085523435960219
sl_eat_bio_ssl_all,12,7bb8fdd2-850f-4bfd-80da-31f07fb24e2b,XC443772-Bar-tailed%20godwit%20alarm%20call.flac,Xeno-canto,Aves,True,8.952220084686754,-2.470866514180111,1.3704148506610345
sl_eat_bio_ssl_all,12,0f238e01-4bc5-4865-a5ac-d448f8cefba7,p363_421_mic24.wav,NatureLM,,False,4.770624642487033,0.030417490016833804,-2.341055376338676
sl_eat_bio_ssl_all,12,33f20638-9870-4bd3-8176-a18ef51db7e3,SSW_101_20170415_152049Z.036_005.wav,NatureLM,,False,7.402772992800886,-1.4224832585835496,0.10730834113873566
sl_eat_bio_ssl_all,12,14750724-eeee-4fc8-98ed-5a3dab54b6cc,330868.flac,iNaturalist,Mammalia,True,9.496050430741832,1.0313693622552935,-0.7206645946344483
sl_eat_bio_ssl_all,12,018d7982-41f3-4e8b-afaa-3a0d1f2e9460,XC766046-Go%C3%A9land-de-Mongolie-cris.flac,Xeno-canto,Aves,True,9.870423499883424,-2.2753605135876516,1.394852507993135
sl_eat_bio_ssl_all,12,996db5bc-424b-473e-9cf2-d9b7e6d9aece,XC699624-Pic%20mar%20chant%20Bois%20Cornec%2030%2001%202022.flac,Xeno-canto,Aves,True,8.16004267442671,0.10197304074037594,-0.3390665682532813
sl_eat_bio_ssl_all,12,606b0e8d-0508-4caf-bc24-cc80fcceea85,XC775747-190319_02A-Slaguggla-hona-defensiv-kattuggla-rev5-sel.flac,Xeno-canto,Aves,True,9.662566575612432,0.6726178813143606,-0.5623203493826665
sl_eat_bio_ssl_all,12,958d73a1-358c-497e-8eaa-5e0ddb8aa47c,9101000T.flac,Watkins,Mammalia,True,3.961123802598564,-4.269234377037166,1.4936766152771723
sl_eat_bio_ssl_all,12,26990953-7f52-40ed-a0b1-3acb5c2a8506,SSW_122_20170506_050003Z.033_007.wav,NatureLM,,False,8.234495904800166,2.164204504397511,-3.601012162364028
sl_eat_bio_ssl_all,12,5a2781a5-1076-4e4a-a228-d4368649bbe2,SSW_003_20170225_030002Z.048_019.wav,NatureLM,,False,8.329944888766523,1.1442723474172944,-3.734610524612413
sl_eat_bio_ssl_all,12,176d8658-1e37-4995-9bab-7a55b33ed856,SSW_229_20170701_220016Z.002_001.wav,NatureLM,,False,9.853127618281082,1.37745504263209,-3.7290350554486498
sl_eat_bio_ssl_all,12,fa24bf8c-c5f1-47c8-ab0e-214f218e8a2a,307727.flac,iNaturalist,Mammalia,True,9.504478621699892,-2.1565517350514307,0.3086118720491795
sl_eat_bio_ssl_all,12,615a9a1c-4589-4fa4-83f1-5316ce96dfe8,156868_siren_4.wav,NatureLM,,False,4.131433523755602,-1.4380401001292844,-0.6264736828324629
sl_eat_bio_ssl_all,12,97be1029-5724-4ba8-8ae7-d94d7aa97979,62487.flac,NatureLM,,False,9.47185866418526,-0.7957338548478936,-1.413249261792183
sl_eat_bio_ssl_all,12,7456253e-2ffc-429e-ad36-c44ba8b79cfd,XC271853-LS_54250%20Guianan%20Toucanet%20long%20call.flac,Xeno-canto,Aves,True,8.201585906835867,-1.5261989171651398,0.415512195694974
sl_eat_bio_ssl_all,12,c2352e92-6dcd-4c4e-9c65-ff3f440f1015,XC584748-Becasseau%20variable%20H%20cris%20doux%20et%20cris%20aigus.flac,Xeno-canto,Aves,True,7.245158246804154,-1.3461860501620615,0.8209610175530582
sl_eat_bio_ssl_all,12,6995984e-eb64-4191-82fb-f2b57c73d7e5,58205.flac,iNaturalist,Aves,True,8.644462645587,-2.68826392158944,1.038656667462296
sl_eat_bio_ssl_all,12,ea8cc891-c112-46e1-b234-aeb6456f0792,XC661998-LE-OWL_20210623_025640.flac,Xeno-canto,Aves,True,9.01656848601154,0.775944664321987,-0.7934592130523078
sl_eat_bio_ssl_all,12,6e8d8826-a506-4c0e-aec2-ab913b7383e3,keyboard_electronic_056-037-127.wav,NatureLM,,False,8.43449181906053,1.0914954791032931,-3.841089154807723
sl_eat_bio_ssl_all,12,5cf6ee43-f531-4515-ab9b-1e1071ee77e3,XC627869-090321%2023u13%20spec.flac,Xeno-canto,Aves,True,8.60541332946246,-1.0248597382591502,-0.38012082224532806
sl_eat_bio_ssl_all,12,bc1ce63c-8a71-48d4-accb-d4e737357b5c,98681.flac,WavCaps,,False,9.40076735405481,0.08234532553248974,-1.3951896878845846
sl_eat_bio_ssl_all,12,d42320e3-79b9-4a37-8201-1367189d68fe,organ_electronic_076-053-100.wav,NatureLM,,False,7.475293713747928,2.3194869583122797,-4.540187748247886
sl_eat_bio_ssl_all,12,86885ccf-defc-4f47-a203-879424df0470,7700901J.flac,Watkins,Mammalia,True,4.394243365352879,-3.9420127501316298,1.7611073064805196
sl_eat_bio_ssl_all,12,26a24a6a-525c-464b-8acd-0d061e63e6b4,XC529810-Lophostrix%20cristata.flac,Xeno-canto,Aves,True,8.520726893329417,1.4196105899772484,-1.5028309505945328
sl_eat_bio_ssl_all,12,f6a4eab3-d666-40db-95e5-b3cfa58ac53f,XC127025-Mediterr%C3%A1neo%20-%20Megascops%20choliba-c%20MARZO-16-2013_02_01.flac,Xeno-canto,Aves,True,10.33035538276205,0.5540428366302131,-0.2270662435304901
sl_eat_bio_ssl_all,12,bdb01d99-1f08-4ae7-be4f-004304fe2b38,SSW_167_20170603_090007Z.053_004.wav,NatureLM,,False,7.813361969887544,2.3677797052338856,-4.161242806741543
sl_eat_bio_ssl_all,12,597452b7-1157-42b5-a9af-8ced9babc4e5,vocal_electronic_001-054-127.wav,NatureLM,,False,5.861459009176302,-0.4639517425013564,-1.854170534672499
sl_eat_bio_ssl_all,12,779455cf-5327-4d1a-a13a-dc5b278ea807,207c0104_2.2216_20ro010b_-2.2216.wav,NatureLM,,False,10.279422001814323,-0.47027895295006994,-2.3626854149920486
sl_eat_bio_ssl_all,12,0468da12-7705-4d44-96ce-f202e2957683,ICLISTENHF1251_20140804T104424.328Z_002.wav,NatureLM,,False,7.0936591621408045,3.5162086859857196,-5.027875325884487
sl_eat_bio_ssl_all,12,dfafbd62-794b-4311-9e5c-97ab3b52d596,351293.flac,WavCaps,,False,7.7786690228507025,1.9485752509642549,-3.2643956996222268
sl_eat_bio_ssl_all,12,f613c227-d1cc-423d-92b8-0c4959ef48ce,p239_271_mic24.wav,NatureLM,,False,6.071521838302655,0.9895938237627913,-3.356392566058773
sl_eat_bio_ssl_all,12,6f6a7219-921d-4326-b08e-3ad8e7eb846c,XC181584-LS100856.northern.pygmy.owl.copo.wwpe.flow.benner.t22.2014may28.flac,Xeno-canto,Aves,True,9.76126213737843,-2.476109466864555,1.423457751224101
sl_eat_bio_ssl_all,12,f2cf73c8-1dd2-46c6-88e1-ab9b06bfa3e0,16109.flac,WavCaps,,False,10.162883359781162,-0.17877484361415852,-0.8347799573127792
sl_eat_bio_ssl_all,12,7bf86453-4005-41e2-b56f-ac5b944d8595,XC484604-STE-176%20uszatka%20zytno%2015%2006%2019%2022%2030.flac,Xeno-canto,Aves,True,9.359448843178118,-1.5222283786436208,1.2535761522404842
sl_eat_bio_ssl_all,12,cd32e772-0142-4c8e-982e-9e772945c35f,guitar_synthetic_004-108-075.wav,NatureLM,,False,7.584431480889944,3.420883432096155,-4.664032972576476
sl_eat_bio_ssl_all,12,db2a39aa-df74-4bf7-b3d7-9b178987bed5,SSW_063_20170325_170011Z.023_003.wav,NatureLM,,False,9.096672732801487,1.4398361022850987,-3.421789114075609
sl_eat_bio_ssl_all,12,2b785e14-2205-44e2-93f7-521d79cf9ea0,mallet_acoustic_035-080-025.wav,NatureLM,,False,8.22929590914811,2.8165703514808396,-3.7345271807166576
sl_eat_bio_ssl_all,12,7918055c-181c-41c5-a212-dfc32b7577de,YMFe5We4D1ws.wav,NatureLM,,False,9.843774254504918,-0.6279968196092174,-1.822788881546387
sl_eat_bio_ssl_all,12,341af722-536d-4a37-a23c-9ecb7ba8fa5e,YvMU7ZKY2Eso.flac,WavCaps,,False,9.446431511977714,-0.2330020983525689,-1.674470810302525
sl_eat_bio_ssl_all,12,83008977-cdd0-4edb-879d-d83b0f8265b2,YqdexSzEvG74.flac,WavCaps,,False,9.153293841034383,-0.5641821371366009,-0.18607504488691862
sl_eat_bio_ssl_all,12,2b4b5861-d4e4-4146-aa3e-40877b57dbbb,192431.flac,WavCaps,,False,9.165893370495532,0.6900641100598022,-2.5037571146708686
sl_eat_bio_ssl_all,12,e13112b9-db62-4ad6-949b-755a14aa6b26,ICLISTENHF1251_20141203T142122.125Z_047.wav,NatureLM,,False,6.830919594261395,3.256247428574463,-4.97388961189796
sl_eat_bio_ssl_all,12,1a24ef80-8eab-4bdf-bcc4-636aa37b819a,XC427234-Colaptes%20campestris%20-Caio%20Brito-%28Porto%20Seguro-BA%29-BRITO2671.flac,Xeno-canto,Aves,True,7.855623706233336,-3.769458370289472,2.0699988106697376
sl_eat_bio_ssl_all,12,e3048473-cd5d-4ce2-9660-f4f6e0515e0d,6102204S.flac,Watkins,Mammalia,True,3.1660524016826894,-2.44843270613456,1.2453663580089556
sl_eat_bio_ssl_all,12,84e31ed2-2f15-452c-809d-07c4c761651f,205a010w_1.0783_208c010f_-1.0783.wav,NatureLM,,False,9.275970775734484,0.01944331246561415,-2.1053663580896744
sl_eat_bio_ssl_all,12,f25b7469-a1e3-4528-8b90-9ff9bda7c76b,XC618443-IV-_20200523_020233-2.10_A.flamm-klask.flac,Xeno-canto,Aves,True,7.099727829473824,0.6152554608340788,-0.8276504938922472
sl_eat_bio_ssl_all,12,ed8fa4b2-a169-4bc3-89f1-5982502e3452,XC664034-Silvert%C3%A4rna_20210716_1852_lockl%C3%A4te_juvenil_tiggl%C3%A4te_Falkv%C3%A5ltj%C3%A4narna_AA_redigerad_202107.flac,Xeno-canto,Aves,True,10.241641662854402,-2.7355177671166606,1.363048682124808
sl_eat_bio_ssl_all,12,57a430c0-e1f0-45b0-9ab6-90cfdd5ea450,417065.flac,iNaturalist,Aves,True,7.87685535738887,-0.6819499734675897,-0.3087395759718492
sl_eat_bio_ssl_all,12,01eb8a2d-17e6-44bd-893f-9b9ed1585946,guitar_acoustic_028-081-075.wav,NatureLM,,False,6.309521486983911,0.5109790431293602,-4.0247522305994625
sl_eat_bio_ssl_all,12,42d79681-f110-423b-95f1-6f7f5f8caf1a,SSW_062_20170325_160010Z.056_002.wav,NatureLM,,False,7.857389931312334,2.76129415253764,-4.564463342910958
sl_eat_bio_ssl_all,12,71d374da-dcab-4349-9590-527737216438,XC439740-181021_3882%20WFNU%20PB%2050ft%20Torre%20I%201630%20mp3%20amp.flac,Xeno-canto,Aves,True,6.976114722827918,-1.8256935463371062,-0.24674062269786012
sl_eat_bio_ssl_all,12,5232fefb-ab2c-4815-97e9-408ab9dc44fd,XC758942-221027_0130e.flac,Xeno-canto,Aves,True,9.758374589260981,0.7268919775723419,-0.38301959243044603
sl_eat_bio_ssl_all,12,da91e28d-2fac-442d-ace6-695ba07feb7a,SSW_005_20170225_070005Z.002_001.wav,NatureLM,,False,9.451010805002626,0.8938193504278326,-3.0548345442995952
sl_eat_bio_ssl_all,12,ca5412b7-f91a-4648-8827-691e640f6fe4,6107500R.flac,Watkins,Mammalia,True,3.0739160842400497,-0.247689015132949,-0.9470204097300311
sl_eat_bio_ssl_all,12,278decaf-387e-4252-9f2e-38a632043f5a,172583.flac,iNaturalist,Mammalia,True,8.79390630015634,0.7701190169915612,-1.4535823169597544
sl_eat_bio_ssl_all,12,108f6957-02f2-4e45-9538-2f0e2c3e4494,bass_synthetic_021-071-050.wav,NatureLM,,False,7.144039056872825,3.021379509807642,-4.730594149403283
sl_eat_bio_ssl_all,12,ba14f3f1-9bbc-49e1-b02d-ecbef92ea69e,7100101Y.flac,Watkins,Mammalia,True,6.677739842552558,-0.6509910309586586,0.6240093777569755
sl_eat_bio_ssl_all,12,2682a546-fb75-44f4-a8fc-c28ed5581873,6107200P.flac,Watkins,Mammalia,True,2.3405610765436378,-2.200339542392161,0.9262231537161575
sl_eat_bio_ssl_all,12,6842bdb1-82ce-4b3f-a569-2873f8c02462,7501201J.flac,Watkins,Mammalia,True,6.692844147766723,-3.9005473614489286,2.468601659185582
sl_eat_bio_ssl_all,12,09fb3288-4173-47fa-be1e-86444cf49f08,SSW_213_20170701_000000Z.040_007.wav,NatureLM,,False,8.68995451325218,2.9935315788014387,-4.290013724070601
sl_eat_bio_ssl_all,12,58e4e64e-6933-424d-9672-339d8858c748,578363.flac,WavCaps,,False,5.9714842448836025,2.2179316337717716,-3.4136109343341245
sl_eat_bio_ssl_all,12,fb47604a-dd37-4cd7-95be-f5f4d59b0b30,XC468747-Psilopogon_chrysopogon_laetus-FL%20X%20song%20Frasers%20Gap%201%2C000m%209.45am%2028Feb19%20%20LS116797a.flac,Xeno-canto,Aves,True,10.232954115837373,-3.5868446685769966,1.7100592731452164
sl_eat_bio_ssl_all,12,14aa86e4-c002-48a2-bb31-6b9f80046f99,56016015.flac,Watkins,Mammalia,True,4.795545536338643,-2.042432992187366,0.2433888140354713
sl_eat_bio_ssl_all,12,9ed6905c-d8bd-4aa4-a063-32d93a697922,Tamias_sibiricus_S1118_03_short.flac,Animal Sound Archive,Mammalia,True,8.706699714561811,0.8904588861857357,-1.2254090188343758
sl_eat_bio_ssl_all,12,115012d5-55e0-4014-b2e8-7c0cca39df7b,555735.flac,iNaturalist,Mammalia,True,8.12897425185139,-1.2698534633175333,0.15994446585251154
sl_eat_bio_ssl_all,12,a5aa8a7c-5bbd-4dd2-a1ed-1256a107f99e,56026003.flac,Watkins,Mammalia,True,5.613088017777862,-1.6311855776454278,0.08508492383032495
sl_eat_bio_ssl_all,12,17b6ea0d-1338-4782-ad45-8e58c5d5f6f3,81014034.flac,Watkins,Mammalia,True,5.858949398834895,-3.9730593914706014,1.650785894708239
sl_eat_bio_ssl_all,12,d57221bb-54b3-4248-a511-c267d17470c6,XC536805-19-03-2020%2015e1%20Pica%20pau%20verde%20barrado%20tamb.flac,Xeno-canto,Aves,True,8.631469448563921,-1.5711914530123547,1.0114126506065162
sl_eat_bio_ssl_all,12,a0b6e39f-dcc1-4a38-8453-ce23eb17cf26,XC468674-Kokmeeuw%2C%20flight%20call%2C%20270219%2C%200228%20uur.flac,Xeno-canto,Aves,True,10.329406180636978,0.030808959357124133,-0.4650803200747866
sl_eat_bio_ssl_all,12,37ffe707-a499-4bc2-b108-2ff8a58c932d,XC579870-Dunlin.flac,Xeno-canto,Aves,True,6.832058090279906,-1.3845437599303487,1.0884314339778536
sl_eat_bio_ssl_all,12,ff5e3f46-ae1d-4ac0-8b4f-5be1adcf3e0b,79040007.flac,Watkins,Mammalia,True,5.901308125236916,-0.8864824942544919,-1.162761082454683
sl_eat_bio_ssl_all,12,58c0f7cb-8dd8-4f84-bfc1-06b858c224dd,Equus_zebra_S0953_04_short.flac,Animal Sound Archive,Mammalia,True,9.2101229037313,0.26493945047991585,-0.9811300854225686
sl_eat_bio_ssl_all,12,70a388bb-71e3-41fd-8632-284cfb15fe4c,88006029.flac,Watkins,Mammalia,True,2.6734262731178626,-3.2334097003973463,1.6939840521736258
sl_eat_bio_ssl_all,12,26ab2eac-bd09-4f62-afb1-3b7dea897b72,CoppersmithBarbet7Jan2010FortAguadaGoaIndia.flac,Xeno-canto,Aves,True,10.497283915057766,-1.3404961103256972,0.6321400610835161
sl_eat_bio_ssl_all,12,1a0e8c67-a218-45e5-8e76-98d6cd1c9ac6,668305.flac,iNaturalist,Aves,True,8.745204507758512,0.4335195470044435,-0.774791474736007
sl_eat_bio_ssl_all,12,c0583b5c-c4f6-4f86-811f-be7d6b36a7fc,61022007.flac,Watkins,Mammalia,True,3.204479502810754,-3.1357584965049456,1.8121671553885232
sl_eat_bio_ssl_all,12,f68a99d0-a7d2-4e5a-9e42-8b08b2ecfb55,5601700E.flac,Watkins,Mammalia,True,3.641789739053457,-3.066381038922488,1.3416210252726415
sl_eat_bio_ssl_all,12,bb3ed88c-2a50-4ba0-b207-81fb0ea239f9,91008006.flac,Watkins,Mammalia,True,1.7363435180679097,0.15435074781252278,-0.9442049242049646
sl_eat_bio_ssl_all,12,ff71a46a-4a12-44ba-a40b-47f08660dba7,61053003.flac,Watkins,Mammalia,True,8.14896189383139,-1.3373458190323624,-0.5684370509691528
sl_eat_bio_ssl_all,12,7dc3efe2-cacc-45c4-a1cf-97c4b62f381e,Glaucidium%20brasilianum.flac,Xeno-canto,Aves,True,9.39113296919787,-1.7346757844250709,1.0435126124033705
sl_eat_bio_ssl_all,12,5357a5b3-cf16-46d6-bba4-a35778ae1f62,XC147086-Stilt%20Sandpiper2013-8-30-1.flac,Xeno-canto,Aves,True,9.283280904815363,-0.012628649834809602,-0.23594013500970706
sl_eat_bio_ssl_all,12,ede654af-061a-4fde-a37d-2e7aeca6f38b,61064003.flac,Watkins,Mammalia,True,7.420967118445296,-0.6892037921498073,-0.19990425657698407
sl_eat_bio_ssl_all,12,4e6fa367-6aa5-4c59-8604-3606a781c2ee,6102102E.flac,Watkins,Mammalia,True,1.970741857109061,-0.7507626817124566,1.0197652011278073
sl_eat_bio_ssl_all,12,7cc78c73-8b3a-4641-9465-71f00d70859d,XC677689-22-09-2021%2018e7%20Coruja%20listrada%20TREMEMBE%20G1.flac,Xeno-canto,Aves,True,10.312919536793705,-1.1091788676459724,-0.2473917019226659
sl_eat_bio_ssl_all,12,d61abde2-697a-42ab-adb4-ba2954f3afcb,XC779564-Dry.mar-drumm-Kupinec-230209_0870.flac,Xeno-canto,Aves,True,8.919963154351132,-2.2736655219575614,1.8926725654456447
sl_eat_bio_ssl_all,12,9406f44e-e2d4-45f9-a8cc-673d79a1f83f,XC354155-170203_03XC.flac,Xeno-canto,Aves,True,9.32700951364343,-0.9514803749463328,0.27363689925177925
sl_eat_bio_ssl_all,12,21293d5d-6c29-437d-b3f8-f758ab58313a,567609.flac,iNaturalist,Aves,True,9.64289250364273,-1.1513574779739641,0.6114852958038847
sl_eat_bio_ssl_all,12,1746e44f-cf83-42ae-9b7d-9172738f6454,94009001.flac,Watkins,Mammalia,True,4.3528393811864206,-2.0617214705754243,1.6142928301916946
sl_eat_bio_ssl_all,12,e9d74aff-4677-4b88-af8a-f5b59297ef9c,Vulpes_corsac_K0009_03_short.flac,Animal Sound Archive,Mammalia,True,10.085610511150454,-1.7052591636327195,0.24380307182471017
sl_eat_bio_ssl_all,12,67a7e886-69c4-43a1-8efd-17f57760fdde,8002001I.flac,Watkins,Mammalia,True,3.558270990066437,-4.20303248269535,2.496708767543373
sl_eat_bio_ssl_all,12,fa2e1f75-84eb-4187-9221-eff61f19a018,XC140019-DUNLIN%204.09am%20Moores%20Beach%20NJ%2004272013.flac,Xeno-canto,Aves,True,8.61715813880792,-2.223944518623261,1.7400521013498893
sl_eat_bio_ssl_all,12,7a8d6c21-70f8-4648-9e73-0f9cbd980110,9230200N.flac,Watkins,Mammalia,True,4.526841537552081,-2.630680189960766,1.9430401314949226
sl_eat_bio_ssl_all,12,a93ee2e7-e772-4f74-bdde-9cdb67e7f7ca,XC538488-STRURA%20Kikepera%20200321_1920.flac,Xeno-canto,Aves,True,9.157420632881005,0.7391535553699136,-2.0132400025327706
sl_eat_bio_ssl_all,12,f1b0d51f-4609-4e38-889a-70bd3ad1d6c1,XC750809-Barred_Owl_ZOOM0152.flac,Xeno-canto,Aves,True,9.607944272791455,-0.038778147656695294,-0.6499505501790608
sl_eat_bio_ssl_all,12,cd1593b5-8364-4ada-9e89-a284f3c63548,9769200H.flac,Watkins,Mammalia,True,0.5579737169817766,-4.2339281483885065,2.8016686820663943
sl_eat_bio_ssl_all,12,7a616d44-044a-4e3f-beea-266e9cc42920,71001018.flac,Watkins,Mammalia,True,4.7048117423251945,-1.2509790626627248,1.1835647553712034
sl_eat_bio_ssl_all,12,2fb629a3-99cd-4de4-9249-9e60c314b819,70025008.flac,Watkins,Mammalia,True,4.609019346400242,-0.9653122323227799,-0.25932931958874683
sl_eat_bio_ssl_all,12,fab44b19-714c-42a2-9f84-99a0e0d88d60,XC701540-210501_02%20Whimbrel%20N%200148.flac,Xeno-canto,Aves,True,9.986595836121806,-1.1035661022703138,-0.1652740746989665
sl_eat_bio_ssl_all,12,09a07ff0-a37c-44a9-9c1e-1697f41e0bb4,585187.flac,iNaturalist,Aves,True,8.8350227679745,-2.3211938927622144,1.2870410740426357
sl_eat_bio_ssl_all,12,557826e4-d0d7-4aaf-8e24-6fdc56384601,183710.flac,iNaturalist,Aves,True,8.842825044222769,0.05547483176180257,-0.5438521645863306
sl_eat_bio_ssl_all,12,2706994a-956c-4159-b666-b116a5d2bee1,346749.flac,iNaturalist,Mammalia,True,9.920927281266703,0.12441659291424423,-1.5318814016494977
sl_eat_bio_ssl_all,12,84aabc72-5063-484e-bd77-d3bddf5e538e,XC495714-steenuil%203-9%2000.20h.flac,Xeno-canto,Aves,True,10.37197614814049,-2.8643612637494584,2.057514669289627
sl_eat_bio_ssl_all,12,2b25e0d9-c789-443b-8b71-d033591608f3,XC443369-Coruja%20buraqueira%20SERRA%20%28Athene%20cunicularia-OK-OK%29%2023-9%2018e40.flac,Xeno-canto,Aves,True,9.586697817188742,-2.2908598720785527,1.2866001309209132
sl_eat_bio_ssl_all,12,5a456d58-6b5b-4018-b25b-ccea7e38f64e,XC317425-Kleine%20Plevier%2C%20Bergerden%20220416%201200%20uur.flac,Xeno-canto,Aves,True,8.193916864053783,-1.274146038199849,0.007908901492625908
sl_eat_bio_ssl_all,12,dd60e886-4bbe-4fe5-95f8-a6842dc48741,9776700I.flac,Watkins,Mammalia,True,0.9116182307517353,-3.6301851123071627,2.6431685134550156
sl_eat_bio_ssl_all,12,6424a5dd-097f-432b-862e-95eae4397d18,6102203K.flac,Watkins,Mammalia,True,3.519126141697064,-3.3259185834835434,2.120407924302739
sl_eat_bio_ssl_all,12,38f53cbd-15a0-41f2-8ac7-f2cfc5d29688,XC550447-0568%20BLL531-33%20Celeus%20galeatus.flac,Xeno-canto,Aves,True,7.262462952612467,-0.042525259099984725,0.6152269566982519
sl_eat_bio_ssl_all,12,4f59a6c4-e326-4477-a2b3-06fcc9786129,XC642572-Galbula%20cyanicollis_Tembe_20210411-075212.flac,Xeno-canto,Aves,True,7.8503512935995206,0.5822497661726183,-1.3471722993777246
sl_eat_bio_ssl_all,12,9c4cd840-09ea-4291-9bb5-6341a306d3ba,258230.flac,iNaturalist,Aves,True,9.266919118566591,-0.8242683313271378,0.48455847254560597
sl_eat_bio_ssl_all,12,3a71a70f-282f-4df1-932b-194ec85f38f4,553206.flac,iNaturalist,Aves,True,8.08958863737287,-2.212600855352016,1.8543543402396614
sl_eat_bio_ssl_all,12,3f569d38-347a-4548-983f-a4b8bd94c1e1,57021003.flac,Watkins,Mammalia,True,5.639480349102852,-3.0281438165116716,1.2997026757213497
sl_eat_bio_ssl_all,12,169c64d7-db1b-4572-bd7a-87c6520f1c0b,9776600C.flac,Watkins,Mammalia,True,-0.45978562382563215,-3.315147213885016,2.5292897201338875
sl_eat_bio_ssl_all,12,9d2e86fa-3b5b-4e87-84c1-8ba89bad07da,8500900K.flac,Watkins,Mammalia,True,2.8109785084844443,-3.3566434758042156,0.8113027398857005
sl_eat_bio_ssl_all,12,955301c0-f6fa-431a-b3a4-1cd68f0765a5,6400500M.flac,Watkins,Mammalia,True,5.449916254498469,-0.5619404921962264,-0.4541974740124884
sl_eat_bio_ssl_all,12,9ee6e918-cf62-4d2b-9527-03817c9bab15,XC637797-210409_03ybs.flac,Xeno-canto,Aves,True,8.589339502716236,1.2300500067268625,-1.5835677669705897
sl_eat_bio_ssl_all,12,9a864163-e795-45d9-be92-e8ec55e52c2c,XC419874-Chouette%20hulotte%20chant%20diurne%20et%20cris%20d%20alarme%20en%20plein%20jour.flac,Xeno-canto,Aves,True,8.57156786167081,-0.6821950102735067,0.43577775739751656
sl_eat_bio_ssl_all,12,b5214abb-14e1-4dfa-86c2-6730ffb8dd04,XC764002-MixPre-809_Capito_aurovirens.flac,Xeno-canto,Aves,True,8.252498584328405,-2.650501478156889,1.4373949274290094
sl_eat_bio_ssl_all,12,ac052ba7-9f49-4dfa-be46-a4bfef19a104,XC178999-Dendrmin-Alarm_Poland_PSZ_2014_05_19_3722.flac,Xeno-canto,Aves,True,7.72783696881801,-1.420021243759258,1.0593667244661251
sl_eat_bio_ssl_all,12,15d6a4ca-ed80-4db7-bf70-99ee0e507715,XC746232-arcticternnocmigrosslare.flac,Xeno-canto,Aves,True,10.510393323310346,-1.7520733420688108,1.208904190088573
sl_eat_bio_ssl_all,12,9d5669a9-4063-4926-a1e9-73f7bf460a9b,XC300016-LS_50637%20Senegal%20Thicknee%20call%20B.flac,Xeno-canto,Aves,True,9.235979873589521,-2.900711699619321,1.3562843972327376
sl_eat_bio_ssl_all,12,43869f31-9b23-443e-87e4-f15206409e69,Megalaima_haemacephala_mindanensis_Mindanao-9Dec09-FRL_PH_R09.0110_0-52_S.flac,Xeno-canto,Aves,True,9.757821062636385,-1.7655815984802563,0.33120187479589225
sl_eat_bio_ssl_all,12,9e2a87e5-2e7c-4334-94ea-7746d2b45433,66091006.flac,Watkins,Mammalia,True,4.641430195028289,0.3423369420696988,-0.44612268255433835
sl_eat_bio_ssl_all,12,859a9c1a-4eeb-4588-b73a-231061fa694a,90027106.flac,Watkins,Mammalia,True,-0.2776268866927487,-3.8387701244974997,4.21211121439395
sl_eat_bio_ssl_all,12,88ef6865-f787-4827-bf83-98c495dc91d1,XC695896-2022.01.05%2007h10%20Grand-duc%20Boutonnet.flac,Xeno-canto,Aves,True,10.739129984079536,-0.787096970573177,-0.5784615511086835
sl_eat_bio_ssl_all,12,474e848f-0066-46d8-a630-9da2877724eb,XC166258-1279.northern.saw.whet.owl.benner.2014jan28.flac,Xeno-canto,Aves,True,7.8129882681490805,-2.133046799220872,0.87999217375506
sl_eat_bio_ssl_all,12,0008b62f-dcb8-4b2b-87ee-b3bf809069f3,6102102L.flac,Watkins,Mammalia,True,3.449226941155442,-2.3215328354319316,1.7292871123707538
sl_eat_bio_ssl_all,12,a35a7b6d-2e8e-4294-ae3a-2c83eecb93ff,605850.flac,iNaturalist,Aves,True,8.928402589459516,0.49762839685681504,-0.018265259395385702
sl_eat_bio_ssl_all,12,27d4bf5e-8adf-4db2-991c-7d19f42160c7,XC425219-LS109419%20Senegal%20Thicknee%20flight%20call%20B.flac,Xeno-canto,Aves,True,8.67960855176079,-4.019633121056472,2.595786856646489
sl_eat_bio_ssl_all,12,35601063-e03d-4668-a80d-c7f53b5fe230,9101200G.flac,Watkins,Mammalia,True,5.135065272985929,1.9035902002415028,-3.0578132361487596
sl_eat_bio_ssl_all,12,bbc0f0d4-79f9-461d-a707-84514098014c,XC319756-Whimbrel%20from%20pair%20flt%20-CA%2C%20Tijuana%20Estuary%20off%205th%20Street%2C%20April%2018%2C%202015%2C%200800%20AM.flac,Xeno-canto,Aves,True,8.78803861819456,-2.0315496677456544,0.8687943686106416
sl_eat_bio_ssl_all,12,0d0309fc-c5ca-4f74-bba6-bef77d7e4f42,XC388615-150923%200830%20Stony%20Creek%20Metropark_Marker%2013.flac,Xeno-canto,Aves,True,8.673066534216705,0.1528108096093458,-0.2665974189064675
sl_eat_bio_ssl_all,12,55d4aa22-6db5-4f34-81fd-554cbd7d983f,XC577872-200617_2591_COSC.flac,Xeno-canto,Aves,True,10.939538216722845,-1.3653859370916053,0.023766937615844252
sl_eat_bio_ssl_all,12,9d9e810f-d25f-45c4-8e83-d6b1983fcba9,XC338339-chroicocephalus%20genei%2019%20salinas%20de%20bonanza%2007-08-2016.flac,Xeno-canto,Aves,True,8.973858795464292,-0.6977119921713204,0.44828960705787146
sl_eat_bio_ssl_all,12,d13044f7-27cc-4035-926f-21e1917d3325,XC427554-Lophostrix%20cristata%20-Caio%20Brito-%28Paragominas-PA%29-BRITO2335.flac,Xeno-canto,Aves,True,7.747407593231815,0.7123015653730371,-0.833406260661912
sl_eat_bio_ssl_all,12,d89cedbf-c7d8-4f8c-a175-24a6f6a1ce2b,XC540230-1002%20Long%20Eared%20Owl%20Male%20and%20Female2.flac,Xeno-canto,Aves,True,8.343126220322644,-0.886367533390671,0.7262430774369324
sl_eat_bio_ssl_all,12,8ac6ff3e-3a86-43ca-a454-de7768a4b278,african_grey_woodpecker_120301_1710_kerio_valley.flac,Xeno-canto,Aves,True,7.358141675856973,-0.4740354655156922,-0.030795522092214145
sl_eat_bio_ssl_all,12,1cce2ce6-a7b7-49da-a678-982933912de0,351924.flac,iNaturalist,Aves,True,9.003883175158322,-0.968372278333989,-0.279139864816498
sl_eat_bio_ssl_all,12,4bfac305-e179-4d3f-afe3-c4bc27892157,XC373565%20-%20Black-breasted%20Puffbird%20-%20Notharchus%20pectoralis.flac,Xeno-canto,Aves,True,8.062294135046,0.02336559528319926,-1.1980507014908828
sl_eat_bio_ssl_all,12,921d605d-7396-45ca-b2a5-468ef6ebaa69,XC531293-DOWO_YRWA_SOSP_AMRO_BEWR_AMCR_CASJ_BCCH_2019-04-21_Whitaker_Ponds_Portland_OR_1456.flac,Xeno-canto,Aves,True,9.506891435549768,-0.6039940650373918,-0.011225633316928385
sl_eat_bio_ssl_all,12,ae0345fd-4f95-4f26-ba18-829abba08cd4,XC745083-Sl%C3%B8rugle%20vingeslag%20og%20kald%20%C3%98by%20d%2025%20aug%20kl.02.35.flac,Xeno-canto,Aves,True,11.994962159326523,0.6459302513944938,-0.5422100590178818
sl_eat_bio_ssl_all,12,d84907d1-5c01-4a36-a994-b5a83ac1a157,58036008.flac,Watkins,Mammalia,True,5.392260579597675,1.8759702683401573,-1.9422431023706999
sl_eat_bio_ssl_all,12,9db5c2bc-ca9b-4b61-8a85-4c8ebc01f24e,7700800A.flac,Watkins,Mammalia,True,5.956538571869594,-2.4683922728778698,1.2300708363680775
sl_eat_bio_ssl_all,12,b2b0af18-1e80-4c3f-b42b-8c44fa4cf63e,XC574152-CIVETTA%20NANA%20-%20Verrayes%20%28online-audio-converter.com%29.flac,Xeno-canto,Aves,True,10.397122197614413,0.17797084228318538,-0.1751956894330613
sl_eat_bio_ssl_all,12,474db083-e6f1-4316-a8b3-76dbdaa7db93,9775100B.flac,Watkins,Mammalia,True,0.6345649865917764,-5.005648128944722,3.5711666938468976
sl_eat_bio_ssl_all,12,c07c3e40-5aae-430c-9599-80bbe0fe92fe,XC744944-220814_002Flussuferl%C3%A4ufer.flac,Xeno-canto,Aves,True,10.302861858157904,-1.5027411443813936,0.5603981085030978
sl_eat_bio_ssl_all,12,a8ee600d-d3d7-435e-aedf-c6efb70a8ea6,XC360929-Red-cockaded%20Woodpecker%20-FL%2C%20Buffer%20Preserve%2C%20March%2022%2C%202017%2C%200842%20AM.flac,Xeno-canto,Aves,True,9.553389005561172,0.16045117410114518,-0.18410732604588664
sl_eat_bio_ssl_all,12,ba0d5e12-bc0e-4a0a-a5b3-b8f36d81ff91,386607.flac,iNaturalist,Aves,True,9.262940335200161,-2.0180884876733014,1.2762475265329098
sl_eat_bio_ssl_all,12,cabf870e-7cc8-4c73-9e27-7c172350564f,6102204P.flac,Watkins,Mammalia,True,6.2349657873238495,-2.9585512380849637,1.2110385611301484
sl_eat_bio_ssl_all,12,107d7249-ed7b-473c-a808-bc48ada60dc6,XC385845-170504_08.flac,Xeno-canto,Aves,True,10.148470194076255,-2.3736395651012314,1.4157471034460343
sl_eat_bio_ssl_all,12,212289f7-503b-47da-af8f-36249ee99ce0,75011016.flac,Watkins,Mammalia,True,6.859872764037806,-3.3490717224834046,2.2391481937232074
sl_eat_bio_ssl_all,12,7bc373e0-dc42-4879-aff8-58e0e25a8bd2,97769003.flac,Watkins,Mammalia,True,-1.6331460236942368,-2.858744077426643,3.226603486424939
sl_eat_bio_ssl_all,12,a1bbe058-99e0-4e63-bf74-b45c2dadd6f0,XC617293-210124_14A%20sel%20Ok%C3%A4nd%20kattuggla.flac,Xeno-canto,Aves,True,8.885264046038357,-0.8144736935785133,0.26534731251565136
sl_eat_bio_ssl_all,12,10d849db-1f13-49f0-bd31-18bfe1078ff5,6400504E.flac,Watkins,Mammalia,True,7.144704379529184,-2.175084995071191,0.6366993731168675
sl_eat_bio_ssl_all,12,d7ebaffb-d563-4171-86ce-3d88d0bdae25,XC507651-LS110268%20Steaea.flac,Xeno-canto,Aves,True,7.6652799128026015,-1.1023187300123576,-0.12786737174890572
sl_eat_bio_ssl_all,12,cd81c359-70f0-436a-baf4-733668abc417,XC732783-R%C3%B6st_121-1-2-1-1-1.flac,Xeno-canto,Aves,True,9.09633656667012,-0.21724785268208024,-0.5770167798125463
sl_eat_bio_ssl_all,12,d8e29594-701e-4a10-89a2-9b525d89f9f4,Megascops%20apurimacensis0719-2.flac,Xeno-canto,Aves,True,9.86475089874942,-1.4981318010967468,0.17439717492238027
sl_eat_bio_ssl_all,12,1fb022d7-2a61-4133-9f1a-3380d127a83d,XC301947-RNSA_up_123015_1100.flac,Xeno-canto,Aves,True,9.476762676394493,-1.051913434753461,0.27095797235292896
sl_eat_bio_ssl_all,12,29ff6030-b8b6-4e9a-a197-4bbfcb793346,9400805X.flac,Watkins,Mammalia,True,4.0526631434255975,-2.886857321335083,1.925417645271561
sl_eat_bio_ssl_all,12,c1686836-ba4c-42ce-b483-36dccd6c4ab3,XC448657--St%C3%B6rre%20hackspett-trumning%202%20ex-Tivedens%20NP%20Vg-%282017-03-11%2006.55%29-LS140049.flac,Xeno-canto,Aves,True,9.469872527433003,-1.1701874739045226,1.2604134470925346
sl_eat_bio_ssl_all,12,8f4bf5fc-8fa9-4125-8071-f6b8ff215d70,XC576978-200702_003h.flac,Xeno-canto,Aves,True,8.761434263180737,-0.1357671259520371,0.27815891275654636
sl_eat_bio_ssl_all,12,ea5ffa7e-e29a-4ee0-85ef-69516c40aba1,XC192911-Blue-eared%20BarbetTG12014.flac,Xeno-canto,Aves,True,8.581630003184836,0.579611998920236,-0.09333837081096863
sl_eat_bio_ssl_all,12,564352d0-cae2-4f23-8966-d3fc1d45a907,XC637938-Chev%C3%AAche%20d%27Ath%C3%A9na%201_Moutonne.flac,Xeno-canto,Aves,True,9.364169657383052,0.3214431499017073,0.08633695851156731
sl_eat_bio_ssl_all,12,5176c662-6d32-4eb1-b1d6-d9960e637fb5,XC795010-230421_1226B-sel2-Enkelbeckasin-r%C3%B6rdrom-sk%C3%A4ggdopping-r%C3%B6dvingetrast-trana-argt-d%C3%A4ggdjur-Nnoc-Ppyg.flac,Xeno-canto,Aves,True,8.72407264266285,-1.2526722909027752,0.6012293103493126
sl_eat_bio_ssl_all,12,9469e45c-7ae7-47fa-aa28-329410f5da7f,656097.flac,iNaturalist,Aves,True,7.107942722143444,-1.6065788991390435,0.9507558114131072
sl_eat_bio_ssl_all,12,6b879f0c-009f-4857-a277-213484450959,60026035.flac,Watkins,Mammalia,True,0.033276207743303976,-3.4181954927752214,2.99851515298976
sl_eat_bio_ssl_all,12,76ad9e1d-7719-4545-bb1d-19d0c867a400,7500400S.flac,Watkins,Mammalia,True,2.398149597647033,-3.612564360698191,1.9520281092041882
sl_eat_bio_ssl_all,12,79041ed9-600d-4c51-a69b-036c29591f23,7100101E.flac,Watkins,Mammalia,True,6.027336571248032,0.7868096821398306,-0.16960912623056817
sl_eat_bio_ssl_all,12,c40ba31a-75e8-4087-ad53-f6779284c831,XC401953-171226_C_SpottedRedshank_flightcall_PoYang_OC.flac,Xeno-canto,Aves,True,9.778151295311563,-1.6971138591691226,1.3000059577202379
sl_eat_bio_ssl_all,12,9a2eaebf-1de4-4b3b-873c-1c34a05bba1d,XC609337-Dotterel_Black-fronted1_M6MKH-202_Mount_Wood_Dam1_Dusk_27thAug20.flac,Xeno-canto,Aves,True,9.465939495981566,-4.1900460662562695,2.4556562425449218
sl_eat_bio_ssl_all,12,21faf819-d5f0-4264-9a9d-d846feb83e93,R09_1362-Yellow-billed-Jacamar-interval-shortened.flac,Xeno-canto,Aves,True,8.108907618294497,-1.6927936766194416,1.0085436276364876
sl_eat_bio_ssl_all,12,3417586c-f533-4d94-9087-1fea08ffe07e,6302100T.flac,Watkins,Mammalia,True,2.1105484380493236,-0.7983624977731999,0.7527667015929177
sl_eat_bio_ssl_all,12,851fbe69-65dc-4720-be7a-50c017ee6013,XC337825-Gaviota%20Andina%20Huancar%2030-09-2016.flac,Xeno-canto,Aves,True,7.807756181186546,0.5655350077597527,-0.29681157961026583
sl_eat_bio_ssl_all,12,eb10f2e6-5813-4711-a733-93643d9e5ee3,97769008.flac,Watkins,Mammalia,True,1.979160207077744,-4.068263230239919,1.7338424459911426
sl_eat_bio_ssl_all,12,cef84491-8e59-429b-b71f-11e3aaf43c31,XC322893-LS_52158%20Arctic%20Tern%20call%20C.flac,Xeno-canto,Aves,True,7.990504840826282,-3.7149772652796447,2.735074919116077
sl_eat_bio_ssl_all,12,df360fc2-208e-46f8-aa98-4dc104cffa2e,XC690078-jynruf.flac,Xeno-canto,Aves,True,10.150556320126736,-1.3139360980230894,0.8523834349166468
sl_eat_bio_ssl_all,12,8ecc4d79-20a5-404d-b8f3-82e18963ba92,66091007.flac,Watkins,Mammalia,True,3.931523370961715,0.05890174971551193,-0.5234425713576815
sl_eat_bio_ssl_all,12,ade7119c-e45e-4951-a49c-00108278cf8e,198862.flac,iNaturalist,Aves,True,7.2060896942211405,-0.5122468005030646,-0.03162030176464414
sl_eat_bio_ssl_all,12,a0f16809-156a-426f-8156-2e5a6bc1178e,127749.flac,iNaturalist,Mammalia,True,7.724304152490417,-1.9301306069946214,0.5166776432570754
sl_eat_bio_ssl_all,12,e123df50-5102-4545-a9f5-4d6ffc1989de,8600805U.flac,Watkins,Mammalia,True,1.161995210908266,-2.736289826546576,1.3701515365276644
sl_eat_bio_ssl_all,12,2c94d6d8-1f62-4765-834c-8366f158f2a8,7501100U.flac,Watkins,Mammalia,True,6.068848543711413,-4.4156351761731285,3.071704024552008
sl_eat_bio_ssl_all,12,d2511bb9-1aa6-4aaa-b5cf-f76a1fc88b0e,XC723434-Enkelbeckasin_20.flac,Xeno-canto,Aves,True,9.287898322547566,-2.4545496212455866,1.3098572753781224
sl_eat_bio_ssl_all,12,80597c6a-56a8-4704-a62c-26cebdf855cc,XC794305-20190530-0555-CO190016-US-CO-Baca-Two-Buttes-SWA-HAWO-%28B%29-calls_01.flac,Xeno-canto,Aves,True,8.45520342044054,1.077215326018765,-1.1622808685286061
sl_eat_bio_ssl_all,12,c1916296-98ff-4dc2-b438-1ec451830830,XC670315-pancianera_sentDR0000_1306.flac,Xeno-canto,Aves,True,10.169939453067595,-2.3468461344904137,0.9135201880660782
sl_eat_bio_ssl_all,12,16c145ab-e73a-4ae1-8e08-d52879fe6a44,570618.flac,iNaturalist,Mammalia,True,10.456298747873927,0.10466297521112344,-0.8489417243680135
sl_eat_bio_ssl_all,12,06157d42-4db5-4d5d-a60a-a95d308e510d,XC749806-oystercatchernocmigrosslare.flac,Xeno-canto,Aves,True,10.733476592783681,-1.7762705571656525,0.7885792508568614
sl_eat_bio_ssl_all,12,88bd2c94-33b5-43ee-983d-e47ac6b5ee1b,9100501X.flac,Watkins,Mammalia,True,1.4895382239508859,-3.649579138274742,2.0502577741273496
sl_eat_bio_ssl_all,12,8b2034c7-8d72-4a23-9d87-ab5ac194320f,9776100T.flac,Watkins,Mammalia,True,-1.5216115442284104,-5.524081926264885,4.016751848259944
sl_eat_bio_ssl_all,12,6467d4ef-2260-4966-82b2-41d76f711cbd,290312-039perleugle_varsel.flac,Xeno-canto,Aves,True,9.969393441811675,-1.4004266073638274,0.40115561199424143
sl_eat_bio_ssl_all,12,a0d76e86-2da8-407d-bad7-7b1a48178285,94008055.flac,Watkins,Mammalia,True,4.08563931197649,-1.3133770471028,0.9331275540893285
sl_eat_bio_ssl_all,12,0fb9b6be-0dea-40dd-bcab-c76725831270,639903.flac,iNaturalist,Mammalia,True,11.21795075631032,0.07852609470646699,-0.856638764167053
sl_eat_bio_ssl_all,12,02aa1b93-297f-4a73-9372-5a85ce4d1de3,XC663441-210716-BO5%20clip.flac,Xeno-canto,Aves,True,9.78765238390218,-0.2701421587451871,0.6204041502001723
sl_eat_bio_ssl_all,12,29da94d6-f609-4c27-b0d1-25c256c1a5a3,91010025.flac,Watkins,Mammalia,True,6.63383016859043,-1.3047582066868564,-0.2820399938917708
sl_eat_bio_ssl_all,12,cdcb4a53-adf4-45e4-b96e-19dc7c262ecf,Otus.insularis081205_01.flac,Xeno-canto,Aves,True,6.356870422111802,1.2638121282628991,-1.705124666674098
sl_eat_bio_ssl_all,12,b4d60fab-3403-413c-a4bb-c98fa1689afe,XC288966-schwarzspecht%20weibchen%20trommeln%2013.2.15%20seba.flac,Xeno-canto,Aves,True,7.146945043116933,-2.5047481696994316,1.8898431541613885
sl_eat_bio_ssl_all,12,e0bff30c-da81-4a54-957f-bd740b28b701,348175.flac,iNaturalist,Aves,True,9.590795642502483,0.16276910681245393,-1.0136366908273973
sl_eat_bio_ssl_all,12,b530fe98-7246-4668-9fe3-7b60e81b2b3a,8800505C.flac,Watkins,Mammalia,True,1.8996414015087066,-2.5484508207355785,1.5099131946891637
sl_eat_bio_ssl_all,12,80d7d06d-657f-4081-9d73-82283223ef6d,94008050.flac,Watkins,Mammalia,True,3.2269316060432485,-2.1931859750429226,1.919296178922289
sl_eat_bio_ssl_all,12,7d329ae3-6bb3-48d4-bca7-919dea46e70f,XC203599-Glaucous%20Gull2014-7-1-1.flac,Xeno-canto,Aves,True,7.520301883503281,-2.3340065620851673,0.7788339278279508
sl_eat_bio_ssl_all,12,929b9e55-0dec-4f9c-ba32-b381dc725e22,XC565646-11mar2curlew.flac,Xeno-canto,Aves,True,8.798259511149027,0.5268545783489476,-0.9362413394581244
sl_eat_bio_ssl_all,12,73101c49-f652-401f-b1e6-d35a27addcd1,510200.flac,iNaturalist,Mammalia,True,8.56411412866291,-2.2350434009246634,0.2683018730365605
sl_eat_bio_ssl_all,12,c1ad4413-bcac-4954-964b-554d8a071a7b,Ptercast03.flac,Xeno-canto,Aves,True,6.670454141031394,-1.1341067169131271,1.0544532870607528
sl_eat_bio_ssl_all,12,09d1e2b8-c21a-4c93-9454-d8d2e9c2577c,XC154257-Tringa%20stagnatilis%20calls%20Zhanteke%20lake%20Aqmola%20province%204%20May%202013%20%28Arend%20Wassink%29.flac,Xeno-canto,Aves,True,10.14223554032501,-1.9417896291637695,1.326407116059859
sl_eat_bio_ssl_all,12,9ec4f6a7-7afa-4052-a7b9-2c6171619646,75001010.flac,Watkins,Mammalia,True,1.942492988645542,-2.8166714260011854,2.4757735736101547
sl_eat_bio_ssl_all,12,5be7c5ea-68f5-4d29-beac-ece4f168ed3e,Kattugle_Kaja_180308.flac,Xeno-canto,Aves,True,8.096250257945737,-0.5861222379333642,9.699588737310805e-06
sl_eat_bio_ssl_all,12,26151adc-12ba-4bd0-881b-e4727dc6fa18,XC349740-170108_05.northern.pygmy.owls.mt.graham.az.lance.benner.flac,Xeno-canto,Aves,True,9.706229435104762,-3.842534002055345,1.5566466659306732
sl_eat_bio_ssl_all,12,cf0cee6a-132d-410f-85ea-128eb30213d3,XC299042-120%20Glaucidium%20brasilianum%20%28Calls%20of%20a%20couple%29_VerdeMarII_RibasPardoMS120912.flac,Xeno-canto,Aves,True,9.444905505455939,-1.6503597149161529,0.8343091518556931
sl_eat_bio_ssl_all,12,a3324412-6f1d-421e-adb2-929113789ce3,64031001.flac,Watkins,Mammalia,True,4.629362402273536,-2.312105633078794,1.3173781150242458
sl_eat_bio_ssl_all,12,649596f6-a0fa-4e5c-bc67-4f8cecaf4654,XC550460-Campephilus%20rubricollis%20DCB%20597-1a.flac,Xeno-canto,Aves,True,8.747873533672546,0.2744902270966785,-0.3733604007206379
sl_eat_bio_ssl_all,12,b1b82430-988c-4b1b-b442-4cdb17d5bb6b,6403100G.flac,Watkins,Mammalia,True,5.17312355783948,-1.4968931186872219,0.8530905257095591
sl_eat_bio_ssl_all,12,249f0ae5-f109-431b-b467-119f3fabb594,6804000N.flac,Watkins,Mammalia,True,4.131614549498478,-0.7002571660542847,-0.95167728459122
sl_eat_bio_ssl_all,12,a220bfb3-0d2a-447f-87c2-396ba444676d,XC571539-Mochuelo%20call%20%2B%2C%2022_28.flac,Xeno-canto,Aves,True,9.630804344172361,-2.573172455353854,1.932817071641752
sl_eat_bio_ssl_all,12,e4414041-567d-4b62-89d4-b0125603cb05,XC710838-DENMAJ2022-03-20-07-22-KALL-d-A.flac,Xeno-canto,Aves,True,10.246268243681339,-0.3101421528103947,0.6167932727666849
sl_eat_bio_ssl_all,12,e5a898e9-0ef6-41ff-b708-fd8070201206,8303501T.flac,Watkins,Mammalia,True,2.348276117621216,-3.530058330653922,2.5231074273534464
sl_eat_bio_ssl_all,12,1836a52d-0a83-41f5-be10-39c80895d917,287326.flac,iNaturalist,Mammalia,True,8.59913427876612,-0.6380640502774567,0.11368751193118459
sl_eat_bio_ssl_all,12,93cae18f-fd3b-4417-ae5e-a5c59407d936,97762009.flac,Watkins,Mammalia,True,0.7716263704785968,-3.259272998950494,2.7325520763807463
sl_eat_bio_ssl_all,12,b1e2de20-3eab-47b3-9d2d-6c6b9c0d5e80,9002708R.flac,Watkins,Mammalia,True,0.015542648719827135,-3.7948655179344737,4.011849706514928
sl_eat_bio_ssl_all,12,4e31a432-7177-430f-b9d0-85c641fe1abe,XC771647-Cabur%C3%A9-minuto-Go-V.flac,Xeno-canto,Aves,True,9.459047906687495,-0.3518806672476893,-0.1424266130949544
sl_eat_bio_ssl_all,12,6ebb27ae-c9ca-4bde-8f80-779b7d125dfe,XC549391-20200422_nuit_indiv%2003h24mn28s_sylvain.flac,Xeno-canto,Aves,True,7.146769990537642,-1.5020807246802785,0.5726443920745268
sl_eat_bio_ssl_all,12,0729b5e3-8d1d-411c-9dc9-c88f46a4ef14,546578.flac,iNaturalist,Mammalia,True,10.513599937324445,0.48956027080023934,-0.7115269729034345
sl_eat_bio_ssl_all,12,efd4408f-bb1b-4bb0-b477-64bf7a24d8c3,XC425217-LS109414%20Caspian%20Tern%20call%20C.flac,Xeno-canto,Aves,True,10.166559490954238,-2.257401636944649,1.5197994749256856
sl_eat_bio_ssl_all,12,f65ebf13-eb73-4fef-b10c-1e0763b14dbc,60026041.flac,Watkins,Mammalia,True,-0.25703575404222745,-6.107393396961322,4.343120441528081
sl_eat_bio_ssl_all,12,0a45821c-ad05-421c-a701-28034d55f291,XC281036-150%202%20Scholekster%202%20Zang%20baltsvlucht.flac,Xeno-canto,Aves,True,6.786521677054208,-2.837440590660089,1.5628736041911373
sl_eat_bio_ssl_all,12,7caca538-5ed9-48f0-ab2d-f53920567e34,86008029.flac,Watkins,Mammalia,True,1.6810205212962555,-2.779643133138572,1.701867244753952
sl_eat_bio_ssl_all,12,1270a6a5-a9ac-4f46-9c12-dccc9e2f213e,XC148370-1677.flac,Xeno-canto,Aves,True,7.205734676019235,-1.0815935845820563,0.8910970681568137
sl_eat_bio_ssl_all,12,ed41f8c4-0c3b-4294-82e2-1beaa67ef988,XC707876-210124_0629%202030%20Ervedal_Little%20Owl%2001_NNPL.flac,Xeno-canto,Aves,True,8.776467351938217,-2.7223718270184505,1.2395214337746998
sl_eat_bio_ssl_all,12,5d45d1a2-c296-4ce1-98da-76a2e4ac539a,XC278857-Eastern%20Barn%20Owl%20B%200405_195641%20mp3%20near%20Apui%20Alor%20%282%29.flac,Xeno-canto,Aves,True,11.02067091174256,-1.814016307288557,0.9292853850179352
sl_eat_bio_ssl_all,12,8a8fee17-f852-44a4-884f-5fd7b7e06893,XC346932-LS102669%20African%20Scops%20owl%20song%20A.flac,Xeno-canto,Aves,True,11.133650942444223,-3.0174076487243036,1.1299898043066425
sl_eat_bio_ssl_all,12,2dbf46f4-25c5-4449-b968-ffd4d27ab507,XC319054-White-bellied%20woodpecker.flac,Xeno-canto,Aves,True,9.225469391422589,-0.4072048618610109,0.12438999584827526
sl_eat_bio_ssl_all,12,15d7d6c4-a911-4ae6-8769-c4eccbe07989,613124.flac,iNaturalist,Aves,True,9.644644308431207,-0.9380033806776198,0.4342043381846885
sl_eat_bio_ssl_all,12,f08a03c2-9bcf-40ed-abc8-e65768734499,XC287904-FEPO_031415_1900_OrganPipe1.flac,Xeno-canto,Aves,True,9.174286843143296,-0.9977813450456232,0.6130427556049572
sl_eat_bio_ssl_all,12,ecb342f6-5b78-4f9a-924e-817afde027fd,XC522273-Gravelot%20%C3%A0%20collier%20interrompu%20201114%20Bar%20Al%20Hikman.flac,Xeno-canto,Aves,True,7.442014007896615,-1.2508348991660572,0.5918736213487485
sl_eat_bio_ssl_all,12,9cbbb0d9-b50c-48cd-b5da-ab5ae0b66393,XC669353-Grote%20Geelpootruiter%2C%20call%2C%20poel%20vlakbij%20Washington-Slagbaai%20NP%2C%20090821%2C%201017%20uur.flac,Xeno-canto,Aves,True,10.742333079091715,-3.460837563070588,1.847121849592685
sl_eat_bio_ssl_all,12,e0274ad3-19d5-4083-81b7-b6dd530a3842,XC797105-GreatBarbet_PhouSamSoum_230422_2134_edited.flac,Xeno-canto,Aves,True,8.607061018039543,-1.2729646210887247,0.3374147680922983
sl_eat_bio_ssl_all,12,f1dcdae1-9a77-4c65-bf6d-9468dfa301a9,79005004.flac,Watkins,Mammalia,True,6.182050710401594,-2.62724470304688,1.7349620709903932
sl_eat_bio_ssl_all,12,a86b7b8c-30ef-4f30-adfe-1ab71382d5ba,XC228025-White-barred%20Piculet%20B%204482.flac,Xeno-canto,Aves,True,8.712792858657986,-0.052098694666369294,-0.6303104810099833
sl_eat_bio_ssl_all,12,f308d7c9-8052-4316-963a-f5175dcd5ff6,75012031.flac,Watkins,Mammalia,True,6.5072972539016956,-4.448722973390396,3.0067502278072773
sl_eat_bio_ssl_all,12,72e8c01f-385e-40fe-a645-c400d2489a71,97750003.flac,Watkins,Mammalia,True,0.9746705840573142,-2.917773850117398,2.032300144722044
sl_eat_bio_ssl_all,12,658854ae-e1c8-49af-a693-d08d845f9528,XC161830-130621-032148.flac,Xeno-canto,Aves,True,9.771141817751333,-5.247034491943611,2.7810969936219045
sl_eat_bio_ssl_all,12,e1e82fdc-c197-4087-862e-1bc14071dbff,XC662241-Tuc%C3%BAquere%20PN%20La%20Campana%20mp3%20audacity.flac,Xeno-canto,Aves,True,8.53271414758465,-0.6323241980891001,-0.2836704634649885
sl_eat_bio_ssl_all,12,13fe6cd3-e5b1-4849-bb90-ed53076b0304,8600803W.flac,Watkins,Mammalia,True,1.5520645807754303,-2.454537585345002,2.087316464105134
sl_eat_bio_ssl_all,12,2020f0a2-2e1e-4903-b2f4-2fa22cf91bef,XC273727-Rufous-tailed%20Jacamar%20song.flac,Xeno-canto,Aves,True,8.605911915914675,0.9674667994184353,-0.7663710037444004
sl_eat_bio_ssl_all,12,3728dcc0-7ba5-4869-8922-97c837ad1542,XC687396-Green%20Sandpiper_Flight%20Call_Tory_080821_B.flac,Xeno-canto,Aves,True,10.830954177763727,-1.3804887674358364,0.6041800257364094
sl_eat_bio_ssl_all,12,6e4024c4-191a-4258-94c1-d1ade96934ed,XC281238-273%201%20Steenuil%201%20Zang.flac,Xeno-canto,Aves,True,8.702756640230689,-1.462912805579514,1.5574146035243377
sl_eat_bio_ssl_all,12,2cb01763-57e1-4a0e-b795-eae75656a8b1,5702606N.flac,Watkins,Mammalia,True,4.4478433332458325,-3.4902732788823236,0.4902239048951079
sl_eat_bio_ssl_all,12,41d48329-93ff-404a-8678-151bf3fbb2f0,9101203S.flac,Watkins,Mammalia,True,2.4877866081869033,2.3930987403107147,-2.197747722007882
sl_eat_bio_ssl_all,12,99dd86bb-077f-4371-b1e7-9249cb9fdf35,XC765705-B%C3%A9casseau-minute-vol.flac,Xeno-canto,Aves,True,10.392091553302004,-3.211061590571852,1.3738065846522423
sl_eat_bio_ssl_all,12,6068f9f9-e9e4-4b3c-ac40-8b9155dbb54d,XC321259-Uria%20aalgae_20160520_SD_T106.flac,Xeno-canto,Aves,True,8.25258579527219,-1.129256519622826,-0.08168788899760449
sl_eat_bio_ssl_all,12,78be6796-a469-4ddd-be22-2f4b3e8c1601,56018004.flac,Watkins,Mammalia,True,4.719185049395067,-1.7821342702814114,0.03345803411282244
sl_eat_bio_ssl_all,12,864dfc18-961a-4847-b8c7-4a5ddb421a9f,8800500H.flac,Watkins,Mammalia,True,1.6783588271054517,-2.662796551198517,1.1994676853110944
sl_eat_bio_ssl_all,12,bb2c644b-d518-4d35-a629-1318b25337f6,151144.flac,iNaturalist,Aves,True,9.316019041922512,0.77354624096337,-1.3188767670979769
sl_eat_bio_ssl_all,12,a2cc20e8-c985-4519-a2ec-376b117dbdc4,XC590337-Eurasian%20Eagle-Owl-Suertetierra-20200922_0350.flac,Xeno-canto,Aves,True,10.345022984667771,-0.43244878161488365,-0.5272952227524188
sl_eat_bio_ssl_all,12,0873f4eb-7dd0-46c2-90ea-32f0160ec1aa,7100201S.flac,Watkins,Mammalia,True,3.3960275289801065,0.216181061368442,-0.8921406495583241
sl_eat_bio_ssl_all,12,721b294a-96fc-4ce1-acfd-5be8c6eae40c,9775200H.flac,Watkins,Mammalia,True,-0.5694851910683086,-3.78403799640157,2.6082825998472634
sl_eat_bio_ssl_all,12,11d6cf45-5280-4902-86a8-b6d8f97b4fb8,444106.flac,iNaturalist,Mammalia,True,9.802620775148728,1.2732825823226415,-1.4403507651826735
sl_eat_bio_ssl_all,12,143fb0bc-c663-427c-b788-405779f282b8,XC625194-Tawny%20Owl%202215.flac,Xeno-canto,Aves,True,8.914608596245358,-0.8227204423730836,-0.5051518526078368
sl_eat_bio_ssl_all,12,dd33ebbf-925a-4f79-b501-ca2c0a38e6bc,58878.flac,iNaturalist,Mammalia,True,9.288677447248679,0.009950893092659063,0.10146505082273721
sl_eat_bio_ssl_all,12,a4612c62-b694-4d48-95ea-d4a99b390271,88006019.flac,Watkins,Mammalia,True,0.9947785896888947,-0.9376290021383851,1.0819934222673935
sl_eat_bio_ssl_all,12,58ddf4a9-0d85-4b4b-8a04-e83ec9cf73ba,5903001Q.flac,Watkins,Mammalia,True,3.808736616313883,-3.9594037502558908,1.6726060160530474
sl_eat_bio_ssl_all,12,5aeb8e9a-f817-4f21-9db6-2a3fd1a46ab1,SNIPE%20Giant_03_SF%20de%20Paula_Rio%20Grande%20do%20Sul_BR_5JUL07_Bernabe%20Lopez-Lanus.flac,Xeno-canto,Aves,True,8.459883678793513,-1.567053216994042,-0.25465756673714246
sl_eat_bio_ssl_all,12,6a488107-6c99-4d36-a40c-e3a1bae1dec3,7100700D.flac,Watkins,Mammalia,True,3.9148323801712173,-0.17412885821986523,0.13442059576451615
sl_eat_bio_ssl_all,12,1a569564-a111-4806-9d7f-d59387a77d48,Bubo.flac,Xeno-canto,Aves,True,7.9876822481208976,0.6717796129777758,-1.897791511010264
sl_eat_bio_ssl_all,12,f6094e06-2635-46d0-91d3-770ff80d7911,164331.flac,iNaturalist,Mammalia,True,8.5302666627891,0.16480751211636235,-1.0308913941118145
sl_eat_bio_ssl_all,12,1b90b0b0-b80c-453c-b541-20ae49a6f022,5801801D.flac,Watkins,Mammalia,True,5.013318896412317,-0.5231374551286995,0.47380846811772753
sl_eat_bio_ssl_all,12,e448c14a-7b23-42ef-bf3a-62157d54c7c4,637039.flac,iNaturalist,Mammalia,True,7.3306889955912045,0.43455653896836927,-0.8750611905235817
sl_eat_bio_ssl_all,12,99213f38-7400-448c-9f64-4a687d0037ef,7700600F.flac,Watkins,Mammalia,True,4.772268263110853,-2.6947230456942686,1.671409903861196
sl_eat_bio_ssl_all,12,65b49b46-ca07-4eca-9386-d47651d297ee,8600801X.flac,Watkins,Mammalia,True,0.8757453171418748,-2.406005004363494,1.3836206771735302
sl_eat_bio_ssl_all,12,6ac3006f-49e7-4d86-9c9b-6c16b3412a8f,8501201S.flac,Watkins,Mammalia,True,1.7741654017675081,-5.162740272245063,4.057386317518037
sl_eat_bio_ssl_all,12,cb19da5c-319a-42b8-8ec3-1c2111c7a361,becacina2.flac,Xeno-canto,Aves,True,9.465088779841661,-1.577299701418782,0.7321517814290144
sl_eat_bio_ssl_all,12,61a859bf-7cee-4a4e-8e89-ef0bd5383894,558077.flac,iNaturalist,Mammalia,True,9.27136720307686,0.04723325770853748,-0.6443467272918113
sl_eat_bio_ssl_all,12,73ab37e3-ed12-4c68-ad00-c919d78bdb1d,519937.flac,iNaturalist,Aves,True,9.059825476204926,-1.324320671682309,0.6763096558607284
sl_eat_bio_ssl_all,12,ac0c5ba6-d022-478e-83aa-cd979038f6ce,97781001.flac,Watkins,Mammalia,True,0.6018319421629534,-2.5902846474313006,1.9211504253602185
sl_eat_bio_ssl_all,12,4ab21425-c5b5-4145-8045-ab3f76b8046b,68032003.flac,Watkins,Mammalia,True,6.664510542531648,1.0367449408691458,-2.4834926492630887
sl_eat_bio_ssl_all,12,9e5795aa-f700-41e8-90c2-54e4bd11a7dc,XC513602-hiboux%20moyens%20ducs.%20le%2026%3A12%3A19%208h%20am.flac,Xeno-canto,Aves,True,10.067386648794255,0.8624317205214911,-0.9239575581475347
sl_eat_bio_ssl_all,12,25988f9e-7486-40a9-a5d1-c2c194c619d5,Ninox_novaeseelandiae_ETimorMay05-FRL_TL_18_1532-1248_1_s.flac,Xeno-canto,Aves,True,7.614364698817712,-0.3416416778056507,0.0744706682966908
sl_eat_bio_ssl_all,12,13145736-ff9f-48ba-901e-eeb040a16495,64055003.flac,Watkins,Mammalia,True,6.287789544274986,-1.941462844643239,-0.4386458823153404
sl_eat_bio_ssl_all,12,dd19218d-d90a-4ccc-af1a-a6ecd5ea9f43,XC715078-220330_Arabian%20Scops-Owl_calls_Al%20MehfarTP_OC.flac,Xeno-canto,Aves,True,9.301561912924473,-1.0123068086603206,0.3466469631283051
sl_eat_bio_ssl_all,12,ba936079-dabd-4831-bce3-117cc1d1ed00,XC563510-200519_04.flac,Xeno-canto,Aves,True,7.844052107671902,0.6793250587915403,0.14967229677068838
sl_eat_bio_ssl_all,12,4b0cb268-dc0a-4aec-8442-00984f21edeb,7500305J.flac,Watkins,Mammalia,True,3.7411595292326605,-1.1845198295891735,-0.3028839683880417
sl_eat_bio_ssl_all,12,decbbb99-a8a1-4148-9988-206b6baf183e,5801801M.flac,Watkins,Mammalia,True,5.479389450608823,0.5546905048904892,-0.07355205860054825
sl_eat_bio_ssl_all,12,cdd57c98-fae5-4d6a-8916-88c1ce928c82,410656.flac,iNaturalist,Aves,True,8.89683803557153,-2.0065793407638064,1.0686665142006346
sl_eat_bio_ssl_all,12,70da9885-6877-4aba-b2ac-8bfa8c34ae6f,XC230074-%27San%20Isidro%27%20Owl%20A%202801.flac,Xeno-canto,Aves,True,9.83471172641475,-2.6808318468107037,0.7943324970922911
sl_eat_bio_ssl_all,12,094e5fd7-f551-496b-811d-f649ad51034c,9776101U.flac,Watkins,Mammalia,True,1.32683273120553,-2.5154715766948716,1.4871526882957784
sl_eat_bio_ssl_all,12,756f5f6b-e605-4868-88c8-fc950336eb5a,460049.flac,iNaturalist,Aves,True,9.124277165346406,0.4298131556569946,-0.5862154862752704
sl_eat_bio_ssl_all,12,7124506c-9392-4b69-9cf9-a7dd620a311d,9400806F.flac,Watkins,Mammalia,True,3.5137514456057763,-1.725805899219782,0.6260438729677207
sl_eat_bio_ssl_all,12,7611bc32-7e8b-4c6b-beea-38b18ea4ea2c,97766002.flac,Watkins,Mammalia,True,-0.06430918157762211,-3.2236000818444834,1.9873195663838246
sl_eat_bio_ssl_all,12,962afc60-1e38-4463-a210-99ae9714c58b,538671.flac,iNaturalist,Mammalia,True,9.98133639271736,-1.4727353128379002,0.022534727471118732
sl_eat_bio_ssl_all,12,0ab061f0-7e4f-4a32-87b0-fa21ffd6393f,530358.flac,iNaturalist,Aves,True,9.304848541151516,-0.21062424249143863,-0.3704907098716076
sl_eat_bio_ssl_all,12,6bffd177-4827-42f4-9690-fa6dc57646ee,79040003.flac,Watkins,Mammalia,True,6.556482255490466,2.997071099601155,-3.7187382386525556
sl_eat_bio_ssl_all,12,df688143-3f05-4dcc-8520-b8202289acdd,XC178202-Guiffette%20moustac%20Ebre%2011%20mai%2014.flac,Xeno-canto,Aves,True,10.05633760841739,-0.20946507904110612,0.7549422370209705
sl_eat_bio_ssl_all,12,127d8bc5-ca53-4b42-88fb-677e4e7a3687,9100402F.flac,Watkins,Mammalia,True,2.2211678782539996,-2.576664806616307,1.5033138842233567
sl_eat_bio_ssl_all,12,9d7febc0-e3b2-4c47-9fea-45c87a3793db,BarredOwl2.flac,Xeno-canto,Aves,True,10.648626709945711,-0.13877339166983238,-0.17120051161386046
sl_eat_bio_ssl_all,12,74fad971-8614-4838-b32f-0253b26d260f,75003011.flac,Watkins,Mammalia,True,4.888240671488939,-0.511831977959436,-0.9109606841975282
sl_eat_bio_ssl_all,12,08822775-b854-4c90-8728-c1a8a06916e1,61021049.flac,Watkins,Mammalia,True,2.1309861583667633,-3.602770912182177,2.747276690838752
sl_eat_bio_ssl_all,12,5776b7e7-65e1-48c6-a85b-6e9268651cc0,639152.flac,iNaturalist,Aves,True,9.510501805548596,-0.38808508394901087,-1.1014924645900335
sl_eat_bio_ssl_all,12,cc9d7d05-042d-4680-887d-b865a71c5a91,XC571863-American%20Oystercatcher%20alarm%20call%20june%2025%201946.flac,Xeno-canto,Aves,True,10.119128190805522,-2.4799819715780624,0.6749867619136309
sl_eat_bio_ssl_all,12,60208ff6-e126-4d53-9043-b173305559ba,XC446811-Bay%20Woodpecker_20181207_124232_prepared.flac,Xeno-canto,Aves,True,6.835621274706052,1.5740932663699398,-1.1174404635132185
sl_eat_bio_ssl_all,12,d59f7209-4238-4308-8d28-161cbd74230f,XC451747-Campethera_nubica_nom-FL%20song%20Baringo%20Lake%2020No18%2011.04am%20LS112684b.flac,Xeno-canto,Aves,True,9.276453022226901,-2.8284351662921345,1.8964197138352406
sl_eat_bio_ssl_all,12,80682f50-0631-49e5-b63f-ac1c9fb724c3,XC268816-Least_Sandpiper_2.flac,Xeno-canto,Aves,True,8.396594538540718,-1.1626740971118952,0.6330787941785647
sl_eat_bio_ssl_all,12,eb69bc44-80e5-4f47-83f8-1b8b52f1a906,695048.flac,iNaturalist,Aves,True,10.312187047005718,-1.9222180980085395,1.1519334447627294
sl_eat_bio_ssl_all,12,2d6d26c8-82e9-4eae-a187-d7eca628bf4d,XC251126-Miclan050704B.flac,Xeno-canto,Aves,True,8.392203191638174,-1.1327667064431008,-0.12340680540778115
sl_eat_bio_ssl_all,12,1af886b6-18df-41bb-961c-8e2b93f04022,XC674295-20210911_0510%20NoId%20Piula%20arbes%20XC.flac,Xeno-canto,Aves,True,9.562110823138276,-1.7550405456143428,0.7513422823628487
sl_eat_bio_ssl_all,12,aeaa94c8-719e-497e-9025-d2207d8021b7,7900403A.flac,Watkins,Mammalia,True,8.219154765865762,-2.0716405618319027,0.6449193613257058
sl_eat_bio_ssl_all,12,cb619930-0238-4c4a-97c1-aefaf0615fc3,XC556943-Pic%20mar%20divers%20cris%20%2B.flac,Xeno-canto,Aves,True,9.349672995785287,-0.032584671450304636,0.24895072616079678
sl_eat_bio_ssl_all,12,eca4188e-cbb8-43aa-967f-a26a6c19a374,XC647863-20210512_2345_Monkspath_JS_Oystercatcher.flac,Xeno-canto,Aves,True,8.744867031501714,0.12454652507439135,-0.7577105631929699
sl_eat_bio_ssl_all,12,83f2fbb1-f25c-43ab-8804-180a2838453b,94201060.flac,Watkins,Mammalia,True,-0.6975260854377863,-3.2583355845451365,2.049233264259225
sl_eat_bio_ssl_all,12,f0eaa508-896c-47d3-9f4e-7227183038d9,OWLTawnyBrowed-FL%20song%20REGUA%2022Aug06%2040m.flac,Xeno-canto,Aves,True,10.041598943437037,-1.276564415076483,1.0153817554628344
sl_eat_bio_ssl_all,12,9421a52e-94f1-4c2f-9d14-e4b83fc674fc,97501003.flac,Watkins,Mammalia,True,-1.1103480672245047,-3.1922420638915505,2.184241024498594
sl_eat_bio_ssl_all,12,c480f0b3-b37a-4e88-b837-78ca0faba0a6,XC776602-esowforriver20230120_195711.flac,Xeno-canto,Aves,True,9.918046024605824,-3.1528173922980853,1.5175270018714777
sl_eat_bio_ssl_all,12,5393a567-ded0-4b82-939b-af42e7785e10,9777100K.flac,Watkins,Mammalia,True,0.17194869010416158,-6.322898773792199,4.586247754816704
eat_all,12,345526af-20c5-437b-8741-e197ac6511ed,XC693334-LS_58842%20Dusky-headed%20brushfinch%20song%20B.flac,Xeno-canto,Aves,True,4.264637075212564,-0.07119138378003476,0.5881701713155649
eat_all,12,e605b07a-87dd-4723-b812-f84b781c9583,XC126939-Tristram%27s_Starling_2.flac,Xeno-canto,Aves,True,4.925922390218291,0.05224419402229852,0.5350569457171688
eat_all,12,61fc36ad-03d6-4171-97fe-5c67821ec6de,530.flac,WavCaps,,False,4.076470166639018,-0.3184293154746415,0.4051703541481165
eat_all,12,67961220-1a93-4cce-84c6-cbe1bf6aa1bb,keyboard_electronic_023-032-100.wav,NatureLM,,False,3.1413752865900437,-0.1909445144487532,-0.3764359676449037
eat_all,12,5bf599ed-dfa6-41c7-918b-ae6e2f8e4113,XC739803-LS_51498%20Yellow-eyed%20Black%20Flycatcher%20duet%20A.flac,Xeno-canto,Aves,True,4.248649847862724,-0.38012539978342275,0.4908357896744846
eat_all,12,4d1f5da3-4aa7-4381-9949-f9d4ea9bc7fa,XC682803-5999-4004024-4438.flac,Xeno-canto,Aves,True,4.375972737688134,-0.5308509706778222,0.4753881499829178
eat_all,12,a7f4feca-c0a2-4598-b8a1-c508590d0f31,XC717693-Willow%20Warbler%20%2B%20Wren_Song_Mizen%20Head_15.04.22_A%2B.flac,Xeno-canto,Aves,True,4.214165623554813,-0.41566732542216256,0.39572308229886616
eat_all,12,ba79dda8-f0de-4b2a-8947-c1e7feeb58c9,SSW_269_20170819_120014Z.016_007.wav,NatureLM,,False,4.841630847286604,-0.39564596600063034,0.273399136445259
eat_all,12,3a5b71f7-0fda-4a9f-b693-0327aba0b306,SSW_055_20170325_060004Z.055_010.wav,NatureLM,,False,4.509499368029733,-0.7663910782244205,0.2836759862339896
eat_all,12,3e92ca8d-18a6-48b2-84d9-e18b76078e72,SSW_039_20170311_110008Z.031_001.wav,NatureLM,,False,4.265296703715871,-0.6964444529537527,0.23293777605089527
eat_all,12,53030683-a00c-4303-92c8-5b104a41ad3c,9750402P.flac,Watkins,Mammalia,True,2.705216248337142,-0.2799928865024647,0.24865031925292372
eat_all,12,16eaecc1-b297-4dce-bfc4-c5ca0d7fa81d,20ta010j_2.0053_209c0108_-2.0053.wav,NatureLM,,False,4.3467821701123555,-0.2118281054146311,0.2454462846777587
eat_all,12,5781d7a0-80ea-4be6-9fd1-9f6be373528b,XC385115-T15.flac,Xeno-canto,Aves,True,4.5080539976129215,-0.5260686054589518,0.4136917967497351
eat_all,12,4223b186-47a7-4f88-9d8d-38479bb4d986,42459.flac,iNaturalist,Aves,True,4.651416952458412,-0.2637110298814679,0.5073951954875073
eat_all,12,b795d66d-a577-4b68-bdc1-810b5ff09052,NorthernParula1.flac,Xeno-canto,Aves,True,4.163044470741767,-0.3320495568815534,0.5204374801045019
eat_all,12,519199ae-1ece-451d-a8e7-16b393685585,256179.flac,iNaturalist,Aves,True,5.099200803346861,-0.9294730735087322,0.40548457621623335
eat_all,12,484018cf-99a4-4310-a58a-e24c1f9b8d5f,SSW_023_20170304_130010Z.036_009.wav,NatureLM,,False,4.707919709115681,-0.787789210565373,0.23865629057857884
eat_all,12,3035d7a6-e138-4057-baad-948b688a26d7,XC744361-Bachstelze%2C%20Gesang%20%209.4.2015%20%20Egelsee%2C%20Badesteg%20%20%E2%80%8F%E2%80%8E15_33_24%20VOC_150409-2357.flac,Xeno-canto,Aves,True,4.7996123011099545,-0.05452789110249365,0.5301909769020801
eat_all,12,639d5440-7745-4fbf-943b-2393c1a84ddf,324452.flac,iNaturalist,Aves,True,4.623242498011024,-0.3880367582716853,0.470241160635237
eat_all,12,5cf424ab-6501-4962-91fd-ba2c0ce38a37,Cervus_elaphus_DIG0117_03_short.flac,Animal Sound Archive,Mammalia,True,3.916087561544509,-0.0613346882325605,0.2016809933271218
eat_all,12,833701b2-b661-4fbd-868f-07dda09059bf,XC486056-Xiphocolaptes%20promerohyporhynchus.flac,Xeno-canto,Aves,True,4.995089661007162,-0.39330580959489664,0.49652470537407156
eat_all,12,cf7fd664-0699-4561-8e3d-aba7e1e54b90,Zalophus_californianus_V2061_17_short.flac,Animal Sound Archive,Mammalia,True,4.532282007683921,-0.2525858051583123,0.31071900591273927
eat_all,12,ac225d2d-bbcb-4f39-8b85-7916f5d8bb94,XC402294-sturnus%20unicolor%203%20chapatales%2024-09-2017.flac,Xeno-canto,Aves,True,4.401436171526182,-0.5190980403763511,0.5310931437205109
eat_all,12,b0e33146-8f91-4aad-b6d1-9fcd7e68e54c,mallet_acoustic_030-087-050.wav,NatureLM,,False,3.674514625567322,-0.5867353223730557,-0.33142000745222866
eat_all,12,9ad7750b-961c-4b95-b04c-2d69c8bce4d2,XC541270-Pied%20Currawong%2009_05_34.flac,Xeno-canto,Aves,True,4.351659862931316,-0.6116167452247929,0.4884201562164177
eat_all,12,5083d955-24a1-4232-97a5-37e945c676c7,XC360007-LS104552%20Black%20Magpie%20calls%20B.flac,Xeno-canto,Aves,True,4.471628581427407,-0.36995075790115833,0.4460133853273699
eat_all,12,12556fc5-c2b5-4020-81f4-c47d4c1466e0,XC688225-Goudvink%2020211021%201000%201a.flac,Xeno-canto,Aves,True,4.494546179021805,-0.5458597078072759,0.5965349244776028
eat_all,12,b74d3698-d9ed-4c8c-8ab7-b0621a69de4e,XC682514-stenkn%C3%A4ck%20lock.flac,Xeno-canto,Aves,True,3.015238038385619,-0.07572102761669772,0.3516450786714436
eat_all,12,f99dc342-77cc-4ab8-a22d-0aea960829d8,XC376687-XC360907%20-%20%D0%A2%D1%80%D0%B0%D0%B2%D0%BD%D0%B8%D0%BA%20-%20Tringa%20totanus%20robusta.flac,Xeno-canto,Aves,True,3.9346131166791234,-0.16820221017851278,0.4477743398597054
eat_all,12,4617b5a8-a226-4662-b005-5eaa24eb43c3,9500300I.flac,Watkins,Mammalia,True,2.5971223264442673,-0.2041571667845282,0.4114697579454403
eat_all,12,75cd84ad-8c2c-4333-88c9-7327f5e3bf23,XC420018-Common%20Bulbul%20on%202.9.17%20at%20Twinga%20Lodge%20TZ%20at%207.10%20for%20.10%20_0448.flac,Xeno-canto,Aves,True,4.476263053072728,-0.2848613230267031,0.5424442366304235
eat_all,12,eeb57353-2d95-488d-af35-add7e1716977,XC282848-HETH_3-4-15_1330_MtOrd1.flac,Xeno-canto,Aves,True,4.575860772983114,-0.1856053169781383,0.49423848595613057
eat_all,12,8798231a-34af-4290-b188-7ddff7e20192,126066.flac,iNaturalist,Aves,True,3.992043297497383,-0.5994079989505603,0.453732182298126
eat_all,12,ff86a050-6731-45f6-b0df-0d4be52cd0d8,XC473849-Prinia_socialis_nom-FL%20calls%20Above%20Munnar%204Feb16%208.40am%20LS119888a.flac,Xeno-canto,Aves,True,4.3190101489758055,-0.3112358190721715,0.53997930388588
eat_all,12,c91eeae1-4c7c-4d46-bf6a-b81bf31ae996,513777.flac,WavCaps,,False,3.2914654798851677,-0.07921011249750401,0.25871821659004857
eat_all,12,6fada358-92cd-4951-bf39-973c259f45e1,7801800C.flac,Watkins,Mammalia,True,4.462400749489054,-0.6861534050527135,0.23401239843353372
eat_all,12,94635d4d-9fc1-4914-a6c7-2f5f7b03f1e0,172953.flac,iNaturalist,Aves,True,4.023832906030345,-0.3755686682424003,0.48829885830157466
eat_all,12,cb3a6d2d-fb28-4c97-bca8-4f9b108de2f2,79776.flac,iNaturalist,Aves,True,4.39590567380349,-0.5378403717384961,0.5630217182755626
eat_all,12,d461f4d6-1645-4ea6-a593-3aec461ed21d,XC563725-PROW%20%28M2%29%20-%20Song%20-%20Les%20Arends%20-%202020-05-31%2006_48.flac,Xeno-canto,Aves,True,4.3236576745107165,-0.47317257068646473,0.4310201521695122
eat_all,12,878a679a-f3c4-4277-aae3-b31c9a59c959,XC714401-Grey-winged%20Blackbird%20female%20Call.flac,Xeno-canto,Aves,True,4.536285609385748,-0.2396448560563177,0.5202800854617889
eat_all,12,040a385d-3c15-49d5-9e54-ee4649593939,XC507221-Tamatia%20tachete%CC%81%3ACrique%20Saint-Georges%3A01-11-19.flac,Xeno-canto,Aves,True,4.602929789375143,-0.373738666612079,0.5476591584367203
eat_all,12,cd88c22f-f94f-47c5-8dd1-c503f28aecaf,57026059.flac,Watkins,Mammalia,True,3.2148040951228443,-0.278511414900381,0.54666335592686
eat_all,12,fa147d6d-55ca-4786-8269-3a37cb17ce28,XC625226-Carrion%20Crow%200649.flac,Xeno-canto,Aves,True,3.8128481036494692,0.10217090270730339,0.5278071537174189
eat_all,12,64b22456-5987-405b-a70e-7acd9c8604c9,20090914_WayKambas_BandedPitta_song.flac,Xeno-canto,Aves,True,4.413453660071566,-0.6391667923730064,0.40371011638937837
eat_all,12,2c99f75f-28e7-4df9-b7eb-5ca44807bedd,XC193967-THRUSH_Swainson%27s_c%20ustulatus%20Fish%20Creek%2C%20Hyder%20AK%20062314%201438.flac,Xeno-canto,Aves,True,5.187431161915184,-0.306485732270109,0.44371220556305757
eat_all,12,c9ad03d2-a092-4d7f-a663-7112b438b12a,XC200559-141024UhuGesangFH2edit.flac,Xeno-canto,Aves,True,4.658725845906776,-0.6753046740985158,0.39840034813508174
eat_all,12,28da31b7-3b02-4799-a4d5-4d22351dc633,XC510628-Cranioleuca%20sulphurea_Rio%20Grande_1164.flac,Xeno-canto,Aves,True,4.164328362357089,-0.25028721221747097,0.4982142522644794
eat_all,12,9c91916b-7620-42c6-a2b4-8da3f3bcf140,XC210152-Corythopis_delalandi_14_12_2014_Amparo_SP_RSS.flac,Xeno-canto,Aves,True,4.313784997401567,-0.3647405089358145,0.34849948506704287
eat_all,12,c0265934-ab70-410e-a560-21f91e93e762,XC543571-Mino%20kreffti%20kreffti_pcm_191013_06.flac,Xeno-canto,Aves,True,4.813817310282791,-0.5189931796325531,0.4980948395517714
eat_all,12,a32a40cb-43da-4114-9668-455fc632df45,XC226630-Long-billed%20Woodcreeper%20%206212.flac,Xeno-canto,Aves,True,4.269602070338059,-0.579240095600487,0.5108059154367417
eat_all,12,823eb09a-bc66-4ab4-ae43-ec1e805e341b,SSW_070_20170401_100007Z.059_004.wav,NatureLM,,False,5.033366583660319,-0.568047521314599,0.22354010335298158
eat_all,12,5bf962c9-3f94-43a2-acfb-cb014b8da2f0,77009017.flac,Watkins,Mammalia,True,2.2713348629881915,-0.36870791209398335,0.2334121514477921
eat_all,12,f2650314-83b4-4e4b-a1f1-f93edd739272,SgriseicollisLepipuertoMD5track30.flac,Xeno-canto,Aves,True,4.085667855990484,-0.44861473327934726,0.5060428014255786
eat_all,12,149de911-bf52-44f1-8c07-30079bfa5024,XC658335-210617-NFC-guiffette-moustac-possible-04h45-Guerfand-4.flac,Xeno-canto,Aves,True,4.251505217917634,-0.3816277641851901,0.5245563837659285
eat_all,12,39c8e491-e1d9-4ab0-97e7-74067bf186b4,259389.flac,iNaturalist,Aves,True,4.118312334417459,-0.3587219359338474,0.5826779798890518
eat_all,12,1b4e638a-ef28-406c-933d-83aacd20fdfd,XC137559-Cyanomitra_cyanolaema_130404_06.flac,Xeno-canto,Aves,True,4.824052605079899,-0.6053582701003053,0.45959260204871516
eat_all,12,68df0cb0-a0af-45df-9066-d7d9424040a9,THRUSH%20Slaty%20%28Andean%29_08_Acambuco_Salta_AR_8OCT05_B%20Lopez-Lanus%20%28BLL%20et%20al%202007%29.flac,Xeno-canto,Aves,True,4.827796219876001,-0.7261674227420287,0.41655876723020824
eat_all,12,bf372c58-e740-4020-a974-80d3865f9a60,CARDINAL%20Yellow-billed_05_Otamendi_Campana_Buenos%20Aires_AR_22NOV01_Bernabe%20Lopez-Lanus.flac,Xeno-canto,Aves,True,4.508023263825511,0.0642787690309331,0.5798350896384286
eat_all,12,ea4a5b95-6574-468a-8c16-7df995c2ec25,XC413916-RedBelliedPitta_Talaud_072217_song.flac,Xeno-canto,Aves,True,4.618860958741499,-0.3803109862678976,0.39745982253112044
eat_all,12,ccb717f9-b508-4e72-a149-36bfa38d9f13,541272.flac,WavCaps,,False,5.131074574855608,-0.358966202436503,0.36569450465555864
eat_all,12,d92bc3a1-d8f7-439c-a0c3-2ab375d2c753,2836_5355_000026_0000002.wav,NatureLM,,False,4.474235353731735,-0.7624791745447759,-0.22727676426556473
eat_all,12,2234bc1e-d1f1-4d15-964e-3311e14534b2,622099.flac,iNaturalist,Aves,True,4.734058870350044,-0.3797037325464888,0.45893294287010056
eat_all,12,029aeed5-40a1-4728-bdb0-c328c4fa78fa,87003005.flac,Watkins,Mammalia,True,2.5502280415409095,-0.3843932767922525,0.5735894882328529
eat_all,12,afb37eee-ce7c-4964-9b19-86b9b477797a,A%20Buchfink%20C.flac,Xeno-canto,Aves,True,4.9317998389397,-0.6907963082589144,0.37255822740613326
eat_all,12,eb6d9779-2525-4889-8e90-fef798a9e447,XC585592-200829_2330a.flac,Xeno-canto,Aves,True,3.929175847369372,-0.08121725990743472,0.4397034333851461
eat_all,12,26df3063-fe3c-48d5-9f5b-f1cdd1c39ddd,XC273712-Lance-tailed%20Manakin%20call.flac,Xeno-canto,Aves,True,4.614040067491872,-0.6236264543653246,0.4890488121852688
eat_all,12,dfa945a5-d725-4213-8024-e95444d30022,SSW_131_20170506_160014Z.056_012.wav,NatureLM,,False,3.380809012730456,-0.34907688925468644,0.33177601900257664
eat_all,12,724ad83d-b8bf-40b4-8871-a63ef9997a2d,80951.flac,iNaturalist,Aves,True,4.413198380390275,-0.4669828605036103,0.32100734525681573
eat_all,12,22d963f6-b54e-4af3-af09-f900ef4999a3,498419.flac,iNaturalist,Aves,True,4.887779070546152,-0.25199335282859014,0.293212755186435
eat_all,12,c83f22a7-fcf1-4fae-be2b-63a0e713fef5,XC703174-DUFL_2021-06-04_Surveyor_Campground_Klamath_County_OR_0834.flac,Xeno-canto,Aves,True,3.6912572929981193,-0.6910055503364596,0.3623078335061774
eat_all,12,64fee962-59fe-4b32-a996-53a8f0a500b0,XC256074-THRASHE_Cur-bil_c_dawn%20OPCNM%20500m%20082012%200531.flac,Xeno-canto,Aves,True,4.287414163575105,-0.7249365654818336,0.46032721673099053
eat_all,12,767551e6-6aee-488f-b86a-934001633d21,XC684441-Cape%20Batis%204%20note%20call.flac,Xeno-canto,Aves,True,4.619325581263996,-0.017438783231364913,0.45571987998456553
eat_all,12,f65f769a-7e0f-4a8f-b4c5-407c13a0f3df,XC276215-Muscigralla_brevicauda54cut2A.flac,Xeno-canto,Aves,True,4.319422230690063,-0.45086342033090687,0.5077676533211453
eat_all,12,0f5c174e-631e-443c-b669-913d7a104b82,413492.flac,WavCaps,,False,4.562625716281279,0.05614474449673648,0.35520943280586614
eat_all,12,e3017e9b-8dde-411e-9379-397d61190dfa,XC280005-LS_56546%20FALSE%20BAY%20AREA%20Scarlet-chested%20Sunbird%20call%20A.flac,Xeno-canto,Aves,True,4.933824601210065,-0.6111967589339506,0.36963494468475205
eat_all,12,a012a70a-7061-4d78-99d2-95bfe85811eb,519647.flac,iNaturalist,Aves,True,3.4605788483780993,-0.39183078978822516,0.41875501424033623
eat_all,12,af091fbd-597b-4c39-873b-ba66c2dee4a7,XC701555-mp3%20%E0%B8%AB%E0%B8%B1%E0%B8%A7%E0%B8%82%E0%B8%A7%E0%B8%B2%E0%B8%99%E0%B9%80%E0%B8%82%E0%B8%B5%E0%B8%A2%E0%B8%A7%E0%B8%AB%E0%B8%B1%E0%B8%A7%E0%B8%94%E0%B8%B3.flac,Xeno-canto,Aves,True,3.790686492256095,-0.0197931365844016,0.585506747106449
eat_all,12,d8591970-8835-4997-a360-34765d5f69bf,XC428511-Campylorhamphus%20falcularius3.flac,Xeno-canto,Aves,True,4.341179730854744,-0.5526049990401667,0.5155881100024802
eat_all,12,22d30df2-b2ec-4bb6-94ed-143303dce57e,631192.flac,iNaturalist,Aves,True,4.923853123794674,-0.25585252114965457,0.5163140886242987
eat_all,12,45b9c5c2-0617-4b49-845c-ba57e4de9d37,XC698221-RECAV0_210507_1017_lim026_alarme.flac,Xeno-canto,Aves,True,4.8645025900546255,0.09068369639983187,0.5525393404750731
eat_all,12,b93a5062-b645-4972-afa0-64f8b52eaf7b,46680.flac,iNaturalist,Aves,True,4.398336536093103,-0.6521138601975562,0.379749489396224
eat_all,12,f73d5b6c-4e75-4706-8879-10efb3f9dd6d,XC590985-Megascops%20roraimae%20MNML%20092020.flac,Xeno-canto,Aves,True,5.336056722613554,-0.43144336432630553,0.3539278143072373
eat_all,12,3c561d9f-faeb-4095-a8df-db39c9f90e29,2413%2F27.flac,Xeno-canto,Aves,True,4.762615051619111,-0.4120436905765945,0.47161486440321937
eat_all,12,5ff1b801-99e2-4468-8d1a-003bc3b04b9b,XC304310-Coppersmith%20Barbet.flac,Xeno-canto,Aves,True,4.826510867472135,-0.6533927398314804,0.3759267379518331
eat_all,12,55b259de-bb5a-430f-b244-4074b68ab8e8,Yyy2Msyv3j5Q.flac,WavCaps,,False,4.2094488821536835,-0.262530019276742,0.3291995278222615
eat_all,12,95ee6b95-ab25-4dea-9368-291d38239041,XC499085-190917-100410alveolacinzenta.flac,Xeno-canto,Aves,True,4.544070395529086,-0.7739248858778913,0.3912758779407527
eat_all,12,95692cfb-15bf-4154-972c-e5b56cd998d3,650032.flac,iNaturalist,Aves,True,4.579348937965376,-0.3172904836854293,0.3884499480554532
eat_all,12,d2e93f15-608a-4d0a-95c5-fe87761ced2d,XC139158-Northern%20Puffback%20Manegusha.flac,Xeno-canto,Aves,True,4.338507416863941,-0.21564697491739016,0.4971002474619206
eat_all,12,29f3fee1-2bc8-4972-b909-cfb00e85d26f,XC296212-picchioCen1.flac,Xeno-canto,Aves,True,4.176709428157924,-0.6033336755034728,0.3607237483640741
eat_all,12,44931f2b-2ab3-4914-8242-05d44c65b572,83_11691_000076_0000044.wav,NatureLM,,False,4.680384489207165,-0.3875812867767394,0.07821454075486878
eat_all,12,ce541065-12f5-4555-ad32-64dcb6a2cbd9,XC538724-Indian%20pitta.flac,Xeno-canto,Aves,True,4.4319897518496125,-0.3561828489352449,0.37748636260270013
eat_all,12,880d47c7-4327-42c4-a423-4b34ab155b4b,133566.flac,iNaturalist,Aves,True,3.7200135248517796,0.2683418396743874,0.6603727916818701
eat_all,12,58256ccf-1484-4797-acd3-15a9751cc3d9,XC157730-Gampsorhynchus-rufulus-FL%20response%20Chidu%20area%2C%20Mishmi%20%207Apr13%207.33am%20LS113820.flac,Xeno-canto,Aves,True,4.46382879866168,-0.14020336998316804,0.5690875729500974
eat_all,12,9d183521-c0ab-445b-941e-add62ef1a4bb,40452.flac,iNaturalist,Aves,True,4.145752003983104,-0.35177368258149866,0.5520010657671744
eat_all,12,e1502208-c3f6-4ddd-b74f-16743dde4b5a,Cervus_elaphus_S1329_07_short.flac,Animal Sound Archive,Mammalia,True,4.637350141512983,-0.3081584088482109,0.1961923655558951
eat_all,12,80c52694-8f0c-4bf5-9cf5-2cc5dfdd1044,XC407843-Woodpecker_Grey_and_Buff_UM1_20thMar18.flac,Xeno-canto,Aves,True,4.2462047655367225,-0.20011671654951826,0.6407799388626177
eat_all,12,57ccbcb8-2320-49db-b21a-1b75139f3ee9,115565.flac,iNaturalist,Aves,True,4.850486000194219,-0.44298476786081,0.3929743446605879
eat_all,12,8bec7a0c-beaf-4a10-adb4-567825faa1cf,XC664893-9%20Saborta%20Warning.flac,Xeno-canto,Aves,True,4.303695373689595,0.1662033355253129,0.38024426469366507
eat_all,12,768010b4-e17e-48d6-8a0f-02736799380d,XC561638-cho%20hul%20femelle2.flac,Xeno-canto,Aves,True,4.562098676435944,-0.04921012232574104,0.42927756513073206
eat_all,12,098334ce-c397-4222-8296-8ffca7fae437,194139.flac,iNaturalist,Aves,True,4.6679629450219,-0.6768797744206105,0.30696368564115345
eat_all,12,6978dff9-253f-4c22-9532-708d02ae08a5,XC701615-S4A10550_20200623_210002-23.12_klask.flac,Xeno-canto,Aves,True,3.942236368053905,-0.04732168592258737,0.34593367544696024
eat_all,12,dfd6cbf9-31a5-4bb6-b123-9f59b3ff4daa,SSW_118_20170429_220023Z.001_008.wav,NatureLM,,False,3.750613781660176,-0.3479749645282273,0.21338752364635805
eat_all,12,3cb08433-cebb-4c98-898b-80e54ecb219f,32802.flac,iNaturalist,Aves,True,5.299405157269186,-1.0180684661681272,0.3259132172698495
eat_all,12,938bd247-c632-47bd-bbe2-f00ed2e54ea8,Serinus_mozambicus_barbatus_20100701_zang_Lake_Bunyonyi_OEG_LS100329egg-z.flac,Xeno-canto,Aves,True,4.322707219878134,-0.1430913232924362,0.5803462675565193
eat_all,12,0f9889a9-b9a6-4e30-8b08-d0242da6a515,410922.flac,iNaturalist,Aves,True,4.439026432411293,-0.37527500336061637,0.3047780702113872
eat_all,12,547a075d-83d1-4019-8116-45f9dcc43c5e,XC422294-Blue-banded%20en%20Blue-headed%20Pitta%202%20260218%20Danum.flac,Xeno-canto,Aves,True,5.1816362908765505,-0.3202747701718837,0.43130294832930643
eat_all,12,bdc650b9-36d5-47ed-824c-13cca43302ff,SSW_154_20170513_190014Z.028_017.wav,NatureLM,,False,3.513110139932464,-0.518322729137952,0.13052174190855975
eat_all,12,6f080f55-6198-461a-851c-e725bd9a49ab,7703501T.flac,Watkins,Mammalia,True,2.8746847480663327,-0.3273908237430948,0.6723349456888046
eat_all,12,c99b124b-07b7-4093-a90b-ffdd2c65a727,684349.flac,iNaturalist,Aves,True,4.807751123989258,-0.5291677150995469,0.4072607281224247
eat_all,12,20ba605b-ee08-422c-ba42-f5dcc27d0a22,XC228328-Summer%20Tanager%20A%2015074.flac,Xeno-canto,Aves,True,4.581392892682162,-0.7837973235797338,0.3807799987561185
eat_all,12,5e87f433-d182-4e50-9aa9-27922cdcbfd2,XC374312-rossignol%20philomele%20tarerach%2066%20not%20seen%20A.flac,Xeno-canto,Aves,True,4.296899015140537,-0.22638536004022344,0.4130405015605131
eat_all,12,76dd7bc3-8435-48c0-9f78-d0a3ab3b5b10,YDTngmSh5wnI.wav,NatureLM,,False,3.8064197979043053,0.2008524521763799,0.3118473212741403
eat_all,12,2c3c454c-0b4e-46df-92f6-e31c1ddc72e1,XC557317-BlackThroatedGreen.flac,Xeno-canto,Aves,True,4.4454321503654795,-0.6329250918273612,0.4213108100016136
eat_all,12,9b448211-8049-4506-9419-b87c7eb56679,145647.flac,iNaturalist,Aves,True,3.9980661698326805,-0.4071847839614693,0.5781785468355904
eat_all,12,61b544a0-e4aa-4ae3-b37c-d5f4dab651ec,XC498630-GRACKLE_Gre-tai%20Tepic%20900m%20042519%200707.flac,Xeno-canto,Aves,True,4.092978616715707,-0.5742995164794389,0.48698588494781825
eat_all,12,93113a3a-def3-467f-a6a8-0aea0e83c63e,XC614959-Pipit%20de%20Richard%20Carolles%2012%20nov%2019.flac,Xeno-canto,Aves,True,3.1299101403799714,0.006134823369298978,0.5402165756866795
eat_all,12,24b8e155-3f39-4502-8d6c-ae5b54479f95,XC510190-LS_58313%20Hildebrandt%27s%20Starling%20predawn%20song%20B%20Superb%20Starling%20C%20Slender-tailed%20Nightjar%20C.flac,Xeno-canto,Aves,True,4.36604021491202,-0.3276202960642477,0.48605096779178764
eat_all,12,1be2c6f6-d8c9-4f70-92e4-b56e5cdea7f0,252028.flac,iNaturalist,Aves,True,2.58047289311893,-0.1728568104012666,0.37686416311778537
eat_all,12,0de51500-38b0-4fba-91d8-4197b88be5c0,XC268851-carduelis%20carduelis%202%20parque%20alamillo%2010-05-2015.flac,Xeno-canto,Aves,True,4.579387638607129,-0.3537329936720185,0.48875347434415545
eat_all,12,e5e7833a-1fb9-40f5-a213-ca0cd70e516e,51356.flac,iNaturalist,Aves,True,4.452826305933829,-0.4765567376783465,0.44493159762752854
eat_all,12,c9baa9ca-fe4c-47a6-914f-639f436c7bfb,SSW_110_20170429_110008Z.012_001.wav,NatureLM,,False,4.758159851886281,-0.7488647453558988,0.18886861872353095
eat_all,12,6e8f114b-95be-46a3-9e7c-ab79a2839796,DM550027_8strixUralensis.flac,Xeno-canto,Aves,True,4.258680132631932,-0.4571074531564453,0.5119027442820239
eat_all,12,93c18450-b237-4c1a-86b8-f3f083500889,151117.flac,iNaturalist,Aves,True,5.013731561239643,-0.9278128598659419,0.31308934590151877
eat_all,12,6abc42ac-bced-4f8e-bc1b-15d06257a15c,453053.flac,WavCaps,,False,5.128603578433308,-0.39542118842999446,0.18355486879363808
eat_all,12,259b6cdc-b252-4618-b2dd-2002b3a00c2b,411097.flac,iNaturalist,Aves,True,4.960950637240751,-0.13026292244299953,0.3467278822561828
eat_all,12,3afa59d0-3f62-4840-8d8b-166a12870993,XC424030-Myiarchus%20tuberculifer%20R%20Bellavista%2012%2006%202017%203%2055%20pm.flac,Xeno-canto,Aves,True,4.456660743152125,-0.7878024199180822,0.22877059128075944
eat_all,12,2ebc7768-c055-4f71-8ef4-e635b3189403,XC732418-210904_03%20Tawny%20Owl%20%282%29%20N%200206%20XCu.flac,Xeno-canto,Aves,True,4.04734670446121,-0.5137297292295337,0.4962872906592371
eat_all,12,f36d9ee1-b897-4137-91f7-bdf664bc16f7,ICLISTENHF1251_20140904T175409.262Z_038.wav,NatureLM,,False,4.76223040141959,-0.7212008222075552,0.07859412897227236
eat_all,12,b5f12d26-7328-4f78-b2a5-a3f7a363e89f,XC465758-R37_0108%20Coraya%20Wren.flac,Xeno-canto,Aves,True,3.916732276274769,-0.2769960660706645,0.5671141322059428
eat_all,12,ad0c2a47-07f3-4f39-93e4-184b117456c3,XC426860-LS108242%20Black-crested%20Bulbul%20song%20B.flac,Xeno-canto,Aves,True,5.486939029649239,-0.9042402226009105,0.3247974220156704
eat_all,12,0881cd4e-e788-4668-b4b3-a8dce94f0306,156708.flac,iNaturalist,Aves,True,4.852195866618916,-0.4999950574938816,0.497440379986311
eat_all,12,e5e0eb45-0623-43f2-9fc6-fdffffdcea69,XC390467-White-throated%20Laughingthrush%2001%20-%2015Dec16%20-%20Sigri%20-%201109.flac,Xeno-canto,Aves,True,4.830459723994839,-0.9236240084902998,0.4196248992683609
eat_all,12,1a705b9e-4b45-4fc0-9ca9-0dc306e7e1e8,SALTATOR%20Golden-billed_17_Putre_I%20Region_CH_4NOV99_Alvaro%20Jaramillo.flac,Xeno-canto,Aves,True,4.685332193542883,-0.63291710570038,0.3783992830424043
eat_all,12,a50d1daf-2f9a-4f8a-822f-51ad13bbadb4,YIA3Um5JtMqU.wav,NatureLM,,False,4.1784997819111,-0.4221887827834233,0.41041047173349265
eat_all,12,fb168f39-0035-4516-b8cd-8b8552705ccb,514405.flac,iNaturalist,Mammalia,True,4.258987544709629,-0.4983265308215955,0.44202582226677456
eat_all,12,c5a97ecb-3eb2-41e8-82fd-ffd90d062fd7,XC684562-vite-vite-de-cabe%C3%A7a-cinza.flac,Xeno-canto,Aves,True,4.513914841739986,-0.5743201515092693,0.4579577213138342
eat_all,12,9c65b9d3-98d4-4d13-a705-94529a1c3241,ICLISTENHF1251_20140404T200459.775Z_051.wav,NatureLM,,False,4.362626224553014,-0.7836924634918934,0.0919432562690996
eat_all,12,09f37e69-9a9c-416b-9c44-86358a8ac40d,XC314241-Unknown%20-%20poss%20gw.flac,Xeno-canto,Aves,True,4.547950607664124,0.15704439884439214,0.5841722784554642
eat_all,12,6754e8a8-358b-4094-8b60-c013fa7fa5d8,XC773008-170519_01-Buskskv%C3%A4tta-s%C3%A5ngl%C3%A4rka.flac,Xeno-canto,Aves,True,4.819853147648922,-0.32811223682156254,0.5061619448779464
eat_all,12,4031dcbb-cf15-4625-8794-0a18eba07430,110409.flac,iNaturalist,Aves,True,4.416169957041575,-0.11332144544574774,0.3505075328389011
eat_all,12,4d10e22d-7348-409c-8c15-7688683e0ec9,XC717159-220422_0150_stepnoy.flac,Xeno-canto,Aves,True,4.045822424444396,-0.10203786003505291,0.5155387340585527
eat_all,12,f86852f7-a734-4245-a146-857bac1d5a7d,32073.flac,iNaturalist,Aves,True,4.236828308877101,-0.43409710532507517,0.4520233349511281
eat_all,12,d67a295c-5acf-455b-9e1f-2e7e9b8751f7,XC336055-160409-191944_Cyanistes%20teneriffae%20teneriffae_R.flac,Xeno-canto,Aves,True,4.558023998751581,-0.3349402722599556,0.581747685608392
eat_all,12,4bfa106e-19e4-4a55-bee6-bccdae6395f2,XC762905-LS_51891-Common-Newtonia-song-A.flac,Xeno-canto,Aves,True,4.228396210254254,-0.4166747787804608,0.43986559406241554
eat_all,12,1f98d9b4-40f6-48ce-9530-763e3b226d66,XC332011-Tern%2C%20Antarctic.flac,Xeno-canto,Aves,True,4.774274089982873,-0.4370512108482776,0.503363904040282
eat_all,12,c5fd87a3-5302-492d-bdd6-b742b5cb396b,XC525575-x_IAvH-CSA-5771.flac,Xeno-canto,Aves,True,4.175683734837694,-0.486626552474647,0.5594051182343486
eat_all,12,38b5e494-6ef7-45a6-8bc6-d889803c202f,XC567554-Cannaiola%20verdognola1.flac,Xeno-canto,Aves,True,4.496030414783462,0.07335800708127918,0.6258635404126288
eat_all,12,71402ffd-55bc-4fb1-a3e8-d08b8f2fa780,XC643933-24_10_39_actitis_glareola_totanus.flac,Xeno-canto,Aves,True,5.155805005152578,-0.30554321045320887,0.4954099029900056
eat_all,12,cd8055b7-c454-409a-b847-53fca842a0ed,XC629513-MIXPRE-4304.flac,Xeno-canto,Aves,True,4.641830705983816,-0.6051378972821505,0.3997249705863086
eat_all,12,713a478b-1866-4ec0-9a2a-838d12805843,XC445196-Slaty%20Finch.flac,Xeno-canto,Aves,True,4.09775156326346,-0.4967289459404785,0.4866804672949891
eat_all,12,90809c3f-33d3-4579-80c6-698a8313ef17,70014002.flac,Watkins,Mammalia,True,3.3270369329665455,-0.4897742330827271,0.13761045505605124
eat_all,12,fda78aee-aa4a-4375-be28-331f005d0297,bass_synthetic_096-033-100.wav,NatureLM,,False,3.0177663721531776,-0.1290278045917161,-0.3062046407456009
eat_all,12,e9bef080-ea2f-4a83-a7f9-6c36320a7b9a,XC439825-BECARD_Ros-thr_c_exc%20Uvalama%20400m%20051018%200619.flac,Xeno-canto,Aves,True,4.316752031148773,-0.21793794560785767,0.5063755400912424
eat_all,12,028bccfe-4580-40cf-9127-7b283908caf5,XC485317-PICCAN%20kaes%20jvk190707.flac,Xeno-canto,Aves,True,4.465418699936551,0.027371458867012977,0.30501407634175337
eat_all,12,86ca1665-8ebc-441f-87c0-121b189c432a,XC515437-Mirafra_apiata_nom-FL%20song%2035km%20from%20Skittykloof%2022Oct19%207%2C50am%20LS114806b.flac,Xeno-canto,Aves,True,5.058016858452854,-0.5351003272155738,0.49097794797796457
eat_all,12,d4f3df4e-8485-4e95-95ff-f21f6382abfb,XC397510-Fork-tailed%20Drongo%20exc%20SPCA%20dam.flac,Xeno-canto,Aves,True,4.495623967688767,-0.5555861610929886,0.46370032464408967
eat_all,12,df8cbea6-9ca8-4947-a792-330de6f059e1,XC673485-gul%C3%A4rla%20lock%20ossora%202.flac,Xeno-canto,Aves,True,4.8105844156797355,-0.07997471268017911,0.5244416807036238
eat_all,12,e9a8ef71-3906-45ac-965e-ccbb132caa6f,641050.flac,iNaturalist,Aves,True,4.475938507900614,-0.3927796981403077,0.061723557997488854
eat_all,12,7169c1ff-a981-44f1-af84-f41da149eee2,SSW_165_20170603_010000Z.001_003.wav,NatureLM,,False,4.892145631254138,-1.2151764587407983,0.23949754537394313
eat_all,12,a70ec7f2-0aef-4022-b54b-81c81b40d45e,XC591365-Bar-tailed%20godwit%201226.flac,Xeno-canto,Aves,True,3.94423434486559,-0.4380342517996168,0.4273002865336541
eat_all,12,3c4ce7f6-faf7-4b3c-972d-18a04464be58,XC650670-Cape%20Batis.flac,Xeno-canto,Aves,True,4.852382920442663,-0.37412799618285497,0.5427131498695963
eat_all,12,da51ccbe-bd84-450c-8e48-a2406a977b60,XC632257-Black-capped%20Pygmy%20Tyrant%20March%2020%202021%20105617%20AM.flac,Xeno-canto,Aves,True,4.637608920897563,-0.6210496794580613,0.4957555833059709
eat_all,12,21078a26-1dd8-4efa-8db3-29e257096438,463843.flac,iNaturalist,Aves,True,3.491519177357878,-0.018300980259148475,0.34705090456885185
eat_all,12,381969a4-254e-46e8-a473-a7aee66653b1,7538_100043_000013_0000012.wav,NatureLM,,False,3.9289927333001478,0.1441811115518974,-0.22113183207369955
eat_all,12,a3ba416d-9a75-4d39-88bd-7e1841238f47,XC634670-ichtyaetus_melanocephalus_2021_03_31.flac,Xeno-canto,Aves,True,3.5219270786153536,-0.49838575235042026,0.4365661964339918
eat_all,12,aad98f44-759a-4a72-9b30-5bf077bef385,Sylvia_communis_Co0060_13_short.flac,Animal Sound Archive,Aves,True,4.231047508092409,-0.16671411388687155,0.3753029043530299
eat_all,12,9de11c86-89eb-4273-956a-0030a840595c,XC415766-Sendelingsfontein%2017.5.2018.flac,Xeno-canto,Aves,True,3.8453895245636964,-0.414018416440731,0.596040177335478
eat_all,12,c0bb22b8-5fe8-4c8b-a13c-f6761abd1665,YLF-070rGEbQ.flac,WavCaps,,False,4.278256441965164,-0.4601901814723579,0.13251938130488994
eat_all,12,4b17f9cf-5f1c-4881-a0de-b73706f1c147,97782006.flac,Watkins,Mammalia,True,3.065780476048947,-0.08168200144786072,0.359459883747427
eat_all,12,8ce5a3bf-5f04-4fc1-86ed-0d193b5d8026,SSW_130_20170506_150010Z.024_010.wav,NatureLM,,False,4.4655408103733425,-0.6982963931484576,0.2464669725852115
eat_all,12,8bf6f976-3ca2-4256-91a9-2e6fec138445,XC236669-093%20Barbet%20-%20Lineated%20%28Megalaima%20lineata%29%20Call%20500m%20ThungYaiNaresuanTH_GI_LS111373.flac,Xeno-canto,Aves,True,5.124970320231787,-0.35558275299250197,0.34564721536673215
eat_all,12,4318866f-89c4-4372-8191-4d541f63fc59,7100201K.flac,Watkins,Mammalia,True,3.6637652852383202,-0.5279959381375754,0.3262238573163089
eat_all,12,bf8acb2d-b958-4ffb-9feb-9e89583ac4a7,YoZapEQbSCfw.wav,NatureLM,,False,4.395341558302809,-0.3914652974022743,0.29181505770864785
eat_all,12,e77d1512-ba25-429d-a114-8e6874fa2b9f,XC417541-MoluccanScopsOwl_Buru_082117_song.flac,Xeno-canto,Aves,True,4.309496472887121,-0.24240386945549908,0.4213798696803676
eat_all,12,3eebc371-e43d-4382-9075-2c24d5298cb0,SSW_283_20170826_170022Z.047_008.wav,NatureLM,,False,4.904616665988924,-0.5997960030927377,0.21674552675555853
eat_all,12,155b572c-d1b0-4670-83d1-0e0cdaedb625,SSW_020_20170304_070004Z.030_000.wav,NatureLM,,False,4.4577360017948395,-0.7125657288773757,0.3177225106502148
eat_all,12,eef42577-4f66-40f6-9836-b064082e6cb7,262702.flac,iNaturalist,Aves,True,3.653952399258498,-0.3687940687975111,0.4353263478738859
eat_all,12,eddd07e8-cb3b-4cfc-8cc6-ac958a5a05e9,75012037.flac,Watkins,Mammalia,True,2.5117672911497673,0.037404156463487215,0.5983327825432425
eat_all,12,75b55dac-a75f-48b5-870d-8512b9dcc57d,XC283924-Elegant%20Tern%20pair%20flying%20to%20colony%20-CA%2C%20Bolsa%20Chica%2C%20Orange%20Co%2C%20April%2009%2C%202015%2C%200925%20AM.flac,Xeno-canto,Aves,True,4.716223873142049,-0.2947587640818986,0.4397222347084543
eat_all,12,afa092bb-f85d-4a09-9d0e-d1812b9a0227,brass_acoustic_027-065-100.wav,NatureLM,,False,3.7208240792722105,-0.04434939552506845,-0.48902216991388714
eat_all,12,d2553af2-6bda-42e6-bcad-633058a3ce05,SSW_250_20170722_130012Z.053_007.wav,NatureLM,,False,4.248351558884549,-0.8306211214410733,0.22175047497367567
eat_all,12,319b430c-7b69-4254-9274-2c98e945fd78,ICLISTENHF1251_20140504T143153.842Z_040.wav,NatureLM,,False,3.8809111455731955,-0.37013383403752315,0.3569165537688476
eat_all,12,5b4f149e-7b9e-4e4d-b458-6af0f67f8787,XC715729-R00244.flac,Xeno-canto,Aves,True,3.67775103718617,-0.3751356644470182,0.469474856887291
eat_all,12,5fd45605-956f-4816-9712-12f8873090ec,XC337919-SCR-OWL_Whisker_c_bark%20delayed%20RPB%20Mesa%20de%20Arturo%202100m%20081313%200516.flac,Xeno-canto,Aves,True,5.198627441137333,-0.23464591168551094,0.43555611787056125
eat_all,12,a462f272-cffc-4dda-8dd4-055c5d4c89f1,YfEYaxZoQ188.flac,WavCaps,,False,4.577005505855932,-0.3556173283993209,0.12729552498555158
eat_all,12,12eb602b-9d55-478e-a006-9818b078a942,9320100X.flac,Watkins,Mammalia,True,3.9457205814184046,-0.7322819103044425,0.11145839451871892
eat_all,12,77fe7099-9ac9-43e8-97a9-05680b0e60d9,109318.flac,WavCaps,,False,4.558593192898208,-0.6947429305408179,0.38372122307046996
eat_all,12,0831e3b7-8ca8-4d6a-a12a-b1e18ea91aa0,SSW_226_20170701_190013Z.055_005.wav,NatureLM,,False,4.511017015111449,-0.5255209468023067,0.2935538574648322
eat_all,12,477f40d1-81d0-4c61-b971-9cbec7552c96,keyboard_acoustic_012-023-100.wav,NatureLM,,False,3.1704854031811687,-0.5658958238065721,-0.21740358614264216
eat_all,12,bf728c91-628d-4477-98ec-1006028bbb0b,274751.flac,WavCaps,,False,3.4947595214656184,-0.4181809460474329,-0.08340625213517233
eat_all,12,62f564be-3619-4132-9d2c-96f342e9e87a,XC741987-Celeus%20galeatus%20-%20Marcos%20E.Sosa.flac,Xeno-canto,Aves,True,4.357643567761334,-0.36542041351338006,0.5626564474793245
eat_all,12,9576bf10-17fe-4d70-b256-cb074b749282,7816_108621_000010_0000001.wav,NatureLM,,False,4.141664075638151,-0.3332743935790765,-0.12290416972021506
eat_all,12,93571316-2734-4fa3-986b-cbb488cf432a,6104800B.flac,Watkins,Mammalia,True,3.8431997667631217,-0.5252179024832745,0.184328258693355
eat_all,12,0d5308bb-c6ad-465e-8e4e-829442671d9c,XC741655-220716%20MP-1714%20id%20goe%CC%81land%20marin.flac,Xeno-canto,Aves,True,3.8845143134178644,-0.20706197334525395,0.4350391630734931
eat_all,12,4a918152-129b-4574-95e4-3553c34c17b9,ICLISTENHF1251_20140702T124216.470Z_047.wav,NatureLM,,False,4.192074139367889,-0.6246497413516923,0.07284492053384378
eat_all,12,c1242de1-a32c-448b-9cf5-a7f682aba8a5,XC227936-Strickland%27s%20Woodpecker%20B%204592.flac,Xeno-canto,Aves,True,4.802429356009228,-1.0251649574605888,0.3421890873044291
eat_all,12,1653e321-adca-400b-81f7-1544730fd523,SSW_117_20170429_210015Z.022_001.wav,NatureLM,,False,4.137898760589909,-0.37278591797535954,0.29046617768528266
eat_all,12,e426f293-f8e3-49bd-82e4-11828c92724e,SSW_149_20170513_140018Z.008_000.wav,NatureLM,,False,4.654888499654709,-0.41967661984746957,0.2581251709105341
eat_all,12,5e043ed6-a2e1-420e-bc9b-d03e5e38c8a6,XC599992-201017_001_170907_GroeneSpecht.flac,Xeno-canto,Aves,True,4.6909362051912,-0.4765656381591592,0.43038946047203247
eat_all,12,1abc296c-d293-4b87-baf9-4cf214190f7f,67274.flac,NatureLM,,False,4.761368526186115,-0.19012546506855527,0.377332768381738
eat_all,12,629f1648-8d29-4e5a-940e-79eb0703f101,617913.flac,iNaturalist,Mammalia,True,4.54957633036944,-0.8160171212417069,0.24622923995998824
eat_all,12,a42a387d-a5a3-4da9-b54e-a66f79a87c6a,XC369601-LS105127%20Barred%20Q%20Buttonquail%20purring%20D.flac,Xeno-canto,Aves,True,4.637103806223146,-0.8653701803843117,0.24509268591276484
eat_all,12,0500e6e6-c609-4841-9c96-a7b888f4a2b9,XC228431-Black-bellied%20Plover%20B%201499.flac,Xeno-canto,Aves,True,3.734798982297845,-0.19779484147865237,0.5738592905723463
eat_all,12,e3d7c395-3114-4beb-a72b-3844a02b34fa,Blythipicus_pyrrhotis_Vietnam-84.1a-FRL_VN_15_587.5-619.6_1_C.flac,Xeno-canto,Aves,True,4.262414546505198,-0.1834922797609194,0.6107013746591273
eat_all,12,921825f0-e47e-4fdf-8530-bd859edf9048,mallet_acoustic_039-054-075.wav,NatureLM,,False,3.9248995477510524,-0.38628423596473443,-0.374259690990723
eat_all,12,6af21c82-c800-406a-b5f3-e238b98b893e,XC562717-sterne%20indeterminee.flac,Xeno-canto,Aves,True,4.235545931377731,-0.29363841611130403,0.4983106352975204
eat_all,12,27d118a4-5eea-4c8b-b3c5-8104d1340887,7698.flac,WavCaps,,False,4.646223435328446,-0.7467829485561498,0.2803134817904148
eat_all,12,c6d24760-4fc9-43bc-bbcc-a9affa8766aa,XC117271-43%20Audio%20Track.flac,Xeno-canto,Aves,True,4.80822117713036,-0.8249035838224685,0.3853999252607261
eat_all,12,83465c78-281b-4f56-9a33-ace4ce79838c,97752009.flac,Watkins,Mammalia,True,3.2527827200246673,-0.5210762406436935,0.20697173758103182
eat_all,12,3c49a6c6-1592-4ba1-92be-9454d4591275,XC356856-170219_0044%20Vouille%CC%81%20P110%20Pic%20e%CC%81peichette.flac,Xeno-canto,Aves,True,4.358684185084276,-0.18915355939880665,0.46749270027709616
eat_all,12,9394eb24-a004-41e0-911f-d8e343a5ade4,XC715229-GALGAL%2012042022%200219%20vbo%20nfc.flac,Xeno-canto,Aves,True,4.046027938003508,-0.10479222460975873,0.4990764495946135
eat_all,12,0f9fc4b0-9460-4f57-b0f2-53caea61f5bd,SSW_233_20170708_040004Z.044_001.wav,NatureLM,,False,3.554552036201074,-0.3482558081260486,0.18142059666693844
eat_all,12,cbd0718e-9b3e-48a0-a9c1-7f981d150926,XC497272-Witgat%20190826%20Kalmthoutse%20heide.flac,Xeno-canto,Aves,True,4.61208232067505,-0.28044770529074703,0.5169042461635878
eat_all,12,58d7483b-26c6-4ba7-8443-8bb7da8a48b6,58014023.flac,Watkins,Mammalia,True,2.675442560713615,-0.18895500805060572,0.4665613107234998
eat_all,12,db9da019-9831-4c00-be40-d3e15f86432a,p374_116_mic23.wav,NatureLM,,False,4.787472429751733,-0.12330598564555344,-0.1606282616634628
eat_all,12,785cba80-d777-4697-8b08-e92f2e65b547,p244_347_mic22.wav,NatureLM,,False,3.990463885379222,-0.38918638375220554,-0.07303160915443346
eat_all,12,bfb4c658-60fe-4494-b8dd-27be5468a25f,75004003.flac,Watkins,Mammalia,True,3.2433674339082437,-0.23332629825863235,0.4658340730789434
eat_all,12,4d18ffdc-8f86-44d2-9145-cfb45a8b7f93,XC379190-turnix%20silvatica%2010%20gualid%C3%ADa%2021-06-2017.flac,Xeno-canto,Aves,True,3.641149343317891,-0.0076035460222437234,0.5645128631179216
eat_all,12,684f4525-8c49-4e74-8ba0-53dccbcbe153,XC630078-Athene_noctua_Steinkauz_Donnersberg_2021_03_18_4_04.flac,Xeno-canto,Aves,True,5.014884482692549,-0.6884598455809902,0.4644466222243637
eat_all,12,2d5ee0b3-1aa4-426d-bfb4-e10da5f17f85,9778000S.flac,Watkins,Mammalia,True,2.310776258639539,-0.3144935409812112,0.1102469886252774
eat_all,12,141ddf0c-5686-4baa-9359-e48611646de3,268465.flac,iNaturalist,Mammalia,True,4.631069982488491,-0.29990184623208627,0.4130978228815167
eat_all,12,9c17d34a-35fc-4429-8063-a3e45ffc103e,9420104R.flac,Watkins,Mammalia,True,3.2094112105272696,-0.2318274929101565,0.3231051082810782
eat_all,12,c86c34cd-175d-4dcd-999c-d580d43a479c,XC414721-guifettes%20moustac%20cris%20de%20vol%20PAS.flac,Xeno-canto,Aves,True,4.225467612290396,-0.5462024334341803,0.4434149349932484
eat_all,12,7f96d0b2-790e-4b55-b0a3-54c556f61382,8600801I.flac,Watkins,Mammalia,True,4.813742084379503,-0.482331546580293,0.37106298825651135
eat_all,12,de27cb8b-2eca-49bc-b151-bd77866e897a,153735.flac,WavCaps,,False,3.3421478387626755,-0.3655393392539116,-0.06085340320304633
eat_all,12,5a34dcd9-4044-4ad2-bb0f-44872d20e07e,478943.flac,iNaturalist,Mammalia,True,4.329786144978467,-0.43931134968831054,0.5331597158627308
eat_all,12,78062cd0-82e5-4d3f-8cd2-264d9cf7f181,8501206Q.flac,Watkins,Mammalia,True,3.997849110044755,-0.8911789421324727,0.36559506138556486
eat_all,12,d8246da7-58b5-4a99-b764-a4db005ad579,XC408965-Melanerpes_uropygialis_nom-FL%20song%20BuenosAires%20State%20Park%2017Jan18%2011.02pm%20LS111416a.flac,Xeno-canto,Aves,True,4.336445176507484,-0.2751547233494542,0.6250036790077131
eat_all,12,57b43305-03ba-4a46-9bf2-d67b0b5f6dde,bass_electronic_032-061-100.wav,NatureLM,,False,4.9413267021321285,-0.47990463135731304,-0.03218757874379902
eat_all,12,94fb7db3-8293-4876-9b7b-d35b1a0246fd,XC492697-Phodilus_badius_nom-FL%20song%20Kinabatangan%20FDC%2014Mar19%208pm%20LS116849b.flac,Xeno-canto,Aves,True,4.54640128620848,-0.24602577016617877,0.45332095773004516
eat_all,12,a25d96e7-6053-4ac1-bda6-4190e11f087a,mallet_acoustic_019-063-127.wav,NatureLM,,False,4.07520290956959,-0.5515673301697318,-0.384738333001089
eat_all,12,f6008180-d616-41ac-a027-37f6e6e463e2,361236.flac,iNaturalist,Aves,True,4.764703771470639,-0.5637567000871585,0.37080397171809243
eat_all,12,748178b4-01ef-4f66-9fd2-51a426ba901d,keyboard_electronic_000-069-050.wav,NatureLM,,False,3.974748906303527,-0.46334501037244874,-0.38583138822891994
eat_all,12,9a32177b-8e87-48ae-9b9f-3773d602a304,XC528564-Golden%20Plovers%20Driel%20180306%200030u.flac,Xeno-canto,Aves,True,4.040000159903831,-0.5505088176282077,0.49635771630036013
eat_all,12,83519e91-d36c-450c-a1ef-81fb0d84be7a,97767008.flac,Watkins,Mammalia,True,3.2052679871412564,-0.3589130067301932,0.44774312050657755
eat_all,12,5bcc80dc-e86e-4931-b089-c181346c44b8,Y9FDzG0xNp5s.flac,WavCaps,,False,4.08019591063666,-0.743147277957833,0.4809238353229172
eat_all,12,9f18bd27-3650-43fa-98c3-c18210e4a12f,XC420224-DR0000_0678.flac,Xeno-canto,Aves,True,3.5812759011962587,-0.4385516195415612,0.515838124689642
eat_all,12,19ee1106-5724-4111-afb2-996b9ca09d31,reed_acoustic_026-040-100.wav,NatureLM,,False,3.1577037490778324,-0.047589134194727656,-0.22926913766174428
eat_all,12,e6693075-1275-4d11-8263-d18408ee3126,XC687103-Ringed%20Plover%20%2B%20Dunlin_NFC_Lissagriffin_280721.flac,Xeno-canto,Aves,True,4.668080016839499,-0.547312030359642,0.40505706493365257
eat_all,12,83085c9d-042d-4528-b00a-d1babe11d3eb,XC269439-Red-cockaded%20Woodpecker%20part%20of%202%2C%20at%20least%203%20with%20many%20short%20flights%20-NC%2C%20Croatan%20NF%2C%20July%2008%2C%202015%2C%201144%20AM.flac,Xeno-canto,Aves,True,3.6505321215204543,-0.46876204880858885,0.38699672238934274
eat_all,12,bf449bc6-4274-497e-bf2e-69d7e1eb6ade,352813.flac,WavCaps,,False,4.196384692577537,-0.6450979195322428,0.39605667240840786
eat_all,12,11a02b0f-18bc-490b-ac70-3497b873e273,egg beater.wav,NatureLM,,False,5.238389086280225,-0.3150279937730042,0.37100655389058756
eat_all,12,2978c4d5-2820-4b09-810c-348fc5354dbc,140487.flac,iNaturalist,Mammalia,True,4.795258552186855,-0.6975911443080872,0.418025615497722
eat_all,12,63a007cc-9ee9-49c3-be39-f4fa346b9776,SSW_225_20170701_180012Z.052_000.wav,NatureLM,,False,4.635563941639348,-0.4396901779992759,0.33743808738059705
eat_all,12,c05844c0-56fc-48b3-af88-dcb87832b238,organ_electronic_072-046-075.wav,NatureLM,,False,4.019241537347083,-0.8631345163151883,0.15437484818192687
eat_all,12,f29f24f0-c2c8-4ec0-b4e2-e834b051d04a,p229_032_mic22.wav,NatureLM,,False,2.8776576079708915,0.2192791233507832,-0.015098735504529143
eat_all,12,96bb6b75-cd6e-4f93-9c2b-d97b4102b502,1446_122614_000023_0000013.wav,NatureLM,,False,3.339360436042346,-0.10598206525626697,-0.026911560380607394
eat_all,12,4470e334-bdca-4b4e-b9c3-e17519750162,563983.flac,iNaturalist,Aves,True,4.321236421464946,-0.6149401761920176,0.4675053540739812
eat_all,12,90da3b75-89d2-4c7c-8fe9-94c7f155d289,561526.flac,iNaturalist,Mammalia,True,4.169511171261716,-0.5105789002138211,0.5088556894152643
eat_all,12,94bd8912-1b44-4a77-9970-93316905bd53,ICLISTENHF1251_20140901T070408.359Z_006.wav,NatureLM,,False,4.189125400516362,-0.46256417050424964,0.15866638608613143
eat_all,12,1da14036-d891-482d-bd7e-c83e408076b3,XC669519-S4A10550_20200621_010003-3.50_Aflamm-kontakt-d%C5%82ugo.flac,Xeno-canto,Aves,True,4.412234637094911,-0.07770911740040096,0.4477730480551296
eat_all,12,be261345-80b0-47bd-adce-81706f310468,9220100L.flac,Watkins,Mammalia,True,3.060325434023056,-0.043480681784354575,0.35013401732094823
eat_all,12,d7523e0c-0a81-4f4f-94e9-07fad85ff747,XC402122-barge%20a%20queue%20noir%20vol%202.flac,Xeno-canto,Aves,True,4.481655571417521,-0.046562597624806884,0.5492266135208039
eat_all,12,61f8d469-5b3b-4379-8200-cb3faf7486a7,7511_102419_000027_0000014.wav,NatureLM,,False,4.567585979351976,-0.5954660891641527,-0.16716629437668432
eat_all,12,d759aa3d-4cc8-4805-8026-353637682ddf,SSW_140_20170513_040005Z.018_008.wav,NatureLM,,False,3.4900977535993523,-0.5372440672557,0.10456840079241844
eat_all,12,6d54177d-1e3a-437d-b849-16d9f9f91cc3,XC520965-x_IAvH-CSA-3478.flac,Xeno-canto,Aves,True,4.543934154149721,-0.22529021995423967,0.5216043131202617
eat_all,12,d1e9b24b-6be9-45cf-87f3-3235f2c09b97,7100801A.flac,Watkins,Mammalia,True,3.250800271134831,-0.35949442246500707,0.6709600862852829
eat_all,12,fc2c06e6-db24-4104-a74f-0cc1006cfb3d,XC742206-ZOOM0005andagra.flac,Xeno-canto,Aves,True,4.718697584121527,-0.33077955328917596,0.39456698968177284
eat_all,12,494ab59a-9fd8-459e-ba68-b37a832bf186,SSW_086_20170408_130009Z.023_007.wav,NatureLM,,False,5.016433283415494,-0.8234475570862451,0.23373007596134798
eat_all,12,7d28b679-1e2a-426b-83a0-2a25b2508955,586908.flac,iNaturalist,Aves,True,4.368644345462718,-0.4171255642185724,0.44005042544177514
eat_all,12,4c08314d-87c1-4564-9356-f02a0950ae9c,XC372236-Dendrmajor-al_poland_psz_8.30_170526-3476.flac,Xeno-canto,Aves,True,4.065856651803832,-0.22048182091730215,0.6333561690754399
eat_all,12,aeebffdb-f337-49f7-a052-3a3452f19f8c,keyboard_electronic_026-097-100.wav,NatureLM,,False,3.817272680364832,-0.9043506182497494,-0.20405435930241572
eat_all,12,26b06d2b-0e88-455e-9dcc-9e60f7295ad5,126883.flac,iNaturalist,Mammalia,True,3.744151214767564,-0.1935051844321572,0.48431395434099106
eat_all,12,be26c277-712a-4928-b62a-f1ad152919b0,8501206M.flac,Watkins,Mammalia,True,3.5743407833644283,-0.6746924916873375,0.4519840358611487
eat_all,12,db664b46-da75-438e-8757-cc5961fb808c,brass_acoustic_060-063-127.wav,NatureLM,,False,4.561877195627647,-0.7734160409922515,-0.6041489987064542
eat_all,12,32da0b8d-04c1-4f16-8548-7880df24c0c4,XC406595-slagugglaZOOM0032a.flac,Xeno-canto,Aves,True,4.166934213088491,-0.8896008748554682,0.35870102465626474
eat_all,12,0c0f5899-652b-4a56-9a5d-0c44e8b6b9f6,5800200C.flac,Watkins,Mammalia,True,3.9612563222462205,-0.5870121339149507,0.20308238659181554
eat_all,12,50643a1b-33dd-4672-95d9-5dbfd7f55b23,XC675261-210827_3459_1.flac,Xeno-canto,Aves,True,4.112619572513851,-0.23661737834205804,0.5683783733098953
eat_all,12,7a1b65bd-2d5d-4db2-8f2a-bf66b7d9b1dd,bass_synthetic_126-088-050.wav,NatureLM,,False,4.990318912574915,-0.6696883854874904,-0.03219041846659049
eat_all,12,e3535cd4-4861-4d41-b5c9-6883957c4d3a,mallet_acoustic_020-086-050.wav,NatureLM,,False,3.368677413257682,-0.17161612226776105,-0.3685239503711973
eat_all,12,9874db31-1872-4cba-9942-620e986576ed,625811.flac,WavCaps,,False,2.5143401454058876,0.002950283543654786,-0.10137747410870103
eat_all,12,59d0d159-65ab-4861-b319-3f9aed817b26,XC737110-Roseate%20Tern_Flight%20Call_Ring%20Marsh_200622_A%2B_2.flac,Xeno-canto,Aves,True,4.9554098637363015,-0.5283276224930716,0.4373391433536253
eat_all,12,ff6b23d4-3697-4b97-9746-ef7bafec7240,ICLISTENHF1251_20141201T104339.106Z_025.wav,NatureLM,,False,4.951795220297776,-0.869350307735875,-0.013166342256614616
eat_all,12,9b3cd055-7335-45ef-a2b5-970830b02ddf,XC734496-mystery%20Kelso%2025.6.22.flac,Xeno-canto,Aves,True,4.456549200606305,-0.3132179895767583,0.5048306002236094
eat_all,12,9e043e2b-5a0b-4ee4-8ac6-ae02279341a4,299595.flac,iNaturalist,Mammalia,True,4.390037716365974,-0.5119341820440928,0.32959605286881516
eat_all,12,d5685e70-e38b-464f-8182-4afcae776191,XC338230-recurvirostra%20avosetta%209%20salinas%20de%20bonanza%2007-08-2016.flac,Xeno-canto,Aves,True,4.377129392476018,-0.3253261111088651,0.5632897765532158
eat_all,12,725e77e2-7cdd-4f09-81d3-0a1544387878,113080.flac,iNaturalist,Aves,True,4.184339258439578,-0.6514699578947002,0.5028440649718748
eat_all,12,96a47dc8-1bdc-4246-a0fc-ba9fb3233336,83035019.flac,Watkins,Mammalia,True,2.8119299521261025,-0.001958643090346407,0.41655254139621267
eat_all,12,e4c67f17-4b18-449f-a2e0-2f41684cfd19,8300603L.flac,Watkins,Mammalia,True,3.3309196057629658,-0.14676926953100972,0.3942982818418582
eat_all,12,a0bb22d9-9e2e-4b38-b944-3c7fae0f61d4,XC303235-Voice00240%20mochuelo%20macho%20puebla.flac,Xeno-canto,Aves,True,5.048660548527793,-0.16112772092292227,0.4531536680366599
eat_all,12,89aa8462-5b88-46c2-80cc-67ecdd15f6d1,689949.flac,iNaturalist,Aves,True,3.3140761738828934,-0.03978962623823332,0.05842263184279883
eat_all,12,8a711d06-4747-4a99-bd49-891b9dae40aa,07046113.flac,WavCaps,,False,4.072412109571867,-0.2742525650196348,0.25497813570378386
eat_all,12,c5ca92f3-5479-4404-8061-f12788c4b934,XC478715-Sm%C3%A5spov_05.flac,Xeno-canto,Aves,True,4.100295931459287,-0.3285579568408104,0.4372392365373064
eat_all,12,6a7467f1-004a-4f99-8b28-7419334b398d,7202100C.flac,Watkins,Mammalia,True,3.4308747423340864,-0.6336376545550155,0.10763672599466628
eat_all,12,6a933a81-dba1-4c02-9725-b802866814d9,XC569792-Eastern%20Screech-owl%20alarm%20SISP%2012-26-19%200407.flac,Xeno-canto,Aves,True,3.66830599313924,-0.40935667643146934,0.5113283733360953
eat_all,12,8f3ff8f0-9d15-4c7e-bec7-e1b8d9338f96,73001002.flac,Watkins,Mammalia,True,3.6139429058913346,-0.09952692223173676,0.4409159667502781
eat_all,12,734c9e30-160b-45a1-8e19-0cdb8bea7327,reed_acoustic_015-086-100.wav,NatureLM,,False,2.7982909256746344,-0.1721629820150533,-0.30009078547048046
eat_all,12,516da4a0-75bb-427d-b12d-e4a97dce00f5,guitar_acoustic_028-056-025.wav,NatureLM,,False,5.384018655311506,-1.137127323091916,-0.11515671948852613
eat_all,12,ca215d65-5bff-4888-ab3a-290e85f4a0f3,XC247263-150516_0243-Vanellus%20vanellus.flac,Xeno-canto,Aves,True,5.112404542891707,0.17355994779022954,0.5183996430571433
eat_all,12,f7f98f31-0ac3-48ab-be64-82b68625685a,605171.flac,iNaturalist,Aves,True,4.83675205532179,-0.5225236561659895,0.3173978215302959
eat_all,12,9740dd80-2577-44da-b97e-7c34fe86126e,bass_synthetic_055-090-050.wav,NatureLM,,False,3.388320533519995,-0.4346944867034949,-0.2959377239356318
eat_all,12,1ef42007-a43b-4bdc-9c86-b90869b5f297,XC271854-LS_54311%20Guianan%20Toucanet%20call%20B.flac,Xeno-canto,Aves,True,4.253233459725086,-0.3478716226736336,0.4276076023341535
eat_all,12,932ed885-170c-45db-b2bd-9a1a5ffac222,559015.flac,iNaturalist,Mammalia,True,4.14062620917395,-0.37610950850114705,0.37413065206441276
eat_all,12,a39e86af-800c-48cb-a4c6-71a747614bd0,ICLISTENHF1251_20141103T235254.811Z_048.wav,NatureLM,,False,4.70005673494911,-0.6570968394572746,0.19071631508323328
eat_all,12,94c78f45-22b2-4473-89e1-fb03421a8f50,7501500A.flac,Watkins,Mammalia,True,3.3868120509946054,-0.29854026731066297,0.313759435336054
eat_all,12,4dad533b-5674-48cb-aa20-2b8c438d0556,XC376177-170618_40XC.flac,Xeno-canto,Aves,True,4.294144483059741,-0.5252521587570456,0.497152782241485
eat_all,12,70af7884-5f16-497f-b932-5351f51d0e2f,XC742753-Yellow-throated%20Toucan-swainsonii%2C%20song%2C%20El%20Valle%2C%20Colombia%2C%20180722%2C%201731.flac,Xeno-canto,Aves,True,4.008851066157682,-0.8132143373265156,0.3993844020538786
eat_all,12,ef7909ac-f653-4101-a5a8-6a91daf733c1,8700301I.flac,Watkins,Mammalia,True,3.223879847265904,-0.5412134779538227,0.3596977772482222
eat_all,12,59b72759-5956-4f4b-8556-c198f6a29b8a,300806.flac,iNaturalist,Mammalia,True,4.491561764010543,-0.8597017745280114,0.45557973462545803
eat_all,12,6725007e-7dd3-4060-a13f-56dd2a5b05a1,YNp5CqgFVwsA.wav,NatureLM,,False,4.721416757078012,-0.2256982389952679,0.23135696753774992
eat_all,12,ef47d120-f19f-4d56-96b1-253498ca6cdd,XC443050-20181110_100350%20Swallow-tailed%20Gull%20cackling%20and%20mewing.flac,Xeno-canto,Aves,True,4.515207280865317,-0.7151616881879121,0.4159776456385703
eat_all,12,c8285a59-5b11-41f2-aa25-25a0dd1b9381,XC461122-picus%20sharpei%204%20las%20ventillas%2016-03-2018.flac,Xeno-canto,Aves,True,4.582178443821238,-0.5627412660242042,0.4810795592528002
eat_all,12,4adde8a7-63e6-4948-ac84-031740678e8b,Y5cezddiPBAo.wav,NatureLM,,False,5.141154383604345,-0.09995385355926434,0.33509965270520714
eat_all,12,c9bc2fd4-9910-4d9e-919b-e4aa1a6b5b8d,XC486586-BrownBoobok_20190414_191934.flac,Xeno-canto,Aves,True,5.301687515651672,-0.7019042778543406,0.4128515780362157
eat_all,12,a8703d90-8b54-431e-8ebd-91a41cd556ba,244756.flac,iNaturalist,Aves,True,4.112727164357367,-0.30170712855393655,0.3801327239031791
eat_all,12,396e351d-3241-4c1c-9ba2-a981e6eac9e1,XC573910-Lapwing%2005.07.flac,Xeno-canto,Aves,True,2.7330807349157817,-0.13647672036969058,0.4930165357770756
eat_all,12,edc2bd4a-373c-44a7-a983-ae61dc069128,574372.flac,iNaturalist,Aves,True,4.437829098689808,-0.6234266933967145,0.40675753546448423
eat_all,12,2a97c7e7-df44-4213-be7d-b9b73d340fa7,XC560005-LS_55467%20Grote%20Bonte%20Specht%20adult%20near%20nest%20with%20juv%20call%20A.flac,Xeno-canto,Aves,True,4.213027538364271,-0.35562547750817886,0.42892551299410525
eat_all,12,a3bc944e-cd9a-4596-8366-83e16b2c59eb,Puma_concolor_V2010_12_short.flac,Animal Sound Archive,Mammalia,True,4.27464225636875,-0.333526768787192,0.4425526728317547
eat_all,12,a0bf19b1-8d9f-4dbb-9191-1a4a96b4d52e,XC499713-HUBRO_ungetiggN%C3%86R_2019-09-17.flac,Xeno-canto,Aves,True,5.0010648513544025,-0.02209244160637097,0.4455872094241109
eat_all,12,3e6b1f2c-5dca-4c77-8767-eb5394ec2c14,ICLISTENHF1251_20140802T044029.421Z_027.wav,NatureLM,,False,3.82178439587246,-0.42766368270162036,0.16790001585321135
eat_all,12,b3415337-ee79-4769-8735-280b4a54080b,XC336602-T13.flac,Xeno-canto,Aves,True,4.817613398498219,-0.6853213942169367,0.3035884319647185
eat_all,12,41a1dfe4-0973-4f09-988a-329ea7cb7cf5,578883.flac,iNaturalist,Aves,True,4.534810372484274,-0.6018705832844955,0.4113064021171367
eat_all,12,1e08a0f4-be9b-4c76-9c4f-4eac81dc1c40,506582.flac,iNaturalist,Mammalia,True,4.3800012521990555,-0.3384617278957841,0.29979679153917627
eat_all,12,8bdb041a-0e92-4871-a41e-c4ab81d1334f,58623.flac,iNaturalist,Aves,True,4.349457415811107,-0.7531784485469263,0.1772343668576935
eat_all,12,a8253011-aeba-4dc5-976d-747589d08931,p278_023_mic22.wav,NatureLM,,False,5.134333124467777,-0.5590762988400138,-0.1314725605519498
eat_all,12,e90e620c-c8be-4e70-b66c-995ab7318928,XC292285-Red-fronted%20Tinkerbird_Thika_11Nov2014_1120.flac,Xeno-canto,Aves,True,4.552542805810204,-0.5639700428337062,0.23112350726615855
eat_all,12,f1bd35c5-1251-4f81-823d-7ebc25b3b167,Neofelis_nebulosa_S0247_01_short.flac,Animal Sound Archive,Mammalia,True,4.3311302336850055,-0.034322234044475125,0.4394551309781002
eat_all,12,ab10bc86-469b-430b-b965-2871ca1ac7d0,YM1KvQp2NUq0.flac,WavCaps,,False,3.9615723593136107,-0.04275137244902155,0.37270803820864645
eat_all,12,2300faf5-a5a1-415a-9a63-5b3c676620d6,SSW_151_20170513_160021Z.019_007.wav,NatureLM,,False,4.1676824043969205,-0.7208682680282865,0.2550857832418251
eat_all,12,72b06892-65cb-4b0a-ac58-182a7a08259c,XC625445-210228_0178A%20sel%20Slaguggla.flac,Xeno-canto,Aves,True,4.534249942837528,-0.45117006121820724,0.49016366713627546
eat_all,12,e8bb0aa3-403a-4067-9710-7430f5cc5024,2654_158744_000004_0000071.wav,NatureLM,,False,3.2084666014066796,-0.11975258838427272,-0.1539411471135303
eat_all,12,4edef489-cb27-4c03-9cb3-c895bdf8cfcd,84426.flac,WavCaps,,False,4.015308278815439,-0.12429673597417873,0.5931229577038422
eat_all,12,1f74b3eb-d93b-47a4-91b9-3cff2792a6bc,324102.flac,iNaturalist,Mammalia,True,5.562148807890486,-0.34545673268174215,0.3369444146696592
eat_all,12,b6a69aa0-7c34-464e-b220-78787c6981ab,Y3BwlstxbnWc.wav,NatureLM,,False,4.071544648520927,-0.5067398361981276,0.2948078693838277
eat_all,12,e8d393ca-93d8-43e8-9dfe-19a7a1e203b5,64042004.flac,Watkins,Mammalia,True,4.68178908748624,-0.30108223585881366,0.23328524272349038
eat_all,12,738bfae7-7fd0-431b-b4a0-9e86c73e8600,XC626878-210116_03a.flac,Xeno-canto,Aves,True,4.037388041196695,-0.058501359594344465,0.5896721077622056
eat_all,12,e0907c86-fe9f-4355-90be-74d65f4f95c2,0300%20Wood%20Sandpiper.flac,Xeno-canto,Aves,True,3.8580988556578677,-0.25870319744033976,0.4996259652398995
eat_all,12,1a52c6b0-0b42-49cc-9129-0c5f72051ac5,2204_131732_000041_0000012.wav,NatureLM,,False,3.1653842375233805,0.02739584798998837,-0.04721021370946689
eat_all,12,f4f45305-472d-4860-a969-bf0ce7e2923e,ICLISTENHF1251_20141203T103122.076Z_054.wav,NatureLM,,False,3.9499029139601896,-0.5740900627643531,0.11843914596205224
eat_all,12,dd80e013-1b6f-46c8-8d4b-120f83f37c95,40co0316_2.397_408a010z_-2.397.wav,NatureLM,,False,4.995261162526223,-0.8108393434087755,0.09891337968721714
eat_all,12,c5494864-94f2-4e0a-9a6d-fbe9a0765227,490788.flac,WavCaps,,False,4.529336055461467,-0.5146639826149839,0.24987490581013516
eat_all,12,475c4e48-f1e4-4562-bb77-078594a12735,XC367549-170503-121118FISKEM%C3%85KE_tisnes.flac,Xeno-canto,Aves,True,4.672799174961965,-0.5432572948299045,0.4438457454954358
eat_all,12,b873f58a-c1c3-41ff-9908-197dc860aa37,XC568356-Fumarel%20cariblanco%20%2B%2B%2B%2C%2007_54%20%28online-audio-converter.com%29.flac,Xeno-canto,Aves,True,4.321500778673018,-0.18320029581292605,0.5530862003580481
eat_all,12,439d715d-769c-40bb-bd18-70bd9163ee8d,SSW_227_20170701_200015Z.025_010.wav,NatureLM,,False,3.6732263561619267,-0.3264381132909726,0.23257622635715147
eat_all,12,3fa4814e-b72d-44da-87da-de11832afcce,561065.flac,iNaturalist,Aves,True,4.626984582353744,-0.6367317372732765,0.40354438976657414
eat_all,12,83c6fcc6-1f27-45f4-8e0d-580dd30f9b15,628093.flac,iNaturalist,Aves,True,3.9510639568080768,-0.7937932048841305,0.30454804447570843
eat_all,12,ac074031-54b8-4aa5-8c82-58ed556de94c,116378.flac,iNaturalist,Mammalia,True,4.511668053896297,0.12007638118438468,0.5388112101522953
eat_all,12,c610ab73-a57b-429c-8430-cd1e7f0f4d6c,609353.flac,WavCaps,,False,4.173267666198685,-0.3286526906133618,0.002933117996942791
eat_all,12,ffff7c2e-3ca9-4628-8988-1beb9794bb1c,XC298091-160103_03.northern.saw.whet.owl.bronson.canyon.lance.benner.flac,Xeno-canto,Aves,True,4.445964193115094,-0.5277152546143353,0.3540137567316192
eat_all,12,76790e0b-a744-48d6-bc93-2757d8e14dba,keyboard_electronic_033-050-025.wav,NatureLM,,False,2.8077712031436715,-0.10925387426683553,-0.36034642230955516
eat_all,12,dc422392-cf30-433e-a7f8-2b025801a7f6,SSW_125_20170506_090007Z.056_007.wav,NatureLM,,False,4.7933386200889725,-0.7198980883364476,0.3003357166702351
eat_all,12,8907c5d9-aa7f-4a5c-bb11-5d6b184286ed,organ_electronic_034-054-127.wav,NatureLM,,False,3.76893414404843,-0.5151347502140344,-0.31797493534460686
eat_all,12,6d6f7493-cc30-4b28-8496-f5773be60572,78007027.flac,Watkins,Mammalia,True,3.551205508947697,-0.3610782506407198,0.2691956036213439
eat_all,12,eedcd6e1-5c27-4df2-8b40-a6abe0aaebf7,88006034.flac,Watkins,Mammalia,True,4.40971277104669,-0.1703506838230902,0.37096179342884367
eat_all,12,ee783ab4-be88-4dfe-a4d0-3aaac85badc5,ICLISTENHF1251_20141202T011144.851Z_027.wav,NatureLM,,False,4.056888107551121,-0.9099867658208105,0.07827511312100482
eat_all,12,c42c0d83-66dd-493d-8f2d-85ede83b773c,652549.flac,iNaturalist,Aves,True,3.9759683359734916,-0.5153806121891987,0.4773916339544141
eat_all,12,0d0efb49-ae03-4f2e-bc0f-c651d9ce9c6a,p244_082_mic24.wav,NatureLM,,False,4.179786573493805,0.014508111406846824,-0.09624174663780559
eat_all,12,7bca125f-ba28-4934-9681-fa5916444ee5,vocal_synthetic_005-076-050.wav,NatureLM,,False,4.310867714393287,-0.7736591395621119,-0.23924935348140788
eat_all,12,f487e3e6-8866-4682-a18f-360fde2c76ba,20120104_Sigiriya_Brown-headedBarbet.flac,Xeno-canto,Aves,True,4.921912092936967,-1.0121886851363688,0.44544766285404513
eat_all,12,220b8cb1-f1e1-45bf-9267-a9973d9fb438,guitar_synthetic_008-092-100.wav,NatureLM,,False,3.361048396929087,-0.17245348112240816,-0.49475959155051596
eat_all,12,a5640428-6061-4fc9-ba92-94c61d1963cd,330085.flac,iNaturalist,Mammalia,True,4.101953775537248,-0.40325880486561433,0.47685341992602437
eat_all,12,bb721e59-ee82-466f-91d9-19d3586fdfda,ICLISTENHF1251_20140702T183216.535Z_035.wav,NatureLM,,False,4.161346319104139,-0.34826533390994396,0.19066911775975826
eat_all,12,f777a4d8-a73a-4218-8eaa-f1c8b9602384,reed_acoustic_003-034-100.wav,NatureLM,,False,4.200519055292512,-0.552111234056862,-0.01086447300437643
eat_all,12,69600846-8055-4e54-a420-d418e1a08fed,6404100D.flac,Watkins,Mammalia,True,4.039304160799149,-0.44103873098092156,0.4315789198619651
eat_all,12,0a20ebc1-244f-4d2e-8db6-07937bf922aa,134717.flac,iNaturalist,Aves,True,4.651719430023989,-0.6593596724233741,0.29018410922955024
eat_all,12,06d39be0-bfce-4c0c-911b-e9c27ef76c76,ICLISTENHF1251_20140901T121408.411Z_018.wav,NatureLM,,False,3.9157054942608553,-0.5783272555350838,0.11006535232277909
eat_all,12,8bc5604b-86f2-4126-aafa-934bd8e56386,SSW_246_20170708_220025Z.018_007.wav,NatureLM,,False,3.2646403325341815,-0.5550180458014269,0.1661994718398829
eat_all,12,5c4635a9-bbcb-4055-964e-e1a680f94e50,ICLISTENHF1251_20140702T183216.535Z_054.wav,NatureLM,,False,4.417504268077666,-0.7178789259723004,0.08797847467351277
eat_all,12,2e99c343-a1d1-4b04-8889-41703e6fe3af,77008006.flac,Watkins,Mammalia,True,2.4126670389808114,-0.3275671470870053,0.08389656833411806
eat_all,12,0bbadb7e-f625-40f4-8bbf-e04821f8ebbc,XC290365-Ninox_%28jacquinoti%29_granti-FL%20X%20song%20Chupukama%20Ridge%2017Sept15%2010.26pm%201300m%20LS118255b.flac,Xeno-canto,Aves,True,4.599855515738042,-0.6185816747833572,0.3948957187015092
eat_all,12,a19b22fe-babd-46ad-a94b-fb5909db58e1,ICLISTENHF1251_20141004T035246.107Z_002.wav,NatureLM,,False,4.372702455417789,-0.44020742936229296,0.1061562793821978
eat_all,12,fb1edcf1-7536-479a-8b07-9014541bd40f,7100300W.flac,Watkins,Mammalia,True,2.6314137985572934,-0.13975431899268514,0.5642903331573352
eat_all,12,1a22ad44-2627-47b2-99f3-bb14e084abd1,37301.flac,WavCaps,,False,3.1299513691267573,-0.2642897017836918,-0.027610042792027972
eat_all,12,0c742eaa-2cd8-4877-86fe-82f3c03ad414,6696_73296_000017_0000003.wav,NatureLM,,False,4.276217905961011,0.1637741936855668,-0.09263235300022227
eat_all,12,c48cf5cc-3185-40aa-af67-ea5c8bf2e9d6,Celeus_spectabilis_T866.flac,Xeno-canto,Aves,True,4.656238632475514,-0.7223561914480185,0.46795534949454703
eat_all,12,f0b0d77a-d521-40eb-91d2-80f715bc274d,vocal_synthetic_006-090-075.wav,NatureLM,,False,3.5053572079020134,-0.48887344556071655,-0.3973197803453385
eat_all,12,5443139d-7439-4066-8928-850b443c93e9,Y6GmoFefjuHw.wav,NatureLM,,False,4.406450991648702,-0.24189412899123722,0.3014494826726787
eat_all,12,e5f13262-458c-4221-8024-8c951f461322,guitar_electronic_037-044-127.wav,NatureLM,,False,4.130328258163676,-0.8346963754977932,-0.3762002289240652
eat_all,12,d142e6cd-2898-4aeb-a8b0-f54714f1ff85,9420101W.flac,Watkins,Mammalia,True,2.940971341326585,-0.39462209344398025,0.3018823425176368
eat_all,12,aaf137ef-63fc-4a06-b0f8-b6e1649765a0,516115.flac,iNaturalist,Aves,True,5.3765954265999145,-0.814214311332871,0.24173725263434676
eat_all,12,b0a58bc9-8bde-4c3a-8a03-b77511bcfb67,4214_7146_000054_0000021.wav,NatureLM,,False,4.142677834068388,-0.13562370055881415,-0.26395469752841505
eat_all,12,8ac1fa03-b0d6-4306-8f40-c3a3b0a396fb,XC705126-Tern_White-winged_Black1_TLM3AK-1223_Karumba_3rdFeb22.flac,Xeno-canto,Aves,True,4.590958715216118,-0.5306709724247356,0.4762285905310562
eat_all,12,b195ba59-7a66-436b-b9d7-277d58b90f8f,6608400N.flac,Watkins,Mammalia,True,3.744387818413966,-0.35132435129358863,0.35903281107135526
eat_all,12,459165a9-930b-44f1-a137-2b1f7d84fb45,68003001.flac,Watkins,Mammalia,True,3.415455336609498,-0.584193942373845,0.5142179456625953
eat_all,12,8055e210-6c94-47f3-97f0-85f2a5156cdd,XC341643-CHRRID_160730_2167_LeCroisic.flac,Xeno-canto,Aves,True,4.224876467113398,-0.4417742305588973,0.48130887274668566
eat_all,12,eefd2629-a65e-49b3-909e-48ac47128256,224940.flac,iNaturalist,Mammalia,True,4.5721469375886254,-0.5220059963794781,0.3742664093695899
eat_all,12,4c0ae147-a5a6-43fa-809e-aa266696c517,XC568103-Lechuza%20com%C3%BAn%2C%2004_09.flac,Xeno-canto,Aves,True,3.9769597547664617,-0.15310964592887108,0.40197290967643223
eat_all,12,ba8f95cd-ce04-4060-b948-e0818a6e8999,bass_synthetic_008-055-127.wav,NatureLM,,False,3.9195515771966605,-0.3249295838741605,-0.0040473817121989
eat_all,12,f0a3a24c-c8ec-4819-9f20-acc0fe9092f0,XC201176-Glapas_Farges_20141102_edited.flac,Xeno-canto,Aves,True,4.923922648377662,-0.5840714000507481,0.4023341071792781
eat_all,12,74bd235b-aa72-4d69-8b8b-7cee91fc12d7,72007015.flac,Watkins,Mammalia,True,2.892441877868205,0.18143139905192826,0.6060793487173275
eat_all,12,40155dc2-d3c9-498f-b34d-7e0bd7a8b981,352350.flac,iNaturalist,Mammalia,True,4.195511495605796,-0.3221911659238444,0.3653056273779468
eat_all,12,59976ca1-3668-4a5d-a582-04dfa572d11a,894050E0.flac,Watkins,Mammalia,True,3.3445245363983527,-0.4591484819799525,0.2760803733635025
eat_all,12,632789f7-ea0d-4493-86b3-ddc6fe7de889,XC260279-himantopus%20himantopus%203%20corredor%20del%20guadaira%2007-03-2015.flac,Xeno-canto,Aves,True,4.319680370908733,-0.0796895612614866,0.5458022494029414
eat_all,12,56688b9f-09b2-41be-9708-f87b57fd7c3e,Panthera_tigris_S1423_03_short.flac,Animal Sound Archive,Mammalia,True,4.00483074658958,-0.2923202802268328,0.4865555075663297
eat_all,12,aa4a1377-c129-41d2-a6e3-1418dee8a958,SSW_114_20170429_180011Z.047_017.wav,NatureLM,,False,3.01402965297816,-0.5798714269597367,0.18451829369108097
eat_all,12,66313538-a232-41c3-a867-1a788714745c,XC478558-Gull-billed%20Tern%20adult%20and%20chicks%20flight%20june%203%201411.flac,Xeno-canto,Aves,True,4.580260296547875,-0.46735448400196866,0.2842891095951382
eat_all,12,d29c730a-30c4-4285-9c49-85b0ce36c05b,882_123267_000037_0000011.wav,NatureLM,,False,3.9976129729872554,0.02346376123839533,-0.08811948767416382
eat_all,12,811f1467-3a96-402f-91b7-9b20956669a7,5601700A.flac,Watkins,Mammalia,True,3.4292484762273223,-0.30520183738129375,0.19270708080680587
eat_all,12,8e43281c-412a-467c-a95b-c9889cb7cad0,394031.flac,iNaturalist,Aves,True,3.0907870196785012,-0.4132858648033839,0.2048222897868906
eat_all,12,7ca1f2b1-76b2-4493-9470-b763c1a6f099,guitar_electronic_014-050-075.wav,NatureLM,,False,3.795729808131661,-0.4890338127962264,-0.18153843464230454
eat_all,12,01d41c46-5f66-44c3-8fa8-16f7f0b691c5,5600600B.flac,Watkins,Mammalia,True,3.412578152400086,-0.05908388450737387,0.5370302932160644
eat_all,12,03bccf19-679f-4b04-b17b-23f9b46e0862,621681.flac,iNaturalist,Aves,True,4.576591015283657,-0.5019575790862314,0.4162759506176639
eat_all,12,e19ef301-d176-4954-9fc6-17a341852a27,XC548845-OCB_409914_D9_20190519_074500_HUGO.flac,Xeno-canto,Aves,True,4.5174168558149095,-0.23522497713593812,0.512999212889934
eat_all,12,cc585b0f-2f72-42ab-8d73-f0e3a4c233e5,9400901S.flac,Watkins,Mammalia,True,3.376820846697255,-0.6946676270907337,0.5533802439485044
eat_all,12,6b95a6c1-5c50-4060-938d-0d24bbc7f9bf,p288_356_mic12.wav,NatureLM,,False,4.748260130204101,-0.22543800615206724,0.04491840175633466
eat_all,12,6435cfdd-d051-46cc-8ce7-b66af67db8ca,XC688560-200402_1638-19.05_Afu-god-Nikn.flac,Xeno-canto,Aves,True,4.97849299140397,-0.49806773099466817,0.302896813022785
eat_all,12,f466d0cb-9598-4122-86c6-97f876e8ec94,444c020l_0.75853_22go010b_-0.75853.wav,NatureLM,,False,3.8706299468114214,-0.6000462464707605,0.3573820561918664
eat_all,12,f0210edb-302b-4538-b9c5-39be5c0c1c9e,Yzat8mWJSJjo.flac,WavCaps,,False,4.248054308971799,-0.49704980231982926,0.2929234270450813
eat_all,12,b0dc3b3a-53ea-40dc-9f22-c657e4eb4629,SSW_021_20170304_110008Z.045_009.wav,NatureLM,,False,4.082485174132881,-0.30769260452291614,0.3631998206326398
eat_all,12,29bbc1a7-a86c-4e1b-92b0-409d0f220895,209a010i_0.056719_40gc020o_-0.056719.wav,NatureLM,,False,3.670386206542328,-0.3440686720163868,0.3336106596921236
eat_all,12,6728d88a-5871-4171-a98a-0bfe4dab821d,brass_acoustic_001-037-100.wav,NatureLM,,False,4.726874103670985,-0.5290236811378465,-0.11814074268639324
eat_all,12,a8bc19d5-57d6-42d9-95ff-9335d32c0b68,bass_synthetic_106-087-127.wav,NatureLM,,False,2.054966390498127,-0.25952192763642956,-0.15379670764365194
eat_all,12,fd449aca-8556-4fe0-9f5d-a9071978e31d,9775100D.flac,Watkins,Mammalia,True,3.1496670134275466,-0.40877076764230125,0.43790428650102503
eat_all,12,e98e44c2-0f57-4e95-bc29-138900ff73cd,XC579617-Ryukyu%20Scops%20Owl%202%2020200728%20.flac,Xeno-canto,Aves,True,3.5189544583323515,-0.596502788035217,0.2861627200366223
eat_all,12,b7d147a3-5599-47c7-af07-c0785b51ad2c,XC339835-berf.flac,Xeno-canto,Aves,True,4.23294109383524,-0.5535472529339842,0.2921924865580046
eat_all,12,11498200-3c42-4bad-97a7-ed2779850be6,XC542766-Chestnut-tipped%20Toucanet_Plataforma_Pe_27jun2013_FSchmitt_1.flac,Xeno-canto,Aves,True,4.414109324022533,-0.21533161310939683,0.49070150690541664
eat_all,12,093755a2-08e2-4c53-9cf2-a9456278ff36,XC353317-RC_23_Vanellus_chilensis.flac,Xeno-canto,Aves,True,4.889697115088455,-0.9128697916830524,0.3576707938140109
eat_all,12,ecf64fef-92e1-4f06-9caf-27fade9a3426,p254_109_mic23.wav,NatureLM,,False,3.5177666001773504,-0.3260447518841556,-0.11347763713929482
eat_all,12,290420dc-43ba-4201-bc2d-e38d98b17cc0,2019-11-13-15-55_Schleusinger-Allee_70Kmh_2680973_A_D_CL_SE_CH34.wav,NatureLM,,False,3.7993853430956994,-0.657708982140713,0.13030353823336038
eat_all,12,e237c09f-413c-422d-a5d0-8ef9d18841d5,guitar_electronic_021-063-075.wav,NatureLM,,False,3.642615386784496,-0.397227545476013,0.06279611291862691
eat_all,12,f3eec048-3e2e-4ab0-b682-33426f59d3b1,216_122451_000021_0000004.wav,NatureLM,,False,4.08611176131547,-0.05651594913225555,0.009075336444730325
eat_all,12,e88506dc-e50b-409f-8b73-afe4803f87bd,p334_257_mic22.wav,NatureLM,,False,3.9288986762678446,0.16796891893495894,-0.28234803009885584
eat_all,12,3509130b-c7d8-4216-a1ea-6956357a6c3d,2019-11-18-15-45_Langewiesener-Strasse_50Kmh_539048_A_D_CL_SE_CH34.wav,NatureLM,,False,3.8963612447753673,-0.6113030837336305,0.008972671576527536
eat_all,12,00e5ac2e-bc44-45b4-9536-ba147a036cfe,4331_57180_000012_0000033.wav,NatureLM,,False,4.048705498487822,-0.19130653470351242,-0.15702139135297766
eat_all,12,65a8cc8c-a8ed-4ecf-927a-af69dc655ead,74645.flac,iNaturalist,Aves,True,3.0451832264832293,-0.4210466817412135,0.2205352524323111
eat_all,12,319f4ca3-3a16-4fce-916f-6994e8efcd1e,bass_synthetic_089-032-025.wav,NatureLM,,False,3.95014673278651,-0.23853827275645656,0.06892321760380166
eat_all,12,f3283e37-e2d5-46ea-a957-78a3b1909d2f,XC688888-200503_1748-21.45_Afu-hole.flac,Xeno-canto,Aves,True,4.493299508063573,-0.632910872501024,0.44517077545241596
eat_all,12,f27d31da-ce12-4d49-895c-134fc8c38564,XC454394-2019-01-26%2021-59-27_cut.flac,Xeno-canto,Aves,True,4.913295206020964,-0.6719282692693588,0.40627442841460376
eat_all,12,05e491e3-8526-4b80-a122-a087ab582ec8,437034.flac,iNaturalist,Mammalia,True,4.806511758499001,-0.18805655165786825,0.5110001831951009
eat_all,12,a4c9d7cd-cef2-4700-be60-f02201f788d4,XC426586-LS107973%20Asian%20Barred%20Owlet%20song%20and%20call%20B.flac,Xeno-canto,Aves,True,4.588209042900992,-0.5772884448839872,0.4296290658428781
eat_all,12,d90cc1fb-e7f5-4e14-9927-b8e47b4a0ec1,542483.flac,iNaturalist,Mammalia,True,4.358400373530577,-0.42541325357071513,0.4273798113728066
eat_all,12,d4af2244-e48e-40cd-803e-a0e001d3bf19,YP7WjiBsM5rU.flac,WavCaps,,False,4.2454689700323165,-0.048311101574057075,0.24026632997344727
eat_all,12,cd355d38-87f2-48f0-92ea-4a9771b31a01,XC209544-GIWO_150105_02_DVP.flac,Xeno-canto,Aves,True,4.538867950842217,-0.48793919646185413,0.46448163724228037
eat_all,12,3d1c43ee-22bd-4568-82f2-493f874f6fd0,XC259237-Megascops_barbarus-FL%20song%20west%20of%20San%20Cristobal%20de%20las%20Casas%2018Mar15%2018.39pm%20LS114396a.flac,Xeno-canto,Aves,True,4.649935501683734,-0.5500868358983944,0.3917284265296294
eat_all,12,105a86c0-72d8-4717-a801-984fa219bf58,310956.flac,iNaturalist,Aves,True,3.700523880621999,0.002537983316496628,0.3153631546602683
eat_all,12,c318ab11-83e0-428c-8ba0-6905265ada78,XC487610-2018-07-17%20Flatey%20180717%20Sterne%20arctique%20cri%20de%20poursuite.flac,Xeno-canto,Aves,True,5.012438666076749,-0.5513315819884838,0.4389449005376776
eat_all,12,4157521a-bb41-4639-97b2-10a038911541,bass_synthetic_012-062-100.wav,NatureLM,,False,3.013868068264149,-0.46269855091692896,-0.3367534606915205
eat_all,12,3d3e1887-fc18-4e70-a41e-8ce5b68305d8,63005001.flac,Watkins,Mammalia,True,2.946544223055248,-0.5390202152424202,0.5011158315840566
eat_all,12,c49b970e-1400-4aa3-beb6-cf633967ed97,195628.flac,iNaturalist,Aves,True,4.266527549068968,-0.4285046530760823,0.29566160284611587
eat_all,12,22a61408-3509-4067-b013-495622b188e4,YfORTwxb5tcY.wav,NatureLM,,False,3.942065776380563,-0.23014621695042128,0.232108711384288
eat_all,12,882cd8ad-9001-4ca0-b021-ae74d7aab5a7,7900400L.flac,Watkins,Mammalia,True,3.3664294993569865,-0.3128300493410234,0.6018160164033532
eat_all,12,a01ddadd-e47a-46db-bc20-dd11802ba8d0,61040009.flac,Watkins,Mammalia,True,4.740654252112954,-0.6963040538652331,0.07679660689320622
eat_all,12,26b4bba3-382b-4376-b3b9-09943c6f1e9a,YkMEHsM2CWAY.wav,NatureLM,,False,4.034762294857424,-0.0846009238919749,0.2984987373592677
eat_all,12,05894c3e-62cd-4e77-8895-5c8225dd4580,XC403635-Mindre%20hackspett_4.flac,Xeno-canto,Aves,True,4.079001806816979,-0.12413654834155596,0.5553532673981141
eat_all,12,abe7afda-58f8-477c-a39e-9486e87e9c00,XC439076-180723_1065%20Pic%20e%CC%81peiche.flac,Xeno-canto,Aves,True,4.51402213784847,-0.4103575131575505,0.4478536406341084
eat_all,12,390cb16a-666f-46b4-a690-cc2599a5a8b5,YEeg1o6yRVpM.wav,NatureLM,,False,4.844552982736792,-0.7023962239404596,0.14850481928984216
eat_all,12,6a0689c9-4aed-4a8d-ac25-73527ade568f,bass_synthetic_007-046-127.wav,NatureLM,,False,3.4540017356678736,-0.6322390450323812,-0.24045322682473597
eat_all,12,a0e3fbea-e4b8-48bd-91e6-84e0dbfdf5e0,7789_258266_000008_0000004.wav,NatureLM,,False,4.623139620862407,-0.31873714531824426,0.03335079571953381
eat_all,12,0012aa9f-98de-425b-b851-c81c20e9edca,SSW_078_20170401_200022Z.019_003.wav,NatureLM,,False,3.779069048839386,-0.8759231125152358,0.02655166320640484
eat_all,12,30198020-dcff-426d-b424-2fd58701ac6d,mallet_electronic_006-051-050.wav,NatureLM,,False,3.9014819669494054,-0.5779230426613067,-0.2844156597995054
eat_all,12,acdc1409-e658-436a-8dc4-5b7f14bb4709,164276.flac,iNaturalist,Mammalia,True,4.172960903394072,-0.31116735439127563,0.4053065709485451
eat_all,12,0dafdb09-cc1f-401b-83af-556ad2acf105,ICLISTENHF1251_20140301T092327.496Z_017.wav,NatureLM,,False,4.243789159167041,-0.6599975669588943,0.12034571801565136
eat_all,12,dda3b2d6-3116-4c56-86c8-01af7a531181,6503000C.flac,Watkins,Mammalia,True,2.6936155124334977,-0.467855909430507,0.40585245845223705
eat_all,12,e4a1ea08-a1ba-4abb-b487-8c4a1f8fe9cd,348629.flac,WavCaps,,False,5.054589910046083,-0.07977162065254603,0.27854661040323764
eat_all,12,ee619911-1276-4697-a07e-17d6f9c96366,4137_11702_000016_0000012.wav,NatureLM,,False,1.7555101415932903,0.28536559111229304,0.10787566501842158
eat_all,12,99613f62-eff5-46ae-8b4e-e9ed7d9e9b33,Y2IP8siC6ID0.flac,WavCaps,,False,4.343629126109843,-0.129281108280068,0.4925394471874538
eat_all,12,549c4f26-63c3-4741-8c3b-f2d0e59116bd,711_187466_000008_0000073.wav,NatureLM,,False,5.172443872243609,-0.45715041720953076,0.045264893568439823
eat_all,12,3fbefbc5-6fe9-4bc6-bea9-fdd337eaec4d,SSW_031_20170304_210014Z.023_015.wav,NatureLM,,False,3.056847204820416,-0.19942466029016445,0.21390891117417937
eat_all,12,d73a71b3-2456-4b25-8177-81409b63f3d7,477893.flac,iNaturalist,Aves,True,4.856877543271244,-0.23302273931083906,0.43087359538605746
eat_all,12,6e310798-3523-46a8-b024-2be3e87d1145,keyboard_electronic_026-096-075.wav,NatureLM,,False,3.463964874143924,-0.1991551770081132,-0.2462527316930528
eat_all,12,394c771c-5e40-48ae-85d4-6057168a2bed,XC619230-01-02-2021%205e7%20Coruja%20preta.flac,Xeno-canto,Aves,True,4.715659828633349,-0.022565019114490603,0.5186783964547179
eat_all,12,b3f6a3c1-1cbb-42b6-9821-560e328bde25,SSW_189_20170610_130015Z.038_003.wav,NatureLM,,False,4.844826294311128,-0.47787921679763073,0.29604830038426727
eat_all,12,50fc75dc-3b06-4488-9d5c-4bbae116b96b,Y3ZB0HfkO0tQ.wav,NatureLM,,False,4.533389168381232,0.34053472566528553,0.49445227436862255
eat_all,12,d11f1efe-91c5-43a3-991d-bc056976381d,7500303T.flac,Watkins,Mammalia,True,3.8319703852484843,-0.342253651015189,0.3985327015852712
eat_all,12,41fcdf68-9418-468c-842d-73340980ab31,369274.flac,WavCaps,,False,3.196916838317985,-0.282030817528664,-0.0528563274148655
eat_all,12,ce979d4c-5bd0-4bb2-b7c4-5574e2c906b8,222523.flac,WavCaps,,False,4.6056261935430385,-0.5518911019017323,0.049411602462940185
eat_all,12,42989fd4-c57d-4e78-8dc1-6da0c2531427,XC463578-Pic%20syriaque%20pecking.flac,Xeno-canto,Aves,True,4.709975405923439,-0.36704907806813486,0.4752466487804211
eat_all,12,a19e7385-e9a8-4d58-b5aa-3673ed2acd1d,p259_444_mic12.wav,NatureLM,,False,4.3942145471990965,-0.37022896867294564,-0.37009693475559735
eat_all,12,8643d0cf-6129-4da6-905f-103276bf0815,2019-11-19-16-30_Langewiesener-Strasse_50Kmh_738440_A_D_TL_ME_CH12.wav,NatureLM,,False,3.879562637786244,-0.4447768195361112,0.022801171793747327
eat_all,12,ad7f9361-5a76-4bf6-ac36-ef1627e128c4,XC616689-Otus-mirus-FL%20X%20song%20ComVal%201300m%2015Feb20%204.50am%20LS114225a.flac,Xeno-canto,Aves,True,4.547431915891683,-0.07794552863799213,0.6074779766132805
eat_all,12,c0962a0a-1409-400d-bffb-9bb6e196051a,8600801Q.flac,Watkins,Mammalia,True,2.6590054786952897,-0.3275807071479552,0.6701817409611712
eat_all,12,d9215e73-f1db-4ae6-885a-a60b21790619,508786.flac,iNaturalist,Mammalia,True,4.8456308070140075,-0.7392833882170395,0.45506652543120885
eat_all,12,c6c6f5e7-649b-4254-b411-59319ca8461c,Y8oiyVt6-erA.flac,WavCaps,,False,4.632247346854474,-0.2152786765122382,0.35999622873770654
eat_all,12,f23941f0-5f8e-4886-9cb8-cacbaf961bbf,vocal_synthetic_012-054-025.wav,NatureLM,,False,4.813662212983578,-0.9132303266918091,-0.8373368689260868
eat_all,12,9723b34c-f11b-466c-aae7-9929ab5f86b1,ICLISTENHF1251_20140203T185101.632Z_024.wav,NatureLM,,False,4.538094174794503,-0.9054383549506312,-0.0033577137384799283
eat_all,12,f516165c-9b20-4501-9984-9748f8091ea5,SSW_079_20170401_210014Z.035_007.wav,NatureLM,,False,4.627769655284241,-0.7469769144824132,0.251108907031769
eat_all,12,d72366ce-5879-4174-936b-ea561da9d2bd,XC219791-Brown%20Jacamar%20A%204049.flac,Xeno-canto,Aves,True,4.240960174164747,-0.3599617647922198,0.4636194332811849
eat_all,12,6162fff4-5f9d-4cb2-bc4c-9ff9d52014b9,SSW_209_20170617_190020Z.031_015.wav,NatureLM,,False,3.502196325696345,-0.6953561335523601,0.0816142882253387
eat_all,12,756dea88-26c7-4cec-a2cf-f1791eecf2f2,XC482969-S.%20maculirostris.flac,Xeno-canto,Aves,True,4.484948662764477,-0.5240772503247562,0.45232543422441823
eat_all,12,91832065-0b87-45d1-95fe-33c3ddae7dca,XC314612-chlidonias__dojlidy_podlaskie_02.05.2016_1107.flac,Xeno-canto,Aves,True,3.9165426283787124,-0.20069330174325342,0.41224923532581187
eat_all,12,b46bc1a4-0264-4dcf-87ea-31b1c05aaa7d,SSW_114_20170429_180011Z.019_000.wav,NatureLM,,False,4.62650835158238,-0.31983688404466254,0.3552561116275665
eat_all,12,8d54df23-9e4a-41af-a0e5-9ecb83d3b7c9,7957_39967_000011_0000064.wav,NatureLM,,False,4.761598962986773,-0.38577268386255203,0.1997644238758879
eat_all,12,df771265-65b5-4559-8d89-15b61421b503,SSW_122_20170506_050003Z.035_000.wav,NatureLM,,False,3.8342309718646956,-0.8358934352951926,0.1682302264891119
eat_all,12,0b35f942-95d7-44db-a270-7cdead497c26,SSW_116_20170429_200013Z.027_000.wav,NatureLM,,False,4.997825229682624,-0.6778346143833472,0.3179054314502653
eat_all,12,1b49c919-ee99-45ca-a134-aac8aa0c15ca,91670.flac,iNaturalist,Aves,True,3.8266850106026165,-0.30030660095256745,0.09412981597198039
eat_all,12,fecd09cf-3cbf-481c-a09c-66b50a95ea9b,313533.flac,iNaturalist,Aves,True,4.276783668419656,-0.3529129032384242,0.4313285291352328
eat_all,12,fadae947-3c4f-49ff-888e-1e5a7571ffcc,organ_electronic_062-093-075.wav,NatureLM,,False,3.4402325327626504,-0.3101994813183978,-0.3712530232137727
eat_all,12,8b4b5a32-cc1c-4440-9056-57f28cd7eb08,XC385909-chevalier%20guignette%20cri%20de%20vol%20tres%20fin.flac,Xeno-canto,Aves,True,3.66878078352042,-0.5252857589560385,0.42432297735710856
eat_all,12,f6060001-2a4f-4e41-8e24-0aa5b2091834,7900500U.flac,Watkins,Mammalia,True,2.959258060609433,-0.34034543960861674,0.38493309469622355
eat_all,12,69f6682f-81fc-4ebf-8882-f42b7af00514,ICLISTENHF1251_20140104T212150.177Z-HPF_019.wav,NatureLM,,False,4.00535059685738,-0.5531160778064268,0.13774814127860302
eat_all,12,0cfc7479-06b4-4bf4-9d04-d279ac2c0917,894050DB.flac,Watkins,Mammalia,True,2.396712680516371,-0.27811754537626776,0.3758653408367223
eat_all,12,ecdd29d6-d40a-4a7f-b189-bcb77c7cf5db,flute_acoustic_000-086-050.wav,NatureLM,,False,3.469512133444911,-0.5590849695519615,-0.2908682207043024
eat_all,12,b698b564-98dd-4cca-a056-0000696a024e,274146.flac,iNaturalist,Mammalia,True,4.24144488381246,-0.7282666299104252,0.4926947917911679
eat_all,12,afbc008b-4f39-4847-afdd-800feeec2e9f,p304_285_mic11.wav,NatureLM,,False,3.9356548749526343,0.05736947786063501,-0.20123278629561345
eat_all,12,60ef419f-51c7-4606-aeb8-c443e75d60a4,XC585455-LaughingGull2.flac,Xeno-canto,Aves,True,4.58706115254226,-0.3081385820764214,0.4926412828958925
eat_all,12,57c71e21-0f5a-4b79-b7da-caa00cb26da1,mallet_synthetic_002-102-050.wav,NatureLM,,False,2.8844892989009354,-0.2811323796825761,0.03171776200411541
eat_all,12,8386bf3d-b891-4c22-8ac8-7f97643fcd3c,2020-08-29-16-07_Hohenwarte_unknownKmh_2161592_M_D_ML_ME_CH12.wav,NatureLM,,False,3.033078495356576,-0.4897815207804463,0.17896430002046354
eat_all,12,316bf0c1-8d09-461f-bc82-9155bdbd3901,asianbarredowlet-bhutan210407farrow.flac,Xeno-canto,Aves,True,3.871877007750726,-0.3244134517459798,0.6103219919964936
eat_all,12,6b76612e-a842-4a38-a20f-d53e9e6e56e5,SSW_112_20170429_130010Z.000_009.wav,NatureLM,,False,4.869899325438847,-0.5649046844614248,0.27287255165054425
eat_all,12,e6d6174d-1753-4cee-bbba-95ff4a6895d9,57026077.flac,Watkins,Mammalia,True,2.522538791456618,-0.14319350724597557,0.52148795445868
eat_all,12,7bb8fdd2-850f-4bfd-80da-31f07fb24e2b,XC443772-Bar-tailed%20godwit%20alarm%20call.flac,Xeno-canto,Aves,True,5.095232029878418,-0.7097776333625022,0.29336740975087267
eat_all,12,0f238e01-4bc5-4865-a5ac-d448f8cefba7,p363_421_mic24.wav,NatureLM,,False,4.346314980427675,0.02732566059191424,-0.2473885627492541
eat_all,12,33f20638-9870-4bd3-8176-a18ef51db7e3,SSW_101_20170415_152049Z.036_005.wav,NatureLM,,False,4.532803903425019,-0.6687131908588307,0.32637124486816144
eat_all,12,14750724-eeee-4fc8-98ed-5a3dab54b6cc,330868.flac,iNaturalist,Mammalia,True,4.0145307866135145,-0.19367020978719884,0.5697764252984884
eat_all,12,018d7982-41f3-4e8b-afaa-3a0d1f2e9460,XC766046-Go%C3%A9land-de-Mongolie-cris.flac,Xeno-canto,Aves,True,4.296551240636121,-0.2598781859336168,0.4658893979511513
eat_all,12,996db5bc-424b-473e-9cf2-d9b7e6d9aece,XC699624-Pic%20mar%20chant%20Bois%20Cornec%2030%2001%202022.flac,Xeno-canto,Aves,True,4.647590268383041,-0.24272024905127926,0.44073028546947063
eat_all,12,606b0e8d-0508-4caf-bc24-cc80fcceea85,XC775747-190319_02A-Slaguggla-hona-defensiv-kattuggla-rev5-sel.flac,Xeno-canto,Aves,True,4.450823390128811,-0.38560342961912447,0.5011375987492729
eat_all,12,958d73a1-358c-497e-8eaa-5e0ddb8aa47c,9101000T.flac,Watkins,Mammalia,True,3.7228256734955227,-0.6171682965582153,0.7174260676225307
eat_all,12,26990953-7f52-40ed-a0b1-3acb5c2a8506,SSW_122_20170506_050003Z.033_007.wav,NatureLM,,False,3.4361375837941615,-0.6482995117004474,0.19245372131441396
eat_all,12,5a2781a5-1076-4e4a-a228-d4368649bbe2,SSW_003_20170225_030002Z.048_019.wav,NatureLM,,False,3.282735465196409,-0.44688860614741177,0.15045293229594803
eat_all,12,176d8658-1e37-4995-9bab-7a55b33ed856,SSW_229_20170701_220016Z.002_001.wav,NatureLM,,False,4.634517617707627,-0.36910350978716117,0.2659392713420998
eat_all,12,fa24bf8c-c5f1-47c8-ab0e-214f218e8a2a,307727.flac,iNaturalist,Mammalia,True,4.206805667045566,-0.5921149004366264,0.42355433765865463
eat_all,12,615a9a1c-4589-4fa4-83f1-5316ce96dfe8,156868_siren_4.wav,NatureLM,,False,1.6051542132600218,0.19913542775974324,0.27840047057812256
eat_all,12,97be1029-5724-4ba8-8ae7-d94d7aa97979,62487.flac,NatureLM,,False,4.074493824269431,-0.5662418639594327,0.27126610392915057
eat_all,12,7456253e-2ffc-429e-ad36-c44ba8b79cfd,XC271853-LS_54250%20Guianan%20Toucanet%20long%20call.flac,Xeno-canto,Aves,True,3.9193394274601703,-0.38558708240493156,0.4868243324460501
eat_all,12,c2352e92-6dcd-4c4e-9c65-ff3f440f1015,XC584748-Becasseau%20variable%20H%20cris%20doux%20et%20cris%20aigus.flac,Xeno-canto,Aves,True,4.679427481438822,-0.17387548555931073,0.48013248438438616
eat_all,12,6995984e-eb64-4191-82fb-f2b57c73d7e5,58205.flac,iNaturalist,Aves,True,4.505012769975697,-0.48408221901751075,0.4790673999988286
eat_all,12,ea8cc891-c112-46e1-b234-aeb6456f0792,XC661998-LE-OWL_20210623_025640.flac,Xeno-canto,Aves,True,4.250057956029132,-0.550390300215386,0.4588606563452162
eat_all,12,6e8d8826-a506-4c0e-aec2-ab913b7383e3,keyboard_electronic_056-037-127.wav,NatureLM,,False,4.301213360185372,-0.3472222827679019,-0.40558668565082323
eat_all,12,5cf6ee43-f531-4515-ab9b-1e1071ee77e3,XC627869-090321%2023u13%20spec.flac,Xeno-canto,Aves,True,2.7329532548990154,-0.7824809034509693,0.28715020483861564
eat_all,12,bc1ce63c-8a71-48d4-accb-d4e737357b5c,98681.flac,WavCaps,,False,4.8665410431078495,-0.13611699385985526,0.44062126905947363
eat_all,12,d42320e3-79b9-4a37-8201-1367189d68fe,organ_electronic_076-053-100.wav,NatureLM,,False,4.4622449787722065,-0.5860065171094218,-0.17429652850631497
eat_all,12,86885ccf-defc-4f47-a203-879424df0470,7700901J.flac,Watkins,Mammalia,True,2.0710572558748526,-0.25200673469818546,0.1806807371344507
eat_all,12,26a24a6a-525c-464b-8acd-0d061e63e6b4,XC529810-Lophostrix%20cristata.flac,Xeno-canto,Aves,True,4.793955044393595,-0.42366401721587377,0.5204377409190472
eat_all,12,f6a4eab3-d666-40db-95e5-b3cfa58ac53f,XC127025-Mediterr%C3%A1neo%20-%20Megascops%20choliba-c%20MARZO-16-2013_02_01.flac,Xeno-canto,Aves,True,4.510725397909184,-0.5142125718337757,0.5495029894713626
eat_all,12,bdb01d99-1f08-4ae7-be4f-004304fe2b38,SSW_167_20170603_090007Z.053_004.wav,NatureLM,,False,4.694008826859161,-0.4750665544778591,0.36267747510852055
eat_all,12,597452b7-1157-42b5-a9af-8ced9babc4e5,vocal_electronic_001-054-127.wav,NatureLM,,False,4.931377722600135,-0.97569469600378,-0.519203779515259
eat_all,12,779455cf-5327-4d1a-a13a-dc5b278ea807,207c0104_2.2216_20ro010b_-2.2216.wav,NatureLM,,False,4.007328804430582,-0.24491614159041591,0.30718137676161417
eat_all,12,0468da12-7705-4d44-96ce-f202e2957683,ICLISTENHF1251_20140804T104424.328Z_002.wav,NatureLM,,False,4.241347504161174,-0.3258371905422174,0.2002513300666271
eat_all,12,dfafbd62-794b-4311-9e5c-97ab3b52d596,351293.flac,WavCaps,,False,4.795270670610353,-0.3331143879052503,0.35925630539259096
eat_all,12,f613c227-d1cc-423d-92b8-0c4959ef48ce,p239_271_mic24.wav,NatureLM,,False,4.2386550766658875,0.12397067328269842,-0.06366492672366025
eat_all,12,6f6a7219-921d-4326-b08e-3ad8e7eb846c,XC181584-LS100856.northern.pygmy.owl.copo.wwpe.flow.benner.t22.2014may28.flac,Xeno-canto,Aves,True,5.081823395437083,-0.745924527106107,0.28180348001978
eat_all,12,f2cf73c8-1dd2-46c6-88e1-ab9b06bfa3e0,16109.flac,WavCaps,,False,3.904740149047199,-0.923627528008524,0.4015249888136004
eat_all,12,7bf86453-4005-41e2-b56f-ac5b944d8595,XC484604-STE-176%20uszatka%20zytno%2015%2006%2019%2022%2030.flac,Xeno-canto,Aves,True,4.213191282025319,-0.3297370696751931,0.5582454749003929
eat_all,12,cd32e772-0142-4c8e-982e-9e772945c35f,guitar_synthetic_004-108-075.wav,NatureLM,,False,4.1086041839054825,-0.813554289590616,-0.033255975108741065
eat_all,12,db2a39aa-df74-4bf7-b3d7-9b178987bed5,SSW_063_20170325_170011Z.023_003.wav,NatureLM,,False,4.935566846981574,-0.4181084265387412,0.28041773076114584
eat_all,12,2b785e14-2205-44e2-93f7-521d79cf9ea0,mallet_acoustic_035-080-025.wav,NatureLM,,False,2.7162257204862383,-0.344077332795814,-0.24846344784322066
eat_all,12,7918055c-181c-41c5-a212-dfc32b7577de,YMFe5We4D1ws.wav,NatureLM,,False,4.481608025989233,-0.632249496743446,-0.05188271998131591
eat_all,12,341af722-536d-4a37-a23c-9ecb7ba8fa5e,YvMU7ZKY2Eso.flac,WavCaps,,False,5.2749202895633776,0.18157686712806653,0.2101807970942069
eat_all,12,83008977-cdd0-4edb-879d-d83b0f8265b2,YqdexSzEvG74.flac,WavCaps,,False,4.624567760083863,-0.6253550010819435,0.20746100657565697
eat_all,12,2b4b5861-d4e4-4146-aa3e-40877b57dbbb,192431.flac,WavCaps,,False,4.88226085106166,-0.09362423570519426,0.4812895664237173
eat_all,12,e13112b9-db62-4ad6-949b-755a14aa6b26,ICLISTENHF1251_20141203T142122.125Z_047.wav,NatureLM,,False,4.369806130957606,-0.8662080224922442,0.09011131205371792
eat_all,12,1a24ef80-8eab-4bdf-bcc4-636aa37b819a,XC427234-Colaptes%20campestris%20-Caio%20Brito-%28Porto%20Seguro-BA%29-BRITO2671.flac,Xeno-canto,Aves,True,5.217642591577234,-0.18638205186515946,0.43576216386439753
eat_all,12,e3048473-cd5d-4ce2-9660-f4f6e0515e0d,6102204S.flac,Watkins,Mammalia,True,3.1885451987781224,-0.23991866637092263,0.3906611845836698
eat_all,12,84e31ed2-2f15-452c-809d-07c4c761651f,205a010w_1.0783_208c010f_-1.0783.wav,NatureLM,,False,4.334589710987646,-0.8623905630689391,0.2614608088249144
eat_all,12,f25b7469-a1e3-4528-8b90-9ff9bda7c76b,XC618443-IV-_20200523_020233-2.10_A.flamm-klask.flac,Xeno-canto,Aves,True,3.601636994047994,-0.38460045105420315,0.3669231378153181
eat_all,12,ed8fa4b2-a169-4bc3-89f1-5982502e3452,XC664034-Silvert%C3%A4rna_20210716_1852_lockl%C3%A4te_juvenil_tiggl%C3%A4te_Falkv%C3%A5ltj%C3%A4narna_AA_redigerad_202107.flac,Xeno-canto,Aves,True,5.049482688841765,-0.3826016052519451,0.43794749721544535
eat_all,12,57a430c0-e1f0-45b0-9ab6-90cfdd5ea450,417065.flac,iNaturalist,Aves,True,3.755795828380025,-0.438598453809464,0.45135656088012777
eat_all,12,01eb8a2d-17e6-44bd-893f-9b9ed1585946,guitar_acoustic_028-081-075.wav,NatureLM,,False,4.313594145454335,-0.6708481198578518,-0.5886548086715054
eat_all,12,42d79681-f110-423b-95f1-6f7f5f8caf1a,SSW_062_20170325_160010Z.056_002.wav,NatureLM,,False,3.564099025871071,-0.25722710597419074,0.17239400512934422
eat_all,12,71d374da-dcab-4349-9590-527737216438,XC439740-181021_3882%20WFNU%20PB%2050ft%20Torre%20I%201630%20mp3%20amp.flac,Xeno-canto,Aves,True,5.407934599097881,-0.17766374846968036,0.4950927484814027
eat_all,12,5232fefb-ab2c-4815-97e9-408ab9dc44fd,XC758942-221027_0130e.flac,Xeno-canto,Aves,True,3.0523221094201443,-0.32590507716336303,0.3747291322905772
eat_all,12,da91e28d-2fac-442d-ace6-695ba07feb7a,SSW_005_20170225_070005Z.002_001.wav,NatureLM,,False,4.743724462138962,-0.5718508286921422,0.319169797683997
eat_all,12,ca5412b7-f91a-4648-8827-691e640f6fe4,6107500R.flac,Watkins,Mammalia,True,2.9051511152566016,-0.6153242448494767,0.289454288446162
eat_all,12,278decaf-387e-4252-9f2e-38a632043f5a,172583.flac,iNaturalist,Mammalia,True,3.6704862758674928,-0.2914587215979687,0.5319025938883652
eat_all,12,108f6957-02f2-4e45-9538-2f0e2c3e4494,bass_synthetic_021-071-050.wav,NatureLM,,False,3.8161593821822835,-0.32354887988351644,-0.14403806686611081
eat_all,12,ba14f3f1-9bbc-49e1-b02d-ecbef92ea69e,7100101Y.flac,Watkins,Mammalia,True,3.221340817283898,-0.3331533889072995,0.6309444531441479
eat_all,12,2682a546-fb75-44f4-a8fc-c28ed5581873,6107200P.flac,Watkins,Mammalia,True,3.427273467897759,-0.016189639233026104,0.4977644017203897
eat_all,12,6842bdb1-82ce-4b3f-a569-2873f8c02462,7501201J.flac,Watkins,Mammalia,True,3.057311622757787,-0.11989855075265171,0.5704896097892151
eat_all,12,09fb3288-4173-47fa-be1e-86444cf49f08,SSW_213_20170701_000000Z.040_007.wav,NatureLM,,False,4.787481710382412,-0.5778656544460231,0.30140650604207886
eat_all,12,58e4e64e-6933-424d-9672-339d8858c748,578363.flac,WavCaps,,False,4.139305786877929,-0.6152988680669258,-0.1262733430456237
eat_all,12,fb47604a-dd37-4cd7-95be-f5f4d59b0b30,XC468747-Psilopogon_chrysopogon_laetus-FL%20X%20song%20Frasers%20Gap%201%2C000m%209.45am%2028Feb19%20%20LS116797a.flac,Xeno-canto,Aves,True,4.400887393397436,-0.5439864671354209,0.514204079865366
eat_all,12,14aa86e4-c002-48a2-bb31-6b9f80046f99,56016015.flac,Watkins,Mammalia,True,3.3997165980695065,-0.350475300648742,0.2320541406654119
eat_all,12,9ed6905c-d8bd-4aa4-a063-32d93a697922,Tamias_sibiricus_S1118_03_short.flac,Animal Sound Archive,Mammalia,True,4.610957726723812,0.2810704584753525,0.40118081354742013
eat_all,12,115012d5-55e0-4014-b2e8-7c0cca39df7b,555735.flac,iNaturalist,Mammalia,True,4.793647079076485,-0.4086265129572403,0.3852658755325304
eat_all,12,a5aa8a7c-5bbd-4dd2-a1ed-1256a107f99e,56026003.flac,Watkins,Mammalia,True,3.407020868092684,-0.26613288528227425,0.43203458803899736
eat_all,12,17b6ea0d-1338-4782-ad45-8e58c5d5f6f3,81014034.flac,Watkins,Mammalia,True,3.2318663140709916,-0.2959336218669313,0.3725673758150724
eat_all,12,d57221bb-54b3-4248-a511-c267d17470c6,XC536805-19-03-2020%2015e1%20Pica%20pau%20verde%20barrado%20tamb.flac,Xeno-canto,Aves,True,4.47483549785352,-0.1030034290803884,0.49497607883822187
eat_all,12,a0b6e39f-dcc1-4a38-8453-ce23eb17cf26,XC468674-Kokmeeuw%2C%20flight%20call%2C%20270219%2C%200228%20uur.flac,Xeno-canto,Aves,True,3.80092269849953,-0.35625357738076624,0.5427606360893633
eat_all,12,37ffe707-a499-4bc2-b108-2ff8a58c932d,XC579870-Dunlin.flac,Xeno-canto,Aves,True,3.807834883486405,-0.7868128504084355,0.3393558678855633
eat_all,12,ff5e3f46-ae1d-4ac0-8b4f-5be1adcf3e0b,79040007.flac,Watkins,Mammalia,True,3.1557888985049116,-0.5930393491466575,0.2150561707307445
eat_all,12,58c0f7cb-8dd8-4f84-bfc1-06b858c224dd,Equus_zebra_S0953_04_short.flac,Animal Sound Archive,Mammalia,True,4.465764060338753,-0.5262702948941911,0.2849529782608915
eat_all,12,70a388bb-71e3-41fd-8632-284cfb15fe4c,88006029.flac,Watkins,Mammalia,True,3.0021127825923646,-0.120039534435808,0.5375048360363648
eat_all,12,26ab2eac-bd09-4f62-afb1-3b7dea897b72,CoppersmithBarbet7Jan2010FortAguadaGoaIndia.flac,Xeno-canto,Aves,True,4.380640796060619,-0.3406746470509162,0.37474321580662545
eat_all,12,1a0e8c67-a218-45e5-8e76-98d6cd1c9ac6,668305.flac,iNaturalist,Aves,True,4.420717201585804,-0.3637467916223443,0.2515712057191477
eat_all,12,c0583b5c-c4f6-4f86-811f-be7d6b36a7fc,61022007.flac,Watkins,Mammalia,True,2.527715734720189,-0.24343590314778185,0.3687545163888459
eat_all,12,f68a99d0-a7d2-4e5a-9e42-8b08b2ecfb55,5601700E.flac,Watkins,Mammalia,True,3.3796555311528014,-0.3437155910253977,0.24660267423869459
eat_all,12,bb3ed88c-2a50-4ba0-b207-81fb0ea239f9,91008006.flac,Watkins,Mammalia,True,3.7273310623982545,-0.40370464518115246,0.4998938798469881
eat_all,12,ff71a46a-4a12-44ba-a40b-47f08660dba7,61053003.flac,Watkins,Mammalia,True,3.157394753836752,-0.5883877374466713,-0.09964965611677204
eat_all,12,7dc3efe2-cacc-45c4-a1cf-97c4b62f381e,Glaucidium%20brasilianum.flac,Xeno-canto,Aves,True,4.534971739005534,-0.5910268762254072,0.4818169570494603
eat_all,12,5357a5b3-cf16-46d6-bba4-a35778ae1f62,XC147086-Stilt%20Sandpiper2013-8-30-1.flac,Xeno-canto,Aves,True,5.036643236381148,-0.2126868086436569,0.44932037549550025
eat_all,12,ede654af-061a-4fde-a37d-2e7aeca6f38b,61064003.flac,Watkins,Mammalia,True,3.7948031021112874,-0.591037827877814,-0.0976848114655055
eat_all,12,4e6fa367-6aa5-4c59-8604-3606a781c2ee,6102102E.flac,Watkins,Mammalia,True,1.7782044721046502,-0.03394749740953315,0.5884536279598422
eat_all,12,7cc78c73-8b3a-4641-9465-71f00d70859d,XC677689-22-09-2021%2018e7%20Coruja%20listrada%20TREMEMBE%20G1.flac,Xeno-canto,Aves,True,4.389327773252757,-0.5426536325154321,0.41882177756713906
eat_all,12,d61abde2-697a-42ab-adb4-ba2954f3afcb,XC779564-Dry.mar-drumm-Kupinec-230209_0870.flac,Xeno-canto,Aves,True,4.172539920996771,-0.22851846475951085,0.49209421814670695
eat_all,12,9406f44e-e2d4-45f9-a8cc-673d79a1f83f,XC354155-170203_03XC.flac,Xeno-canto,Aves,True,4.552503375559338,-0.7795596131757412,0.3528513157714687
eat_all,12,21293d5d-6c29-437d-b3f8-f758ab58313a,567609.flac,iNaturalist,Aves,True,4.570114269497946,-0.14481658370977243,0.5032907920191094
eat_all,12,1746e44f-cf83-42ae-9b7d-9172738f6454,94009001.flac,Watkins,Mammalia,True,2.255605127896864,-0.1820120185518968,0.6508055104055882
eat_all,12,e9d74aff-4677-4b88-af8a-f5b59297ef9c,Vulpes_corsac_K0009_03_short.flac,Animal Sound Archive,Mammalia,True,4.277441619008561,-0.3514482458686415,0.13865737012713747
eat_all,12,67a7e886-69c4-43a1-8efd-17f57760fdde,8002001I.flac,Watkins,Mammalia,True,3.5467275980998565,-0.580248025370332,0.41947066789733584
eat_all,12,fa2e1f75-84eb-4187-9221-eff61f19a018,XC140019-DUNLIN%204.09am%20Moores%20Beach%20NJ%2004272013.flac,Xeno-canto,Aves,True,4.8737058414823204,-0.36264310542165773,0.39340919228848154
eat_all,12,7a8d6c21-70f8-4648-9e73-0f9cbd980110,9230200N.flac,Watkins,Mammalia,True,4.117394082883329,-0.037993812605999835,0.42706171914794394
eat_all,12,a93ee2e7-e772-4f74-bdde-9cdb67e7f7ca,XC538488-STRURA%20Kikepera%20200321_1920.flac,Xeno-canto,Aves,True,4.355744692714137,-0.7695738055637367,0.38166164481959713
eat_all,12,f1b0d51f-4609-4e38-889a-70bd3ad1d6c1,XC750809-Barred_Owl_ZOOM0152.flac,Xeno-canto,Aves,True,5.126475171610702,-0.2119834943633867,0.43551519547116757
eat_all,12,cd1593b5-8364-4ada-9e89-a284f3c63548,9769200H.flac,Watkins,Mammalia,True,2.5527555300872136,-0.2491359409210581,0.24229757798957918
eat_all,12,7a616d44-044a-4e3f-beea-266e9cc42920,71001018.flac,Watkins,Mammalia,True,2.7824547878299946,-0.336016441835161,0.503001257188961
eat_all,12,2fb629a3-99cd-4de4-9249-9e60c314b819,70025008.flac,Watkins,Mammalia,True,3.929893912841182,-0.8366620346961804,0.03259027037722417
eat_all,12,fab44b19-714c-42a2-9f84-99a0e0d88d60,XC701540-210501_02%20Whimbrel%20N%200148.flac,Xeno-canto,Aves,True,4.863408208687746,-0.6116058344366426,0.4425877894479104
eat_all,12,09a07ff0-a37c-44a9-9c1e-1697f41e0bb4,585187.flac,iNaturalist,Aves,True,4.3800274998200805,-0.2871381736106026,0.46127263052166223
eat_all,12,557826e4-d0d7-4aaf-8e24-6fdc56384601,183710.flac,iNaturalist,Aves,True,4.671404974125912,-0.41637083668846564,0.49195754199143776
eat_all,12,2706994a-956c-4159-b666-b116a5d2bee1,346749.flac,iNaturalist,Mammalia,True,4.971032254170633,-0.3023652917629353,0.4790392466999795
eat_all,12,84aabc72-5063-484e-bd77-d3bddf5e538e,XC495714-steenuil%203-9%2000.20h.flac,Xeno-canto,Aves,True,4.79737262687847,-0.152350742985872,0.5128775166952231
eat_all,12,2b25e0d9-c789-443b-8b71-d033591608f3,XC443369-Coruja%20buraqueira%20SERRA%20%28Athene%20cunicularia-OK-OK%29%2023-9%2018e40.flac,Xeno-canto,Aves,True,4.00888203019506,-0.26034829936202475,0.5079404317526858
eat_all,12,5a456d58-6b5b-4018-b25b-ccea7e38f64e,XC317425-Kleine%20Plevier%2C%20Bergerden%20220416%201200%20uur.flac,Xeno-canto,Aves,True,4.466472870644734,-0.6794912986957302,0.43670892949025303
eat_all,12,dd60e886-4bbe-4fe5-95f8-a6842dc48741,9776700I.flac,Watkins,Mammalia,True,3.6143301271560135,-0.26033064452039373,0.3379671694363125
eat_all,12,6424a5dd-097f-432b-862e-95eae4397d18,6102203K.flac,Watkins,Mammalia,True,2.968626062140072,-0.22502540521769357,0.4279706047817496
eat_all,12,38f53cbd-15a0-41f2-8ac7-f2cfc5d29688,XC550447-0568%20BLL531-33%20Celeus%20galeatus.flac,Xeno-canto,Aves,True,3.8362838194524924,-0.37744215928249497,0.5097232431042418
eat_all,12,4f59a6c4-e326-4477-a2b3-06fcc9786129,XC642572-Galbula%20cyanicollis_Tembe_20210411-075212.flac,Xeno-canto,Aves,True,4.082010908780286,-0.25861523968157824,0.5640072330269952
eat_all,12,9c4cd840-09ea-4291-9bb5-6341a306d3ba,258230.flac,iNaturalist,Aves,True,4.1363317082697835,-0.3503309529665066,0.45281498389455
eat_all,12,3a71a70f-282f-4df1-932b-194ec85f38f4,553206.flac,iNaturalist,Aves,True,4.7617020635743685,-0.6310330563266533,0.41471877439305166
eat_all,12,3f569d38-347a-4548-983f-a4b8bd94c1e1,57021003.flac,Watkins,Mammalia,True,2.5929238410213955,-0.2370648219888254,0.7399856550188328
eat_all,12,169c64d7-db1b-4572-bd7a-87c6520f1c0b,9776600C.flac,Watkins,Mammalia,True,2.6828737887448177,-0.4365976669386019,0.3877150362222625
eat_all,12,9d2e86fa-3b5b-4e87-84c1-8ba89bad07da,8500900K.flac,Watkins,Mammalia,True,1.8079703909996758,0.05043739062689126,0.4990371602818807
eat_all,12,955301c0-f6fa-431a-b3a4-1cd68f0765a5,6400500M.flac,Watkins,Mammalia,True,3.733113177769921,-0.31588608499217474,0.4183575602135052
eat_all,12,9ee6e918-cf62-4d2b-9527-03817c9bab15,XC637797-210409_03ybs.flac,Xeno-canto,Aves,True,4.759065343283112,0.007055214026804146,0.45620635059226383
eat_all,12,9a864163-e795-45d9-be92-e8ec55e52c2c,XC419874-Chouette%20hulotte%20chant%20diurne%20et%20cris%20d%20alarme%20en%20plein%20jour.flac,Xeno-canto,Aves,True,4.819427999528056,-0.15863728724105416,0.45460555103125355
eat_all,12,b5214abb-14e1-4dfa-86c2-6730ffb8dd04,XC764002-MixPre-809_Capito_aurovirens.flac,Xeno-canto,Aves,True,4.77168972991748,-0.3667681165064131,0.46864547408792995
eat_all,12,ac052ba7-9f49-4dfa-be46-a4bfef19a104,XC178999-Dendrmin-Alarm_Poland_PSZ_2014_05_19_3722.flac,Xeno-canto,Aves,True,4.068822415745536,-0.4762561784078747,0.5087148202424367
eat_all,12,15d6a4ca-ed80-4db7-bf70-99ee0e507715,XC746232-arcticternnocmigrosslare.flac,Xeno-canto,Aves,True,3.462212862162812,-0.4359346537548242,0.41068107520112734
eat_all,12,9d5669a9-4063-4926-a1e9-73f7bf460a9b,XC300016-LS_50637%20Senegal%20Thicknee%20call%20B.flac,Xeno-canto,Aves,True,3.6512256631605045,-0.2867357031076252,0.42058634778687687
eat_all,12,43869f31-9b23-443e-87e4-f15206409e69,Megalaima_haemacephala_mindanensis_Mindanao-9Dec09-FRL_PH_R09.0110_0-52_S.flac,Xeno-canto,Aves,True,5.729812064499622,-1.1688460421560394,0.2154344722928188
eat_all,12,9e2a87e5-2e7c-4334-94ea-7746d2b45433,66091006.flac,Watkins,Mammalia,True,2.799075861162057,-0.019268431222272703,0.39580273719756953
eat_all,12,859a9c1a-4eeb-4588-b73a-231061fa694a,90027106.flac,Watkins,Mammalia,True,3.5269195426140625,-0.22544180349735615,0.5116603173339488
eat_all,12,88ef6865-f787-4827-bf83-98c495dc91d1,XC695896-2022.01.05%2007h10%20Grand-duc%20Boutonnet.flac,Xeno-canto,Aves,True,4.328678015764889,-0.2685841132596135,0.47534976631823334
eat_all,12,474e848f-0066-46d8-a630-9da2877724eb,XC166258-1279.northern.saw.whet.owl.benner.2014jan28.flac,Xeno-canto,Aves,True,4.227607304563853,-0.2536513388645576,0.3945764316830055
eat_all,12,0008b62f-dcb8-4b2b-87ee-b3bf809069f3,6102102L.flac,Watkins,Mammalia,True,2.687150968405117,-0.32891480760512637,0.4724714737947485
eat_all,12,a35a7b6d-2e8e-4294-ae3a-2c83eecb93ff,605850.flac,iNaturalist,Aves,True,4.432801431037702,-0.47357536642910336,0.48315031044748136
eat_all,12,27d4bf5e-8adf-4db2-991c-7d19f42160c7,XC425219-LS109419%20Senegal%20Thicknee%20flight%20call%20B.flac,Xeno-canto,Aves,True,4.232165705155914,-0.4655357920791022,0.43593304038737013
eat_all,12,35601063-e03d-4668-a80d-c7f53b5fe230,9101200G.flac,Watkins,Mammalia,True,3.0488453668577264,-0.3974665722333424,0.5287416001433098
eat_all,12,bbc0f0d4-79f9-461d-a707-84514098014c,XC319756-Whimbrel%20from%20pair%20flt%20-CA%2C%20Tijuana%20Estuary%20off%205th%20Street%2C%20April%2018%2C%202015%2C%200800%20AM.flac,Xeno-canto,Aves,True,4.812758130548563,-0.7072457593933716,0.48747118991881294
eat_all,12,0d0309fc-c5ca-4f74-bba6-bef77d7e4f42,XC388615-150923%200830%20Stony%20Creek%20Metropark_Marker%2013.flac,Xeno-canto,Aves,True,4.7537239482615,-0.23950090395853613,0.47718178070170414
eat_all,12,55d4aa22-6db5-4f34-81fd-554cbd7d983f,XC577872-200617_2591_COSC.flac,Xeno-canto,Aves,True,4.899123253097509,-0.48088388334751164,0.37662355116221796
eat_all,12,9d9e810f-d25f-45c4-8e83-d6b1983fcba9,XC338339-chroicocephalus%20genei%2019%20salinas%20de%20bonanza%2007-08-2016.flac,Xeno-canto,Aves,True,4.131181913032838,0.09567366805591496,0.4946580855765921
eat_all,12,d13044f7-27cc-4035-926f-21e1917d3325,XC427554-Lophostrix%20cristata%20-Caio%20Brito-%28Paragominas-PA%29-BRITO2335.flac,Xeno-canto,Aves,True,3.9797048440304037,-0.39890521773529897,0.5508994512181329
eat_all,12,d89cedbf-c7d8-4f8c-a175-24a6f6a1ce2b,XC540230-1002%20Long%20Eared%20Owl%20Male%20and%20Female2.flac,Xeno-canto,Aves,True,4.574790658826099,-0.39396124999804205,0.4318760408819323
eat_all,12,8ac6ff3e-3a86-43ca-a454-de7768a4b278,african_grey_woodpecker_120301_1710_kerio_valley.flac,Xeno-canto,Aves,True,4.063662114297314,-0.2876097890910739,0.3068468025817593
eat_all,12,1cce2ce6-a7b7-49da-a678-982933912de0,351924.flac,iNaturalist,Aves,True,4.696368821780239,-0.751442574509978,0.3730875353651694
eat_all,12,4bfac305-e179-4d3f-afe3-c4bc27892157,XC373565%20-%20Black-breasted%20Puffbird%20-%20Notharchus%20pectoralis.flac,Xeno-canto,Aves,True,4.823277820567759,-0.9734988165234629,0.33460144069308295
eat_all,12,921d605d-7396-45ca-b2a5-468ef6ebaa69,XC531293-DOWO_YRWA_SOSP_AMRO_BEWR_AMCR_CASJ_BCCH_2019-04-21_Whitaker_Ponds_Portland_OR_1456.flac,Xeno-canto,Aves,True,4.454162645566522,-0.5263785985442496,0.5407114335564307
eat_all,12,ae0345fd-4f95-4f26-ba18-829abba08cd4,XC745083-Sl%C3%B8rugle%20vingeslag%20og%20kald%20%C3%98by%20d%2025%20aug%20kl.02.35.flac,Xeno-canto,Aves,True,4.196742899636535,-0.4047139913887223,0.4653068950870132
eat_all,12,d84907d1-5c01-4a36-a994-b5a83ac1a157,58036008.flac,Watkins,Mammalia,True,3.1806185882991844,-0.10893782596936187,0.6908517399627132
eat_all,12,9db5c2bc-ca9b-4b61-8a85-4c8ebc01f24e,7700800A.flac,Watkins,Mammalia,True,2.8722079196525394,-0.15984149056949098,0.16979817509631473
eat_all,12,b2b0af18-1e80-4c3f-b42b-8c44fa4cf63e,XC574152-CIVETTA%20NANA%20-%20Verrayes%20%28online-audio-converter.com%29.flac,Xeno-canto,Aves,True,3.6389679463018103,-0.3544986466547557,0.27270424781880975
eat_all,12,474db083-e6f1-4316-a8b3-76dbdaa7db93,9775100B.flac,Watkins,Mammalia,True,3.4722606467282504,-0.42362331882951076,0.09534230837607766
eat_all,12,c07c3e40-5aae-430c-9599-80bbe0fe92fe,XC744944-220814_002Flussuferl%C3%A4ufer.flac,Xeno-canto,Aves,True,4.774732579324217,-0.006241262521871002,0.539164052171605
eat_all,12,a8ee600d-d3d7-435e-aedf-c6efb70a8ea6,XC360929-Red-cockaded%20Woodpecker%20-FL%2C%20Buffer%20Preserve%2C%20March%2022%2C%202017%2C%200842%20AM.flac,Xeno-canto,Aves,True,5.132070128080099,-0.39414985978021366,0.5467897171427667
eat_all,12,ba0d5e12-bc0e-4a0a-a5b3-b8f36d81ff91,386607.flac,iNaturalist,Aves,True,4.745838401739141,-0.8945397619330882,0.38851344622071
eat_all,12,cabf870e-7cc8-4c73-9e27-7c172350564f,6102204P.flac,Watkins,Mammalia,True,3.141082090013631,-0.015024124517213383,0.468757780262107
eat_all,12,107d7249-ed7b-473c-a808-bc48ada60dc6,XC385845-170504_08.flac,Xeno-canto,Aves,True,3.9659355618754266,-0.5055107722035697,0.28678235087413406
eat_all,12,212289f7-503b-47da-af8f-36249ee99ce0,75011016.flac,Watkins,Mammalia,True,2.9978441403630716,0.13266417582663936,0.6892168692910507
eat_all,12,7bc373e0-dc42-4879-aff8-58e0e25a8bd2,97769003.flac,Watkins,Mammalia,True,3.2413800371268433,-0.4080003102481511,0.23236278614182088
eat_all,12,a1bbe058-99e0-4e63-bf74-b45c2dadd6f0,XC617293-210124_14A%20sel%20Ok%C3%A4nd%20kattuggla.flac,Xeno-canto,Aves,True,4.277752921192789,-0.2932349865635901,0.32819048455232047
eat_all,12,10d849db-1f13-49f0-bd31-18bfe1078ff5,6400504E.flac,Watkins,Mammalia,True,4.303845076698538,-0.10057854396158585,0.41288797895791
eat_all,12,d7ebaffb-d563-4171-86ce-3d88d0bdae25,XC507651-LS110268%20Steaea.flac,Xeno-canto,Aves,True,4.810005624659974,-0.03139523421179513,0.33023289031193853
eat_all,12,cd81c359-70f0-436a-baf4-733668abc417,XC732783-R%C3%B6st_121-1-2-1-1-1.flac,Xeno-canto,Aves,True,5.101038700580396,-0.22600748367152407,0.4943291287485122
eat_all,12,d8e29594-701e-4a10-89a2-9b525d89f9f4,Megascops%20apurimacensis0719-2.flac,Xeno-canto,Aves,True,4.096969688173024,-0.15936674668107834,0.5222357933503844
eat_all,12,1fb022d7-2a61-4133-9f1a-3380d127a83d,XC301947-RNSA_up_123015_1100.flac,Xeno-canto,Aves,True,4.112008286844112,-0.6446024257729195,0.5425205386657251
eat_all,12,29ff6030-b8b6-4e9a-a197-4bbfcb793346,9400805X.flac,Watkins,Mammalia,True,2.6083737112655787,-0.21128797294424317,0.5691606254430159
eat_all,12,c1686836-ba4c-42ce-b483-36dccd6c4ab3,XC448657--St%C3%B6rre%20hackspett-trumning%202%20ex-Tivedens%20NP%20Vg-%282017-03-11%2006.55%29-LS140049.flac,Xeno-canto,Aves,True,4.665370930341632,-0.4568907314544284,0.4585556713859329
eat_all,12,8f4bf5fc-8fa9-4125-8071-f6b8ff215d70,XC576978-200702_003h.flac,Xeno-canto,Aves,True,3.5926400355063093,-0.3876743718004416,0.390426632147205
eat_all,12,ea5ffa7e-e29a-4ee0-85ef-69516c40aba1,XC192911-Blue-eared%20BarbetTG12014.flac,Xeno-canto,Aves,True,4.934364962187431,-0.2658559598446934,0.5301352749689333
eat_all,12,564352d0-cae2-4f23-8966-d3fc1d45a907,XC637938-Chev%C3%AAche%20d%27Ath%C3%A9na%201_Moutonne.flac,Xeno-canto,Aves,True,4.250793445223649,-0.2031053569436524,0.5826714864591647
eat_all,12,5176c662-6d32-4eb1-b1d6-d9960e637fb5,XC795010-230421_1226B-sel2-Enkelbeckasin-r%C3%B6rdrom-sk%C3%A4ggdopping-r%C3%B6dvingetrast-trana-argt-d%C3%A4ggdjur-Nnoc-Ppyg.flac,Xeno-canto,Aves,True,4.0093344064856264,-0.11313819013942383,0.46042839699102106
eat_all,12,9469e45c-7ae7-47fa-aa28-329410f5da7f,656097.flac,iNaturalist,Aves,True,4.291423678290611,-0.7791046120016275,0.40430555319305195
eat_all,12,6b879f0c-009f-4857-a277-213484450959,60026035.flac,Watkins,Mammalia,True,4.14502205741381,-0.1581027741941641,0.693834638112559
eat_all,12,76ad9e1d-7719-4545-bb1d-19d0c867a400,7500400S.flac,Watkins,Mammalia,True,3.7082582211185136,-0.5714760232888212,0.566581533708101
eat_all,12,79041ed9-600d-4c51-a69b-036c29591f23,7100101E.flac,Watkins,Mammalia,True,2.9798993363902637,-0.35150575766214476,0.6894504826038212
eat_all,12,c40ba31a-75e8-4087-ad53-f6779284c831,XC401953-171226_C_SpottedRedshank_flightcall_PoYang_OC.flac,Xeno-canto,Aves,True,4.238072691342477,-0.27889219967253,0.36954847422793186
eat_all,12,9a2eaebf-1de4-4b3b-873c-1c34a05bba1d,XC609337-Dotterel_Black-fronted1_M6MKH-202_Mount_Wood_Dam1_Dusk_27thAug20.flac,Xeno-canto,Aves,True,4.309834841803837,-0.7715352541366497,0.4154938160449457
eat_all,12,21faf819-d5f0-4264-9a9d-d846feb83e93,R09_1362-Yellow-billed-Jacamar-interval-shortened.flac,Xeno-canto,Aves,True,4.063415057691054,-0.5272985804531806,0.47353239285640925
eat_all,12,3417586c-f533-4d94-9087-1fea08ffe07e,6302100T.flac,Watkins,Mammalia,True,2.878590923980765,-0.41135139275093424,0.5202597411498906
eat_all,12,851fbe69-65dc-4720-be7a-50c017ee6013,XC337825-Gaviota%20Andina%20Huancar%2030-09-2016.flac,Xeno-canto,Aves,True,5.362839136818382,-0.3508150616572486,0.4104126499468088
eat_all,12,eb10f2e6-5813-4711-a733-93643d9e5ee3,97769008.flac,Watkins,Mammalia,True,3.526403304567997,-0.22662168248151682,0.21276513781888834
eat_all,12,cef84491-8e59-429b-b71f-11e3aaf43c31,XC322893-LS_52158%20Arctic%20Tern%20call%20C.flac,Xeno-canto,Aves,True,4.38618511658238,-0.2611619386514024,0.5070943798026428
eat_all,12,df360fc2-208e-46f8-aa98-4dc104cffa2e,XC690078-jynruf.flac,Xeno-canto,Aves,True,4.016552897762468,-0.11952702632470477,0.5077169197599734
eat_all,12,8ecc4d79-20a5-404d-b8f3-82e18963ba92,66091007.flac,Watkins,Mammalia,True,3.617813158896376,-0.510397615301621,0.23885100665060655
eat_all,12,ade7119c-e45e-4951-a49c-00108278cf8e,198862.flac,iNaturalist,Aves,True,3.2603310655111017,-0.16768753077347076,0.47391527193065774
eat_all,12,a0f16809-156a-426f-8156-2e5a6bc1178e,127749.flac,iNaturalist,Mammalia,True,3.9992907086528326,-0.30645418801130186,0.40946183236177697
eat_all,12,e123df50-5102-4545-a9f5-4d6ffc1989de,8600805U.flac,Watkins,Mammalia,True,2.391067543887858,-0.028403596890507643,0.6173910926814717
eat_all,12,2c94d6d8-1f62-4765-834c-8366f158f2a8,7501100U.flac,Watkins,Mammalia,True,3.395399705088832,0.22591084104099074,0.6055253242867484
eat_all,12,d2511bb9-1aa6-4aaa-b5cf-f76a1fc88b0e,XC723434-Enkelbeckasin_20.flac,Xeno-canto,Aves,True,4.698907455446628,-0.052890682045241166,0.6219425573449486
eat_all,12,80597c6a-56a8-4704-a62c-26cebdf855cc,XC794305-20190530-0555-CO190016-US-CO-Baca-Two-Buttes-SWA-HAWO-%28B%29-calls_01.flac,Xeno-canto,Aves,True,4.99302992245161,-0.34969729134406424,0.5218120453154478
eat_all,12,c1916296-98ff-4dc2-b438-1ec451830830,XC670315-pancianera_sentDR0000_1306.flac,Xeno-canto,Aves,True,3.2723147928450675,-0.27521339548541146,0.41596794332192416
eat_all,12,16c145ab-e73a-4ae1-8e08-d52879fe6a44,570618.flac,iNaturalist,Mammalia,True,4.217370239519822,-0.32388974011927074,0.35359190629217957
eat_all,12,06157d42-4db5-4d5d-a60a-a95d308e510d,XC749806-oystercatchernocmigrosslare.flac,Xeno-canto,Aves,True,4.524628186448904,-0.40063156726972965,0.36351985995776076
eat_all,12,88bd2c94-33b5-43ee-983d-e47ac6b5ee1b,9100501X.flac,Watkins,Mammalia,True,1.6234833173601444,-0.04911286062370335,0.5499387373981586
eat_all,12,8b2034c7-8d72-4a23-9d87-ab5ac194320f,9776100T.flac,Watkins,Mammalia,True,0.8016955538965979,-0.07750991343744112,0.4000379937453272
eat_all,12,6467d4ef-2260-4966-82b2-41d76f711cbd,290312-039perleugle_varsel.flac,Xeno-canto,Aves,True,3.770094910492233,-0.5302874376902078,0.3239780467554175
eat_all,12,a0d76e86-2da8-407d-bad7-7b1a48178285,94008055.flac,Watkins,Mammalia,True,3.02209999185905,-0.4335489089265965,0.5843642073042268
eat_all,12,0fb9b6be-0dea-40dd-bcab-c76725831270,639903.flac,iNaturalist,Mammalia,True,4.490720592749419,-0.21361719652346858,0.3837443193523832
eat_all,12,02aa1b93-297f-4a73-9372-5a85ce4d1de3,XC663441-210716-BO5%20clip.flac,Xeno-canto,Aves,True,4.774148081095188,-0.06588386866004023,0.5120847959831291
eat_all,12,29da94d6-f609-4c27-b0d1-25c256c1a5a3,91010025.flac,Watkins,Mammalia,True,3.9916090721724373,0.05292672143605026,0.5642163785703991
eat_all,12,cdcb4a53-adf4-45e4-b96e-19dc7c262ecf,Otus.insularis081205_01.flac,Xeno-canto,Aves,True,6.087803905724149,-1.0919559754144155,0.22990521887759086
eat_all,12,b4d60fab-3403-413c-a4bb-c98fa1689afe,XC288966-schwarzspecht%20weibchen%20trommeln%2013.2.15%20seba.flac,Xeno-canto,Aves,True,3.7651772646482895,-0.43954731888015564,0.32450165686718474
eat_all,12,e0bff30c-da81-4a54-957f-bd740b28b701,348175.flac,iNaturalist,Aves,True,4.038622316044863,-0.40616995195137795,0.41350838530841744
eat_all,12,b530fe98-7246-4668-9fe3-7b60e81b2b3a,8800505C.flac,Watkins,Mammalia,True,3.6853339514923693,-0.39189209622574256,0.45859303899349296
eat_all,12,80d7d06d-657f-4081-9d73-82283223ef6d,94008050.flac,Watkins,Mammalia,True,2.6766628731403737,-0.30112165408628644,0.6029199773132419
eat_all,12,7d329ae3-6bb3-48d4-bca7-919dea46e70f,XC203599-Glaucous%20Gull2014-7-1-1.flac,Xeno-canto,Aves,True,5.885229533556732,-0.32819044192988556,0.3352926764063495
eat_all,12,929b9e55-0dec-4f9c-ba32-b381dc725e22,XC565646-11mar2curlew.flac,Xeno-canto,Aves,True,4.78290192618362,-0.8365107060269164,0.18025841988583802
eat_all,12,73101c49-f652-401f-b1e6-d35a27addcd1,510200.flac,iNaturalist,Mammalia,True,4.631456825318134,-0.13317831170345018,0.5514013933211396
eat_all,12,c1ad4413-bcac-4954-964b-554d8a071a7b,Ptercast03.flac,Xeno-canto,Aves,True,4.848770782004219,-0.25635103569269074,0.4899669923416398
eat_all,12,09d1e2b8-c21a-4c93-9454-d8d2e9c2577c,XC154257-Tringa%20stagnatilis%20calls%20Zhanteke%20lake%20Aqmola%20province%204%20May%202013%20%28Arend%20Wassink%29.flac,Xeno-canto,Aves,True,4.195397667702756,-0.6401921566233495,0.45993330101451674
eat_all,12,9ec4f6a7-7afa-4052-a7b9-2c6171619646,75001010.flac,Watkins,Mammalia,True,2.7769318360937953,-0.46496918460402753,0.5131255058466244
eat_all,12,5be7c5ea-68f5-4d29-beac-ece4f168ed3e,Kattugle_Kaja_180308.flac,Xeno-canto,Aves,True,4.572249347482068,-1.1557630288382539,0.26175307810474646
eat_all,12,26151adc-12ba-4bd0-881b-e4727dc6fa18,XC349740-170108_05.northern.pygmy.owls.mt.graham.az.lance.benner.flac,Xeno-canto,Aves,True,4.593648206706806,-0.9251849431658803,0.41667429952581875
eat_all,12,cf0cee6a-132d-410f-85ea-128eb30213d3,XC299042-120%20Glaucidium%20brasilianum%20%28Calls%20of%20a%20couple%29_VerdeMarII_RibasPardoMS120912.flac,Xeno-canto,Aves,True,4.2182778121585045,-0.3797614682953108,0.4833160442974451
eat_all,12,a3324412-6f1d-421e-adb2-929113789ce3,64031001.flac,Watkins,Mammalia,True,2.8969656956593983,-0.06705829319025094,0.4779258990825427
eat_all,12,649596f6-a0fa-4e5c-bc67-4f8cecaf4654,XC550460-Campephilus%20rubricollis%20DCB%20597-1a.flac,Xeno-canto,Aves,True,4.797657300672444,-0.3196642976106813,0.49159494684657784
eat_all,12,b1b82430-988c-4b1b-b442-4cdb17d5bb6b,6403100G.flac,Watkins,Mammalia,True,2.3448632562596394,-0.1943429288672342,0.475460087725962
eat_all,12,249f0ae5-f109-431b-b467-119f3fabb594,6804000N.flac,Watkins,Mammalia,True,2.665221535203087,-0.4009839204841772,0.3134403115895486
eat_all,12,a220bfb3-0d2a-447f-87c2-396ba444676d,XC571539-Mochuelo%20call%20%2B%2C%2022_28.flac,Xeno-canto,Aves,True,4.4733072224283905,-0.39712476761786664,0.5065148204102943
eat_all,12,e4414041-567d-4b62-89d4-b0125603cb05,XC710838-DENMAJ2022-03-20-07-22-KALL-d-A.flac,Xeno-canto,Aves,True,4.467498933119407,-0.3513561429683477,0.5251942231673197
eat_all,12,e5a898e9-0ef6-41ff-b708-fd8070201206,8303501T.flac,Watkins,Mammalia,True,3.314578429781877,0.00565474264461871,0.47976420860502
eat_all,12,1836a52d-0a83-41f5-be10-39c80895d917,287326.flac,iNaturalist,Mammalia,True,4.406681647842854,-0.5548920554815739,0.4368408980391512
eat_all,12,93cae18f-fd3b-4417-ae5e-a5c59407d936,97762009.flac,Watkins,Mammalia,True,3.3934290841554224,-0.5165358017364596,0.13786905192371035
eat_all,12,b1e2de20-3eab-47b3-9d2d-6c6b9c0d5e80,9002708R.flac,Watkins,Mammalia,True,3.3526277178809503,-0.4988452901734281,0.5124232642490891
eat_all,12,4e31a432-7177-430f-b9d0-85c641fe1abe,XC771647-Cabur%C3%A9-minuto-Go-V.flac,Xeno-canto,Aves,True,4.530555323429868,-0.13150970484033703,0.45483898372278
eat_all,12,6ebb27ae-c9ca-4bde-8f80-779b7d125dfe,XC549391-20200422_nuit_indiv%2003h24mn28s_sylvain.flac,Xeno-canto,Aves,True,3.361874955536638,-0.5594642802307961,0.08220661408682411
eat_all,12,0729b5e3-8d1d-411c-9dc9-c88f46a4ef14,546578.flac,iNaturalist,Mammalia,True,4.67599401093198,-0.5372031494623075,0.3564379510293627
eat_all,12,efd4408f-bb1b-4bb0-b477-64bf7a24d8c3,XC425217-LS109414%20Caspian%20Tern%20call%20C.flac,Xeno-canto,Aves,True,4.276401548723665,-0.20210729914914202,0.46162736573462143
eat_all,12,f65ebf13-eb73-4fef-b10c-1e0763b14dbc,60026041.flac,Watkins,Mammalia,True,3.7978355221668236,-0.6620299387311943,0.3277723272674592
eat_all,12,0a45821c-ad05-421c-a701-28034d55f291,XC281036-150%202%20Scholekster%202%20Zang%20baltsvlucht.flac,Xeno-canto,Aves,True,4.879454581240611,-0.3999086997077039,0.3787252075199958
eat_all,12,7caca538-5ed9-48f0-ab2d-f53920567e34,86008029.flac,Watkins,Mammalia,True,1.7693977196722441,-0.17886066191015,0.6530877727843056
eat_all,12,1270a6a5-a9ac-4f46-9c12-dccc9e2f213e,XC148370-1677.flac,Xeno-canto,Aves,True,4.123986457357688,-0.4838895839621863,0.15300493629139694
eat_all,12,ed41f8c4-0c3b-4294-82e2-1beaa67ef988,XC707876-210124_0629%202030%20Ervedal_Little%20Owl%2001_NNPL.flac,Xeno-canto,Aves,True,4.720834610207821,-0.9012030602953247,0.4222137601183082
eat_all,12,5d45d1a2-c296-4ce1-98da-76a2e4ac539a,XC278857-Eastern%20Barn%20Owl%20B%200405_195641%20mp3%20near%20Apui%20Alor%20%282%29.flac,Xeno-canto,Aves,True,5.022197743278271,-0.7721777707623723,0.38739435774681213
eat_all,12,8a8fee17-f852-44a4-884f-5fd7b7e06893,XC346932-LS102669%20African%20Scops%20owl%20song%20A.flac,Xeno-canto,Aves,True,4.689768858859374,-0.5552747935025738,0.4175190640974025
eat_all,12,2dbf46f4-25c5-4449-b968-ffd4d27ab507,XC319054-White-bellied%20woodpecker.flac,Xeno-canto,Aves,True,4.289632024438079,-0.19172127275895948,0.42154268372400605
eat_all,12,15d7d6c4-a911-4ae6-8769-c4eccbe07989,613124.flac,iNaturalist,Aves,True,4.2496465547461675,-0.3140525407965015,0.2638262272599569
eat_all,12,f08a03c2-9bcf-40ed-abc8-e65768734499,XC287904-FEPO_031415_1900_OrganPipe1.flac,Xeno-canto,Aves,True,4.718624989748022,-0.78968798255871,0.28500852890804557
eat_all,12,ecb342f6-5b78-4f9a-924e-817afde027fd,XC522273-Gravelot%20%C3%A0%20collier%20interrompu%20201114%20Bar%20Al%20Hikman.flac,Xeno-canto,Aves,True,4.729045620070385,-0.15875117412053613,0.4858647007208086
eat_all,12,9cbbb0d9-b50c-48cd-b5da-ab5ae0b66393,XC669353-Grote%20Geelpootruiter%2C%20call%2C%20poel%20vlakbij%20Washington-Slagbaai%20NP%2C%20090821%2C%201017%20uur.flac,Xeno-canto,Aves,True,4.4437946320461235,-0.4065886193568857,0.4745350589373753
eat_all,12,e0274ad3-19d5-4083-81b7-b6dd530a3842,XC797105-GreatBarbet_PhouSamSoum_230422_2134_edited.flac,Xeno-canto,Aves,True,5.370443781173144,-0.4261244412365695,0.484979460267163
eat_all,12,f1dcdae1-9a77-4c65-bf6d-9468dfa301a9,79005004.flac,Watkins,Mammalia,True,2.7711128642846647,-0.2538332132067477,0.15779296447575825
eat_all,12,a86b7b8c-30ef-4f30-adfe-1ab71382d5ba,XC228025-White-barred%20Piculet%20B%204482.flac,Xeno-canto,Aves,True,3.9345428028658294,-0.2972499996157146,0.5036400935051617
eat_all,12,f308d7c9-8052-4316-963a-f5175dcd5ff6,75012031.flac,Watkins,Mammalia,True,3.1917090577928455,-0.28273129530125835,0.5084642375927787
eat_all,12,72e8c01f-385e-40fe-a645-c400d2489a71,97750003.flac,Watkins,Mammalia,True,3.446997926067648,-0.5491237135944387,0.21905919767813498
eat_all,12,658854ae-e1c8-49af-a693-d08d845f9528,XC161830-130621-032148.flac,Xeno-canto,Aves,True,4.473711823814631,-0.6108939970683038,0.4290340312005886
eat_all,12,e1e82fdc-c197-4087-862e-1bc14071dbff,XC662241-Tuc%C3%BAquere%20PN%20La%20Campana%20mp3%20audacity.flac,Xeno-canto,Aves,True,3.151282043509969,-0.28392938236775,0.31880744955475765
eat_all,12,13fe6cd3-e5b1-4849-bb90-ed53076b0304,8600803W.flac,Watkins,Mammalia,True,2.95211463513177,-0.11275535856333974,0.7282422353583133
eat_all,12,2020f0a2-2e1e-4903-b2f4-2fa22cf91bef,XC273727-Rufous-tailed%20Jacamar%20song.flac,Xeno-canto,Aves,True,4.720971036698515,-1.1258125027099566,0.3194767032703628
eat_all,12,3728dcc0-7ba5-4869-8922-97c837ad1542,XC687396-Green%20Sandpiper_Flight%20Call_Tory_080821_B.flac,Xeno-canto,Aves,True,4.0494230358920955,-0.6954660767873153,0.44393806272628633
eat_all,12,6e4024c4-191a-4258-94c1-d1ade96934ed,XC281238-273%201%20Steenuil%201%20Zang.flac,Xeno-canto,Aves,True,5.076312528495789,-0.28073113993846643,0.4904778611375824
eat_all,12,2cb01763-57e1-4a0e-b795-eae75656a8b1,5702606N.flac,Watkins,Mammalia,True,2.9448831268110376,-0.39294698282955526,0.4770161934539256
eat_all,12,41d48329-93ff-404a-8678-151bf3fbb2f0,9101203S.flac,Watkins,Mammalia,True,3.467977432627473,-0.2801751348823903,0.40714096153705914
eat_all,12,99dd86bb-077f-4371-b1e7-9249cb9fdf35,XC765705-B%C3%A9casseau-minute-vol.flac,Xeno-canto,Aves,True,4.4245576120398376,-0.33335664280890526,0.5422578847910657
eat_all,12,6068f9f9-e9e4-4b3c-ac40-8b9155dbb54d,XC321259-Uria%20aalgae_20160520_SD_T106.flac,Xeno-canto,Aves,True,4.9798070164066175,-0.32758759784088654,0.34316355565347767
eat_all,12,78be6796-a469-4ddd-be22-2f4b3e8c1601,56018004.flac,Watkins,Mammalia,True,2.7288145122259495,0.11287058332484043,0.41790013650282753
eat_all,12,864dfc18-961a-4847-b8c7-4a5ddb421a9f,8800500H.flac,Watkins,Mammalia,True,3.0144295096770475,-0.32742957758782165,0.39163765758859004
eat_all,12,bb2c644b-d518-4d35-a629-1318b25337f6,151144.flac,iNaturalist,Aves,True,4.377823401006802,-0.4507039654123035,0.4898676065090449
eat_all,12,a2cc20e8-c985-4519-a2ec-376b117dbdc4,XC590337-Eurasian%20Eagle-Owl-Suertetierra-20200922_0350.flac,Xeno-canto,Aves,True,5.275416188439331,-0.7083657232264216,0.3990392207308568
eat_all,12,0873f4eb-7dd0-46c2-90ea-32f0160ec1aa,7100201S.flac,Watkins,Mammalia,True,2.4067656487062754,0.17319990066665464,0.372337959735619
eat_all,12,721b294a-96fc-4ce1-acfd-5be8c6eae40c,9775200H.flac,Watkins,Mammalia,True,2.6758983384632136,-0.28247478999734776,0.16982702754875384
eat_all,12,11d6cf45-5280-4902-86a8-b6d8f97b4fb8,444106.flac,iNaturalist,Mammalia,True,5.129557130370095,-0.662410642431986,0.30503018874854393
eat_all,12,143fb0bc-c663-427c-b788-405779f282b8,XC625194-Tawny%20Owl%202215.flac,Xeno-canto,Aves,True,4.489014416210769,-0.3393355209354961,0.3469013620543276
eat_all,12,dd33ebbf-925a-4f79-b501-ca2c0a38e6bc,58878.flac,iNaturalist,Mammalia,True,4.591678232614371,-0.07892202259228859,0.3917465058936962
eat_all,12,a4612c62-b694-4d48-95ea-d4a99b390271,88006019.flac,Watkins,Mammalia,True,3.0843810730876613,-0.31921592071908506,0.4955731863553766
eat_all,12,58ddf4a9-0d85-4b4b-8a04-e83ec9cf73ba,5903001Q.flac,Watkins,Mammalia,True,2.973591247843454,-0.1886548777567525,0.4319450972316554
eat_all,12,5aeb8e9a-f817-4f21-9db6-2a3fd1a46ab1,SNIPE%20Giant_03_SF%20de%20Paula_Rio%20Grande%20do%20Sul_BR_5JUL07_Bernabe%20Lopez-Lanus.flac,Xeno-canto,Aves,True,3.963196134197596,-0.49472414125138686,0.3997024992319557
eat_all,12,6a488107-6c99-4d36-a40c-e3a1bae1dec3,7100700D.flac,Watkins,Mammalia,True,3.0347491645709006,-0.4235298502862494,0.455403733694567
eat_all,12,1a569564-a111-4806-9d7f-d59387a77d48,Bubo.flac,Xeno-canto,Aves,True,4.511939783779818,-0.5441081175344894,0.22543701993842086
eat_all,12,f6094e06-2635-46d0-91d3-770ff80d7911,164331.flac,iNaturalist,Mammalia,True,4.072920229145115,-0.5070012544896407,0.28067838904432635
eat_all,12,1b90b0b0-b80c-453c-b541-20ae49a6f022,5801801D.flac,Watkins,Mammalia,True,3.5585834043938913,-0.12878780682172702,0.5134934119255601
eat_all,12,e448c14a-7b23-42ef-bf3a-62157d54c7c4,637039.flac,iNaturalist,Mammalia,True,4.663755083098179,-0.5600199832720776,0.45680063795166603
eat_all,12,99213f38-7400-448c-9f64-4a687d0037ef,7700600F.flac,Watkins,Mammalia,True,2.287731308387122,-0.4144803743085904,0.2349493424500968
eat_all,12,65b49b46-ca07-4eca-9386-d47651d297ee,8600801X.flac,Watkins,Mammalia,True,2.8817768701932596,0.042783369650566394,0.7780041816525743
eat_all,12,6ac3006f-49e7-4d86-9c9b-6c16b3412a8f,8501201S.flac,Watkins,Mammalia,True,3.3282788550736457,-0.71282707903686,0.4496762198617868
eat_all,12,cb19da5c-319a-42b8-8ec3-1c2111c7a361,becacina2.flac,Xeno-canto,Aves,True,4.879527384470897,-0.2360134775175412,0.3904212763374344
eat_all,12,61a859bf-7cee-4a4e-8e89-ef0bd5383894,558077.flac,iNaturalist,Mammalia,True,4.009704237695587,-0.17830906556334966,0.463187145578172
eat_all,12,73ab37e3-ed12-4c68-ad00-c919d78bdb1d,519937.flac,iNaturalist,Aves,True,4.10592875397316,-0.45072819276397397,0.5604273513219336
eat_all,12,ac0c5ba6-d022-478e-83aa-cd979038f6ce,97781001.flac,Watkins,Mammalia,True,3.2969695637414422,-0.3645657087581502,0.17449045651651812
eat_all,12,4ab21425-c5b5-4145-8045-ab3f76b8046b,68032003.flac,Watkins,Mammalia,True,3.709202029778238,0.08310949980587834,0.6630165787478226
eat_all,12,9e5795aa-f700-41e8-90c2-54e4bd11a7dc,XC513602-hiboux%20moyens%20ducs.%20le%2026%3A12%3A19%208h%20am.flac,Xeno-canto,Aves,True,5.048986483829977,-0.4841821851235208,0.4040594799794639
eat_all,12,25988f9e-7486-40a9-a5d1-c2c194c619d5,Ninox_novaeseelandiae_ETimorMay05-FRL_TL_18_1532-1248_1_s.flac,Xeno-canto,Aves,True,4.478995933518121,-0.12539018767525764,0.4243697458022032
eat_all,12,13145736-ff9f-48ba-901e-eeb040a16495,64055003.flac,Watkins,Mammalia,True,3.148296381283159,-0.13233777648967535,0.45862691894892055
eat_all,12,dd19218d-d90a-4ccc-af1a-a6ecd5ea9f43,XC715078-220330_Arabian%20Scops-Owl_calls_Al%20MehfarTP_OC.flac,Xeno-canto,Aves,True,4.029325007573305,-0.9192877222761755,0.43641837791362376
eat_all,12,ba936079-dabd-4831-bce3-117cc1d1ed00,XC563510-200519_04.flac,Xeno-canto,Aves,True,4.473371781575616,-0.7989804905016339,0.48699925049600284
eat_all,12,4b0cb268-dc0a-4aec-8442-00984f21edeb,7500305J.flac,Watkins,Mammalia,True,3.0546749382989518,-0.42902050551328735,0.24717755039909803
eat_all,12,decbbb99-a8a1-4148-9988-206b6baf183e,5801801M.flac,Watkins,Mammalia,True,4.714342421046152,-0.7623637214266099,0.3022274556193957
eat_all,12,cdd57c98-fae5-4d6a-8916-88c1ce928c82,410656.flac,iNaturalist,Aves,True,4.1779855520129505,-0.1059631663861699,0.4468037228462799
eat_all,12,70da9885-6877-4aba-b2ac-8bfa8c34ae6f,XC230074-%27San%20Isidro%27%20Owl%20A%202801.flac,Xeno-canto,Aves,True,4.338449031029822,-0.47415961064796164,0.564790716233411
eat_all,12,094e5fd7-f551-496b-811d-f649ad51034c,9776101U.flac,Watkins,Mammalia,True,2.512570299700888,-0.24105844011526875,0.2431695465988643
eat_all,12,756f5f6b-e605-4868-88c8-fc950336eb5a,460049.flac,iNaturalist,Aves,True,4.225239615066795,-0.3568261910136932,0.4193189826574479
eat_all,12,7124506c-9392-4b69-9cf9-a7dd620a311d,9400806F.flac,Watkins,Mammalia,True,2.5996920862076616,-0.05338734355793315,0.4822967828054534
eat_all,12,7611bc32-7e8b-4c6b-beea-38b18ea4ea2c,97766002.flac,Watkins,Mammalia,True,3.469902301112007,-0.3176128460597609,0.3596115649366854
eat_all,12,962afc60-1e38-4463-a210-99ae9714c58b,538671.flac,iNaturalist,Mammalia,True,4.362451651234872,-0.3226391563439097,0.4260804316497619
eat_all,12,0ab061f0-7e4f-4a32-87b0-fa21ffd6393f,530358.flac,iNaturalist,Aves,True,4.20650745110885,-0.188694892992449,0.3349455816348208
eat_all,12,6bffd177-4827-42f4-9690-fa6dc57646ee,79040003.flac,Watkins,Mammalia,True,5.090517937609041,-0.6530036094917138,0.30835640859310237
eat_all,12,df688143-3f05-4dcc-8520-b8202289acdd,XC178202-Guiffette%20moustac%20Ebre%2011%20mai%2014.flac,Xeno-canto,Aves,True,4.051759990657461,-0.6871276869124902,0.5003364662254075
eat_all,12,127d8bc5-ca53-4b42-88fb-677e4e7a3687,9100402F.flac,Watkins,Mammalia,True,3.1913366956150497,-0.2597914327251001,0.509586111963684
eat_all,12,9d7febc0-e3b2-4c47-9fea-45c87a3793db,BarredOwl2.flac,Xeno-canto,Aves,True,4.716031560527044,-0.4591605426306412,0.5871908809396181
eat_all,12,74fad971-8614-4838-b32f-0253b26d260f,75003011.flac,Watkins,Mammalia,True,3.0866961941316466,-0.4146796764028842,0.43684447869795456
eat_all,12,08822775-b854-4c90-8728-c1a8a06916e1,61021049.flac,Watkins,Mammalia,True,2.584887932171822,-0.15062640299236718,0.5313417369482651
eat_all,12,5776b7e7-65e1-48c6-a85b-6e9268651cc0,639152.flac,iNaturalist,Aves,True,2.916103888198718,-0.39474123553876694,0.26096768592518066
eat_all,12,cc9d7d05-042d-4680-887d-b865a71c5a91,XC571863-American%20Oystercatcher%20alarm%20call%20june%2025%201946.flac,Xeno-canto,Aves,True,4.782275457803502,-0.5928817227570293,0.3581197713438943
eat_all,12,60208ff6-e126-4d53-9043-b173305559ba,XC446811-Bay%20Woodpecker_20181207_124232_prepared.flac,Xeno-canto,Aves,True,3.4007024889604978,-0.14652803839301504,0.6300159202346786
eat_all,12,d59f7209-4238-4308-8d28-161cbd74230f,XC451747-Campethera_nubica_nom-FL%20song%20Baringo%20Lake%2020No18%2011.04am%20LS112684b.flac,Xeno-canto,Aves,True,4.813205230108219,-0.24599891820151465,0.4803738231061262
eat_all,12,80682f50-0631-49e5-b63f-ac1c9fb724c3,XC268816-Least_Sandpiper_2.flac,Xeno-canto,Aves,True,4.530836293335785,-0.615747670334605,0.3897957776852501
eat_all,12,eb69bc44-80e5-4f47-83f8-1b8b52f1a906,695048.flac,iNaturalist,Aves,True,5.058273924888962,-0.30675172263721606,0.2966274081206217
eat_all,12,2d6d26c8-82e9-4eae-a187-d7eca628bf4d,XC251126-Miclan050704B.flac,Xeno-canto,Aves,True,4.752705500951226,-0.7176665480267788,0.3872340757165534
eat_all,12,1af886b6-18df-41bb-961c-8e2b93f04022,XC674295-20210911_0510%20NoId%20Piula%20arbes%20XC.flac,Xeno-canto,Aves,True,3.9874112646787063,-0.6508088685154919,0.5777299265095687
eat_all,12,aeaa94c8-719e-497e-9025-d2207d8021b7,7900403A.flac,Watkins,Mammalia,True,4.373769903783489,-0.45340374505250747,0.44748731073668896
eat_all,12,cb619930-0238-4c4a-97c1-aefaf0615fc3,XC556943-Pic%20mar%20divers%20cris%20%2B.flac,Xeno-canto,Aves,True,4.857020420183268,-0.27182835528242894,0.5342156356107215
eat_all,12,eca4188e-cbb8-43aa-967f-a26a6c19a374,XC647863-20210512_2345_Monkspath_JS_Oystercatcher.flac,Xeno-canto,Aves,True,4.832488155416186,-0.8439269939182339,0.4108166144977744
eat_all,12,83f2fbb1-f25c-43ab-8804-180a2838453b,94201060.flac,Watkins,Mammalia,True,2.677506768408154,0.19771317573269026,0.41569785636822776
eat_all,12,f0eaa508-896c-47d3-9f4e-7227183038d9,OWLTawnyBrowed-FL%20song%20REGUA%2022Aug06%2040m.flac,Xeno-canto,Aves,True,4.817730569992848,-0.30633942808780856,0.44668440054164654
eat_all,12,9421a52e-94f1-4c2f-9d14-e4b83fc674fc,97501003.flac,Watkins,Mammalia,True,3.126279750937835,-0.46587151995227005,0.1983949390946143
eat_all,12,c480f0b3-b37a-4e88-b837-78ca0faba0a6,XC776602-esowforriver20230120_195711.flac,Xeno-canto,Aves,True,4.202793714132123,-0.6329802853486971,0.3799957896856238
eat_all,12,5393a567-ded0-4b82-939b-af42e7785e10,9777100K.flac,Watkins,Mammalia,True,2.157792537901032,-0.27289060020476735,0.4538696653690406
eat_bio,12,345526af-20c5-437b-8741-e197ac6511ed,XC693334-LS_58842%20Dusky-headed%20brushfinch%20song%20B.flac,Xeno-canto,Aves,True,-3.8582423299420405,-0.7301837085221669,-0.7556623728941396
eat_bio,12,e605b07a-87dd-4723-b812-f84b781c9583,XC126939-Tristram%27s_Starling_2.flac,Xeno-canto,Aves,True,-3.9402008000424953,-0.8222930453150683,-0.5954279756770587
eat_bio,12,61fc36ad-03d6-4171-97fe-5c67821ec6de,530.flac,WavCaps,,False,-3.660177315469353,-0.5653162819424848,-0.7671264631703104
eat_bio,12,67961220-1a93-4cce-84c6-cbe1bf6aa1bb,keyboard_electronic_023-032-100.wav,NatureLM,,False,-4.21400527011671,0.6757588841771647,-2.1230101355960542
eat_bio,12,5bf599ed-dfa6-41c7-918b-ae6e2f8e4113,XC739803-LS_51498%20Yellow-eyed%20Black%20Flycatcher%20duet%20A.flac,Xeno-canto,Aves,True,-3.2648051411856307,-0.6950846032931484,-0.5092888641268963
eat_bio,12,4d1f5da3-4aa7-4381-9949-f9d4ea9bc7fa,XC682803-5999-4004024-4438.flac,Xeno-canto,Aves,True,-3.8051938960783227,-0.6970570201148778,-0.6917585877888774
eat_bio,12,a7f4feca-c0a2-4598-b8a1-c508590d0f31,XC717693-Willow%20Warbler%20%2B%20Wren_Song_Mizen%20Head_15.04.22_A%2B.flac,Xeno-canto,Aves,True,-3.4770470723064864,-0.7004996537973842,-0.6290439466331523
eat_bio,12,ba79dda8-f0de-4b2a-8947-c1e7feeb58c9,SSW_269_20170819_120014Z.016_007.wav,NatureLM,,False,-2.9349201942610565,-0.6533854405002759,-0.4835406856348415
eat_bio,12,3a5b71f7-0fda-4a9f-b693-0327aba0b306,SSW_055_20170325_060004Z.055_010.wav,NatureLM,,False,-2.7251222723022064,-0.5886961533912388,-0.46230676951490496
eat_bio,12,3e92ca8d-18a6-48b2-84d9-e18b76078e72,SSW_039_20170311_110008Z.031_001.wav,NatureLM,,False,-2.880105515690084,-0.6115851981301135,-0.5184280080462094
eat_bio,12,53030683-a00c-4303-92c8-5b104a41ad3c,9750402P.flac,Watkins,Mammalia,True,-4.125499026151774,0.7441647240657268,-1.0391592467567254
eat_bio,12,16eaecc1-b297-4dce-bfc4-c5ca0d7fa81d,20ta010j_2.0053_209c0108_-2.0053.wav,NatureLM,,False,-3.866838632107385,-0.6999708549962327,-0.7576468300659248
eat_bio,12,5781d7a0-80ea-4be6-9fd1-9f6be373528b,XC385115-T15.flac,Xeno-canto,Aves,True,-3.30589381036856,-0.619376692397229,-0.6006477730672009
eat_bio,12,4223b186-47a7-4f88-9d8d-38479bb4d986,42459.flac,iNaturalist,Aves,True,-3.5446763018374456,-0.6992420989017529,-0.588629914668219
eat_bio,12,b795d66d-a577-4b68-bdc1-810b5ff09052,NorthernParula1.flac,Xeno-canto,Aves,True,-3.109236006161878,-0.6390364917475335,-0.4134326534627035
eat_bio,12,519199ae-1ece-451d-a8e7-16b393685585,256179.flac,iNaturalist,Aves,True,-3.7331247488582786,-0.7547124120987488,-0.5624975867260111
eat_bio,12,484018cf-99a4-4310-a58a-e24c1f9b8d5f,SSW_023_20170304_130010Z.036_009.wav,NatureLM,,False,-2.975133741808484,-0.6514864953600424,-0.4786692717596237
eat_bio,12,3035d7a6-e138-4057-baad-948b688a26d7,XC744361-Bachstelze%2C%20Gesang%20%209.4.2015%20%20Egelsee%2C%20Badesteg%20%20%E2%80%8F%E2%80%8E15_33_24%20VOC_150409-2357.flac,Xeno-canto,Aves,True,-3.3773325799258176,-0.6021293789135925,-0.6635821189577289
eat_bio,12,639d5440-7745-4fbf-943b-2393c1a84ddf,324452.flac,iNaturalist,Aves,True,-3.2256462305985907,-0.6786144462826418,-0.5072727261010874
eat_bio,12,5cf424ab-6501-4962-91fd-ba2c0ce38a37,Cervus_elaphus_DIG0117_03_short.flac,Animal Sound Archive,Mammalia,True,-4.188635709061777,-0.16623883122867744,-1.0820090568227108
eat_bio,12,833701b2-b661-4fbd-868f-07dda09059bf,XC486056-Xiphocolaptes%20promerohyporhynchus.flac,Xeno-canto,Aves,True,-3.5410826160529205,-0.7478311810227793,-0.423968358863723
eat_bio,12,cf7fd664-0699-4561-8e3d-aba7e1e54b90,Zalophus_californianus_V2061_17_short.flac,Animal Sound Archive,Mammalia,True,-3.9450972445439834,-0.5680981406723212,-0.9329754571447997
eat_bio,12,ac225d2d-bbcb-4f39-8b85-7916f5d8bb94,XC402294-sturnus%20unicolor%203%20chapatales%2024-09-2017.flac,Xeno-canto,Aves,True,-3.7815734903340092,-0.8361363165486194,-0.5552714410190078
eat_bio,12,b0e33146-8f91-4aad-b6d1-9fcd7e68e54c,mallet_acoustic_030-087-050.wav,NatureLM,,False,-3.83544628311111,0.3603374887856976,-1.8588759937384594
eat_bio,12,9ad7750b-961c-4b95-b04c-2d69c8bce4d2,XC541270-Pied%20Currawong%2009_05_34.flac,Xeno-canto,Aves,True,-3.607792463073419,-0.6977233095820867,-0.5503880273003868
eat_bio,12,5083d955-24a1-4232-97a5-37e945c676c7,XC360007-LS104552%20Black%20Magpie%20calls%20B.flac,Xeno-canto,Aves,True,-3.777382177562445,-0.7561331547750597,-0.5879085612270912
eat_bio,12,12556fc5-c2b5-4020-81f4-c47d4c1466e0,XC688225-Goudvink%2020211021%201000%201a.flac,Xeno-canto,Aves,True,-3.1250263128454088,-0.6597056205065106,-0.3736182208334522
eat_bio,12,b74d3698-d9ed-4c8c-8ab7-b0621a69de4e,XC682514-stenkn%C3%A4ck%20lock.flac,Xeno-canto,Aves,True,-3.8190256037852746,0.6505659841770908,-0.9525914883212893
eat_bio,12,f99dc342-77cc-4ab8-a22d-0aea960829d8,XC376687-XC360907%20-%20%D0%A2%D1%80%D0%B0%D0%B2%D0%BD%D0%B8%D0%BA%20-%20Tringa%20totanus%20robusta.flac,Xeno-canto,Aves,True,-3.779465702449552,-0.6321738729146014,-0.6474215860695245
eat_bio,12,4617b5a8-a226-4662-b005-5eaa24eb43c3,9500300I.flac,Watkins,Mammalia,True,-4.0056104488101925,0.668438616852421,-0.8945976022907713
eat_bio,12,75cd84ad-8c2c-4333-88c9-7327f5e3bf23,XC420018-Common%20Bulbul%20on%202.9.17%20at%20Twinga%20Lodge%20TZ%20at%207.10%20for%20.10%20_0448.flac,Xeno-canto,Aves,True,-3.669279459369538,-0.735893522073641,-0.5425778412614478
eat_bio,12,eeb57353-2d95-488d-af35-add7e1716977,XC282848-HETH_3-4-15_1330_MtOrd1.flac,Xeno-canto,Aves,True,-4.212682516799334,0.30433488671552356,-1.1037498914062471
eat_bio,12,8798231a-34af-4290-b188-7ddff7e20192,126066.flac,iNaturalist,Aves,True,-3.6995939730528673,0.15465964044220948,-0.648861335992604
eat_bio,12,ff86a050-6731-45f6-b0df-0d4be52cd0d8,XC473849-Prinia_socialis_nom-FL%20calls%20Above%20Munnar%204Feb16%208.40am%20LS119888a.flac,Xeno-canto,Aves,True,-3.410065409200126,-0.727157305226314,-0.6245777134347822
eat_bio,12,c91eeae1-4c7c-4d46-bf6a-b81bf31ae996,513777.flac,WavCaps,,False,-3.915441429501814,0.19899079279080223,-1.3716413586637792
eat_bio,12,6fada358-92cd-4951-bf39-973c259f45e1,7801800C.flac,Watkins,Mammalia,True,-3.848913701772012,0.23895276368457635,-0.9813854795026586
eat_bio,12,94635d4d-9fc1-4914-a6c7-2f5f7b03f1e0,172953.flac,iNaturalist,Aves,True,-3.472489459894335,-0.49441831844357315,-0.5677722363825727
eat_bio,12,cb3a6d2d-fb28-4c97-bca8-4f9b108de2f2,79776.flac,iNaturalist,Aves,True,-2.8536192042893083,-0.6831134231510926,-0.40533429196793025
eat_bio,12,d461f4d6-1645-4ea6-a593-3aec461ed21d,XC563725-PROW%20%28M2%29%20-%20Song%20-%20Les%20Arends%20-%202020-05-31%2006_48.flac,Xeno-canto,Aves,True,-3.3058725354993737,-0.5772325452553427,-0.5398315508156278
eat_bio,12,878a679a-f3c4-4277-aae3-b31c9a59c959,XC714401-Grey-winged%20Blackbird%20female%20Call.flac,Xeno-canto,Aves,True,-3.8815997429721576,-0.7793067726656178,-0.5562271019655904
eat_bio,12,040a385d-3c15-49d5-9e54-ee4649593939,XC507221-Tamatia%20tachete%CC%81%3ACrique%20Saint-Georges%3A01-11-19.flac,Xeno-canto,Aves,True,-3.082783097558656,-0.6456160309021686,-0.3990472797299861
eat_bio,12,cd88c22f-f94f-47c5-8dd1-c503f28aecaf,57026059.flac,Watkins,Mammalia,True,-3.750173762308795,0.07408691737726186,-0.727402336776161
eat_bio,12,fa147d6d-55ca-4786-8269-3a37cb17ce28,XC625226-Carrion%20Crow%200649.flac,Xeno-canto,Aves,True,-3.890673974902188,-0.2143648354356807,-0.7417022612326771
eat_bio,12,64b22456-5987-405b-a70e-7acd9c8604c9,20090914_WayKambas_BandedPitta_song.flac,Xeno-canto,Aves,True,-3.2455634393170825,-0.6764183324437951,-0.5814758699097896
eat_bio,12,2c99f75f-28e7-4df9-b7eb-5ca44807bedd,XC193967-THRUSH_Swainson%27s_c%20ustulatus%20Fish%20Creek%2C%20Hyder%20AK%20062314%201438.flac,Xeno-canto,Aves,True,-3.549194454250452,-0.673502690617723,-0.7154236472144666
eat_bio,12,c9ad03d2-a092-4d7f-a663-7112b438b12a,XC200559-141024UhuGesangFH2edit.flac,Xeno-canto,Aves,True,-2.9713185070070107,-0.6645819031016933,-0.2903063178200131
eat_bio,12,28da31b7-3b02-4799-a4d5-4d22351dc633,XC510628-Cranioleuca%20sulphurea_Rio%20Grande_1164.flac,Xeno-canto,Aves,True,-3.2156402133429474,-0.6016499643269748,-0.4724317995821599
eat_bio,12,9c91916b-7620-42c6-a2b4-8da3f3bcf140,XC210152-Corythopis_delalandi_14_12_2014_Amparo_SP_RSS.flac,Xeno-canto,Aves,True,-3.5642236945136427,-0.6988865993046642,-0.6245854925509808
eat_bio,12,c0265934-ab70-410e-a560-21f91e93e762,XC543571-Mino%20kreffti%20kreffti_pcm_191013_06.flac,Xeno-canto,Aves,True,-3.4622647483915485,-0.6634723758630817,-0.5743501550423061
eat_bio,12,a32a40cb-43da-4114-9668-455fc632df45,XC226630-Long-billed%20Woodcreeper%20%206212.flac,Xeno-canto,Aves,True,-3.1184756581662745,-0.6948825695486828,-0.48157106544593953
eat_bio,12,823eb09a-bc66-4ab4-ae43-ec1e805e341b,SSW_070_20170401_100007Z.059_004.wav,NatureLM,,False,-3.272735973268616,-0.7129031721618765,-0.5634877637588159
eat_bio,12,5bf962c9-3f94-43a2-acfb-cb014b8da2f0,77009017.flac,Watkins,Mammalia,True,-3.5017464663895197,0.7962453895993502,-1.357271390218016
eat_bio,12,f2650314-83b4-4e4b-a1f1-f93edd739272,SgriseicollisLepipuertoMD5track30.flac,Xeno-canto,Aves,True,-3.4259133258451078,-0.5657435157728705,-0.5003128750500976
eat_bio,12,149de911-bf52-44f1-8c07-30079bfa5024,XC658335-210617-NFC-guiffette-moustac-possible-04h45-Guerfand-4.flac,Xeno-canto,Aves,True,-3.4726827105108935,-0.7497268090231556,-0.500315793805663
eat_bio,12,39c8e491-e1d9-4ab0-97e7-74067bf186b4,259389.flac,iNaturalist,Aves,True,-3.2464427103016265,-0.6420027518530615,-0.5321085709644032
eat_bio,12,1b4e638a-ef28-406c-933d-83aacd20fdfd,XC137559-Cyanomitra_cyanolaema_130404_06.flac,Xeno-canto,Aves,True,-3.32938787588514,-0.693080775106935,-0.6298970299654483
eat_bio,12,68df0cb0-a0af-45df-9066-d7d9424040a9,THRUSH%20Slaty%20%28Andean%29_08_Acambuco_Salta_AR_8OCT05_B%20Lopez-Lanus%20%28BLL%20et%20al%202007%29.flac,Xeno-canto,Aves,True,-3.2978169568998275,-0.5606467328614186,-0.7945353605982464
eat_bio,12,bf372c58-e740-4020-a974-80d3865f9a60,CARDINAL%20Yellow-billed_05_Otamendi_Campana_Buenos%20Aires_AR_22NOV01_Bernabe%20Lopez-Lanus.flac,Xeno-canto,Aves,True,-4.344106515114711,-0.08993048185361219,-0.9343011297455356
eat_bio,12,ea4a5b95-6574-468a-8c16-7df995c2ec25,XC413916-RedBelliedPitta_Talaud_072217_song.flac,Xeno-canto,Aves,True,-3.334204505703749,-0.6734996310929444,-0.5845057474332026
eat_bio,12,ccb717f9-b508-4e72-a149-36bfa38d9f13,541272.flac,WavCaps,,False,-3.950672353849197,-0.8179152718956387,-0.6554867393328958
eat_bio,12,d92bc3a1-d8f7-439c-a0c3-2ab375d2c753,2836_5355_000026_0000002.wav,NatureLM,,False,-4.3505982884032965,0.09098177050742123,-1.4657774752272386
eat_bio,12,2234bc1e-d1f1-4d15-964e-3311e14534b2,622099.flac,iNaturalist,Aves,True,-3.2447046258994403,-0.6926499961215555,-0.47047818691222537
eat_bio,12,029aeed5-40a1-4728-bdb0-c328c4fa78fa,87003005.flac,Watkins,Mammalia,True,-3.593169813794449,0.45020745667901063,-0.7069483256767014
eat_bio,12,afb37eee-ce7c-4964-9b19-86b9b477797a,A%20Buchfink%20C.flac,Xeno-canto,Aves,True,-3.5118226198242635,-0.7048877031887326,-0.5398020543454869
eat_bio,12,eb6d9779-2525-4889-8e90-fef798a9e447,XC585592-200829_2330a.flac,Xeno-canto,Aves,True,-3.49059055721339,-0.4782019217576544,-0.6455330378611981
eat_bio,12,26df3063-fe3c-48d5-9f5b-f1cdd1c39ddd,XC273712-Lance-tailed%20Manakin%20call.flac,Xeno-canto,Aves,True,-3.468386540776895,-0.6997201965669987,-0.5801667147121881
eat_bio,12,dfa945a5-d725-4213-8024-e95444d30022,SSW_131_20170506_160014Z.056_012.wav,NatureLM,,False,-3.527821132086689,0.1633049961231107,-0.8263063794665267
eat_bio,12,724ad83d-b8bf-40b4-8871-a63ef9997a2d,80951.flac,iNaturalist,Aves,True,-3.468955753241456,-0.635567821516856,-0.6989316061043733
eat_bio,12,22d963f6-b54e-4af3-af09-f900ef4999a3,498419.flac,iNaturalist,Aves,True,-3.158191459880369,-0.580442818478407,-0.9385475290790943
eat_bio,12,c83f22a7-fcf1-4fae-be2b-63a0e713fef5,XC703174-DUFL_2021-06-04_Surveyor_Campground_Klamath_County_OR_0834.flac,Xeno-canto,Aves,True,-2.861469797573374,-0.4676111866338637,-0.6512663374388137
eat_bio,12,64fee962-59fe-4b32-a996-53a8f0a500b0,XC256074-THRASHE_Cur-bil_c_dawn%20OPCNM%20500m%20082012%200531.flac,Xeno-canto,Aves,True,-2.7924226886527106,-0.6119863674220455,-0.5534504837731389
eat_bio,12,767551e6-6aee-488f-b86a-934001633d21,XC684441-Cape%20Batis%204%20note%20call.flac,Xeno-canto,Aves,True,-4.129602880154843,-0.8369137876890063,-0.7976793914523432
eat_bio,12,f65f769a-7e0f-4a8f-b4c5-407c13a0f3df,XC276215-Muscigralla_brevicauda54cut2A.flac,Xeno-canto,Aves,True,-3.5383275571317583,-0.7286105208304444,-0.5135988119457254
eat_bio,12,0f5c174e-631e-443c-b669-913d7a104b82,413492.flac,WavCaps,,False,-4.4245459561831195,-0.7921910224426036,-0.8184350311055681
eat_bio,12,e3017e9b-8dde-411e-9379-397d61190dfa,XC280005-LS_56546%20FALSE%20BAY%20AREA%20Scarlet-chested%20Sunbird%20call%20A.flac,Xeno-canto,Aves,True,-3.641380785372089,-0.6535008309575622,-0.623163091472178
eat_bio,12,a012a70a-7061-4d78-99d2-95bfe85811eb,519647.flac,iNaturalist,Aves,True,-3.571867203442451,-0.3940940440885459,-0.7119091161163779
eat_bio,12,af091fbd-597b-4c39-873b-ba66c2dee4a7,XC701555-mp3%20%E0%B8%AB%E0%B8%B1%E0%B8%A7%E0%B8%82%E0%B8%A7%E0%B8%B2%E0%B8%99%E0%B9%80%E0%B8%82%E0%B8%B5%E0%B8%A2%E0%B8%A7%E0%B8%AB%E0%B8%B1%E0%B8%A7%E0%B8%94%E0%B8%B3.flac,Xeno-canto,Aves,True,-3.25021124758182,-0.6459060337209295,-0.5032031534595188
eat_bio,12,d8591970-8835-4997-a360-34765d5f69bf,XC428511-Campylorhamphus%20falcularius3.flac,Xeno-canto,Aves,True,-3.3433377565503726,-0.6790438280672486,-0.5564710196716977
eat_bio,12,22d30df2-b2ec-4bb6-94ed-143303dce57e,631192.flac,iNaturalist,Aves,True,-3.193179665462977,-0.6854706657169837,-0.45150947800062213
eat_bio,12,45b9c5c2-0617-4b49-845c-ba57e4de9d37,XC698221-RECAV0_210507_1017_lim026_alarme.flac,Xeno-canto,Aves,True,-3.658095920763298,-0.7051112637982595,-0.6901855995619479
eat_bio,12,b93a5062-b645-4972-afa0-64f8b52eaf7b,46680.flac,iNaturalist,Aves,True,-3.0227571582357946,-0.6215055903886139,-0.417209981076072
eat_bio,12,f73d5b6c-4e75-4706-8879-10efb3f9dd6d,XC590985-Megascops%20roraimae%20MNML%20092020.flac,Xeno-canto,Aves,True,-3.917115818180984,-0.772950016841917,-0.6711561902191021
eat_bio,12,3c561d9f-faeb-4095-a8df-db39c9f90e29,2413%2F27.flac,Xeno-canto,Aves,True,-3.198940495143329,-0.6849024236625121,-0.4091659376778141
eat_bio,12,5ff1b801-99e2-4468-8d1a-003bc3b04b9b,XC304310-Coppersmith%20Barbet.flac,Xeno-canto,Aves,True,-3.587274189947509,-0.746962790085143,-0.5367288555083872
eat_bio,12,55b259de-bb5a-430f-b244-4074b68ab8e8,Yyy2Msyv3j5Q.flac,WavCaps,,False,-3.45884069708072,-0.6368387172298403,-0.6463754901375411
eat_bio,12,95ee6b95-ab25-4dea-9368-291d38239041,XC499085-190917-100410alveolacinzenta.flac,Xeno-canto,Aves,True,-2.977700157919167,-0.676256427824977,-0.4241260495126168
eat_bio,12,95692cfb-15bf-4154-972c-e5b56cd998d3,650032.flac,iNaturalist,Aves,True,-3.1937427933511775,-0.5723046776698103,-0.6901198081821789
eat_bio,12,d2e93f15-608a-4d0a-95c5-fe87761ced2d,XC139158-Northern%20Puffback%20Manegusha.flac,Xeno-canto,Aves,True,-3.4849939532360446,-0.7054496252500686,-0.5116933433116073
eat_bio,12,29f3fee1-2bc8-4972-b909-cfb00e85d26f,XC296212-picchioCen1.flac,Xeno-canto,Aves,True,-2.5404558372813772,-0.4572434921101291,-0.5800836409934872
eat_bio,12,44931f2b-2ab3-4914-8242-05d44c65b572,83_11691_000076_0000044.wav,NatureLM,,False,-4.2242268041408595,-0.8251186130609826,-0.8953161725309167
eat_bio,12,ce541065-12f5-4555-ad32-64dcb6a2cbd9,XC538724-Indian%20pitta.flac,Xeno-canto,Aves,True,-3.524445825172258,-0.7654176208992729,-0.55434141561567
eat_bio,12,880d47c7-4327-42c4-a423-4b34ab155b4b,133566.flac,iNaturalist,Aves,True,-2.923985744651161,-0.6243219443936714,-0.41815725060602804
eat_bio,12,58256ccf-1484-4797-acd3-15a9751cc3d9,XC157730-Gampsorhynchus-rufulus-FL%20response%20Chidu%20area%2C%20Mishmi%20%207Apr13%207.33am%20LS113820.flac,Xeno-canto,Aves,True,-3.904510764150358,-0.8030654087388471,-0.5997668293244025
eat_bio,12,9d183521-c0ab-445b-941e-add62ef1a4bb,40452.flac,iNaturalist,Aves,True,-3.326491036066813,-0.6750688094803847,-0.4721299489567975
eat_bio,12,e1502208-c3f6-4ddd-b74f-16743dde4b5a,Cervus_elaphus_S1329_07_short.flac,Animal Sound Archive,Mammalia,True,-4.1481142618376925,-0.576135698303349,-0.9309185739436047
eat_bio,12,80c52694-8f0c-4bf5-9cf5-2cc5dfdd1044,XC407843-Woodpecker_Grey_and_Buff_UM1_20thMar18.flac,Xeno-canto,Aves,True,-3.2920140304650056,-0.6098426378373176,-0.5328254822754609
eat_bio,12,57ccbcb8-2320-49db-b21a-1b75139f3ee9,115565.flac,iNaturalist,Aves,True,-3.712649831039542,-0.7104761016291424,-0.6471750741260195
eat_bio,12,8bec7a0c-beaf-4a10-adb4-567825faa1cf,XC664893-9%20Saborta%20Warning.flac,Xeno-canto,Aves,True,-4.383064883701473,-0.6104944749850278,-0.9780101200224189
eat_bio,12,768010b4-e17e-48d6-8a0f-02736799380d,XC561638-cho%20hul%20femelle2.flac,Xeno-canto,Aves,True,-3.469003659379659,-0.6876981206499164,-0.6021595677798616
eat_bio,12,098334ce-c397-4222-8296-8ffca7fae437,194139.flac,iNaturalist,Aves,True,-3.2278958999473897,-0.7079750118106007,-0.4519062919314414
eat_bio,12,6978dff9-253f-4c22-9532-708d02ae08a5,XC701615-S4A10550_20200623_210002-23.12_klask.flac,Xeno-canto,Aves,True,-4.0317891919331945,0.08120974492051292,-1.0198419016346263
eat_bio,12,dfd6cbf9-31a5-4bb6-b123-9f59b3ff4daa,SSW_118_20170429_220023Z.001_008.wav,NatureLM,,False,-3.2993751801850038,0.21656940725849247,-0.7604286760649532
eat_bio,12,3cb08433-cebb-4c98-898b-80e54ecb219f,32802.flac,iNaturalist,Aves,True,-3.862801098916965,-0.7759050741842999,-0.5781565533705196
eat_bio,12,938bd247-c632-47bd-bbe2-f00ed2e54ea8,Serinus_mozambicus_barbatus_20100701_zang_Lake_Bunyonyi_OEG_LS100329egg-z.flac,Xeno-canto,Aves,True,-3.8231124598745354,-0.7474320525157067,-0.6279246125725486
eat_bio,12,0f9889a9-b9a6-4e30-8b08-d0242da6a515,410922.flac,iNaturalist,Aves,True,-3.6890289537336005,-0.1176345481339382,-0.8485266972028405
eat_bio,12,547a075d-83d1-4019-8116-45f9dcc43c5e,XC422294-Blue-banded%20en%20Blue-headed%20Pitta%202%20260218%20Danum.flac,Xeno-canto,Aves,True,-3.804398401961424,-0.7214826623588471,-0.6449134262453072
eat_bio,12,bdc650b9-36d5-47ed-824c-13cca43302ff,SSW_154_20170513_190014Z.028_017.wav,NatureLM,,False,-3.5354239065170723,0.2894665231462079,-0.9073300609789468
eat_bio,12,6f080f55-6198-461a-851c-e725bd9a49ab,7703501T.flac,Watkins,Mammalia,True,-3.5735612179009704,0.5380626947641802,-0.5552119893421776
eat_bio,12,c99b124b-07b7-4093-a90b-ffdd2c65a727,684349.flac,iNaturalist,Aves,True,-2.872469291801608,-0.6283364941477246,-0.38649827229253764
eat_bio,12,20ba605b-ee08-422c-ba42-f5dcc27d0a22,XC228328-Summer%20Tanager%20A%2015074.flac,Xeno-canto,Aves,True,-3.475251955951449,-0.6660339023999811,-0.6491842055970863
eat_bio,12,5e87f433-d182-4e50-9aa9-27922cdcbfd2,XC374312-rossignol%20philomele%20tarerach%2066%20not%20seen%20A.flac,Xeno-canto,Aves,True,-3.807509429248349,-0.7765526155587553,-0.7122195111651591
eat_bio,12,76dd7bc3-8435-48c0-9f78-d0a3ab3b5b10,YDTngmSh5wnI.wav,NatureLM,,False,-4.289961952688247,-0.7468326808956303,-0.8820125688640171
eat_bio,12,2c3c454c-0b4e-46df-92f6-e31c1ddc72e1,XC557317-BlackThroatedGreen.flac,Xeno-canto,Aves,True,-3.163530095307769,-0.5549463082333774,-0.6170056694983318
eat_bio,12,9b448211-8049-4506-9419-b87c7eb56679,145647.flac,iNaturalist,Aves,True,-2.5654620593384254,-0.5839583245906355,-0.316267503859254
eat_bio,12,61b544a0-e4aa-4ae3-b37c-d5f4dab651ec,XC498630-GRACKLE_Gre-tai%20Tepic%20900m%20042519%200707.flac,Xeno-canto,Aves,True,-3.0920366321639037,-0.5786460825577338,-0.6874385945453532
eat_bio,12,93113a3a-def3-467f-a6a8-0aea0e83c63e,XC614959-Pipit%20de%20Richard%20Carolles%2012%20nov%2019.flac,Xeno-canto,Aves,True,-3.777134749160858,0.4013776669567085,-0.7692545340482206
eat_bio,12,24b8e155-3f39-4502-8d6c-ae5b54479f95,XC510190-LS_58313%20Hildebrandt%27s%20Starling%20predawn%20song%20B%20Superb%20Starling%20C%20Slender-tailed%20Nightjar%20C.flac,Xeno-canto,Aves,True,-3.5918384176212665,-0.7220200816946982,-0.6422991031372511
eat_bio,12,1be2c6f6-d8c9-4f70-92e4-b56e5cdea7f0,252028.flac,iNaturalist,Aves,True,-3.701147430414136,0.23356139708290835,-0.8888292041534651
eat_bio,12,0de51500-38b0-4fba-91d8-4197b88be5c0,XC268851-carduelis%20carduelis%202%20parque%20alamillo%2010-05-2015.flac,Xeno-canto,Aves,True,-3.4056039343491906,-0.7259290009704592,-0.5138398565657616
eat_bio,12,e5e7833a-1fb9-40f5-a213-ca0cd70e516e,51356.flac,iNaturalist,Aves,True,-3.0515332039648784,-0.5932252000465387,-0.553603410398735
eat_bio,12,c9baa9ca-fe4c-47a6-914f-639f436c7bfb,SSW_110_20170429_110008Z.012_001.wav,NatureLM,,False,-3.1224405822491055,-0.6336439018931987,-0.5882999544588408
eat_bio,12,6e8f114b-95be-46a3-9e7c-ab79a2839796,DM550027_8strixUralensis.flac,Xeno-canto,Aves,True,-2.9667080166073183,-0.6556621568633635,-0.3454921669478589
eat_bio,12,93c18450-b237-4c1a-86b8-f3f083500889,151117.flac,iNaturalist,Aves,True,-3.381425546330339,-0.6922738079853352,-0.6361294847716353
eat_bio,12,6abc42ac-bced-4f8e-bc1b-15d06257a15c,453053.flac,WavCaps,,False,-4.01323136346133,-0.47297534362871535,-0.8210340134552234
eat_bio,12,259b6cdc-b252-4618-b2dd-2002b3a00c2b,411097.flac,iNaturalist,Aves,True,-4.219139401507764,-0.6747053202775474,-0.9166338890771815
eat_bio,12,3afa59d0-3f62-4840-8d8b-166a12870993,XC424030-Myiarchus%20tuberculifer%20R%20Bellavista%2012%2006%202017%203%2055%20pm.flac,Xeno-canto,Aves,True,-2.861913207132374,-0.5252060977060614,-0.7188315901795548
eat_bio,12,2ebc7768-c055-4f71-8ef4-e635b3189403,XC732418-210904_03%20Tawny%20Owl%20%282%29%20N%200206%20XCu.flac,Xeno-canto,Aves,True,-2.3680988503730513,-0.5155552174807744,-0.32353611622237255
eat_bio,12,f36d9ee1-b897-4137-91f7-bdf664bc16f7,ICLISTENHF1251_20140904T175409.262Z_038.wav,NatureLM,,False,-2.855787265375774,-0.5329886410858005,-1.0169934873392565
eat_bio,12,b5f12d26-7328-4f78-b2a5-a3f7a363e89f,XC465758-R37_0108%20Coraya%20Wren.flac,Xeno-canto,Aves,True,-3.378644481808175,-0.6297909198207327,-0.5360129602722689
eat_bio,12,ad0c2a47-07f3-4f39-93e4-184b117456c3,XC426860-LS108242%20Black-crested%20Bulbul%20song%20B.flac,Xeno-canto,Aves,True,-3.3690958845435737,-0.6721429598230417,-0.6036733787405589
eat_bio,12,0881cd4e-e788-4668-b4b3-a8dce94f0306,156708.flac,iNaturalist,Aves,True,-3.0047507632649726,-0.6628134391854273,-0.3174650551650043
eat_bio,12,e5e0eb45-0623-43f2-9fc6-fdffffdcea69,XC390467-White-throated%20Laughingthrush%2001%20-%2015Dec16%20-%20Sigri%20-%201109.flac,Xeno-canto,Aves,True,-3.2702349155996133,-0.6710560112247473,-0.5415333217867306
eat_bio,12,1a705b9e-4b45-4fc0-9ca9-0dc306e7e1e8,SALTATOR%20Golden-billed_17_Putre_I%20Region_CH_4NOV99_Alvaro%20Jaramillo.flac,Xeno-canto,Aves,True,-3.0567765074840403,-0.5140223257109818,-0.6151378331463536
eat_bio,12,a50d1daf-2f9a-4f8a-822f-51ad13bbadb4,YIA3Um5JtMqU.wav,NatureLM,,False,-3.5149873276223285,-0.5679517747766238,-0.7048667635998396
eat_bio,12,fb168f39-0035-4516-b8cd-8b8552705ccb,514405.flac,iNaturalist,Mammalia,True,-3.008278354477933,-0.5894307317683695,-0.7405822240274548
eat_bio,12,c5a97ecb-3eb2-41e8-82fd-ffd90d062fd7,XC684562-vite-vite-de-cabe%C3%A7a-cinza.flac,Xeno-canto,Aves,True,-3.6206771003010316,-0.6983509991570673,-0.5551398277834203
eat_bio,12,9c65b9d3-98d4-4d13-a705-94529a1c3241,ICLISTENHF1251_20140404T200459.775Z_051.wav,NatureLM,,False,-2.755056321087179,-0.5040522784625789,-0.873167668747733
eat_bio,12,09f37e69-9a9c-416b-9c44-86358a8ac40d,XC314241-Unknown%20-%20poss%20gw.flac,Xeno-canto,Aves,True,-3.562573754599523,-0.6883738040961864,-0.6426236548469749
eat_bio,12,6754e8a8-358b-4094-8b60-c013fa7fa5d8,XC773008-170519_01-Buskskv%C3%A4tta-s%C3%A5ngl%C3%A4rka.flac,Xeno-canto,Aves,True,-3.605911684123617,-0.7307908970606488,-0.6090757148773668
eat_bio,12,4031dcbb-cf15-4625-8794-0a18eba07430,110409.flac,iNaturalist,Aves,True,-3.9354976178131538,-0.6790777213735026,-0.8835415509272636
eat_bio,12,4d10e22d-7348-409c-8c15-7688683e0ec9,XC717159-220422_0150_stepnoy.flac,Xeno-canto,Aves,True,-2.8785892184778414,-0.5268652276002364,-0.6201580312877844
eat_bio,12,f86852f7-a734-4245-a146-857bac1d5a7d,32073.flac,iNaturalist,Aves,True,-3.083367563390748,-0.6292669515800637,-0.44118935767054623
eat_bio,12,d67a295c-5acf-455b-9e1f-2e7e9b8751f7,XC336055-160409-191944_Cyanistes%20teneriffae%20teneriffae_R.flac,Xeno-canto,Aves,True,-3.8602600762734993,-0.8245905418242753,-0.654881894507926
eat_bio,12,4bfa106e-19e4-4a55-bee6-bccdae6395f2,XC762905-LS_51891-Common-Newtonia-song-A.flac,Xeno-canto,Aves,True,-3.8735146979471318,-0.758688978617965,-0.6827091728092507
eat_bio,12,1f98d9b4-40f6-48ce-9530-763e3b226d66,XC332011-Tern%2C%20Antarctic.flac,Xeno-canto,Aves,True,-3.757794168415788,-0.6860636323052167,-0.5884582812292501
eat_bio,12,c5fd87a3-5302-492d-bdd6-b742b5cb396b,XC525575-x_IAvH-CSA-5771.flac,Xeno-canto,Aves,True,-3.234247868523457,-0.7283161631803667,-0.3962982324820492
eat_bio,12,38b5e494-6ef7-45a6-8bc6-d889803c202f,XC567554-Cannaiola%20verdognola1.flac,Xeno-canto,Aves,True,-3.1763883115720724,-0.6498914504925968,-0.45935080484128565
eat_bio,12,71402ffd-55bc-4fb1-a3e8-d08b8f2fa780,XC643933-24_10_39_actitis_glareola_totanus.flac,Xeno-canto,Aves,True,-3.5189016663615913,-0.730902094651194,-0.4492138110568375
eat_bio,12,cd8055b7-c454-409a-b847-53fca842a0ed,XC629513-MIXPRE-4304.flac,Xeno-canto,Aves,True,-3.421030928593167,-0.6752434269928468,-0.5917917765654206
eat_bio,12,713a478b-1866-4ec0-9a2a-838d12805843,XC445196-Slaty%20Finch.flac,Xeno-canto,Aves,True,-3.5069303929522873,-0.6955978123087306,-0.6029783446677254
eat_bio,12,90809c3f-33d3-4579-80c6-698a8313ef17,70014002.flac,Watkins,Mammalia,True,-4.066303164109757,0.6674037763435873,-1.0153880283143315
eat_bio,12,fda78aee-aa4a-4375-be28-331f005d0297,bass_synthetic_096-033-100.wav,NatureLM,,False,-4.738222505688571,0.9602009898906763,-1.9685857099011812
eat_bio,12,e9bef080-ea2f-4a83-a7f9-6c36320a7b9a,XC439825-BECARD_Ros-thr_c_exc%20Uvalama%20400m%20051018%200619.flac,Xeno-canto,Aves,True,-3.2391275200737275,-0.6972448436629034,-0.5865312034726718
eat_bio,12,028bccfe-4580-40cf-9127-7b283908caf5,XC485317-PICCAN%20kaes%20jvk190707.flac,Xeno-canto,Aves,True,-4.385232519473624,-0.6891940257413183,-0.9543146810466681
eat_bio,12,86ca1665-8ebc-441f-87c0-121b189c432a,XC515437-Mirafra_apiata_nom-FL%20song%2035km%20from%20Skittykloof%2022Oct19%207%2C50am%20LS114806b.flac,Xeno-canto,Aves,True,-2.8930253620084803,-0.6306895403404819,-0.34550133285879236
eat_bio,12,d4f3df4e-8485-4e95-95ff-f21f6382abfb,XC397510-Fork-tailed%20Drongo%20exc%20SPCA%20dam.flac,Xeno-canto,Aves,True,-3.4357107993402667,-0.6566833795335922,-0.6202096898473899
eat_bio,12,df8cbea6-9ca8-4947-a792-330de6f059e1,XC673485-gul%C3%A4rla%20lock%20ossora%202.flac,Xeno-canto,Aves,True,-3.9525660420166333,-0.39244899323437277,-0.7390621041344513
eat_bio,12,e9a8ef71-3906-45ac-965e-ccbb132caa6f,641050.flac,iNaturalist,Aves,True,-4.320179520945398,0.5083938308198739,-1.895071093779023
eat_bio,12,7169c1ff-a981-44f1-af84-f41da149eee2,SSW_165_20170603_010000Z.001_003.wav,NatureLM,,False,-2.5394681931208236,-0.6077399558712806,-0.4369868811221376
eat_bio,12,a70ec7f2-0aef-4022-b54b-81c81b40d45e,XC591365-Bar-tailed%20godwit%201226.flac,Xeno-canto,Aves,True,-3.4434256802126457,0.049487016985652,-0.7451786477544713
eat_bio,12,3c4ce7f6-faf7-4b3c-972d-18a04464be58,XC650670-Cape%20Batis.flac,Xeno-canto,Aves,True,-3.273481184416039,-0.6422436466215182,-0.47081866865940064
eat_bio,12,da51ccbe-bd84-450c-8e48-a2406a977b60,XC632257-Black-capped%20Pygmy%20Tyrant%20March%2020%202021%20105617%20AM.flac,Xeno-canto,Aves,True,-3.209046029020022,-0.6397954265108682,-0.5353365298022681
eat_bio,12,21078a26-1dd8-4efa-8db3-29e257096438,463843.flac,iNaturalist,Aves,True,-3.847175105132183,0.1125858933351297,-1.0031736931108515
eat_bio,12,381969a4-254e-46e8-a473-a7aee66653b1,7538_100043_000013_0000012.wav,NatureLM,,False,-4.374107674560694,1.035789826956497,-2.2221919666366965
eat_bio,12,a3ba416d-9a75-4d39-88bd-7e1841238f47,XC634670-ichtyaetus_melanocephalus_2021_03_31.flac,Xeno-canto,Aves,True,-3.372275909496285,0.19271423611128413,-0.6795245309474331
eat_bio,12,aad98f44-759a-4a72-9b30-5bf077bef385,Sylvia_communis_Co0060_13_short.flac,Animal Sound Archive,Aves,True,-3.7035208464034417,-0.5525661995913612,-0.7843770094728184
eat_bio,12,9de11c86-89eb-4273-956a-0030a840595c,XC415766-Sendelingsfontein%2017.5.2018.flac,Xeno-canto,Aves,True,-3.3971172298577472,-0.5317571381740648,-0.5485254346465622
eat_bio,12,c0bb22b8-5fe8-4c8b-a13c-f6761abd1665,YLF-070rGEbQ.flac,WavCaps,,False,-4.108084655929326,-0.5618422375959078,-0.9806186114243474
eat_bio,12,4b17f9cf-5f1c-4881-a0de-b73706f1c147,97782006.flac,Watkins,Mammalia,True,-3.8416842534908295,0.4850495468635023,-1.09200955700117
eat_bio,12,8ce5a3bf-5f04-4fc1-86ed-0d193b5d8026,SSW_130_20170506_150010Z.024_010.wav,NatureLM,,False,-3.2676739388310625,-0.6050830630221651,-0.6248581709380113
eat_bio,12,8bf6f976-3ca2-4256-91a9-2e6fec138445,XC236669-093%20Barbet%20-%20Lineated%20%28Megalaima%20lineata%29%20Call%20500m%20ThungYaiNaresuanTH_GI_LS111373.flac,Xeno-canto,Aves,True,-4.013486743625148,-0.8570825923379692,-0.6177443569405139
eat_bio,12,4318866f-89c4-4372-8191-4d541f63fc59,7100201K.flac,Watkins,Mammalia,True,-4.015093938984242,1.144330629152147,-0.993364525880726
eat_bio,12,bf8acb2d-b958-4ffb-9feb-9e89583ac4a7,YoZapEQbSCfw.wav,NatureLM,,False,-4.1383760000996315,-0.7216745959189612,-0.8601588391899551
eat_bio,12,e77d1512-ba25-429d-a114-8e6874fa2b9f,XC417541-MoluccanScopsOwl_Buru_082117_song.flac,Xeno-canto,Aves,True,-3.701028602159163,-0.6932897152559148,-0.6575694483019827
eat_bio,12,3eebc371-e43d-4382-9075-2c24d5298cb0,SSW_283_20170826_170022Z.047_008.wav,NatureLM,,False,-2.8271560307465626,-0.6175387204902445,-0.4683503367386287
eat_bio,12,155b572c-d1b0-4670-83d1-0e0cdaedb625,SSW_020_20170304_070004Z.030_000.wav,NatureLM,,False,-2.9646257529324704,-0.5855470976757615,-0.5473403886694204
eat_bio,12,eef42577-4f66-40f6-9836-b064082e6cb7,262702.flac,iNaturalist,Aves,True,-3.5473121920086292,0.12528213826151768,-0.6362014885908108
eat_bio,12,eddd07e8-cb3b-4cfc-8cc6-ac958a5a05e9,75012037.flac,Watkins,Mammalia,True,-3.2752727011143032,0.3156285007256617,-0.5585128724421193
eat_bio,12,75b55dac-a75f-48b5-870d-8512b9dcc57d,XC283924-Elegant%20Tern%20pair%20flying%20to%20colony%20-CA%2C%20Bolsa%20Chica%2C%20Orange%20Co%2C%20April%2009%2C%202015%2C%200925%20AM.flac,Xeno-canto,Aves,True,-3.6575905927134977,-0.6673848493886856,-0.6180652496070289
eat_bio,12,afa092bb-f85d-4a09-9d0e-d1812b9a0227,brass_acoustic_027-065-100.wav,NatureLM,,False,-5.207141398120512,1.2050682415994478,-2.389056022422998
eat_bio,12,d2553af2-6bda-42e6-bcad-633058a3ce05,SSW_250_20170722_130012Z.053_007.wav,NatureLM,,False,-3.1297585254263827,-0.6306885975868011,-0.6057303802817252
eat_bio,12,319b430c-7b69-4254-9274-2c98e945fd78,ICLISTENHF1251_20140504T143153.842Z_040.wav,NatureLM,,False,-2.2968270367049533,-0.47668320112447093,-0.5599906272748367
eat_bio,12,5b4f149e-7b9e-4e4d-b458-6af0f67f8787,XC715729-R00244.flac,Xeno-canto,Aves,True,-2.9423083104441834,-0.6474220419655465,-0.36709860551971263
eat_bio,12,5fd45605-956f-4816-9712-12f8873090ec,XC337919-SCR-OWL_Whisker_c_bark%20delayed%20RPB%20Mesa%20de%20Arturo%202100m%20081313%200516.flac,Xeno-canto,Aves,True,-3.38661919662008,-0.7253230257111495,-0.4257614038904657
eat_bio,12,a462f272-cffc-4dda-8dd4-055c5d4c89f1,YfEYaxZoQ188.flac,WavCaps,,False,-3.9066389145759137,-0.6984594435794792,-0.8127397785631104
eat_bio,12,12eb602b-9d55-478e-a006-9818b078a942,9320100X.flac,Watkins,Mammalia,True,-3.3388011466696255,-0.1648133117025315,-0.8454644788424046
eat_bio,12,77fe7099-9ac9-43e8-97a9-05680b0e60d9,109318.flac,WavCaps,,False,-3.248237657668719,-0.7064830402846538,-0.4730407984073039
eat_bio,12,0831e3b7-8ca8-4d6a-a12a-b1e18ea91aa0,SSW_226_20170701_190013Z.055_005.wav,NatureLM,,False,-3.1692551601055627,-0.6510851713580714,-0.557775941592771
eat_bio,12,477f40d1-81d0-4c61-b971-9cbec7552c96,keyboard_acoustic_012-023-100.wav,NatureLM,,False,-3.858961034272026,0.5582933714183356,-1.7170749467721924
eat_bio,12,bf728c91-628d-4477-98ec-1006028bbb0b,274751.flac,WavCaps,,False,-3.173656430471626,0.17981211384178733,-1.2220185951632168
eat_bio,12,62f564be-3619-4132-9d2c-96f342e9e87a,XC741987-Celeus%20galeatus%20-%20Marcos%20E.Sosa.flac,Xeno-canto,Aves,True,-3.1132178065126728,-0.6611161197814622,-0.3975194791185386
eat_bio,12,9576bf10-17fe-4d70-b256-cb074b749282,7816_108621_000010_0000001.wav,NatureLM,,False,-4.2220757499971455,0.7940628743202891,-1.7987744821315261
eat_bio,12,93571316-2734-4fa3-986b-cbb488cf432a,6104800B.flac,Watkins,Mammalia,True,-3.2767500539501118,-0.5886201987572419,-0.795464731517907
eat_bio,12,0d5308bb-c6ad-465e-8e4e-829442671d9c,XC741655-220716%20MP-1714%20id%20goe%CC%81land%20marin.flac,Xeno-canto,Aves,True,-3.2861765087292465,-0.6342790132618465,-0.5471596502511568
eat_bio,12,4a918152-129b-4574-95e4-3553c34c17b9,ICLISTENHF1251_20140702T124216.470Z_047.wav,NatureLM,,False,-2.7873044252339394,-0.45623533489901225,-0.9572541126271923
eat_bio,12,c1242de1-a32c-448b-9cf5-a7f682aba8a5,XC227936-Strickland%27s%20Woodpecker%20B%204592.flac,Xeno-canto,Aves,True,-2.909914147886469,-0.6277069858275711,-0.35060451658724157
eat_bio,12,1653e321-adca-400b-81f7-1544730fd523,SSW_117_20170429_210015Z.022_001.wav,NatureLM,,False,-2.8613878353578004,-0.6125134850719571,-0.49403175169123087
eat_bio,12,e426f293-f8e3-49bd-82e4-11828c92724e,SSW_149_20170513_140018Z.008_000.wav,NatureLM,,False,-3.070058317659357,-0.6477031073534908,-0.576998611124793
eat_bio,12,5e043ed6-a2e1-420e-bc9b-d03e5e38c8a6,XC599992-201017_001_170907_GroeneSpecht.flac,Xeno-canto,Aves,True,-2.8963239190924908,-0.6047459710354522,-0.3641546596383348
eat_bio,12,1abc296c-d293-4b87-baf9-4cf214190f7f,67274.flac,NatureLM,,False,-3.9845001717640818,-0.7779028062457802,-0.7026478308915671
eat_bio,12,629f1648-8d29-4e5a-940e-79eb0703f101,617913.flac,iNaturalist,Mammalia,True,-3.5049968662925943,-0.6040089931393535,-0.6550429432494098
eat_bio,12,a42a387d-a5a3-4da9-b54e-a66f79a87c6a,XC369601-LS105127%20Barred%20Q%20Buttonquail%20purring%20D.flac,Xeno-canto,Aves,True,-3.245889325247845,-0.5631248626492227,-0.852914780982113
eat_bio,12,0500e6e6-c609-4841-9c96-a7b888f4a2b9,XC228431-Black-bellied%20Plover%20B%201499.flac,Xeno-canto,Aves,True,-3.3675950272019057,0.07682877302419983,-0.5733055976080507
eat_bio,12,e3d7c395-3114-4beb-a72b-3844a02b34fa,Blythipicus_pyrrhotis_Vietnam-84.1a-FRL_VN_15_587.5-619.6_1_C.flac,Xeno-canto,Aves,True,-3.7890483033816027,-0.822236771300856,-0.5972824196478329
eat_bio,12,921825f0-e47e-4fdf-8530-bd859edf9048,mallet_acoustic_039-054-075.wav,NatureLM,,False,-4.202851078052316,0.39323950388574624,-1.9984363586846219
eat_bio,12,6af21c82-c800-406a-b5f3-e238b98b893e,XC562717-sterne%20indeterminee.flac,Xeno-canto,Aves,True,-3.4739454330138226,-0.23958715346866508,-0.5529969888793186
eat_bio,12,27d118a4-5eea-4c8b-b3c5-8104d1340887,7698.flac,WavCaps,,False,-3.728066117168932,-0.7759018247683481,-0.6762677236833873
eat_bio,12,c6d24760-4fc9-43bc-bbcc-a9affa8766aa,XC117271-43%20Audio%20Track.flac,Xeno-canto,Aves,True,-3.1550587407900657,-0.6572284167231882,-0.3824042195988252
eat_bio,12,83465c78-281b-4f56-9a33-ace4ce79838c,97752009.flac,Watkins,Mammalia,True,-3.2379230300620985,0.4944782622470465,-0.98675377195249
eat_bio,12,3c49a6c6-1592-4ba1-92be-9454d4591275,XC356856-170219_0044%20Vouille%CC%81%20P110%20Pic%20e%CC%81peichette.flac,Xeno-canto,Aves,True,-3.6578845784675584,-0.6452821062585832,-0.6280536502243796
eat_bio,12,9394eb24-a004-41e0-911f-d8e343a5ade4,XC715229-GALGAL%2012042022%200219%20vbo%20nfc.flac,Xeno-canto,Aves,True,-3.4835498444202955,-0.1086430780426175,-0.593175021903753
eat_bio,12,0f9fc4b0-9460-4f57-b0f2-53caea61f5bd,SSW_233_20170708_040004Z.044_001.wav,NatureLM,,False,-3.144549201772277,0.28227794088222347,-0.7788465967336105
eat_bio,12,cbd0718e-9b3e-48a0-a9c1-7f981d150926,XC497272-Witgat%20190826%20Kalmthoutse%20heide.flac,Xeno-canto,Aves,True,-3.382568879185921,-0.7048838309279213,-0.5809267211749589
eat_bio,12,58d7483b-26c6-4ba7-8443-8bb7da8a48b6,58014023.flac,Watkins,Mammalia,True,-3.452216151323376,0.5384423139397924,-0.6038314038052205
eat_bio,12,db9da019-9831-4c00-be40-d3e15f86432a,p374_116_mic23.wav,NatureLM,,False,-4.75181345916873,0.04334076398609665,-1.770391095226301
eat_bio,12,785cba80-d777-4697-8b08-e92f2e65b547,p244_347_mic22.wav,NatureLM,,False,-3.447618447055793,0.5315765302942494,-1.164564122714769
eat_bio,12,bfb4c658-60fe-4494-b8dd-27be5468a25f,75004003.flac,Watkins,Mammalia,True,-3.8851426293368734,0.7095084919928338,-0.6818958728005274
eat_bio,12,4d18ffdc-8f86-44d2-9145-cfb45a8b7f93,XC379190-turnix%20silvatica%2010%20gualid%C3%ADa%2021-06-2017.flac,Xeno-canto,Aves,True,-3.298452222386238,-0.7025922137404161,-0.5102312865260094
eat_bio,12,684f4525-8c49-4e74-8ba0-53dccbcbe153,XC630078-Athene_noctua_Steinkauz_Donnersberg_2021_03_18_4_04.flac,Xeno-canto,Aves,True,-3.6685037961871982,-0.7445950457511286,-0.5088959238708455
eat_bio,12,2d5ee0b3-1aa4-426d-bfb4-e10da5f17f85,9778000S.flac,Watkins,Mammalia,True,-4.208526744005795,1.008502488751304,-1.4576974801931017
eat_bio,12,141ddf0c-5686-4baa-9359-e48611646de3,268465.flac,iNaturalist,Mammalia,True,-3.4743280427600376,-0.7169461395230253,-0.5469349428620609
eat_bio,12,9c17d34a-35fc-4429-8063-a3e45ffc103e,9420104R.flac,Watkins,Mammalia,True,-4.118796803556747,0.8841878368288116,-1.0133896666870368
eat_bio,12,c86c34cd-175d-4dcd-999c-d580d43a479c,XC414721-guifettes%20moustac%20cris%20de%20vol%20PAS.flac,Xeno-canto,Aves,True,-3.2931849500519457,-0.5391318030490444,-0.7393441536053799
eat_bio,12,7f96d0b2-790e-4b55-b0a3-54c556f61382,8600801I.flac,Watkins,Mammalia,True,-4.378517709233182,-0.7608950570170787,-0.7519646826040588
eat_bio,12,de27cb8b-2eca-49bc-b151-bd77866e897a,153735.flac,WavCaps,,False,-3.7586807241196123,0.17992005401951472,-1.3869935074180526
eat_bio,12,5a34dcd9-4044-4ad2-bb0f-44872d20e07e,478943.flac,iNaturalist,Mammalia,True,-3.425876514962802,-0.70748414492389,-0.48156561528292746
eat_bio,12,78062cd0-82e5-4d3f-8cd2-264d9cf7f181,8501206Q.flac,Watkins,Mammalia,True,-3.8579138288486696,0.446783606788494,-0.6563320737203034
eat_bio,12,d8246da7-58b5-4a99-b764-a4db005ad579,XC408965-Melanerpes_uropygialis_nom-FL%20song%20BuenosAires%20State%20Park%2017Jan18%2011.02pm%20LS111416a.flac,Xeno-canto,Aves,True,-2.812650113159607,-0.6248929174904561,-0.4208686893544521
eat_bio,12,57b43305-03ba-4a46-9bf2-d67b0b5f6dde,bass_electronic_032-061-100.wav,NatureLM,,False,-3.4119476893692204,-0.3296396083945029,-1.0167995577743674
eat_bio,12,94fb7db3-8293-4876-9b7b-d35b1a0246fd,XC492697-Phodilus_badius_nom-FL%20song%20Kinabatangan%20FDC%2014Mar19%208pm%20LS116849b.flac,Xeno-canto,Aves,True,-3.4603062002001175,-0.6875123428399859,-0.5893312858356681
eat_bio,12,a25d96e7-6053-4ac1-bda6-4190e11f087a,mallet_acoustic_019-063-127.wav,NatureLM,,False,-3.7874532369570333,0.0273253487009662,-1.5387782924306947
eat_bio,12,f6008180-d616-41ac-a027-37f6e6e463e2,361236.flac,iNaturalist,Aves,True,-3.3829783146453787,-0.6653223287136855,-0.54307071280686
eat_bio,12,748178b4-01ef-4f66-9fd2-51a426ba901d,keyboard_electronic_000-069-050.wav,NatureLM,,False,-3.82245165268859,0.25524106613673914,-1.758045972708887
eat_bio,12,9a32177b-8e87-48ae-9b9f-3773d602a304,XC528564-Golden%20Plovers%20Driel%20180306%200030u.flac,Xeno-canto,Aves,True,-2.761293300225868,-0.5892514319890756,-0.33097568087045776
eat_bio,12,83519e91-d36c-450c-a1ef-81fb0d84be7a,97767008.flac,Watkins,Mammalia,True,-3.533269056853906,0.4228894736026665,-0.7962931972217199
eat_bio,12,5bcc80dc-e86e-4931-b089-c181346c44b8,Y9FDzG0xNp5s.flac,WavCaps,,False,-3.366524316563596,-0.6968160030210491,-0.48136912160399054
eat_bio,12,9f18bd27-3650-43fa-98c3-c18210e4a12f,XC420224-DR0000_0678.flac,Xeno-canto,Aves,True,-2.70338065935541,-0.5362403033359937,-0.412351073413706
eat_bio,12,19ee1106-5724-4111-afb2-996b9ca09d31,reed_acoustic_026-040-100.wav,NatureLM,,False,-3.888438431611054,0.40956502160771685,-1.7445708341433617
eat_bio,12,e6693075-1275-4d11-8263-d18408ee3126,XC687103-Ringed%20Plover%20%2B%20Dunlin_NFC_Lissagriffin_280721.flac,Xeno-canto,Aves,True,-3.1376353989384533,-0.5828627884651498,-0.37879880166203755
eat_bio,12,83085c9d-042d-4528-b00a-d1babe11d3eb,XC269439-Red-cockaded%20Woodpecker%20part%20of%202%2C%20at%20least%203%20with%20many%20short%20flights%20-NC%2C%20Croatan%20NF%2C%20July%2008%2C%202015%2C%201144%20AM.flac,Xeno-canto,Aves,True,-3.464463152725189,0.09897131183480534,-0.7392186574222593
eat_bio,12,bf449bc6-4274-497e-bf2e-69d7e1eb6ade,352813.flac,WavCaps,,False,-3.6849535743846684,-0.6781612793317404,-0.5699308346156933
eat_bio,12,11a02b0f-18bc-490b-ac70-3497b873e273,egg beater.wav,NatureLM,,False,-3.4352354140011006,-0.7734151791279402,-0.448931323093461
eat_bio,12,2978c4d5-2820-4b09-810c-348fc5354dbc,140487.flac,iNaturalist,Mammalia,True,-3.8102293547883805,-0.7387638132209957,-0.8540963841270999
eat_bio,12,63a007cc-9ee9-49c3-be39-f4fa346b9776,SSW_225_20170701_180012Z.052_000.wav,NatureLM,,False,-2.7462279614956087,-0.6293284243108475,-0.44804038346571423
eat_bio,12,c05844c0-56fc-48b3-af88-dcb87832b238,organ_electronic_072-046-075.wav,NatureLM,,False,-2.3797151442958464,-0.4150769432898326,-0.852215167757951
eat_bio,12,f29f24f0-c2c8-4ec0-b4e2-e834b051d04a,p229_032_mic22.wav,NatureLM,,False,-4.477718340220163,0.764320761264613,-1.7358375010529294
eat_bio,12,96bb6b75-cd6e-4f93-9c2b-d97b4102b502,1446_122614_000023_0000013.wav,NatureLM,,False,-4.37036604315251,0.17955425280814108,-1.6274177264753182
eat_bio,12,4470e334-bdca-4b4e-b9c3-e17519750162,563983.flac,iNaturalist,Aves,True,-3.7020294368298283,-0.5941451306660738,-0.6028298143070988
eat_bio,12,90da3b75-89d2-4c7c-8fe9-94c7f155d289,561526.flac,iNaturalist,Mammalia,True,-3.567921703232317,-0.7564536391872515,-0.5600038520420458
eat_bio,12,94bd8912-1b44-4a77-9970-93316905bd53,ICLISTENHF1251_20140901T070408.359Z_006.wav,NatureLM,,False,-2.6896525153652373,-0.5146002111221853,-0.9350975452934901
eat_bio,12,1da14036-d891-482d-bd7e-c83e408076b3,XC669519-S4A10550_20200621_010003-3.50_Aflamm-kontakt-d%C5%82ugo.flac,Xeno-canto,Aves,True,-3.9136586003775737,-0.6584359469666685,-0.8782226050117241
eat_bio,12,be261345-80b0-47bd-adce-81706f310468,9220100L.flac,Watkins,Mammalia,True,-3.7451981118039486,0.6631953668785862,-1.0883607922561074
eat_bio,12,d7523e0c-0a81-4f4f-94e9-07fad85ff747,XC402122-barge%20a%20queue%20noir%20vol%202.flac,Xeno-canto,Aves,True,-3.464421088821967,-0.540902280298518,-0.4525127785551658
eat_bio,12,61f8d469-5b3b-4379-8200-cb3faf7486a7,7511_102419_000027_0000014.wav,NatureLM,,False,-4.57588257890251,0.02896720705864847,-1.4757692774093292
eat_bio,12,d759aa3d-4cc8-4805-8026-353637682ddf,SSW_140_20170513_040005Z.018_008.wav,NatureLM,,False,-3.4353444271938853,0.22762478717233925,-0.903239706901963
eat_bio,12,6d54177d-1e3a-437d-b849-16d9f9f91cc3,XC520965-x_IAvH-CSA-3478.flac,Xeno-canto,Aves,True,-3.300584738994253,-0.6725079475036438,-0.5685729528354515
eat_bio,12,d1e9b24b-6be9-45cf-87f3-3235f2c09b97,7100801A.flac,Watkins,Mammalia,True,-3.1758270424654165,0.3945572300721277,-0.5813825296352059
eat_bio,12,fc2c06e6-db24-4104-a74f-0cc1006cfb3d,XC742206-ZOOM0005andagra.flac,Xeno-canto,Aves,True,-3.5452300384391178,-0.7758608866214749,-0.4501582846783773
eat_bio,12,494ab59a-9fd8-459e-ba68-b37a832bf186,SSW_086_20170408_130009Z.023_007.wav,NatureLM,,False,-3.388684745616153,-0.6679853454267051,-0.6232602828000987
eat_bio,12,7d28b679-1e2a-426b-83a0-2a25b2508955,586908.flac,iNaturalist,Aves,True,-3.173877134269852,-0.7577332077979346,-0.4696475962921679
eat_bio,12,4c08314d-87c1-4564-9356-f02a0950ae9c,XC372236-Dendrmajor-al_poland_psz_8.30_170526-3476.flac,Xeno-canto,Aves,True,-3.5087148638668486,-0.667333415129723,-0.6134638898124567
eat_bio,12,aeebffdb-f337-49f7-a052-3a3452f19f8c,keyboard_electronic_026-097-100.wav,NatureLM,,False,-3.3844767622573,0.2296610686432224,-1.493101556686569
eat_bio,12,26b06d2b-0e88-455e-9dcc-9e60f7295ad5,126883.flac,iNaturalist,Mammalia,True,-3.6334263619426155,-0.6952991629697088,-0.7149860144015605
eat_bio,12,be26c277-712a-4928-b62a-f1ad152919b0,8501206M.flac,Watkins,Mammalia,True,-3.7773749966746406,0.453301224926065,-0.5879477341502235
eat_bio,12,db664b46-da75-438e-8757-cc5961fb808c,brass_acoustic_060-063-127.wav,NatureLM,,False,-4.092860552023752,0.20396609179734373,-1.6897265923066946
eat_bio,12,32da0b8d-04c1-4f16-8548-7880df24c0c4,XC406595-slagugglaZOOM0032a.flac,Xeno-canto,Aves,True,-2.5487007516827154,-0.5226394678956849,-0.43750183712953244
eat_bio,12,0c0f5899-652b-4a56-9a5d-0c44e8b6b9f6,5800200C.flac,Watkins,Mammalia,True,-3.928095702567199,-0.32500748430960225,-0.8774425937086818
eat_bio,12,50643a1b-33dd-4672-95d9-5dbfd7f55b23,XC675261-210827_3459_1.flac,Xeno-canto,Aves,True,-3.5497077852080055,-0.7021659425371569,-0.5103720588886844
eat_bio,12,7a1b65bd-2d5d-4db2-8f2a-bf66b7d9b1dd,bass_synthetic_126-088-050.wav,NatureLM,,False,-3.7094041769311787,-0.552743100327544,-1.075900649944626
eat_bio,12,e3535cd4-4861-4d41-b5c9-6883957c4d3a,mallet_acoustic_020-086-050.wav,NatureLM,,False,-3.920371677422332,0.3898503529337316,-1.9310191182882679
eat_bio,12,9874db31-1872-4cba-9942-620e986576ed,625811.flac,WavCaps,,False,-5.276414002211705,1.1778221244810108,-1.9990670161297222
eat_bio,12,59d0d159-65ab-4861-b319-3f9aed817b26,XC737110-Roseate%20Tern_Flight%20Call_Ring%20Marsh_200622_A%2B_2.flac,Xeno-canto,Aves,True,-3.5746553103242023,-0.3648980325009952,-0.5598725574619005
eat_bio,12,ff6b23d4-3697-4b97-9746-ef7bafec7240,ICLISTENHF1251_20141201T104339.106Z_025.wav,NatureLM,,False,-2.379577438886072,-0.4525062798165146,-0.7815276322600658
eat_bio,12,9b3cd055-7335-45ef-a2b5-970830b02ddf,XC734496-mystery%20Kelso%2025.6.22.flac,Xeno-canto,Aves,True,-2.9138163933014205,-0.6768450178207172,-0.367379595125321
eat_bio,12,9e043e2b-5a0b-4ee4-8ac6-ae02279341a4,299595.flac,iNaturalist,Mammalia,True,-3.5712274720062984,-0.5959900761808834,-0.7656600171969692
eat_bio,12,d5685e70-e38b-464f-8182-4afcae776191,XC338230-recurvirostra%20avosetta%209%20salinas%20de%20bonanza%2007-08-2016.flac,Xeno-canto,Aves,True,-3.189679437248774,-0.6900191278531385,-0.45089597859239794
eat_bio,12,725e77e2-7cdd-4f09-81d3-0a1544387878,113080.flac,iNaturalist,Aves,True,-3.4848383452625775,-0.6423146892735391,-0.5603057606635516
eat_bio,12,96a47dc8-1bdc-4246-a0fc-ba9fb3233336,83035019.flac,Watkins,Mammalia,True,-3.9028655451539453,0.718452638872787,-0.9165309995571709
eat_bio,12,e4c67f17-4b18-449f-a2e0-2f41684cfd19,8300603L.flac,Watkins,Mammalia,True,-4.0481823499917,0.3522808438397328,-0.7735329011745455
eat_bio,12,a0bb22d9-9e2e-4b38-b944-3c7fae0f61d4,XC303235-Voice00240%20mochuelo%20macho%20puebla.flac,Xeno-canto,Aves,True,-3.303850497728999,-0.621506653990402,-0.7471479467789669
eat_bio,12,89aa8462-5b88-46c2-80cc-67ecdd15f6d1,689949.flac,iNaturalist,Aves,True,-3.262111228427942,-0.2799508323677088,-1.274375534550742
eat_bio,12,8a711d06-4747-4a99-bd49-891b9dae40aa,07046113.flac,WavCaps,,False,-2.9075671584043983,-0.4043712494511848,-0.7532390786984657
eat_bio,12,c5ca92f3-5479-4404-8061-f12788c4b934,XC478715-Sm%C3%A5spov_05.flac,Xeno-canto,Aves,True,-3.300423326090739,-0.6144886259589526,-0.6181677575059007
eat_bio,12,6a7467f1-004a-4f99-8b28-7419334b398d,7202100C.flac,Watkins,Mammalia,True,-4.197907984316233,0.7613942420703291,-1.183651745197286
eat_bio,12,6a933a81-dba1-4c02-9725-b802866814d9,XC569792-Eastern%20Screech-owl%20alarm%20SISP%2012-26-19%200407.flac,Xeno-canto,Aves,True,-2.8812079618836686,-0.5371079395673568,-0.40343014963831
eat_bio,12,8f3ff8f0-9d15-4c7e-bec7-e1b8d9338f96,73001002.flac,Watkins,Mammalia,True,-3.976545631053604,0.32252991355343424,-0.9229798449454163
eat_bio,12,734c9e30-160b-45a1-8e19-0cdb8bea7327,reed_acoustic_015-086-100.wav,NatureLM,,False,-4.1827480163361965,1.080534540294287,-2.14684917028799
eat_bio,12,516da4a0-75bb-427d-b12d-e4a97dce00f5,guitar_acoustic_028-056-025.wav,NatureLM,,False,-3.6965787181721903,-0.6089262404937433,-1.015159255726315
eat_bio,12,ca215d65-5bff-4888-ab3a-290e85f4a0f3,XC247263-150516_0243-Vanellus%20vanellus.flac,Xeno-canto,Aves,True,-3.976014822470293,-0.7293546039566401,-0.7458403753731092
eat_bio,12,f7f98f31-0ac3-48ab-be64-82b68625685a,605171.flac,iNaturalist,Aves,True,-3.160885318029716,-0.580188115140162,-0.49664544369837277
eat_bio,12,9740dd80-2577-44da-b97e-7c34fe86126e,bass_synthetic_055-090-050.wav,NatureLM,,False,-4.292958369155668,0.5606028286901865,-1.900938948664659
eat_bio,12,1ef42007-a43b-4bdc-9c86-b90869b5f297,XC271854-LS_54311%20Guianan%20Toucanet%20call%20B.flac,Xeno-canto,Aves,True,-3.1111580434348993,-0.6587722471963169,-0.5266041978895694
eat_bio,12,932ed885-170c-45db-b2bd-9a1a5ffac222,559015.flac,iNaturalist,Mammalia,True,-3.764264443759198,-0.7078906501394064,-0.6663388412056483
eat_bio,12,a39e86af-800c-48cb-a4c6-71a747614bd0,ICLISTENHF1251_20141103T235254.811Z_048.wav,NatureLM,,False,-2.3977754571116723,-0.5056434746332665,-0.68956801779157
eat_bio,12,94c78f45-22b2-4473-89e1-fb03421a8f50,7501500A.flac,Watkins,Mammalia,True,-4.146236383624652,0.5184656057008976,-1.0654846597211858
eat_bio,12,4dad533b-5674-48cb-aa20-2b8c438d0556,XC376177-170618_40XC.flac,Xeno-canto,Aves,True,-3.091874172879253,-0.5559669127604697,-0.5714513804958721
eat_bio,12,70af7884-5f16-497f-b932-5351f51d0e2f,XC742753-Yellow-throated%20Toucan-swainsonii%2C%20song%2C%20El%20Valle%2C%20Colombia%2C%20180722%2C%201731.flac,Xeno-canto,Aves,True,-2.9338616751782682,-0.5805735566467835,-0.6229105354054757
eat_bio,12,ef7909ac-f653-4101-a5a8-6a91daf733c1,8700301I.flac,Watkins,Mammalia,True,-3.5643887686080866,0.2825683887245569,-0.7871340372192037
eat_bio,12,59b72759-5956-4f4b-8556-c198f6a29b8a,300806.flac,iNaturalist,Mammalia,True,-2.7967314503427882,-0.5451379494407628,-0.44194072618354463
eat_bio,12,6725007e-7dd3-4060-a13f-56dd2a5b05a1,YNp5CqgFVwsA.wav,NatureLM,,False,-3.3813206139816474,-0.6373401979830658,-0.732348116246493
eat_bio,12,ef47d120-f19f-4d56-96b1-253498ca6cdd,XC443050-20181110_100350%20Swallow-tailed%20Gull%20cackling%20and%20mewing.flac,Xeno-canto,Aves,True,-3.2075377222398718,-0.6724838294174658,-0.4042090328104788
eat_bio,12,c8285a59-5b11-41f2-aa25-25a0dd1b9381,XC461122-picus%20sharpei%204%20las%20ventillas%2016-03-2018.flac,Xeno-canto,Aves,True,-3.4480943928602543,-0.6576474831156214,-0.5820305177648806
eat_bio,12,4adde8a7-63e6-4948-ac84-031740678e8b,Y5cezddiPBAo.wav,NatureLM,,False,-4.008195405676273,-0.745349362360876,-0.8482198845248393
eat_bio,12,c9bc2fd4-9910-4d9e-919b-e4aa1a6b5b8d,XC486586-BrownBoobok_20190414_191934.flac,Xeno-canto,Aves,True,-3.601451608024492,-0.7414765116219424,-0.4847342247579476
eat_bio,12,a8703d90-8b54-431e-8ebd-91a41cd556ba,244756.flac,iNaturalist,Aves,True,-4.002125511669577,-0.6894420677238073,-0.7572605432140849
eat_bio,12,396e351d-3241-4c1c-9ba2-a981e6eac9e1,XC573910-Lapwing%2005.07.flac,Xeno-canto,Aves,True,-3.409904429360981,0.20431554723139395,-0.7451210600738588
eat_bio,12,edc2bd4a-373c-44a7-a983-ae61dc069128,574372.flac,iNaturalist,Aves,True,-3.1917868324678955,-0.6735803735653274,-0.4364023415002278
eat_bio,12,2a97c7e7-df44-4213-be7d-b9b73d340fa7,XC560005-LS_55467%20Grote%20Bonte%20Specht%20adult%20near%20nest%20with%20juv%20call%20A.flac,Xeno-canto,Aves,True,-3.80719653644233,-0.7161855846850524,-0.7976068828070442
eat_bio,12,a3bc944e-cd9a-4596-8366-83e16b2c59eb,Puma_concolor_V2010_12_short.flac,Animal Sound Archive,Mammalia,True,-3.64803119105746,-0.6484809555644413,-0.6149452886164258
eat_bio,12,a0bf19b1-8d9f-4dbb-9191-1a4a96b4d52e,XC499713-HUBRO_ungetiggN%C3%86R_2019-09-17.flac,Xeno-canto,Aves,True,-3.706330588841583,-0.7584876529770942,-0.5612461935362812
eat_bio,12,3e6b1f2c-5dca-4c77-8767-eb5394ec2c14,ICLISTENHF1251_20140802T044029.421Z_027.wav,NatureLM,,False,-2.647589820475489,-0.4947428830073657,-0.8434287302098901
eat_bio,12,b3415337-ee79-4769-8735-280b4a54080b,XC336602-T13.flac,Xeno-canto,Aves,True,-3.4247622966978746,-0.7080611395710904,-0.5375627220168919
eat_bio,12,41a1dfe4-0973-4f09-988a-329ea7cb7cf5,578883.flac,iNaturalist,Aves,True,-3.2337663500307428,-0.6453239308431532,-0.4783929171485267
eat_bio,12,1e08a0f4-be9b-4c76-9c4f-4eac81dc1c40,506582.flac,iNaturalist,Mammalia,True,-4.123587241466647,0.2354351227505475,-1.2877652384411817
eat_bio,12,8bdb041a-0e92-4871-a41e-c4ab81d1334f,58623.flac,iNaturalist,Aves,True,-3.228526876759623,-0.6462304673776509,-0.8698541133042322
eat_bio,12,a8253011-aeba-4dc5-976d-747589d08931,p278_023_mic22.wav,NatureLM,,False,-4.847107236839111,-0.3961584839491711,-1.313028130935281
eat_bio,12,e90e620c-c8be-4e70-b66c-995ab7318928,XC292285-Red-fronted%20Tinkerbird_Thika_11Nov2014_1120.flac,Xeno-canto,Aves,True,-3.988955159162665,-0.7338709902588606,-0.8674877754717574
eat_bio,12,f1bd35c5-1251-4f81-823d-7ebc25b3b167,Neofelis_nebulosa_S0247_01_short.flac,Animal Sound Archive,Mammalia,True,-3.964479982249458,-0.6816565426869359,-0.7402302270187527
eat_bio,12,ab10bc86-469b-430b-b965-2871ca1ac7d0,YM1KvQp2NUq0.flac,WavCaps,,False,-3.7867001704613026,-0.6769546055744899,-0.6681944162402125
eat_bio,12,2300faf5-a5a1-415a-9a63-5b3c676620d6,SSW_151_20170513_160021Z.019_007.wav,NatureLM,,False,-2.9753122754905355,-0.5724850554388846,-0.5258703616939546
eat_bio,12,72b06892-65cb-4b0a-ac58-182a7a08259c,XC625445-210228_0178A%20sel%20Slaguggla.flac,Xeno-canto,Aves,True,-3.3608139535706067,-0.7107830945339049,-0.3914079024996982
eat_bio,12,e8bb0aa3-403a-4067-9710-7430f5cc5024,2654_158744_000004_0000071.wav,NatureLM,,False,-4.381228863685028,0.8660452530976014,-1.8398375890477174
eat_bio,12,4edef489-cb27-4c03-9cb3-c895bdf8cfcd,84426.flac,WavCaps,,False,-3.2618125191342413,-0.674315490381671,-0.46438101796383296
eat_bio,12,1f74b3eb-d93b-47a4-91b9-3cff2792a6bc,324102.flac,iNaturalist,Mammalia,True,-3.7213259606762077,-0.7380696112856503,-0.8063732224521308
eat_bio,12,b6a69aa0-7c34-464e-b220-78787c6981ab,Y3BwlstxbnWc.wav,NatureLM,,False,-3.5467372123220375,-0.6445259171067768,-0.6281588203069519
eat_bio,12,e8d393ca-93d8-43e8-9dfe-19a7a1e203b5,64042004.flac,Watkins,Mammalia,True,-4.4447309024641655,-0.767549728813127,-0.9141605366177057
eat_bio,12,738bfae7-7fd0-431b-b4a0-9e86c73e8600,XC626878-210116_03a.flac,Xeno-canto,Aves,True,-4.147542114109725,-0.16585979063673814,-0.7828221777136332
eat_bio,12,e0907c86-fe9f-4355-90be-74d65f4f95c2,0300%20Wood%20Sandpiper.flac,Xeno-canto,Aves,True,-3.7810701587202544,-0.5520728424692457,-0.85837461238164
eat_bio,12,1a52c6b0-0b42-49cc-9129-0c5f72051ac5,2204_131732_000041_0000012.wav,NatureLM,,False,-4.0242090054342174,0.7174926667798632,-1.5899913331099795
eat_bio,12,f4f45305-472d-4860-a969-bf0ce7e2923e,ICLISTENHF1251_20141203T103122.076Z_054.wav,NatureLM,,False,-2.5619979188270214,-0.4672313102606136,-0.8418898660610838
eat_bio,12,dd80e013-1b6f-46c8-8d4b-120f83f37c95,40co0316_2.397_408a010z_-2.397.wav,NatureLM,,False,-3.324320824591716,-0.6525432068106708,-0.6008336142028736
eat_bio,12,c5494864-94f2-4e0a-9a6d-fbe9a0765227,490788.flac,WavCaps,,False,-3.5536244365279677,-0.5950477820490632,-1.0367819407272831
eat_bio,12,475c4e48-f1e4-4562-bb77-078594a12735,XC367549-170503-121118FISKEM%C3%85KE_tisnes.flac,Xeno-canto,Aves,True,-3.3551187054312637,-0.6629049207494376,-0.7009812663044355
eat_bio,12,b873f58a-c1c3-41ff-9908-197dc860aa37,XC568356-Fumarel%20cariblanco%20%2B%2B%2B%2C%2007_54%20%28online-audio-converter.com%29.flac,Xeno-canto,Aves,True,-3.180829340233658,-0.6347351902980959,-0.3463466687362815
eat_bio,12,439d715d-769c-40bb-bd18-70bd9163ee8d,SSW_227_20170701_200015Z.025_010.wav,NatureLM,,False,-3.2757209499382984,0.19285823013105025,-0.7401919683189176
eat_bio,12,3fa4814e-b72d-44da-87da-de11832afcce,561065.flac,iNaturalist,Aves,True,-2.4321940543175646,-0.5387625539533005,-0.3482406175485603
eat_bio,12,83c6fcc6-1f27-45f4-8e0d-580dd30f9b15,628093.flac,iNaturalist,Aves,True,-2.9861994698496415,-0.4685114398016174,-0.5714983722099498
eat_bio,12,ac074031-54b8-4aa5-8c82-58ed556de94c,116378.flac,iNaturalist,Mammalia,True,-3.768229121141835,-0.7195453811792122,-0.6813682890226422
eat_bio,12,c610ab73-a57b-429c-8430-cd1e7f0f4d6c,609353.flac,WavCaps,,False,-3.8529490117420124,-0.47513941344218724,-1.2588077931996533
eat_bio,12,ffff7c2e-3ca9-4628-8988-1beb9794bb1c,XC298091-160103_03.northern.saw.whet.owl.bronson.canyon.lance.benner.flac,Xeno-canto,Aves,True,-3.5046287718480524,-0.3282643749326831,-0.7822096963192005
eat_bio,12,76790e0b-a744-48d6-bc93-2757d8e14dba,keyboard_electronic_033-050-025.wav,NatureLM,,False,-5.278789000023823,1.1821336207136284,-2.124906475780926
eat_bio,12,dc422392-cf30-433e-a7f8-2b025801a7f6,SSW_125_20170506_090007Z.056_007.wav,NatureLM,,False,-3.121393544889448,-0.6958690280726292,-0.5269374203879487
eat_bio,12,8907c5d9-aa7f-4a5c-bb11-5d6b184286ed,organ_electronic_034-054-127.wav,NatureLM,,False,-3.9309658204456004,0.12468010769443699,-1.6381634372841982
eat_bio,12,6d6f7493-cc30-4b28-8496-f5773be60572,78007027.flac,Watkins,Mammalia,True,-4.0176814613339,0.7755984407395733,-0.8177509916792888
eat_bio,12,eedcd6e1-5c27-4df2-8b40-a6abe0aaebf7,88006034.flac,Watkins,Mammalia,True,-4.121451106816811,-0.3202854947731856,-0.8548685227649212
eat_bio,12,ee783ab4-be88-4dfe-a4d0-3aaac85badc5,ICLISTENHF1251_20141202T011144.851Z_027.wav,NatureLM,,False,-2.5574786844543427,-0.44980904791824994,-0.8850442197624471
eat_bio,12,c42c0d83-66dd-493d-8f2d-85ede83b773c,652549.flac,iNaturalist,Aves,True,-3.703265565611217,-0.20778316423835874,-0.5772563704326437
eat_bio,12,0d0efb49-ae03-4f2e-bc0f-c651d9ce9c6a,p244_082_mic24.wav,NatureLM,,False,-4.495872505346754,0.8969076595029486,-2.063981926913729
eat_bio,12,7bca125f-ba28-4934-9681-fa5916444ee5,vocal_synthetic_005-076-050.wav,NatureLM,,False,-3.855073525660751,0.06278891906708095,-1.3017966222062705
eat_bio,12,f487e3e6-8866-4682-a18f-360fde2c76ba,20120104_Sigiriya_Brown-headedBarbet.flac,Xeno-canto,Aves,True,-3.824163045193052,-0.7788345643165225,-0.6028010817679095
eat_bio,12,220b8cb1-f1e1-45bf-9267-a9973d9fb438,guitar_synthetic_008-092-100.wav,NatureLM,,False,-5.0979155700733045,1.1728968862451197,-2.479138747147366
eat_bio,12,a5640428-6061-4fc9-ba92-94c61d1963cd,330085.flac,iNaturalist,Mammalia,True,-2.8145145221770993,-0.6216801280308806,-0.42041825049570175
eat_bio,12,bb721e59-ee82-466f-91d9-19d3586fdfda,ICLISTENHF1251_20140702T183216.535Z_035.wav,NatureLM,,False,-2.751064684613216,-0.5061445603794811,-0.9355662539422089
eat_bio,12,f777a4d8-a73a-4218-8eaa-f1c8b9602384,reed_acoustic_003-034-100.wav,NatureLM,,False,-3.1521366451606245,-0.38611206581973323,-1.009189942226005
eat_bio,12,69600846-8055-4e54-a420-d418e1a08fed,6404100D.flac,Watkins,Mammalia,True,-3.9153728891909685,-0.3188428447746944,-0.7064886295650832
eat_bio,12,0a20ebc1-244f-4d2e-8db6-07937bf922aa,134717.flac,iNaturalist,Aves,True,-3.31040987562123,-0.5430423306528193,-0.5655479241298885
eat_bio,12,06d39be0-bfce-4c0c-911b-e9c27ef76c76,ICLISTENHF1251_20140901T121408.411Z_018.wav,NatureLM,,False,-2.789232155649868,-0.4683593575800771,-0.9926946211481495
eat_bio,12,8bc5604b-86f2-4126-aafa-934bd8e56386,SSW_246_20170708_220025Z.018_007.wav,NatureLM,,False,-3.1924869386369075,0.24700209652680283,-0.6963404643127934
eat_bio,12,5c4635a9-bbcb-4055-964e-e1a680f94e50,ICLISTENHF1251_20140702T183216.535Z_054.wav,NatureLM,,False,-2.6369426545095407,-0.4561525716454828,-0.8940509731806171
eat_bio,12,2e99c343-a1d1-4b04-8889-41703e6fe3af,77008006.flac,Watkins,Mammalia,True,-3.330779725152469,0.8132833808155273,-1.3282424269400912
eat_bio,12,0bbadb7e-f625-40f4-8bbf-e04821f8ebbc,XC290365-Ninox_%28jacquinoti%29_granti-FL%20X%20song%20Chupukama%20Ridge%2017Sept15%2010.26pm%201300m%20LS118255b.flac,Xeno-canto,Aves,True,-3.8041783648716874,-0.7793744409126118,-0.6170627274648126
eat_bio,12,a19b22fe-babd-46ad-a94b-fb5909db58e1,ICLISTENHF1251_20141004T035246.107Z_002.wav,NatureLM,,False,-2.995111044867107,-0.5324498942406065,-0.9559353246865319
eat_bio,12,fb1edcf1-7536-479a-8b07-9014541bd40f,7100300W.flac,Watkins,Mammalia,True,-3.650536882802114,0.596769707189059,-0.6341389475975474
eat_bio,12,1a22ad44-2627-47b2-99f3-bb14e084abd1,37301.flac,WavCaps,,False,-3.7391011261160148,0.5181012677172346,-1.6800269907134628
eat_bio,12,0c742eaa-2cd8-4877-86fe-82f3c03ad414,6696_73296_000017_0000003.wav,NatureLM,,False,-3.976718808308896,0.2987302397984771,-1.8757227303732213
eat_bio,12,c48cf5cc-3185-40aa-af67-ea5c8bf2e9d6,Celeus_spectabilis_T866.flac,Xeno-canto,Aves,True,-3.506398667081797,-0.7264901398784502,-0.4781764950975389
eat_bio,12,f0b0d77a-d521-40eb-91d2-80f715bc274d,vocal_synthetic_006-090-075.wav,NatureLM,,False,-4.2403122252687115,0.5765356642423339,-2.0477360963770224
eat_bio,12,5443139d-7439-4066-8928-850b443c93e9,Y6GmoFefjuHw.wav,NatureLM,,False,-4.651201816863197,-0.7780947447522201,-1.0038765485027974
eat_bio,12,e5f13262-458c-4221-8024-8c951f461322,guitar_electronic_037-044-127.wav,NatureLM,,False,-3.8466574808666376,0.2977641000219323,-1.7003571957747214
eat_bio,12,d142e6cd-2898-4aeb-a8b0-f54714f1ff85,9420101W.flac,Watkins,Mammalia,True,-3.7859854910541326,0.9753927111144246,-0.938995364795435
eat_bio,12,aaf137ef-63fc-4a06-b0f8-b6e1649765a0,516115.flac,iNaturalist,Aves,True,-2.8549310234873277,-0.5595040879901524,-0.6128690249500844
eat_bio,12,b0a58bc9-8bde-4c3a-8a03-b77511bcfb67,4214_7146_000054_0000021.wav,NatureLM,,False,-4.457669098478392,1.2469542945945231,-2.1398142785855474
eat_bio,12,8ac1fa03-b0d6-4306-8f40-c3a3b0a396fb,XC705126-Tern_White-winged_Black1_TLM3AK-1223_Karumba_3rdFeb22.flac,Xeno-canto,Aves,True,-3.799258735426835,-0.6665027650294836,-0.6336776178405867
eat_bio,12,b195ba59-7a66-436b-b9d7-277d58b90f8f,6608400N.flac,Watkins,Mammalia,True,-3.692948849511143,-0.18198592261010782,-0.688620960945972
eat_bio,12,459165a9-930b-44f1-a137-2b1f7d84fb45,68003001.flac,Watkins,Mammalia,True,-3.5802647378755106,0.2691931801390106,-0.641277094889949
eat_bio,12,8055e210-6c94-47f3-97f0-85f2a5156cdd,XC341643-CHRRID_160730_2167_LeCroisic.flac,Xeno-canto,Aves,True,-3.1750806370902875,-0.6210572276691414,-0.457026817880323
eat_bio,12,eefd2629-a65e-49b3-909e-48ac47128256,224940.flac,iNaturalist,Mammalia,True,-3.4936744285448817,-0.7371555426982325,-0.7126389894519957
eat_bio,12,4c0ae147-a5a6-43fa-809e-aa266696c517,XC568103-Lechuza%20com%C3%BAn%2C%2004_09.flac,Xeno-canto,Aves,True,-3.9341708359667202,-0.3886398719150952,-0.696901007790517
eat_bio,12,ba8f95cd-ce04-4060-b948-e0818a6e8999,bass_synthetic_008-055-127.wav,NatureLM,,False,-3.1154465549272388,-0.3822064173691563,-1.0109952099579644
eat_bio,12,f0a3a24c-c8ec-4819-9f20-acc0fe9092f0,XC201176-Glapas_Farges_20141102_edited.flac,Xeno-canto,Aves,True,-2.4890756431877095,-0.568745289155733,-0.36578703922123657
eat_bio,12,74bd235b-aa72-4d69-8b8b-7cee91fc12d7,72007015.flac,Watkins,Mammalia,True,-3.8297768191566575,0.30725648368958713,-0.7255930995452636
eat_bio,12,40155dc2-d3c9-498f-b34d-7e0bd7a8b981,352350.flac,iNaturalist,Mammalia,True,-3.351431077088346,-0.6829447894748519,-0.5408353774043597
eat_bio,12,59976ca1-3668-4a5d-a582-04dfa572d11a,894050E0.flac,Watkins,Mammalia,True,-4.009063025698664,0.3767747357158193,-1.0511961377795405
eat_bio,12,632789f7-ea0d-4493-86b3-ddc6fe7de889,XC260279-himantopus%20himantopus%203%20corredor%20del%20guadaira%2007-03-2015.flac,Xeno-canto,Aves,True,-3.3385442387072746,-0.6854669341802693,-0.5109990406604663
eat_bio,12,56688b9f-09b2-41be-9708-f87b57fd7c3e,Panthera_tigris_S1423_03_short.flac,Animal Sound Archive,Mammalia,True,-3.819076856349164,-0.6796619047821116,-0.646604675346681
eat_bio,12,aa4a1377-c129-41d2-a6e3-1418dee8a958,SSW_114_20170429_180011Z.047_017.wav,NatureLM,,False,-3.2343924017102075,0.14335957117810608,-0.7656076319811815
eat_bio,12,66313538-a232-41c3-a867-1a788714745c,XC478558-Gull-billed%20Tern%20adult%20and%20chicks%20flight%20june%203%201411.flac,Xeno-canto,Aves,True,-3.9281788603628978,-0.6871299983502547,-0.8575675418313955
eat_bio,12,d29c730a-30c4-4285-9c49-85b0ce36c05b,882_123267_000037_0000011.wav,NatureLM,,False,-4.637192939391346,0.6014164249349646,-1.773805562989971
eat_bio,12,811f1467-3a96-402f-91b7-9b20956669a7,5601700A.flac,Watkins,Mammalia,True,-4.775803548267163,0.8048771968358602,-1.3230428817325133
eat_bio,12,8e43281c-412a-467c-a95b-c9889cb7cad0,394031.flac,iNaturalist,Aves,True,-3.98925177714578,0.5795541229130854,-1.1086091492306336
eat_bio,12,7ca1f2b1-76b2-4493-9470-b763c1a6f099,guitar_electronic_014-050-075.wav,NatureLM,,False,-4.117217412983295,0.2479474539298192,-1.6950912450334856
eat_bio,12,01d41c46-5f66-44c3-8fa8-16f7f0b691c5,5600600B.flac,Watkins,Mammalia,True,-4.446238345632619,0.818215727477261,-1.0472410711077886
eat_bio,12,03bccf19-679f-4b04-b17b-23f9b46e0862,621681.flac,iNaturalist,Aves,True,-3.312047795270426,-0.6216762554463804,-0.580737546377794
eat_bio,12,e19ef301-d176-4954-9fc6-17a341852a27,XC548845-OCB_409914_D9_20190519_074500_HUGO.flac,Xeno-canto,Aves,True,-3.17949694701275,-0.6373855695879496,-0.5304073088899345
eat_bio,12,cc585b0f-2f72-42ab-8d73-f0e3a4c233e5,9400901S.flac,Watkins,Mammalia,True,-3.473839779837355,0.5406075240213626,-0.5367071647434136
eat_bio,12,6b95a6c1-5c50-4060-938d-0d24bbc7f9bf,p288_356_mic12.wav,NatureLM,,False,-4.425993720867047,-0.4724632307615739,-1.463661048698734
eat_bio,12,6435cfdd-d051-46cc-8ce7-b66af67db8ca,XC688560-200402_1638-19.05_Afu-god-Nikn.flac,Xeno-canto,Aves,True,-3.2495313347468917,-0.5946845911077057,-0.7788943046495205
eat_bio,12,f466d0cb-9598-4122-86c6-97f876e8ec94,444c020l_0.75853_22go010b_-0.75853.wav,NatureLM,,False,-3.0877018457839633,-0.6719491731173621,-0.49793932047936207
eat_bio,12,f0210edb-302b-4538-b9c5-39be5c0c1c9e,Yzat8mWJSJjo.flac,WavCaps,,False,-3.7496326951689363,-0.683389107082284,-0.7623211872676546
eat_bio,12,b0dc3b3a-53ea-40dc-9f22-c657e4eb4629,SSW_021_20170304_110008Z.045_009.wav,NatureLM,,False,-2.3313076709129987,-0.5349089456772261,-0.39223608570649543
eat_bio,12,29bbc1a7-a86c-4e1b-92b0-409d0f220895,209a010i_0.056719_40gc020o_-0.056719.wav,NatureLM,,False,-3.6476946957054963,-0.3090101296660568,-0.7282565564648744
eat_bio,12,6728d88a-5871-4171-a98a-0bfe4dab821d,brass_acoustic_001-037-100.wav,NatureLM,,False,-4.217247588617584,-0.5131187166178646,-1.2009161309304357
eat_bio,12,a8bc19d5-57d6-42d9-95ff-9335d32c0b68,bass_synthetic_106-087-127.wav,NatureLM,,False,-4.6943104239576305,1.000385353986843,-2.0993233611290982
eat_bio,12,fd449aca-8556-4fe0-9f5d-a9071978e31d,9775100D.flac,Watkins,Mammalia,True,-3.8679786675609704,0.7700739605750081,-0.8189249998212927
eat_bio,12,e98e44c2-0f57-4e95-bc29-138900ff73cd,XC579617-Ryukyu%20Scops%20Owl%202%2020200728%20.flac,Xeno-canto,Aves,True,-3.728058541463337,0.37381463177087726,-0.8553558923774558
eat_bio,12,b7d147a3-5599-47c7-af07-c0785b51ad2c,XC339835-berf.flac,Xeno-canto,Aves,True,-3.5630729666106244,0.1645329850650476,-0.8251377597339418
eat_bio,12,11498200-3c42-4bad-97a7-ed2779850be6,XC542766-Chestnut-tipped%20Toucanet_Plataforma_Pe_27jun2013_FSchmitt_1.flac,Xeno-canto,Aves,True,-3.7414246203775083,-0.7841547389839099,-0.5582183628170939
eat_bio,12,093755a2-08e2-4c53-9cf2-a9456278ff36,XC353317-RC_23_Vanellus_chilensis.flac,Xeno-canto,Aves,True,-3.1306390745030077,-0.6661786177750642,-0.5101451904418303
eat_bio,12,ecf64fef-92e1-4f06-9caf-27fade9a3426,p254_109_mic23.wav,NatureLM,,False,-4.218691953976167,0.8249062481770075,-1.7212226150197663
eat_bio,12,290420dc-43ba-4201-bc2d-e38d98b17cc0,2019-11-13-15-55_Schleusinger-Allee_70Kmh_2680973_A_D_CL_SE_CH34.wav,NatureLM,,False,-3.779674801538265,0.4184814285811017,-0.8694932171839973
eat_bio,12,e237c09f-413c-422d-a5d0-8ef9d18841d5,guitar_electronic_021-063-075.wav,NatureLM,,False,-2.844260657598545,-0.3303026543458846,-0.9602287086492065
eat_bio,12,f3eec048-3e2e-4ab0-b682-33426f59d3b1,216_122451_000021_0000004.wav,NatureLM,,False,-3.8722072208567657,-0.5158009540413838,-1.1453201474190648
eat_bio,12,e88506dc-e50b-409f-8b73-afe4803f87bd,p334_257_mic22.wav,NatureLM,,False,-4.615065382183715,0.9956842340482137,-2.252633314125123
eat_bio,12,3509130b-c7d8-4216-a1ea-6956357a6c3d,2019-11-18-15-45_Langewiesener-Strasse_50Kmh_539048_A_D_CL_SE_CH34.wav,NatureLM,,False,-3.6551651750215033,0.4451020963106338,-0.9805106661489837
eat_bio,12,00e5ac2e-bc44-45b4-9536-ba147a036cfe,4331_57180_000012_0000033.wav,NatureLM,,False,-4.150068949505033,0.7235583464090949,-1.67686707670679
eat_bio,12,65a8cc8c-a8ed-4ecf-927a-af69dc655ead,74645.flac,iNaturalist,Aves,True,-4.245929905456087,0.5869867042023355,-1.1291951003447491
eat_bio,12,319f4ca3-3a16-4fce-916f-6994e8efcd1e,bass_synthetic_089-032-025.wav,NatureLM,,False,-2.6939147874690264,-0.40163002105972323,-0.9427265287860769
eat_bio,12,f3283e37-e2d5-46ea-a957-78a3b1909d2f,XC688888-200503_1748-21.45_Afu-hole.flac,Xeno-canto,Aves,True,-3.0914767448883533,-0.6280716263013799,-0.6293063920141457
eat_bio,12,f27d31da-ce12-4d49-895c-134fc8c38564,XC454394-2019-01-26%2021-59-27_cut.flac,Xeno-canto,Aves,True,-3.234752095236273,-0.6659515695606624,-0.578164979063769
eat_bio,12,05e491e3-8526-4b80-a122-a087ab582ec8,437034.flac,iNaturalist,Mammalia,True,-3.26976826499836,-0.6883539078107747,-0.5013997917735769
eat_bio,12,a4c9d7cd-cef2-4700-be60-f02201f788d4,XC426586-LS107973%20Asian%20Barred%20Owlet%20song%20and%20call%20B.flac,Xeno-canto,Aves,True,-3.1423494280802133,-0.6529385087675093,-0.4987607100538817
eat_bio,12,d90cc1fb-e7f5-4e14-9927-b8e47b4a0ec1,542483.flac,iNaturalist,Mammalia,True,-3.8601365591544683,-0.7806166815944351,-0.786392915859213
eat_bio,12,d4af2244-e48e-40cd-803e-a0e001d3bf19,YP7WjiBsM5rU.flac,WavCaps,,False,-4.671924083824981,-0.8150264627141266,-1.02615149355501
eat_bio,12,cd355d38-87f2-48f0-92ea-4a9771b31a01,XC209544-GIWO_150105_02_DVP.flac,Xeno-canto,Aves,True,-3.0952862679805766,-0.6387130555870603,-0.4237503300767581
eat_bio,12,3d1c43ee-22bd-4568-82f2-493f874f6fd0,XC259237-Megascops_barbarus-FL%20song%20west%20of%20San%20Cristobal%20de%20las%20Casas%2018Mar15%2018.39pm%20LS114396a.flac,Xeno-canto,Aves,True,-3.3426132250055396,-0.7159229901825706,-0.4655240638923113
eat_bio,12,105a86c0-72d8-4717-a801-984fa219bf58,310956.flac,iNaturalist,Aves,True,-4.1152572268479615,0.1920404095984643,-1.1148946357637932
eat_bio,12,c318ab11-83e0-428c-8ba0-6905265ada78,XC487610-2018-07-17%20Flatey%20180717%20Sterne%20arctique%20cri%20de%20poursuite.flac,Xeno-canto,Aves,True,-3.64915903845219,-0.721831530978109,-0.7660145047561729
eat_bio,12,4157521a-bb41-4639-97b2-10a038911541,bass_synthetic_012-062-100.wav,NatureLM,,False,-3.6115662794724397,0.39614735375823895,-1.8236554778872347
eat_bio,12,3d3e1887-fc18-4e70-a41e-8ce5b68305d8,63005001.flac,Watkins,Mammalia,True,-3.886562028799322,0.4997453817640771,-0.7278771534361046
eat_bio,12,c49b970e-1400-4aa3-beb6-cf633967ed97,195628.flac,iNaturalist,Aves,True,-3.992669388438742,-0.35571955314841364,-0.8851427643219469
eat_bio,12,22a61408-3509-4067-b013-495622b188e4,YfORTwxb5tcY.wav,NatureLM,,False,-4.124932872823677,-0.6168481306636324,-0.9162986216529045
eat_bio,12,882cd8ad-9001-4ca0-b021-ae74d7aab5a7,7900400L.flac,Watkins,Mammalia,True,-3.2851298589264877,0.22129392370108666,-0.5488140769643296
eat_bio,12,a01ddadd-e47a-46db-bc20-dd11802ba8d0,61040009.flac,Watkins,Mammalia,True,-3.6989045686985267,-0.7378807040562025,-0.9263244693952123
eat_bio,12,26b4bba3-382b-4376-b3b9-09943c6f1e9a,YkMEHsM2CWAY.wav,NatureLM,,False,-4.053690846147289,-0.6372070570153384,-0.8568499347725316
eat_bio,12,05894c3e-62cd-4e77-8895-5c8225dd4580,XC403635-Mindre%20hackspett_4.flac,Xeno-canto,Aves,True,-3.6750573036453726,-0.7341604600966787,-0.6352517000304633
eat_bio,12,abe7afda-58f8-477c-a39e-9486e87e9c00,XC439076-180723_1065%20Pic%20e%CC%81peiche.flac,Xeno-canto,Aves,True,-3.122197562014309,-0.6352542768637754,-0.46644488061772643
eat_bio,12,390cb16a-666f-46b4-a690-cc2599a5a8b5,YEeg1o6yRVpM.wav,NatureLM,,False,-3.55251269410454,-0.710317357415508,-0.6699328402664195
eat_bio,12,6a0689c9-4aed-4a8d-ac25-73527ade568f,bass_synthetic_007-046-127.wav,NatureLM,,False,-4.096818357021904,0.23179284201525266,-1.4874417190468057
eat_bio,12,a0e3fbea-e4b8-48bd-91e6-84e0dbfdf5e0,7789_258266_000008_0000004.wav,NatureLM,,False,-3.8699587915629925,-0.6096555076863642,-1.0763543386409178
eat_bio,12,0012aa9f-98de-425b-b851-c81c20e9edca,SSW_078_20170401_200022Z.019_003.wav,NatureLM,,False,-3.3079214252716964,0.2371420628115077,-0.811070266024766
eat_bio,12,30198020-dcff-426d-b424-2fd58701ac6d,mallet_electronic_006-051-050.wav,NatureLM,,False,-4.166739535427539,0.252357602046379,-1.9265092109858961
eat_bio,12,acdc1409-e658-436a-8dc4-5b7f14bb4709,164276.flac,iNaturalist,Mammalia,True,-3.8318848080271577,-0.7810482236751201,-0.6178355728465075
eat_bio,12,0dafdb09-cc1f-401b-83af-556ad2acf105,ICLISTENHF1251_20140301T092327.496Z_017.wav,NatureLM,,False,-2.8072824796179847,-0.4855722985431684,-0.9596446621180562
eat_bio,12,dda3b2d6-3116-4c56-86c8-01af7a531181,6503000C.flac,Watkins,Mammalia,True,-3.939079134116355,0.6378541422874506,-0.6644764361008039
eat_bio,12,e4a1ea08-a1ba-4abb-b487-8c4a1f8fe9cd,348629.flac,WavCaps,,False,-4.121335534804238,-0.24679270435612377,-1.376907485421392
eat_bio,12,ee619911-1276-4697-a07e-17d6f9c96366,4137_11702_000016_0000012.wav,NatureLM,,False,-4.55864119584121,1.381527398917541,-1.9271560431795494
eat_bio,12,99613f62-eff5-46ae-8b4e-e9ed7d9e9b33,Y2IP8siC6ID0.flac,WavCaps,,False,-3.5053121897253794,-0.7720911160558217,-0.561144258452338
eat_bio,12,549c4f26-63c3-4741-8c3b-f2d0e59116bd,711_187466_000008_0000073.wav,NatureLM,,False,-4.815928253206727,-0.6392676227797991,-1.4212529197413972
eat_bio,12,3fbefbc5-6fe9-4bc6-bea9-fdd337eaec4d,SSW_031_20170304_210014Z.023_015.wav,NatureLM,,False,-3.3202630790285514,0.21468114097279092,-0.7786531257556359
eat_bio,12,d73a71b3-2456-4b25-8177-81409b63f3d7,477893.flac,iNaturalist,Aves,True,-3.3220975002703796,-0.6561338555032197,-0.46806593154296905
eat_bio,12,6e310798-3523-46a8-b024-2be3e87d1145,keyboard_electronic_026-096-075.wav,NatureLM,,False,-4.466247633404879,0.1817665780106305,-1.7709421026302232
eat_bio,12,394c771c-5e40-48ae-85d4-6057168a2bed,XC619230-01-02-2021%205e7%20Coruja%20preta.flac,Xeno-canto,Aves,True,-3.20720530948508,-0.6525912212838534,-0.5624152206528623
eat_bio,12,b3f6a3c1-1cbb-42b6-9821-560e328bde25,SSW_189_20170610_130015Z.038_003.wav,NatureLM,,False,-3.142747171428979,-0.7017796483937162,-0.5184261266428534
eat_bio,12,50fc75dc-3b06-4488-9d5c-4bbae116b96b,Y3ZB0HfkO0tQ.wav,NatureLM,,False,-4.681513390943135,-0.8339568375409565,-0.965722999339368
eat_bio,12,d11f1efe-91c5-43a3-991d-bc056976381d,7500303T.flac,Watkins,Mammalia,True,-4.475163431622232,-0.282274490228387,-0.8872406595538816
eat_bio,12,41fcdf68-9418-468c-842d-73340980ab31,369274.flac,WavCaps,,False,-3.2733975967103524,0.2275988539655543,-1.2415750359401967
eat_bio,12,ce979d4c-5bd0-4bb2-b7c4-5574e2c906b8,222523.flac,WavCaps,,False,-4.536320096001874,-0.037378165718487566,-1.3965478321417861
eat_bio,12,42989fd4-c57d-4e78-8dc1-6da0c2531427,XC463578-Pic%20syriaque%20pecking.flac,Xeno-canto,Aves,True,-3.2221615042059835,-0.6549840166925172,-0.5928278386870097
eat_bio,12,a19e7385-e9a8-4d58-b5aa-3673ed2acd1d,p259_444_mic12.wav,NatureLM,,False,-4.50032450819965,0.9024053643210723,-2.1331206500651554
eat_bio,12,8643d0cf-6129-4da6-905f-103276bf0815,2019-11-19-16-30_Langewiesener-Strasse_50Kmh_738440_A_D_TL_ME_CH12.wav,NatureLM,,False,-4.178346793668804,0.5575093908848283,-1.0482363764458777
eat_bio,12,ad7f9361-5a76-4bf6-ac36-ef1627e128c4,XC616689-Otus-mirus-FL%20X%20song%20ComVal%201300m%2015Feb20%204.50am%20LS114225a.flac,Xeno-canto,Aves,True,-2.8695994809803578,-0.6172760374049997,-0.40846429038602716
eat_bio,12,c0962a0a-1409-400d-bffb-9bb6e196051a,8600801Q.flac,Watkins,Mammalia,True,-3.8842055290933954,0.4721874502714494,-0.787529294446041
eat_bio,12,d9215e73-f1db-4ae6-885a-a60b21790619,508786.flac,iNaturalist,Mammalia,True,-3.2862637356193805,-0.6838498791004346,-0.39931129767825346
eat_bio,12,c6c6f5e7-649b-4254-b411-59319ca8461c,Y8oiyVt6-erA.flac,WavCaps,,False,-4.523246173649018,-0.818405147421136,-0.7634760173853089
eat_bio,12,f23941f0-5f8e-4886-9cb8-cacbaf961bbf,vocal_synthetic_012-054-025.wav,NatureLM,,False,-4.980868515657141,1.1371724501111231,-2.5871944918445546
eat_bio,12,9723b34c-f11b-466c-aae7-9929ab5f86b1,ICLISTENHF1251_20140203T185101.632Z_024.wav,NatureLM,,False,-2.6933211873176224,-0.5004353420193002,-0.9379204765572877
eat_bio,12,f516165c-9b20-4501-9984-9748f8091ea5,SSW_079_20170401_210014Z.035_007.wav,NatureLM,,False,-2.8666593360902337,-0.6152665643100245,-0.5095896475015121
eat_bio,12,d72366ce-5879-4174-936b-ea561da9d2bd,XC219791-Brown%20Jacamar%20A%204049.flac,Xeno-canto,Aves,True,-3.418237613680638,-0.5175253834332061,-0.6236699678713318
eat_bio,12,6162fff4-5f9d-4cb2-bc4c-9ff9d52014b9,SSW_209_20170617_190020Z.031_015.wav,NatureLM,,False,-2.760136975723882,0.21278940908678948,-0.6521347749184394
eat_bio,12,756dea88-26c7-4cec-a2cf-f1791eecf2f2,XC482969-S.%20maculirostris.flac,Xeno-canto,Aves,True,-3.3951628759482686,-0.6583676466472239,-0.45762735694222445
eat_bio,12,91832065-0b87-45d1-95fe-33c3ddae7dca,XC314612-chlidonias__dojlidy_podlaskie_02.05.2016_1107.flac,Xeno-canto,Aves,True,-4.4045272823056685,-0.592254572540808,-0.9252809772172264
eat_bio,12,b46bc1a4-0264-4dcf-87ea-31b1c05aaa7d,SSW_114_20170429_180011Z.019_000.wav,NatureLM,,False,-3.071179943278145,-0.6789409521971604,-0.5164781622412514
eat_bio,12,8d54df23-9e4a-41af-a0e5-9ecb83d3b7c9,7957_39967_000011_0000064.wav,NatureLM,,False,-4.564362632725247,-0.6525058774144521,-1.260864800597435
eat_bio,12,df771265-65b5-4559-8d89-15b61421b503,SSW_122_20170506_050003Z.035_000.wav,NatureLM,,False,-2.696134923467688,-0.5864088648938378,-0.4853364308126268
eat_bio,12,0b35f942-95d7-44db-a270-7cdead497c26,SSW_116_20170429_200013Z.027_000.wav,NatureLM,,False,-3.095848651933445,-0.7003194738134805,-0.5237817210271623
eat_bio,12,1b49c919-ee99-45ca-a134-aac8aa0c15ca,91670.flac,iNaturalist,Aves,True,-2.8626370834660837,-0.38707183649832066,-0.8620651358471427
eat_bio,12,fecd09cf-3cbf-481c-a09c-66b50a95ea9b,313533.flac,iNaturalist,Aves,True,-3.3028294014664374,-0.6829884603429421,-0.5084812080329031
eat_bio,12,fadae947-3c4f-49ff-888e-1e5a7571ffcc,organ_electronic_062-093-075.wav,NatureLM,,False,-4.908362377933986,1.0690236278584377,-2.162516607471687
eat_bio,12,8b4b5a32-cc1c-4440-9056-57f28cd7eb08,XC385909-chevalier%20guignette%20cri%20de%20vol%20tres%20fin.flac,Xeno-canto,Aves,True,-3.385949819042389,-0.3161614098773785,-0.577989926345338
eat_bio,12,f6060001-2a4f-4e41-8e24-0aa5b2091834,7900500U.flac,Watkins,Mammalia,True,-3.79680023635241,0.8641964516616231,-0.6634453565999431
eat_bio,12,69f6682f-81fc-4ebf-8882-f42b7af00514,ICLISTENHF1251_20140104T212150.177Z-HPF_019.wav,NatureLM,,False,-2.71967588029388,-0.49564709903824256,-0.9441477823187769
eat_bio,12,0cfc7479-06b4-4bf4-9d04-d279ac2c0917,894050DB.flac,Watkins,Mammalia,True,-3.787655922432542,1.1012223298138315,-1.0600071922897223
eat_bio,12,ecdd29d6-d40a-4a7f-b189-bcb77c7cf5db,flute_acoustic_000-086-050.wav,NatureLM,,False,-3.744050600094222,0.336282100376102,-1.5830631324865805
eat_bio,12,b698b564-98dd-4cca-a056-0000696a024e,274146.flac,iNaturalist,Mammalia,True,-3.2109357126875997,-0.7278972794287946,-0.4019493427541554
eat_bio,12,afbc008b-4f39-4847-afdd-800feeec2e9f,p304_285_mic11.wav,NatureLM,,False,-4.496590523319747,0.9936997366925723,-2.1712112426038592
eat_bio,12,60ef419f-51c7-4606-aeb8-c443e75d60a4,XC585455-LaughingGull2.flac,Xeno-canto,Aves,True,-3.4666132943457466,-0.6564432742381542,-0.635295307820116
eat_bio,12,57c71e21-0f5a-4b79-b7da-caa00cb26da1,mallet_synthetic_002-102-050.wav,NatureLM,,False,-3.087059864924572,-0.2936625927379908,-1.1402781239506643
eat_bio,12,8386bf3d-b891-4c22-8ac8-7f97643fcd3c,2020-08-29-16-07_Hohenwarte_unknownKmh_2161592_M_D_ML_ME_CH12.wav,NatureLM,,False,-3.7605736671919288,0.5376364677047467,-0.9821111331860939
eat_bio,12,316bf0c1-8d09-461f-bc82-9155bdbd3901,asianbarredowlet-bhutan210407farrow.flac,Xeno-canto,Aves,True,-2.841261247067053,-0.6042324434970475,-0.42457350279411216
eat_bio,12,6b76612e-a842-4a38-a20f-d53e9e6e56e5,SSW_112_20170429_130010Z.000_009.wav,NatureLM,,False,-3.1711491621358774,-0.6059100365150997,-0.5986009281778588
eat_bio,12,e6d6174d-1753-4cee-bbba-95ff4a6895d9,57026077.flac,Watkins,Mammalia,True,-3.8984120187922175,0.3264532964549075,-0.8341545192696098
eat_bio,12,7bb8fdd2-850f-4bfd-80da-31f07fb24e2b,XC443772-Bar-tailed%20godwit%20alarm%20call.flac,Xeno-canto,Aves,True,-3.56375384246892,-0.6037870515035033,-0.8476163356166665
eat_bio,12,0f238e01-4bc5-4865-a5ac-d448f8cefba7,p363_421_mic24.wav,NatureLM,,False,-4.11295206370212,0.6100165888489872,-2.0361557672490873
eat_bio,12,33f20638-9870-4bd3-8176-a18ef51db7e3,SSW_101_20170415_152049Z.036_005.wav,NatureLM,,False,-3.661219991145299,-0.6859252659351586,-0.6791375708573703
eat_bio,12,14750724-eeee-4fc8-98ed-5a3dab54b6cc,330868.flac,iNaturalist,Mammalia,True,-3.044174554608044,-0.6320668665538973,-0.45892063669789673
eat_bio,12,018d7982-41f3-4e8b-afaa-3a0d1f2e9460,XC766046-Go%C3%A9land-de-Mongolie-cris.flac,Xeno-canto,Aves,True,-3.061587822241918,-0.6227107487189845,-0.45449930209309497
eat_bio,12,996db5bc-424b-473e-9cf2-d9b7e6d9aece,XC699624-Pic%20mar%20chant%20Bois%20Cornec%2030%2001%202022.flac,Xeno-canto,Aves,True,-3.5528594990345725,-0.6832693590204157,-0.5701734066499214
eat_bio,12,606b0e8d-0508-4caf-bc24-cc80fcceea85,XC775747-190319_02A-Slaguggla-hona-defensiv-kattuggla-rev5-sel.flac,Xeno-canto,Aves,True,-2.5904235877512063,-0.5655242589458067,-0.2851579449823586
eat_bio,12,958d73a1-358c-497e-8eaa-5e0ddb8aa47c,9101000T.flac,Watkins,Mammalia,True,-2.991865130489748,0.18524293504033684,-0.5131200899559447
eat_bio,12,26990953-7f52-40ed-a0b1-3acb5c2a8506,SSW_122_20170506_050003Z.033_007.wav,NatureLM,,False,-2.9870189918801424,0.20737575737965583,-0.7457016945154806
eat_bio,12,5a2781a5-1076-4e4a-a228-d4368649bbe2,SSW_003_20170225_030002Z.048_019.wav,NatureLM,,False,-3.2730594357901777,0.2391016910123193,-0.81578926855322
eat_bio,12,176d8658-1e37-4995-9bab-7a55b33ed856,SSW_229_20170701_220016Z.002_001.wav,NatureLM,,False,-2.9744337625897135,-0.6251543381622302,-0.5255891148443078
eat_bio,12,fa24bf8c-c5f1-47c8-ab0e-214f218e8a2a,307727.flac,iNaturalist,Mammalia,True,-3.514551308223674,-0.5822708458235395,-0.5545869781684017
eat_bio,12,615a9a1c-4589-4fa4-83f1-5316ce96dfe8,156868_siren_4.wav,NatureLM,,False,-3.543368083742675,1.0246494757136497,-1.254019281148571
eat_bio,12,97be1029-5724-4ba8-8ae7-d94d7aa97979,62487.flac,NatureLM,,False,-4.175718255013701,-0.7334240545990081,-0.8262223372307684
eat_bio,12,7456253e-2ffc-429e-ad36-c44ba8b79cfd,XC271853-LS_54250%20Guianan%20Toucanet%20long%20call.flac,Xeno-canto,Aves,True,-3.0967932868573853,-0.6377973117453744,-0.48053127480955893
eat_bio,12,c2352e92-6dcd-4c4e-9c65-ff3f440f1015,XC584748-Becasseau%20variable%20H%20cris%20doux%20et%20cris%20aigus.flac,Xeno-canto,Aves,True,-2.8843934684273353,-0.6394244673912168,-0.33853478769141343
eat_bio,12,6995984e-eb64-4191-82fb-f2b57c73d7e5,58205.flac,iNaturalist,Aves,True,-2.718315690513846,-0.5948400667420151,-0.3544582496398532
eat_bio,12,ea8cc891-c112-46e1-b234-aeb6456f0792,XC661998-LE-OWL_20210623_025640.flac,Xeno-canto,Aves,True,-2.9103104339820125,-0.6490012552321001,-0.3603670166360791
eat_bio,12,6e8d8826-a506-4c0e-aec2-ab913b7383e3,keyboard_electronic_056-037-127.wav,NatureLM,,False,-3.8264938852356547,0.33476311031632017,-1.8747271175299938
eat_bio,12,5cf6ee43-f531-4515-ab9b-1e1071ee77e3,XC627869-090321%2023u13%20spec.flac,Xeno-canto,Aves,True,-3.6859211039696844,0.6622807985905397,-0.5718404235458864
eat_bio,12,bc1ce63c-8a71-48d4-accb-d4e737357b5c,98681.flac,WavCaps,,False,-3.8067243913825943,-0.7610807706700271,-0.5580384539961243
eat_bio,12,d42320e3-79b9-4a37-8201-1367189d68fe,organ_electronic_076-053-100.wav,NatureLM,,False,-3.7751621062266287,-0.2730462032920369,-1.2837906130156325
eat_bio,12,86885ccf-defc-4f47-a203-879424df0470,7700901J.flac,Watkins,Mammalia,True,-3.771578927727834,0.8958704216353393,-1.466590204206776
eat_bio,12,26a24a6a-525c-464b-8acd-0d061e63e6b4,XC529810-Lophostrix%20cristata.flac,Xeno-canto,Aves,True,-3.3516572003165575,-0.7131792436069124,-0.518513965220106
eat_bio,12,f6a4eab3-d666-40db-95e5-b3cfa58ac53f,XC127025-Mediterr%C3%A1neo%20-%20Megascops%20choliba-c%20MARZO-16-2013_02_01.flac,Xeno-canto,Aves,True,-3.217234950769252,-0.699450976895791,-0.4847158121375613
eat_bio,12,bdb01d99-1f08-4ae7-be4f-004304fe2b38,SSW_167_20170603_090007Z.053_004.wav,NatureLM,,False,-3.3190166154442697,-0.7444554328477213,-0.5660498399598338
eat_bio,12,597452b7-1157-42b5-a9af-8ced9babc4e5,vocal_electronic_001-054-127.wav,NatureLM,,False,-4.369511345964166,0.10014462242706729,-1.4761976440653868
eat_bio,12,779455cf-5327-4d1a-a13a-dc5b278ea807,207c0104_2.2216_20ro010b_-2.2216.wav,NatureLM,,False,-3.2001650592943376,-0.6399875568051868,-0.5646633826825442
eat_bio,12,0468da12-7705-4d44-96ce-f202e2957683,ICLISTENHF1251_20140804T104424.328Z_002.wav,NatureLM,,False,-2.615906352445799,-0.47569149194873733,-0.8467237733289221
eat_bio,12,dfafbd62-794b-4311-9e5c-97ab3b52d596,351293.flac,WavCaps,,False,-3.7326937125565185,-0.688785497893856,-0.6539924599954552
eat_bio,12,f613c227-d1cc-423d-92b8-0c4959ef48ce,p239_271_mic24.wav,NatureLM,,False,-4.868223416086702,0.2437179628753252,-1.8098495113872297
eat_bio,12,6f6a7219-921d-4326-b08e-3ad8e7eb846c,XC181584-LS100856.northern.pygmy.owl.copo.wwpe.flow.benner.t22.2014may28.flac,Xeno-canto,Aves,True,-3.258507914149701,-0.6786782602321458,-0.4805312381650201
eat_bio,12,f2cf73c8-1dd2-46c6-88e1-ab9b06bfa3e0,16109.flac,WavCaps,,False,-3.3121658066827417,-0.7124552931976155,-0.484248681364669
eat_bio,12,7bf86453-4005-41e2-b56f-ac5b944d8595,XC484604-STE-176%20uszatka%20zytno%2015%2006%2019%2022%2030.flac,Xeno-canto,Aves,True,-2.9098432915540853,-0.5771053870804369,-0.5083249720638104
eat_bio,12,cd32e772-0142-4c8e-982e-9e772945c35f,guitar_synthetic_004-108-075.wav,NatureLM,,False,-3.113894664934728,-0.41899446597367956,-1.018759863520137
eat_bio,12,db2a39aa-df74-4bf7-b3d7-9b178987bed5,SSW_063_20170325_170011Z.023_003.wav,NatureLM,,False,-3.285903552851662,-0.6859279559351126,-0.5371458376334816
eat_bio,12,2b785e14-2205-44e2-93f7-521d79cf9ea0,mallet_acoustic_035-080-025.wav,NatureLM,,False,-3.6204981959965705,0.5765101236631556,-1.8998771622917983
eat_bio,12,7918055c-181c-41c5-a212-dfc32b7577de,YMFe5We4D1ws.wav,NatureLM,,False,-4.414229973033269,-0.5753098405368571,-1.0949196053028485
eat_bio,12,341af722-536d-4a37-a23c-9ecb7ba8fa5e,YvMU7ZKY2Eso.flac,WavCaps,,False,-4.308568935281192,-0.7684214653670904,-0.8699499692789909
eat_bio,12,83008977-cdd0-4edb-879d-d83b0f8265b2,YqdexSzEvG74.flac,WavCaps,,False,-3.1157068181815952,-0.5991070211494168,-0.6473559955494734
eat_bio,12,2b4b5861-d4e4-4146-aa3e-40877b57dbbb,192431.flac,WavCaps,,False,-3.7147797731767045,-0.7061525496983447,-0.6202077667248567
eat_bio,12,e13112b9-db62-4ad6-949b-755a14aa6b26,ICLISTENHF1251_20141203T142122.125Z_047.wav,NatureLM,,False,-2.913999369176572,-0.5312985241233161,-0.9222829316339964
eat_bio,12,1a24ef80-8eab-4bdf-bcc4-636aa37b819a,XC427234-Colaptes%20campestris%20-Caio%20Brito-%28Porto%20Seguro-BA%29-BRITO2671.flac,Xeno-canto,Aves,True,-4.400629419841733,-0.8424922664224059,-0.7525820519684048
eat_bio,12,e3048473-cd5d-4ce2-9660-f4f6e0515e0d,6102204S.flac,Watkins,Mammalia,True,-3.6212363109896644,0.2625680860388885,-0.8956876310044936
eat_bio,12,84e31ed2-2f15-452c-809d-07c4c761651f,205a010w_1.0783_208c010f_-1.0783.wav,NatureLM,,False,-3.8032991314218947,-0.773256956240761,-0.6736393663492214
eat_bio,12,f25b7469-a1e3-4528-8b90-9ff9bda7c76b,XC618443-IV-_20200523_020233-2.10_A.flamm-klask.flac,Xeno-canto,Aves,True,-4.035675184087179,0.1310284905107329,-1.1408276431296682
eat_bio,12,ed8fa4b2-a169-4bc3-89f1-5982502e3452,XC664034-Silvert%C3%A4rna_20210716_1852_lockl%C3%A4te_juvenil_tiggl%C3%A4te_Falkv%C3%A5ltj%C3%A4narna_AA_redigerad_202107.flac,Xeno-canto,Aves,True,-3.551090923348288,-0.6585710816614571,-0.7045267446564724
eat_bio,12,57a430c0-e1f0-45b0-9ab6-90cfdd5ea450,417065.flac,iNaturalist,Aves,True,-3.6643583166090576,0.08343398790277734,-0.9424109448173904
eat_bio,12,01eb8a2d-17e6-44bd-893f-9b9ed1585946,guitar_acoustic_028-081-075.wav,NatureLM,,False,-3.823611095389753,0.20982670107865656,-1.6825134788216323
eat_bio,12,42d79681-f110-423b-95f1-6f7f5f8caf1a,SSW_062_20170325_160010Z.056_002.wav,NatureLM,,False,-3.309225465982485,0.28486717168990083,-0.7924068926077699
eat_bio,12,71d374da-dcab-4349-9590-527737216438,XC439740-181021_3882%20WFNU%20PB%2050ft%20Torre%20I%201630%20mp3%20amp.flac,Xeno-canto,Aves,True,-3.7347370359041485,-0.7466627272644775,-0.5660651210915436
eat_bio,12,5232fefb-ab2c-4815-97e9-408ab9dc44fd,XC758942-221027_0130e.flac,Xeno-canto,Aves,True,-3.9396339342676123,0.3354656475711755,-1.131149163609544
eat_bio,12,da91e28d-2fac-442d-ace6-695ba07feb7a,SSW_005_20170225_070005Z.002_001.wav,NatureLM,,False,-2.7710814430331614,-0.6394839581452614,-0.43889118704625113
eat_bio,12,ca5412b7-f91a-4648-8827-691e640f6fe4,6107500R.flac,Watkins,Mammalia,True,-3.73407014481809,0.8192271986053685,-0.5588787928943281
eat_bio,12,278decaf-387e-4252-9f2e-38a632043f5a,172583.flac,iNaturalist,Mammalia,True,-3.877319539656428,-0.2842183816163153,-0.5982630144469563
eat_bio,12,108f6957-02f2-4e45-9538-2f0e2c3e4494,bass_synthetic_021-071-050.wav,NatureLM,,False,-3.8278841718497443,-0.08928073626460911,-1.4148059704489153
eat_bio,12,ba14f3f1-9bbc-49e1-b02d-ecbef92ea69e,7100101Y.flac,Watkins,Mammalia,True,-3.429583930598932,0.4337572935068086,-0.514743805256059
eat_bio,12,2682a546-fb75-44f4-a8fc-c28ed5581873,6107200P.flac,Watkins,Mammalia,True,-3.616853877045772,0.5492708247181566,-0.7306026067707239
eat_bio,12,6842bdb1-82ce-4b3f-a569-2873f8c02462,7501201J.flac,Watkins,Mammalia,True,-3.274621564599515,0.45270893278727664,-0.6365601662803602
eat_bio,12,09fb3288-4173-47fa-be1e-86444cf49f08,SSW_213_20170701_000000Z.040_007.wav,NatureLM,,False,-3.2235754524969162,-0.7071420910263868,-0.5718381962800115
eat_bio,12,58e4e64e-6933-424d-9672-339d8858c748,578363.flac,WavCaps,,False,-3.6609440550340167,-0.054315850157700296,-1.1768800803126755
eat_bio,12,fb47604a-dd37-4cd7-95be-f5f4d59b0b30,XC468747-Psilopogon_chrysopogon_laetus-FL%20X%20song%20Frasers%20Gap%201%2C000m%209.45am%2028Feb19%20%20LS116797a.flac,Xeno-canto,Aves,True,-2.8251365476983095,-0.632572694904309,-0.4069214851564973
eat_bio,12,14aa86e4-c002-48a2-bb31-6b9f80046f99,56016015.flac,Watkins,Mammalia,True,-4.106980864764377,0.7823484968662794,-1.077743942785824
eat_bio,12,9ed6905c-d8bd-4aa4-a063-32d93a697922,Tamias_sibiricus_S1118_03_short.flac,Animal Sound Archive,Mammalia,True,-4.493032509262234,-0.7410789661409527,-0.9139097578093731
eat_bio,12,115012d5-55e0-4014-b2e8-7c0cca39df7b,555735.flac,iNaturalist,Mammalia,True,-3.121357664245267,-0.635784945115992,-0.4503031806690465
eat_bio,12,a5aa8a7c-5bbd-4dd2-a1ed-1256a107f99e,56026003.flac,Watkins,Mammalia,True,-3.4792004778603705,0.12441759786963685,-0.8049011785579152
eat_bio,12,17b6ea0d-1338-4782-ad45-8e58c5d5f6f3,81014034.flac,Watkins,Mammalia,True,-3.772716663600117,0.25763360688562476,-0.7608374703787094
eat_bio,12,d57221bb-54b3-4248-a511-c267d17470c6,XC536805-19-03-2020%2015e1%20Pica%20pau%20verde%20barrado%20tamb.flac,Xeno-canto,Aves,True,-3.34147406637655,-0.6607762571349018,-0.45060146878573265
eat_bio,12,a0b6e39f-dcc1-4a38-8453-ce23eb17cf26,XC468674-Kokmeeuw%2C%20flight%20call%2C%20270219%2C%200228%20uur.flac,Xeno-canto,Aves,True,-2.5207257160108902,-0.5054173780375316,-0.4096544048698435
eat_bio,12,37ffe707-a499-4bc2-b108-2ff8a58c932d,XC579870-Dunlin.flac,Xeno-canto,Aves,True,-3.471639477274609,0.3498706370094387,-0.679914722389594
eat_bio,12,ff5e3f46-ae1d-4ac0-8b4f-5be1adcf3e0b,79040007.flac,Watkins,Mammalia,True,-3.6508075087292817,0.4746808092102358,-1.1252142088008763
eat_bio,12,58c0f7cb-8dd8-4f84-bfc1-06b858c224dd,Equus_zebra_S0953_04_short.flac,Animal Sound Archive,Mammalia,True,-4.468792921763757,-0.35663471804951935,-0.9283090248256843
eat_bio,12,70a388bb-71e3-41fd-8632-284cfb15fe4c,88006029.flac,Watkins,Mammalia,True,-3.662440148993354,0.4325335730197396,-0.759419399307186
eat_bio,12,26ab2eac-bd09-4f62-afb1-3b7dea897b72,CoppersmithBarbet7Jan2010FortAguadaGoaIndia.flac,Xeno-canto,Aves,True,-2.932079235670933,-0.6423776840009321,-0.35144600885555155
eat_bio,12,1a0e8c67-a218-45e5-8e76-98d6cd1c9ac6,668305.flac,iNaturalist,Aves,True,-4.007792530566854,-0.5431304003549842,-0.8010973292884547
eat_bio,12,c0583b5c-c4f6-4f86-811f-be7d6b36a7fc,61022007.flac,Watkins,Mammalia,True,-3.7844930533585517,0.4826181861388886,-0.979555990451109
eat_bio,12,f68a99d0-a7d2-4e5a-9e42-8b08b2ecfb55,5601700E.flac,Watkins,Mammalia,True,-4.42196673047677,0.6155953508554709,-1.1797030261559645
eat_bio,12,bb3ed88c-2a50-4ba0-b207-81fb0ea239f9,91008006.flac,Watkins,Mammalia,True,-4.226452318519633,0.6173153510329106,-0.9162099426689344
eat_bio,12,ff71a46a-4a12-44ba-a40b-47f08660dba7,61053003.flac,Watkins,Mammalia,True,-4.147371965546048,0.512526084574594,-1.9963193063399987
eat_bio,12,7dc3efe2-cacc-45c4-a1cf-97c4b62f381e,Glaucidium%20brasilianum.flac,Xeno-canto,Aves,True,-3.2569784186990414,-0.6388105964238786,-0.5602782813051669
eat_bio,12,5357a5b3-cf16-46d6-bba4-a35778ae1f62,XC147086-Stilt%20Sandpiper2013-8-30-1.flac,Xeno-canto,Aves,True,-3.8842179248149145,-0.7557819873827116,-0.6650491465741082
eat_bio,12,ede654af-061a-4fde-a37d-2e7aeca6f38b,61064003.flac,Watkins,Mammalia,True,-4.134676535126083,0.39167863310215234,-1.8562770385518323
eat_bio,12,4e6fa367-6aa5-4c59-8604-3606a781c2ee,6102102E.flac,Watkins,Mammalia,True,-3.7432400701526527,1.0158462966612092,-0.7943518595161564
eat_bio,12,7cc78c73-8b3a-4641-9465-71f00d70859d,XC677689-22-09-2021%2018e7%20Coruja%20listrada%20TREMEMBE%20G1.flac,Xeno-canto,Aves,True,-3.0389771914977657,-0.6563975130571855,-0.30726886275736753
eat_bio,12,d61abde2-697a-42ab-adb4-ba2954f3afcb,XC779564-Dry.mar-drumm-Kupinec-230209_0870.flac,Xeno-canto,Aves,True,-3.0744000869746007,-0.6574381551110621,-0.43960127372948343
eat_bio,12,9406f44e-e2d4-45f9-a8cc-673d79a1f83f,XC354155-170203_03XC.flac,Xeno-canto,Aves,True,-2.8582554603056303,-0.5764535440719275,-0.4502953535343774
eat_bio,12,21293d5d-6c29-437d-b3f8-f758ab58313a,567609.flac,iNaturalist,Aves,True,-3.817774306592447,-0.7635795391868697,-0.5998946371569448
eat_bio,12,1746e44f-cf83-42ae-9b7d-9172738f6454,94009001.flac,Watkins,Mammalia,True,-3.4506644390831003,0.6883331186911148,-0.6068472102009069
eat_bio,12,e9d74aff-4677-4b88-af8a-f5b59297ef9c,Vulpes_corsac_K0009_03_short.flac,Animal Sound Archive,Mammalia,True,-3.7422816463780153,-0.3900076311608632,-1.0699072002664
eat_bio,12,67a7e886-69c4-43a1-8efd-17f57760fdde,8002001I.flac,Watkins,Mammalia,True,-3.6372383343278565,0.5305593782010679,-0.8329915776013997
eat_bio,12,fa2e1f75-84eb-4187-9221-eff61f19a018,XC140019-DUNLIN%204.09am%20Moores%20Beach%20NJ%2004272013.flac,Xeno-canto,Aves,True,-3.64072635751668,-0.5080805340717927,-0.7064217664788779
eat_bio,12,7a8d6c21-70f8-4648-9e73-0f9cbd980110,9230200N.flac,Watkins,Mammalia,True,-3.932939155380718,-0.6208767098222052,-0.7240538466184714
eat_bio,12,a93ee2e7-e772-4f74-bdde-9cdb67e7f7ca,XC538488-STRURA%20Kikepera%20200321_1920.flac,Xeno-canto,Aves,True,-2.636201634737304,-0.6366496975535246,-0.29120482604979603
eat_bio,12,f1b0d51f-4609-4e38-889a-70bd3ad1d6c1,XC750809-Barred_Owl_ZOOM0152.flac,Xeno-canto,Aves,True,-3.4418867088269884,-0.7618347560935693,-0.6756835273428383
eat_bio,12,cd1593b5-8364-4ada-9e89-a284f3c63548,9769200H.flac,Watkins,Mammalia,True,-4.116392462705865,0.9062687212172281,-0.7896379759517035
eat_bio,12,7a616d44-044a-4e3f-beea-266e9cc42920,71001018.flac,Watkins,Mammalia,True,-3.649097755947157,0.705219827720891,-0.5910932459526029
eat_bio,12,2fb629a3-99cd-4de4-9249-9e60c314b819,70025008.flac,Watkins,Mammalia,True,-4.19768833387612,0.695550517267387,-1.0686712101914848
eat_bio,12,fab44b19-714c-42a2-9f84-99a0e0d88d60,XC701540-210501_02%20Whimbrel%20N%200148.flac,Xeno-canto,Aves,True,-2.7316354720906215,-0.5686269331791738,-0.36975602193746293
eat_bio,12,09a07ff0-a37c-44a9-9c1e-1697f41e0bb4,585187.flac,iNaturalist,Aves,True,-3.436963382983843,-0.699651776233735,-0.5322523538272678
eat_bio,12,557826e4-d0d7-4aaf-8e24-6fdc56384601,183710.flac,iNaturalist,Aves,True,-3.682724099380597,-0.7808943179413745,-0.4605310990708245
eat_bio,12,2706994a-956c-4159-b666-b116a5d2bee1,346749.flac,iNaturalist,Mammalia,True,-3.188746531663204,-0.7061304044956231,-0.6183666511480699
eat_bio,12,84aabc72-5063-484e-bd77-d3bddf5e538e,XC495714-steenuil%203-9%2000.20h.flac,Xeno-canto,Aves,True,-3.7832907248973022,-0.6812104806967494,-0.654766590920391
eat_bio,12,2b25e0d9-c789-443b-8b71-d033591608f3,XC443369-Coruja%20buraqueira%20SERRA%20%28Athene%20cunicularia-OK-OK%29%2023-9%2018e40.flac,Xeno-canto,Aves,True,-3.850393565835786,-0.5841021303439695,-0.6054051659286854
eat_bio,12,5a456d58-6b5b-4018-b25b-ccea7e38f64e,XC317425-Kleine%20Plevier%2C%20Bergerden%20220416%201200%20uur.flac,Xeno-canto,Aves,True,-2.4591777695375336,-0.5020258950517404,-0.5248070566081826
eat_bio,12,dd60e886-4bbe-4fe5-95f8-a6842dc48741,9776700I.flac,Watkins,Mammalia,True,-3.5808860998991077,0.37288731521703045,-0.8170575421590991
eat_bio,12,6424a5dd-097f-432b-862e-95eae4397d18,6102203K.flac,Watkins,Mammalia,True,-3.6528510427151266,0.31057466269322126,-0.9070887417091725
eat_bio,12,38f53cbd-15a0-41f2-8ac7-f2cfc5d29688,XC550447-0568%20BLL531-33%20Celeus%20galeatus.flac,Xeno-canto,Aves,True,-3.5895510745567427,-0.6448353715298422,-0.6130523772791967
eat_bio,12,4f59a6c4-e326-4477-a2b3-06fcc9786129,XC642572-Galbula%20cyanicollis_Tembe_20210411-075212.flac,Xeno-canto,Aves,True,-3.7893280693876843,-0.7740506548380397,-0.61578151656642
eat_bio,12,9c4cd840-09ea-4291-9bb5-6341a306d3ba,258230.flac,iNaturalist,Aves,True,-3.8835743601276658,-0.0938626627295614,-0.9357192515286544
eat_bio,12,3a71a70f-282f-4df1-932b-194ec85f38f4,553206.flac,iNaturalist,Aves,True,-3.0709474933416456,-0.6630224766881607,-0.39303484131291844
eat_bio,12,3f569d38-347a-4548-983f-a4b8bd94c1e1,57021003.flac,Watkins,Mammalia,True,-3.870485067846943,0.5687108713599724,-0.8958197355999968
eat_bio,12,169c64d7-db1b-4572-bd7a-87c6520f1c0b,9776600C.flac,Watkins,Mammalia,True,-4.047473978466607,1.0277067194069767,-1.0805085127384282
eat_bio,12,9d2e86fa-3b5b-4e87-84c1-8ba89bad07da,8500900K.flac,Watkins,Mammalia,True,-3.5690048607179437,0.8006203409126096,-0.8766903108677979
eat_bio,12,955301c0-f6fa-431a-b3a4-1cd68f0765a5,6400500M.flac,Watkins,Mammalia,True,-4.228731077807122,0.689213912707618,-0.9502688672908043
eat_bio,12,9ee6e918-cf62-4d2b-9527-03817c9bab15,XC637797-210409_03ybs.flac,Xeno-canto,Aves,True,-3.5981979984991725,-0.7384733956169944,-0.5428310860643338
eat_bio,12,9a864163-e795-45d9-be92-e8ec55e52c2c,XC419874-Chouette%20hulotte%20chant%20diurne%20et%20cris%20d%20alarme%20en%20plein%20jour.flac,Xeno-canto,Aves,True,-3.793032969908373,-0.6836039579071389,-0.6427391754721494
eat_bio,12,b5214abb-14e1-4dfa-86c2-6730ffb8dd04,XC764002-MixPre-809_Capito_aurovirens.flac,Xeno-canto,Aves,True,-3.40873773792881,-0.7217384068864192,-0.5544313947436532
eat_bio,12,ac052ba7-9f49-4dfa-be46-a4bfef19a104,XC178999-Dendrmin-Alarm_Poland_PSZ_2014_05_19_3722.flac,Xeno-canto,Aves,True,-3.1429386543725344,-0.6170768955230413,-0.5922602555192937
eat_bio,12,15d6a4ca-ed80-4db7-bf70-99ee0e507715,XC746232-arcticternnocmigrosslare.flac,Xeno-canto,Aves,True,-3.609655695251573,0.0772263319119641,-0.7080519202425282
eat_bio,12,9d5669a9-4063-4926-a1e9-73f7bf460a9b,XC300016-LS_50637%20Senegal%20Thicknee%20call%20B.flac,Xeno-canto,Aves,True,-3.383149917572293,-0.561308355762338,-0.8231742625003217
eat_bio,12,43869f31-9b23-443e-87e4-f15206409e69,Megalaima_haemacephala_mindanensis_Mindanao-9Dec09-FRL_PH_R09.0110_0-52_S.flac,Xeno-canto,Aves,True,-3.359745490573616,-0.6929372042092459,-0.5891705081899721
eat_bio,12,9e2a87e5-2e7c-4334-94ea-7746d2b45433,66091006.flac,Watkins,Mammalia,True,-4.295764776539144,0.510695934271154,-1.0671106703494948
eat_bio,12,859a9c1a-4eeb-4588-b73a-231061fa694a,90027106.flac,Watkins,Mammalia,True,-3.3823873146461256,0.16189578537439325,-0.6194963757270243
eat_bio,12,88ef6865-f787-4827-bf83-98c495dc91d1,XC695896-2022.01.05%2007h10%20Grand-duc%20Boutonnet.flac,Xeno-canto,Aves,True,-3.0816338644989987,-0.6631217490932511,-0.37445807106658413
eat_bio,12,474e848f-0066-46d8-a630-9da2877724eb,XC166258-1279.northern.saw.whet.owl.benner.2014jan28.flac,Xeno-canto,Aves,True,-2.777675071567949,-0.5829864853964445,-0.3633256426058123
eat_bio,12,0008b62f-dcb8-4b2b-87ee-b3bf809069f3,6102102L.flac,Watkins,Mammalia,True,-3.6290770576786655,0.86823058389038,-0.7087434774485527
eat_bio,12,a35a7b6d-2e8e-4294-ae3a-2c83eecb93ff,605850.flac,iNaturalist,Aves,True,-3.7411376290992613,-0.6306050270320421,-0.6436066807951794
eat_bio,12,27d4bf5e-8adf-4db2-991c-7d19f42160c7,XC425219-LS109419%20Senegal%20Thicknee%20flight%20call%20B.flac,Xeno-canto,Aves,True,-3.807991742838145,-0.735183294552838,-0.616098355720454
eat_bio,12,35601063-e03d-4668-a80d-c7f53b5fe230,9101200G.flac,Watkins,Mammalia,True,-3.606421209182803,0.5797546381981712,-0.6221536785140056
eat_bio,12,bbc0f0d4-79f9-461d-a707-84514098014c,XC319756-Whimbrel%20from%20pair%20flt%20-CA%2C%20Tijuana%20Estuary%20off%205th%20Street%2C%20April%2018%2C%202015%2C%200800%20AM.flac,Xeno-canto,Aves,True,-3.5487160676654597,-0.6886339398856853,-0.5106711032069554
eat_bio,12,0d0309fc-c5ca-4f74-bba6-bef77d7e4f42,XC388615-150923%200830%20Stony%20Creek%20Metropark_Marker%2013.flac,Xeno-canto,Aves,True,-3.7789840965250177,-0.74837518639096,-0.6759455053596778
eat_bio,12,55d4aa22-6db5-4f34-81fd-554cbd7d983f,XC577872-200617_2591_COSC.flac,Xeno-canto,Aves,True,-3.4976483066019557,-0.671166052645896,-0.6000475578929448
eat_bio,12,9d9e810f-d25f-45c4-8e83-d6b1983fcba9,XC338339-chroicocephalus%20genei%2019%20salinas%20de%20bonanza%2007-08-2016.flac,Xeno-canto,Aves,True,-3.8660968517617924,-0.5225058401315814,-0.7207929453768462
eat_bio,12,d13044f7-27cc-4035-926f-21e1917d3325,XC427554-Lophostrix%20cristata%20-Caio%20Brito-%28Paragominas-PA%29-BRITO2335.flac,Xeno-canto,Aves,True,-3.0151576160120044,-0.6292696604346512,-0.4575196810265986
eat_bio,12,d89cedbf-c7d8-4f8c-a175-24a6f6a1ce2b,XC540230-1002%20Long%20Eared%20Owl%20Male%20and%20Female2.flac,Xeno-canto,Aves,True,-3.414274548711803,-0.6694336982605902,-0.5555217109940056
eat_bio,12,8ac6ff3e-3a86-43ca-a454-de7768a4b278,african_grey_woodpecker_120301_1710_kerio_valley.flac,Xeno-canto,Aves,True,-4.409902627822397,0.4370247041534554,-1.2877692968707937
eat_bio,12,1cce2ce6-a7b7-49da-a678-982933912de0,351924.flac,iNaturalist,Aves,True,-2.7427154444724624,-0.6215945196975572,-0.38610554857490476
eat_bio,12,4bfac305-e179-4d3f-afe3-c4bc27892157,XC373565%20-%20Black-breasted%20Puffbird%20-%20Notharchus%20pectoralis.flac,Xeno-canto,Aves,True,-3.0551393034374,-0.6419778588122398,-0.5231824439340907
eat_bio,12,921d605d-7396-45ca-b2a5-468ef6ebaa69,XC531293-DOWO_YRWA_SOSP_AMRO_BEWR_AMCR_CASJ_BCCH_2019-04-21_Whitaker_Ponds_Portland_OR_1456.flac,Xeno-canto,Aves,True,-3.2977996579257223,-0.6279993473330687,-0.5556792139243684
eat_bio,12,ae0345fd-4f95-4f26-ba18-829abba08cd4,XC745083-Sl%C3%B8rugle%20vingeslag%20og%20kald%20%C3%98by%20d%2025%20aug%20kl.02.35.flac,Xeno-canto,Aves,True,-3.3436175525904,-0.5184130769454324,-0.4705400844423538
eat_bio,12,d84907d1-5c01-4a36-a994-b5a83ac1a157,58036008.flac,Watkins,Mammalia,True,-3.6413584472162115,0.3976128495415325,-0.5933100797768118
eat_bio,12,9db5c2bc-ca9b-4b61-8a85-4c8ebc01f24e,7700800A.flac,Watkins,Mammalia,True,-3.4656190675954086,0.8261145602237099,-1.4648608715379234
eat_bio,12,b2b0af18-1e80-4c3f-b42b-8c44fa4cf63e,XC574152-CIVETTA%20NANA%20-%20Verrayes%20%28online-audio-converter.com%29.flac,Xeno-canto,Aves,True,-3.6571555024962503,-0.24638573283103457,-0.9004425491681474
eat_bio,12,474db083-e6f1-4316-a8b3-76dbdaa7db93,9775100B.flac,Watkins,Mammalia,True,-4.085066922772263,0.9215724249340114,-1.0767592881401424
eat_bio,12,c07c3e40-5aae-430c-9599-80bbe0fe92fe,XC744944-220814_002Flussuferl%C3%A4ufer.flac,Xeno-canto,Aves,True,-3.8971201128718436,-0.7349886901531101,-0.7875278561887881
eat_bio,12,a8ee600d-d3d7-435e-aedf-c6efb70a8ea6,XC360929-Red-cockaded%20Woodpecker%20-FL%2C%20Buffer%20Preserve%2C%20March%2022%2C%202017%2C%200842%20AM.flac,Xeno-canto,Aves,True,-3.3974209192093583,-0.7062783135584735,-0.4976478488306843
eat_bio,12,ba0d5e12-bc0e-4a0a-a5b3-b8f36d81ff91,386607.flac,iNaturalist,Aves,True,-3.06931914007789,-0.6138218759457305,-0.49967135751208686
eat_bio,12,cabf870e-7cc8-4c73-9e27-7c172350564f,6102204P.flac,Watkins,Mammalia,True,-3.4454116434269966,-0.12923176778127854,-0.7754516932204051
eat_bio,12,107d7249-ed7b-473c-a808-bc48ada60dc6,XC385845-170504_08.flac,Xeno-canto,Aves,True,-4.213961288470437,0.299766879310594,-0.9825345994461431
eat_bio,12,212289f7-503b-47da-af8f-36249ee99ce0,75011016.flac,Watkins,Mammalia,True,-3.824410641605017,0.2872665143369445,-0.7564933155254578
eat_bio,12,7bc373e0-dc42-4879-aff8-58e0e25a8bd2,97769003.flac,Watkins,Mammalia,True,-3.902475122044575,0.81492177447249,-1.246257753457626
eat_bio,12,a1bbe058-99e0-4e63-bf74-b45c2dadd6f0,XC617293-210124_14A%20sel%20Ok%C3%A4nd%20kattuggla.flac,Xeno-canto,Aves,True,-4.274568816926657,-0.2719403668661995,-0.8773340625177908
eat_bio,12,10d849db-1f13-49f0-bd31-18bfe1078ff5,6400504E.flac,Watkins,Mammalia,True,-4.185439935134639,-0.7890486808660857,-0.7053255764223508
eat_bio,12,d7ebaffb-d563-4171-86ce-3d88d0bdae25,XC507651-LS110268%20Steaea.flac,Xeno-canto,Aves,True,-4.612736959943485,-0.7161735523468618,-0.9359510609132796
eat_bio,12,cd81c359-70f0-436a-baf4-733668abc417,XC732783-R%C3%B6st_121-1-2-1-1-1.flac,Xeno-canto,Aves,True,-3.8313270601392584,-0.7794603044636688,-0.7233104830035904
eat_bio,12,d8e29594-701e-4a10-89a2-9b525d89f9f4,Megascops%20apurimacensis0719-2.flac,Xeno-canto,Aves,True,-3.264319338490856,-0.6602593063870533,-0.48695452840912473
eat_bio,12,1fb022d7-2a61-4133-9f1a-3380d127a83d,XC301947-RNSA_up_123015_1100.flac,Xeno-canto,Aves,True,-3.2950644708473487,-0.6403626874857902,-0.5509362909340457
eat_bio,12,29ff6030-b8b6-4e9a-a197-4bbfcb793346,9400805X.flac,Watkins,Mammalia,True,-3.6202738495364786,0.7144655230944347,-0.579809643836056
eat_bio,12,c1686836-ba4c-42ce-b483-36dccd6c4ab3,XC448657--St%C3%B6rre%20hackspett-trumning%202%20ex-Tivedens%20NP%20Vg-%282017-03-11%2006.55%29-LS140049.flac,Xeno-canto,Aves,True,-3.1525322703226974,-0.6061523388313051,-0.5284836963516907
eat_bio,12,8f4bf5fc-8fa9-4125-8071-f6b8ff215d70,XC576978-200702_003h.flac,Xeno-canto,Aves,True,-4.050741345707756,0.41437599721139823,-0.9693616373016516
eat_bio,12,ea5ffa7e-e29a-4ee0-85ef-69516c40aba1,XC192911-Blue-eared%20BarbetTG12014.flac,Xeno-canto,Aves,True,-3.055184872753819,-0.6482038451553194,-0.42859003953056635
eat_bio,12,564352d0-cae2-4f23-8966-d3fc1d45a907,XC637938-Chev%C3%AAche%20d%27Ath%C3%A9na%201_Moutonne.flac,Xeno-canto,Aves,True,-3.034721153887059,-0.598906078783776,-0.4244640724302413
eat_bio,12,5176c662-6d32-4eb1-b1d6-d9960e637fb5,XC795010-230421_1226B-sel2-Enkelbeckasin-r%C3%B6rdrom-sk%C3%A4ggdopping-r%C3%B6dvingetrast-trana-argt-d%C3%A4ggdjur-Nnoc-Ppyg.flac,Xeno-canto,Aves,True,-3.8922244891371687,-0.7548697143076817,-0.6614997103747551
eat_bio,12,9469e45c-7ae7-47fa-aa28-329410f5da7f,656097.flac,iNaturalist,Aves,True,-3.446141442354103,-0.7082241642198028,-0.6586562393243913
eat_bio,12,6b879f0c-009f-4857-a277-213484450959,60026035.flac,Watkins,Mammalia,True,-3.6612806501099335,-0.2674829196912958,-0.4767233048879714
eat_bio,12,76ad9e1d-7719-4545-bb1d-19d0c867a400,7500400S.flac,Watkins,Mammalia,True,-3.117850234540922,0.12983108150638858,-0.49672385670558583
eat_bio,12,79041ed9-600d-4c51-a69b-036c29591f23,7100101E.flac,Watkins,Mammalia,True,-3.026323695629888,0.17660771197825278,-0.4812052210207176
eat_bio,12,c40ba31a-75e8-4087-ad53-f6779284c831,XC401953-171226_C_SpottedRedshank_flightcall_PoYang_OC.flac,Xeno-canto,Aves,True,-3.8868480228799536,-0.4437778570421292,-0.8007519920473782
eat_bio,12,9a2eaebf-1de4-4b3b-873c-1c34a05bba1d,XC609337-Dotterel_Black-fronted1_M6MKH-202_Mount_Wood_Dam1_Dusk_27thAug20.flac,Xeno-canto,Aves,True,-3.120239341961054,-0.5894089587254157,-0.5806437446075239
eat_bio,12,21faf819-d5f0-4264-9a9d-d846feb83e93,R09_1362-Yellow-billed-Jacamar-interval-shortened.flac,Xeno-canto,Aves,True,-3.158888168716389,-0.6590398159646318,-0.45242453074336353
eat_bio,12,3417586c-f533-4d94-9087-1fea08ffe07e,6302100T.flac,Watkins,Mammalia,True,-3.843140301156856,0.7151567151608836,-0.9132930200219374
eat_bio,12,851fbe69-65dc-4720-be7a-50c017ee6013,XC337825-Gaviota%20Andina%20Huancar%2030-09-2016.flac,Xeno-canto,Aves,True,-4.060418770468144,-0.7528258034361301,-0.6145231946579905
eat_bio,12,eb10f2e6-5813-4711-a733-93643d9e5ee3,97769008.flac,Watkins,Mammalia,True,-3.3908246267726248,0.43151193629860246,-1.0225298787090842
eat_bio,12,cef84491-8e59-429b-b71f-11e3aaf43c31,XC322893-LS_52158%20Arctic%20Tern%20call%20C.flac,Xeno-canto,Aves,True,-3.709034697968364,-0.7332121727968874,-0.6704156555333561
eat_bio,12,df360fc2-208e-46f8-aa98-4dc104cffa2e,XC690078-jynruf.flac,Xeno-canto,Aves,True,-3.243585015272148,-0.6521894462065011,-0.5124279588542757
eat_bio,12,8ecc4d79-20a5-404d-b8f3-82e18963ba92,66091007.flac,Watkins,Mammalia,True,-4.11260014725489,0.44040669162145324,-0.9981879893639316
eat_bio,12,ade7119c-e45e-4951-a49c-00108278cf8e,198862.flac,iNaturalist,Aves,True,-3.6126150834953203,0.19351697481561644,-0.6388420830311055
eat_bio,12,a0f16809-156a-426f-8156-2e5a6bc1178e,127749.flac,iNaturalist,Mammalia,True,-3.599244459479184,-0.6703896932333463,-0.6188350407109398
eat_bio,12,e123df50-5102-4545-a9f5-4d6ffc1989de,8600805U.flac,Watkins,Mammalia,True,-4.027303905258761,0.8734130634355988,-0.8007128677977784
eat_bio,12,2c94d6d8-1f62-4765-834c-8366f158f2a8,7501100U.flac,Watkins,Mammalia,True,-3.739391897131809,0.6058643040096505,-0.6649478857913198
eat_bio,12,d2511bb9-1aa6-4aaa-b5cf-f76a1fc88b0e,XC723434-Enkelbeckasin_20.flac,Xeno-canto,Aves,True,-3.663669890217149,-0.7197927409915484,-0.5548360171964085
eat_bio,12,80597c6a-56a8-4704-a62c-26cebdf855cc,XC794305-20190530-0555-CO190016-US-CO-Baca-Two-Buttes-SWA-HAWO-%28B%29-calls_01.flac,Xeno-canto,Aves,True,-3.1347355750916486,-0.6179160231118147,-0.34728742633110193
eat_bio,12,c1916296-98ff-4dc2-b438-1ec451830830,XC670315-pancianera_sentDR0000_1306.flac,Xeno-canto,Aves,True,-3.9051934001188466,-0.136530602295568,-0.8395622162773588
eat_bio,12,16c145ab-e73a-4ae1-8e08-d52879fe6a44,570618.flac,iNaturalist,Mammalia,True,-3.2351412615609614,-0.6955213146977488,-0.5382148295498682
eat_bio,12,06157d42-4db5-4d5d-a60a-a95d308e510d,XC749806-oystercatchernocmigrosslare.flac,Xeno-canto,Aves,True,-3.2306275158128037,-0.724527611098146,-0.4563841896334133
eat_bio,12,88bd2c94-33b5-43ee-983d-e47ac6b5ee1b,9100501X.flac,Watkins,Mammalia,True,-4.2462905909214985,1.0291049231462723,-0.8766830621427193
eat_bio,12,8b2034c7-8d72-4a23-9d87-ab5ac194320f,9776100T.flac,Watkins,Mammalia,True,-4.305158990949409,1.1653145727185596,-1.5196335448543454
eat_bio,12,6467d4ef-2260-4966-82b2-41d76f711cbd,290312-039perleugle_varsel.flac,Xeno-canto,Aves,True,-3.5846109680386284,-0.07158075214830742,-0.8266509528168073
eat_bio,12,a0d76e86-2da8-407d-bad7-7b1a48178285,94008055.flac,Watkins,Mammalia,True,-3.058780729599005,0.44582169733868415,-0.4944692371681349
eat_bio,12,0fb9b6be-0dea-40dd-bcab-c76725831270,639903.flac,iNaturalist,Mammalia,True,-4.096852332511561,-0.542039170953006,-0.6656894686065583
eat_bio,12,02aa1b93-297f-4a73-9372-5a85ce4d1de3,XC663441-210716-BO5%20clip.flac,Xeno-canto,Aves,True,-4.421121176619073,-0.8217530645166841,-0.8050788340571724
eat_bio,12,29da94d6-f609-4c27-b0d1-25c256c1a5a3,91010025.flac,Watkins,Mammalia,True,-4.0704600489185605,-0.7204894729328535,-0.6743685335965491
eat_bio,12,cdcb4a53-adf4-45e4-b96e-19dc7c262ecf,Otus.insularis081205_01.flac,Xeno-canto,Aves,True,-4.277273043782889,-0.8010986121406399,-0.8175138295328939
eat_bio,12,b4d60fab-3403-413c-a4bb-c98fa1689afe,XC288966-schwarzspecht%20weibchen%20trommeln%2013.2.15%20seba.flac,Xeno-canto,Aves,True,-3.6658484612437015,-0.11545015256779914,-0.8731619090412484
eat_bio,12,e0bff30c-da81-4a54-957f-bd740b28b701,348175.flac,iNaturalist,Aves,True,-3.224393807045631,-0.5570920070116346,-0.5070857583939988
eat_bio,12,b530fe98-7246-4668-9fe3-7b60e81b2b3a,8800505C.flac,Watkins,Mammalia,True,-3.8712239721106076,-0.007682147404420692,-0.8418240553311855
eat_bio,12,80d7d06d-657f-4081-9d73-82283223ef6d,94008050.flac,Watkins,Mammalia,True,-3.514719126850639,0.7249526566598304,-0.5961243511513538
eat_bio,12,7d329ae3-6bb3-48d4-bca7-919dea46e70f,XC203599-Glaucous%20Gull2014-7-1-1.flac,Xeno-canto,Aves,True,-5.7353233341863525,-0.9313570219917827,-1.1627775969306433
eat_bio,12,929b9e55-0dec-4f9c-ba32-b381dc725e22,XC565646-11mar2curlew.flac,Xeno-canto,Aves,True,-2.8162707654141568,-0.49676788635518104,-0.8587874865231935
eat_bio,12,73101c49-f652-401f-b1e6-d35a27addcd1,510200.flac,iNaturalist,Mammalia,True,-3.4371896124217485,-0.6925528340547915,-0.5467090957298206
eat_bio,12,c1ad4413-bcac-4954-964b-554d8a071a7b,Ptercast03.flac,Xeno-canto,Aves,True,-3.826813697121306,-0.7233511934491732,-0.6211928185708615
eat_bio,12,09d1e2b8-c21a-4c93-9454-d8d2e9c2577c,XC154257-Tringa%20stagnatilis%20calls%20Zhanteke%20lake%20Aqmola%20province%204%20May%202013%20%28Arend%20Wassink%29.flac,Xeno-canto,Aves,True,-3.4377553265165655,-0.6216839981567231,-0.7055403618894561
eat_bio,12,9ec4f6a7-7afa-4052-a7b9-2c6171619646,75001010.flac,Watkins,Mammalia,True,-3.491776778596495,0.6215584086653261,-0.6314562484856512
eat_bio,12,5be7c5ea-68f5-4d29-beac-ece4f168ed3e,Kattugle_Kaja_180308.flac,Xeno-canto,Aves,True,-2.6647699898471755,-0.612042729612581,-0.34813809435406073
eat_bio,12,26151adc-12ba-4bd0-881b-e4727dc6fa18,XC349740-170108_05.northern.pygmy.owls.mt.graham.az.lance.benner.flac,Xeno-canto,Aves,True,-2.8458776135546793,-0.605123420143828,-0.3512243088959265
eat_bio,12,cf0cee6a-132d-410f-85ea-128eb30213d3,XC299042-120%20Glaucidium%20brasilianum%20%28Calls%20of%20a%20couple%29_VerdeMarII_RibasPardoMS120912.flac,Xeno-canto,Aves,True,-3.4979097670734633,-0.7449113502467509,-0.5221008191366209
eat_bio,12,a3324412-6f1d-421e-adb2-929113789ce3,64031001.flac,Watkins,Mammalia,True,-4.167701150030254,0.5203479444669421,-1.1253303117620035
eat_bio,12,649596f6-a0fa-4e5c-bc67-4f8cecaf4654,XC550460-Campephilus%20rubricollis%20DCB%20597-1a.flac,Xeno-canto,Aves,True,-3.2532836474526414,-0.661844051177487,-0.4740795498377751
eat_bio,12,b1b82430-988c-4b1b-b442-4cdb17d5bb6b,6403100G.flac,Watkins,Mammalia,True,-4.057509527995554,0.49690420383084755,-1.0779756946384231
eat_bio,12,249f0ae5-f109-431b-b467-119f3fabb594,6804000N.flac,Watkins,Mammalia,True,-3.956530608433355,0.8795234092142857,-0.9208307417861399
eat_bio,12,a220bfb3-0d2a-447f-87c2-396ba444676d,XC571539-Mochuelo%20call%20%2B%2C%2022_28.flac,Xeno-canto,Aves,True,-3.2441356037068965,-0.6144076354540635,-0.5106803159363728
eat_bio,12,e4414041-567d-4b62-89d4-b0125603cb05,XC710838-DENMAJ2022-03-20-07-22-KALL-d-A.flac,Xeno-canto,Aves,True,-3.190296327963751,-0.681906965506705,-0.4819445965939669
eat_bio,12,e5a898e9-0ef6-41ff-b708-fd8070201206,8303501T.flac,Watkins,Mammalia,True,-3.743152728504665,0.2644916520757703,-0.7303288558488885
eat_bio,12,1836a52d-0a83-41f5-be10-39c80895d917,287326.flac,iNaturalist,Mammalia,True,-3.075154400293582,-0.6708230227367444,-0.5296845194466229
eat_bio,12,93cae18f-fd3b-4417-ae5e-a5c59407d936,97762009.flac,Watkins,Mammalia,True,-4.202379907855376,0.9843611492084896,-1.0914139098197269
eat_bio,12,b1e2de20-3eab-47b3-9d2d-6c6b9c0d5e80,9002708R.flac,Watkins,Mammalia,True,-3.168126307715192,0.15238139010384624,-0.6157447928773455
eat_bio,12,4e31a432-7177-430f-b9d0-85c641fe1abe,XC771647-Cabur%C3%A9-minuto-Go-V.flac,Xeno-canto,Aves,True,-3.541257751347611,-0.7374780151839029,-0.49357331764150086
eat_bio,12,6ebb27ae-c9ca-4bde-8f80-779b7d125dfe,XC549391-20200422_nuit_indiv%2003h24mn28s_sylvain.flac,Xeno-canto,Aves,True,-3.931235234419669,0.820721069411529,-1.2036143305684184
eat_bio,12,0729b5e3-8d1d-411c-9dc9-c88f46a4ef14,546578.flac,iNaturalist,Mammalia,True,-3.8129420610935725,-0.7865939576515001,-0.6353752935415327
eat_bio,12,efd4408f-bb1b-4bb0-b477-64bf7a24d8c3,XC425217-LS109414%20Caspian%20Tern%20call%20C.flac,Xeno-canto,Aves,True,-3.243489076812559,-0.6430048009961653,-0.48433979906333036
eat_bio,12,f65ebf13-eb73-4fef-b10c-1e0763b14dbc,60026041.flac,Watkins,Mammalia,True,-4.187086817199662,0.7089833192384398,-0.7146327880554395
eat_bio,12,0a45821c-ad05-421c-a701-28034d55f291,XC281036-150%202%20Scholekster%202%20Zang%20baltsvlucht.flac,Xeno-canto,Aves,True,-4.0457505593588206,-0.7177582409241166,-0.8839138607948224
eat_bio,12,7caca538-5ed9-48f0-ab2d-f53920567e34,86008029.flac,Watkins,Mammalia,True,-4.301946943751526,1.002015902607342,-0.9197868606282997
eat_bio,12,1270a6a5-a9ac-4f46-9c12-dccc9e2f213e,XC148370-1677.flac,Xeno-canto,Aves,True,-3.128155672101472,-0.4289335970301295,-0.7920277719454971
eat_bio,12,ed41f8c4-0c3b-4294-82e2-1beaa67ef988,XC707876-210124_0629%202030%20Ervedal_Little%20Owl%2001_NNPL.flac,Xeno-canto,Aves,True,-3.2275416947414013,-0.6607995503900741,-0.5024631761029812
eat_bio,12,5d45d1a2-c296-4ce1-98da-76a2e4ac539a,XC278857-Eastern%20Barn%20Owl%20B%200405_195641%20mp3%20near%20Apui%20Alor%20%282%29.flac,Xeno-canto,Aves,True,-3.527296797422898,-0.7174416672198056,-0.5956097164263979
eat_bio,12,8a8fee17-f852-44a4-884f-5fd7b7e06893,XC346932-LS102669%20African%20Scops%20owl%20song%20A.flac,Xeno-canto,Aves,True,-3.453815732608571,-0.7515615875619681,-0.5491912942552802
eat_bio,12,2dbf46f4-25c5-4449-b968-ffd4d27ab507,XC319054-White-bellied%20woodpecker.flac,Xeno-canto,Aves,True,-4.030979800814638,-0.5516702136792551,-0.9609929612163018
eat_bio,12,15d7d6c4-a911-4ae6-8769-c4eccbe07989,613124.flac,iNaturalist,Aves,True,-3.9964715123172248,-0.7106214075710668,-0.7854353213150582
eat_bio,12,f08a03c2-9bcf-40ed-abc8-e65768734499,XC287904-FEPO_031415_1900_OrganPipe1.flac,Xeno-canto,Aves,True,-3.276628347100622,-0.6358651560168265,-0.4925312983122484
eat_bio,12,ecb342f6-5b78-4f9a-924e-817afde027fd,XC522273-Gravelot%20%C3%A0%20collier%20interrompu%20201114%20Bar%20Al%20Hikman.flac,Xeno-canto,Aves,True,-3.217913593638411,-0.6720806623403064,-0.5493695782728616
eat_bio,12,9cbbb0d9-b50c-48cd-b5da-ab5ae0b66393,XC669353-Grote%20Geelpootruiter%2C%20call%2C%20poel%20vlakbij%20Washington-Slagbaai%20NP%2C%20090821%2C%201017%20uur.flac,Xeno-canto,Aves,True,-2.782306051085667,-0.52282118842011,-0.5678683869010865
eat_bio,12,e0274ad3-19d5-4083-81b7-b6dd530a3842,XC797105-GreatBarbet_PhouSamSoum_230422_2134_edited.flac,Xeno-canto,Aves,True,-4.207592639968678,-0.8445906444937138,-0.657011037719115
eat_bio,12,f1dcdae1-9a77-4c65-bf6d-9468dfa301a9,79005004.flac,Watkins,Mammalia,True,-3.58348686592028,0.7132852307207849,-1.4558517519177094
eat_bio,12,a86b7b8c-30ef-4f30-adfe-1ab71382d5ba,XC228025-White-barred%20Piculet%20B%204482.flac,Xeno-canto,Aves,True,-3.8436879715837335,-0.29595423860028414,-0.6142167012255119
eat_bio,12,f308d7c9-8052-4316-963a-f5175dcd5ff6,75012031.flac,Watkins,Mammalia,True,-3.529954762094258,0.6497674462327725,-0.6731778058092939
eat_bio,12,72e8c01f-385e-40fe-a645-c400d2489a71,97750003.flac,Watkins,Mammalia,True,-3.6919858561986945,0.7181253098376619,-1.0185987783991195
eat_bio,12,658854ae-e1c8-49af-a693-d08d845f9528,XC161830-130621-032148.flac,Xeno-canto,Aves,True,-4.543642112320036,-0.8279181764546724,-0.7694637849874604
eat_bio,12,e1e82fdc-c197-4087-862e-1bc14071dbff,XC662241-Tuc%C3%BAquere%20PN%20La%20Campana%20mp3%20audacity.flac,Xeno-canto,Aves,True,-3.294100523724659,0.23746939786113014,-0.721765084935128
eat_bio,12,13fe6cd3-e5b1-4849-bb90-ed53076b0304,8600803W.flac,Watkins,Mammalia,True,-3.459303703699455,0.2398424586156323,-0.6257635961100125
eat_bio,12,2020f0a2-2e1e-4903-b2f4-2fa22cf91bef,XC273727-Rufous-tailed%20Jacamar%20song.flac,Xeno-canto,Aves,True,-2.9269849824251857,-0.6575193006581209,-0.5518450249409051
eat_bio,12,3728dcc0-7ba5-4869-8922-97c837ad1542,XC687396-Green%20Sandpiper_Flight%20Call_Tory_080821_B.flac,Xeno-canto,Aves,True,-3.224574246451439,-0.08191642074466454,-0.43922667746058663
eat_bio,12,6e4024c4-191a-4258-94c1-d1ade96934ed,XC281238-273%201%20Steenuil%201%20Zang.flac,Xeno-canto,Aves,True,-3.6800249940492105,-0.6896795480823084,-0.6247846558580942
eat_bio,12,2cb01763-57e1-4a0e-b795-eae75656a8b1,5702606N.flac,Watkins,Mammalia,True,-3.7810435060521357,0.49008175685565325,-0.7214880440025198
eat_bio,12,41d48329-93ff-404a-8678-151bf3fbb2f0,9101203S.flac,Watkins,Mammalia,True,-3.212941709119031,0.584595107042423,-0.7199312133390358
eat_bio,12,99dd86bb-077f-4371-b1e7-9249cb9fdf35,XC765705-B%C3%A9casseau-minute-vol.flac,Xeno-canto,Aves,True,-3.348330090034715,-0.7108952344942583,-0.48042350162473324
eat_bio,12,6068f9f9-e9e4-4b3c-ac40-8b9155dbb54d,XC321259-Uria%20aalgae_20160520_SD_T106.flac,Xeno-canto,Aves,True,-3.841933267052249,-0.7493905078184978,-0.5813622240991648
eat_bio,12,78be6796-a469-4ddd-be22-2f4b3e8c1601,56018004.flac,Watkins,Mammalia,True,-3.8894185526525447,0.37512944619030086,-0.9812279506154873
eat_bio,12,864dfc18-961a-4847-b8c7-4a5ddb421a9f,8800500H.flac,Watkins,Mammalia,True,-3.6605160940921717,0.10368046256889141,-0.8115093878640081
eat_bio,12,bb2c644b-d518-4d35-a629-1318b25337f6,151144.flac,iNaturalist,Aves,True,-2.8643649355494363,-0.6409865508275924,-0.31703735059195237
eat_bio,12,a2cc20e8-c985-4519-a2ec-376b117dbdc4,XC590337-Eurasian%20Eagle-Owl-Suertetierra-20200922_0350.flac,Xeno-canto,Aves,True,-3.366822227110492,-0.6810358080713046,-0.5348904513709534
eat_bio,12,0873f4eb-7dd0-46c2-90ea-32f0160ec1aa,7100201S.flac,Watkins,Mammalia,True,-3.9997237489276243,1.1417902812546885,-1.0792689074558186
eat_bio,12,721b294a-96fc-4ce1-acfd-5be8c6eae40c,9775200H.flac,Watkins,Mammalia,True,-3.535914985960947,0.8471546351629169,-1.0964992304579912
eat_bio,12,11d6cf45-5280-4902-86a8-b6d8f97b4fb8,444106.flac,iNaturalist,Mammalia,True,-4.033572124348453,-0.5836503192314273,-0.9932781671276041
eat_bio,12,143fb0bc-c663-427c-b788-405779f282b8,XC625194-Tawny%20Owl%202215.flac,Xeno-canto,Aves,True,-3.630515175784869,-0.7207951696206224,-0.6417820592215484
eat_bio,12,dd33ebbf-925a-4f79-b501-ca2c0a38e6bc,58878.flac,iNaturalist,Mammalia,True,-3.568578042395661,-0.7204398973081658,-0.5212854797075017
eat_bio,12,a4612c62-b694-4d48-95ea-d4a99b390271,88006019.flac,Watkins,Mammalia,True,-3.4574438657536293,0.2195300293756116,-0.8021910100607763
eat_bio,12,58ddf4a9-0d85-4b4b-8a04-e83ec9cf73ba,5903001Q.flac,Watkins,Mammalia,True,-3.693365875627671,0.8409205158138736,-0.7713775517355476
eat_bio,12,5aeb8e9a-f817-4f21-9db6-2a3fd1a46ab1,SNIPE%20Giant_03_SF%20de%20Paula_Rio%20Grande%20do%20Sul_BR_5JUL07_Bernabe%20Lopez-Lanus.flac,Xeno-canto,Aves,True,-3.159496161472938,-0.6135074355191157,-0.6623546540311407
eat_bio,12,6a488107-6c99-4d36-a40c-e3a1bae1dec3,7100700D.flac,Watkins,Mammalia,True,-3.921133815512251,0.8556145452671469,-0.6746550588482602
eat_bio,12,1a569564-a111-4806-9d7f-d59387a77d48,Bubo.flac,Xeno-canto,Aves,True,-3.9288759738993053,-0.6276889129093312,-1.0652484141126517
eat_bio,12,f6094e06-2635-46d0-91d3-770ff80d7911,164331.flac,iNaturalist,Mammalia,True,-3.2557803005619004,-0.5369274376122395,-0.912798974745064
eat_bio,12,1b90b0b0-b80c-453c-b541-20ae49a6f022,5801801D.flac,Watkins,Mammalia,True,-3.835329293425686,-0.3474094364249928,-0.68617959248489
eat_bio,12,e448c14a-7b23-42ef-bf3a-62157d54c7c4,637039.flac,iNaturalist,Mammalia,True,-3.359235170401607,-0.7238291615409431,-0.5691145224268275
eat_bio,12,99213f38-7400-448c-9f64-4a687d0037ef,7700600F.flac,Watkins,Mammalia,True,-3.700534142905825,0.845883309822329,-1.3654897190399329
eat_bio,12,65b49b46-ca07-4eca-9386-d47651d297ee,8600801X.flac,Watkins,Mammalia,True,-3.952270353227738,0.38438456137358423,-0.7746500290044047
eat_bio,12,6ac3006f-49e7-4d86-9c9b-6c16b3412a8f,8501201S.flac,Watkins,Mammalia,True,-4.352360574403318,0.815736194859985,-0.8321933951562241
eat_bio,12,cb19da5c-319a-42b8-8ec3-1c2111c7a361,becacina2.flac,Xeno-canto,Aves,True,-3.6133216363153187,-0.7179176116145269,-0.5194512414107566
eat_bio,12,61a859bf-7cee-4a4e-8e89-ef0bd5383894,558077.flac,iNaturalist,Mammalia,True,-3.733995208747894,-0.32216758790234445,-0.8019401642657451
eat_bio,12,73ab37e3-ed12-4c68-ad00-c919d78bdb1d,519937.flac,iNaturalist,Aves,True,-3.8035723985798726,-0.7386123250180749,-0.6488569301876197
eat_bio,12,ac0c5ba6-d022-478e-83aa-cd979038f6ce,97781001.flac,Watkins,Mammalia,True,-3.5702482261755453,0.7559441212044684,-1.0654437806503543
eat_bio,12,4ab21425-c5b5-4145-8045-ab3f76b8046b,68032003.flac,Watkins,Mammalia,True,-3.9600370890009406,0.14159905220531271,-0.9050926988012332
eat_bio,12,9e5795aa-f700-41e8-90c2-54e4bd11a7dc,XC513602-hiboux%20moyens%20ducs.%20le%2026%3A12%3A19%208h%20am.flac,Xeno-canto,Aves,True,-3.847899397221601,-0.766307689625161,-0.5961145526441607
eat_bio,12,25988f9e-7486-40a9-a5d1-c2c194c619d5,Ninox_novaeseelandiae_ETimorMay05-FRL_TL_18_1532-1248_1_s.flac,Xeno-canto,Aves,True,-3.5097051177240104,-0.652557511720423,-0.793038373984388
eat_bio,12,13145736-ff9f-48ba-901e-eeb040a16495,64055003.flac,Watkins,Mammalia,True,-4.425144692599151,0.792330620866498,-0.9704907680891137
eat_bio,12,dd19218d-d90a-4ccc-af1a-a6ecd5ea9f43,XC715078-220330_Arabian%20Scops-Owl_calls_Al%20MehfarTP_OC.flac,Xeno-canto,Aves,True,-2.90648704152369,-0.6514642190639236,-0.406771033061465
eat_bio,12,ba936079-dabd-4831-bce3-117cc1d1ed00,XC563510-200519_04.flac,Xeno-canto,Aves,True,-3.08371961248283,-0.6227600284436043,-0.538428976452187
eat_bio,12,4b0cb268-dc0a-4aec-8442-00984f21edeb,7500305J.flac,Watkins,Mammalia,True,-4.132681830546538,0.8001325323918962,-0.9000980233622174
eat_bio,12,decbbb99-a8a1-4148-9988-206b6baf183e,5801801M.flac,Watkins,Mammalia,True,-3.6635720915997307,-0.5232796914100043,-0.6580791969464149
eat_bio,12,cdd57c98-fae5-4d6a-8916-88c1ce928c82,410656.flac,iNaturalist,Aves,True,-3.586960147853625,-0.6009333530129402,-0.6470645327098974
eat_bio,12,70da9885-6877-4aba-b2ac-8bfa8c34ae6f,XC230074-%27San%20Isidro%27%20Owl%20A%202801.flac,Xeno-canto,Aves,True,-3.411361244390221,-0.6496363933875828,-0.487409023665008
eat_bio,12,094e5fd7-f551-496b-811d-f649ad51034c,9776101U.flac,Watkins,Mammalia,True,-4.070895911473907,0.910548763317619,-1.082252181693265
eat_bio,12,756f5f6b-e605-4868-88c8-fc950336eb5a,460049.flac,iNaturalist,Aves,True,-2.9493353467631778,-0.5969625739284328,-0.44574563521819804
eat_bio,12,7124506c-9392-4b69-9cf9-a7dd620a311d,9400806F.flac,Watkins,Mammalia,True,-3.663836777084957,0.8175583342617017,-0.6151699324312754
eat_bio,12,7611bc32-7e8b-4c6b-beea-38b18ea4ea2c,97766002.flac,Watkins,Mammalia,True,-4.050678530528955,0.7278059770662066,-1.0188877542755048
eat_bio,12,962afc60-1e38-4463-a210-99ae9714c58b,538671.flac,iNaturalist,Mammalia,True,-3.5477399570721424,-0.7167588963699726,-0.5865892077814877
eat_bio,12,0ab061f0-7e4f-4a32-87b0-fa21ffd6393f,530358.flac,iNaturalist,Aves,True,-3.4874609146223716,-0.29926758653524926,-0.9229313451732568
eat_bio,12,6bffd177-4827-42f4-9690-fa6dc57646ee,79040003.flac,Watkins,Mammalia,True,-4.058205268736771,-0.8245059421902996,-0.7187710221375648
eat_bio,12,df688143-3f05-4dcc-8520-b8202289acdd,XC178202-Guiffette%20moustac%20Ebre%2011%20mai%2014.flac,Xeno-canto,Aves,True,-3.5041495800686273,-0.5919601706560853,-0.7827717462840728
eat_bio,12,127d8bc5-ca53-4b42-88fb-677e4e7a3687,9100402F.flac,Watkins,Mammalia,True,-3.766581919954569,0.17849504887785034,-0.7655588946602874
eat_bio,12,9d7febc0-e3b2-4c47-9fea-45c87a3793db,BarredOwl2.flac,Xeno-canto,Aves,True,-3.1605098019107425,-0.6333764392776282,-0.357470008109819
eat_bio,12,74fad971-8614-4838-b32f-0253b26d260f,75003011.flac,Watkins,Mammalia,True,-3.8870003148068735,0.6136566164404998,-0.8080135026681149
eat_bio,12,08822775-b854-4c90-8728-c1a8a06916e1,61021049.flac,Watkins,Mammalia,True,-3.5161627796673987,1.049633093984283,-0.7990338242593548
eat_bio,12,5776b7e7-65e1-48c6-a85b-6e9268651cc0,639152.flac,iNaturalist,Aves,True,-3.503042965444098,0.47855810254506825,-0.7611029350870715
eat_bio,12,cc9d7d05-042d-4680-887d-b865a71c5a91,XC571863-American%20Oystercatcher%20alarm%20call%20june%2025%201946.flac,Xeno-canto,Aves,True,-3.657261917284437,-0.6417099680082778,-0.849929530803834
eat_bio,12,60208ff6-e126-4d53-9043-b173305559ba,XC446811-Bay%20Woodpecker_20181207_124232_prepared.flac,Xeno-canto,Aves,True,-3.1232915534354992,-0.6547534145612827,-0.4480572633035974
eat_bio,12,d59f7209-4238-4308-8d28-161cbd74230f,XC451747-Campethera_nubica_nom-FL%20song%20Baringo%20Lake%2020No18%2011.04am%20LS112684b.flac,Xeno-canto,Aves,True,-3.2421806029597238,-0.6720746952633387,-0.5419982619634081
eat_bio,12,80682f50-0631-49e5-b63f-ac1c9fb724c3,XC268816-Least_Sandpiper_2.flac,Xeno-canto,Aves,True,-2.8999507074044444,-0.5939886971670578,-0.37934583897613156
eat_bio,12,eb69bc44-80e5-4f47-83f8-1b8b52f1a906,695048.flac,iNaturalist,Aves,True,-4.006079196059521,-0.728746212187042,-0.7683914162075652
eat_bio,12,2d6d26c8-82e9-4eae-a187-d7eca628bf4d,XC251126-Miclan050704B.flac,Xeno-canto,Aves,True,-2.94276131236346,-0.6013315392025287,-0.4182818382937325
eat_bio,12,1af886b6-18df-41bb-961c-8e2b93f04022,XC674295-20210911_0510%20NoId%20Piula%20arbes%20XC.flac,Xeno-canto,Aves,True,-2.7027987740638957,-0.49098250239090013,-0.6487729414404769
eat_bio,12,aeaa94c8-719e-497e-9025-d2207d8021b7,7900403A.flac,Watkins,Mammalia,True,-3.895936695879662,-0.1065392365831247,-0.6138820900001764
eat_bio,12,cb619930-0238-4c4a-97c1-aefaf0615fc3,XC556943-Pic%20mar%20divers%20cris%20%2B.flac,Xeno-canto,Aves,True,-3.476592451864817,-0.694123101535029,-0.6012510332709616
eat_bio,12,eca4188e-cbb8-43aa-967f-a26a6c19a374,XC647863-20210512_2345_Monkspath_JS_Oystercatcher.flac,Xeno-canto,Aves,True,-3.134597288875824,-0.6398428956964238,-0.42349161357102033
eat_bio,12,83f2fbb1-f25c-43ab-8804-180a2838453b,94201060.flac,Watkins,Mammalia,True,-4.190982804794084,1.2029478201166266,-1.0991944327592214
eat_bio,12,f0eaa508-896c-47d3-9f4e-7227183038d9,OWLTawnyBrowed-FL%20song%20REGUA%2022Aug06%2040m.flac,Xeno-canto,Aves,True,-3.5321118358636583,-0.6818184298708214,-0.6034466727790286
eat_bio,12,9421a52e-94f1-4c2f-9d14-e4b83fc674fc,97501003.flac,Watkins,Mammalia,True,-4.182299662291025,0.989593412190134,-1.0111303547268078
eat_bio,12,c480f0b3-b37a-4e88-b837-78ca0faba0a6,XC776602-esowforriver20230120_195711.flac,Xeno-canto,Aves,True,-2.9125503664145054,-0.6061072487572154,-0.48114472432305766
eat_bio,12,5393a567-ded0-4b82-939b-af42e7785e10,9777100K.flac,Watkins,Mammalia,True,-4.2933762170472205,1.3131723561416981,-1.116980491519821
random_init_eat_seed42,12,345526af-20c5-437b-8741-e197ac6511ed,XC693334-LS_58842%20Dusky-headed%20brushfinch%20song%20B.flac,Xeno-canto,Aves,True,-18.359198516791935,3.025400935796034,1.2974201114511064
random_init_eat_seed42,12,e605b07a-87dd-4723-b812-f84b781c9583,XC126939-Tristram%27s_Starling_2.flac,Xeno-canto,Aves,True,-20.53122979120988,2.434607776089898,2.134247011095074
random_init_eat_seed42,12,61fc36ad-03d6-4171-97fe-5c67821ec6de,530.flac,WavCaps,,False,-1.777776180351689,0.1978098929227502,2.8591148301009683
random_init_eat_seed42,12,67961220-1a93-4cce-84c6-cbe1bf6aa1bb,keyboard_electronic_023-032-100.wav,NatureLM,,False,6.805941860138629,24.207553146848102,-20.855033283396747
random_init_eat_seed42,12,5bf599ed-dfa6-41c7-918b-ae6e2f8e4113,XC739803-LS_51498%20Yellow-eyed%20Black%20Flycatcher%20duet%20A.flac,Xeno-canto,Aves,True,-21.242278444250985,1.767528775048863,2.4349712753845982
random_init_eat_seed42,12,4d1f5da3-4aa7-4381-9949-f9d4ea9bc7fa,XC682803-5999-4004024-4438.flac,Xeno-canto,Aves,True,-22.99961720077345,2.0491484286048456,1.5131098878357916
random_init_eat_seed42,12,a7f4feca-c0a2-4598-b8a1-c508590d0f31,XC717693-Willow%20Warbler%20%2B%20Wren_Song_Mizen%20Head_15.04.22_A%2B.flac,Xeno-canto,Aves,True,-22.880911591326296,1.7137960728778239,1.3384120499622774
random_init_eat_seed42,12,ba79dda8-f0de-4b2a-8947-c1e7feeb58c9,SSW_269_20170819_120014Z.016_007.wav,NatureLM,,False,-25.02122629103401,1.674881009769263,1.2896368305391173
random_init_eat_seed42,12,3a5b71f7-0fda-4a9f-b693-0327aba0b306,SSW_055_20170325_060004Z.055_010.wav,NatureLM,,False,-21.492805214251984,2.4877578459543463,2.98108091981754
random_init_eat_seed42,12,3e92ca8d-18a6-48b2-84d9-e18b76078e72,SSW_039_20170311_110008Z.031_001.wav,NatureLM,,False,-25.316557568090325,2.247776604981983,0.8520615386178745
random_init_eat_seed42,12,53030683-a00c-4303-92c8-5b104a41ad3c,9750402P.flac,Watkins,Mammalia,True,11.856996561648167,21.59666197437595,-17.90116778602024
random_init_eat_seed42,12,16eaecc1-b297-4dce-bfc4-c5ca0d7fa81d,20ta010j_2.0053_209c0108_-2.0053.wav,NatureLM,,False,-22.803784865640214,3.2772233501074846,1.5145595161398266
random_init_eat_seed42,12,5781d7a0-80ea-4be6-9fd1-9f6be373528b,XC385115-T15.flac,Xeno-canto,Aves,True,-24.94072757023931,2.113845120517513,0.8859780888091977
random_init_eat_seed42,12,4223b186-47a7-4f88-9d8d-38479bb4d986,42459.flac,iNaturalist,Aves,True,-23.854206899828604,2.205711603865554,1.400262674759355
random_init_eat_seed42,12,b795d66d-a577-4b68-bdc1-810b5ff09052,NorthernParula1.flac,Xeno-canto,Aves,True,7.771715517418736,0.7950932085551238,3.4376419358727666
random_init_eat_seed42,12,519199ae-1ece-451d-a8e7-16b393685585,256179.flac,iNaturalist,Aves,True,-23.94473667366185,2.5535689002823694,1.5245958844015588
random_init_eat_seed42,12,484018cf-99a4-4310-a58a-e24c1f9b8d5f,SSW_023_20170304_130010Z.036_009.wav,NatureLM,,False,-25.085301700665646,2.55435238402214,0.9255607281991085
random_init_eat_seed42,12,3035d7a6-e138-4057-baad-948b688a26d7,XC744361-Bachstelze%2C%20Gesang%20%209.4.2015%20%20Egelsee%2C%20Badesteg%20%20%E2%80%8F%E2%80%8E15_33_24%20VOC_150409-2357.flac,Xeno-canto,Aves,True,-12.83103241994192,3.1350706418080567,1.2360813204814036
random_init_eat_seed42,12,639d5440-7745-4fbf-943b-2393c1a84ddf,324452.flac,iNaturalist,Aves,True,-17.66888322035343,1.4636644952775053,3.4445666791240894
random_init_eat_seed42,12,5cf424ab-6501-4962-91fd-ba2c0ce38a37,Cervus_elaphus_DIG0117_03_short.flac,Animal Sound Archive,Mammalia,True,2.440622150070372,10.789410559356174,-7.788606542891522
random_init_eat_seed42,12,833701b2-b661-4fbd-868f-07dda09059bf,XC486056-Xiphocolaptes%20promerohyporhynchus.flac,Xeno-canto,Aves,True,-21.409795043555217,1.6576855427083401,3.513450869652833
random_init_eat_seed42,12,cf7fd664-0699-4561-8e3d-aba7e1e54b90,Zalophus_californianus_V2061_17_short.flac,Animal Sound Archive,Mammalia,True,3.3106670795182063,-1.4708868013693692,3.5205017141479797
random_init_eat_seed42,12,ac225d2d-bbcb-4f39-8b85-7916f5d8bb94,XC402294-sturnus%20unicolor%203%20chapatales%2024-09-2017.flac,Xeno-canto,Aves,True,-22.343920203345697,1.9207977166032433,2.516889163249867
random_init_eat_seed42,12,b0e33146-8f91-4aad-b6d1-9fcd7e68e54c,mallet_acoustic_030-087-050.wav,NatureLM,,False,0.38990370544775554,23.682693184275003,-19.968635386877374
random_init_eat_seed42,12,9ad7750b-961c-4b95-b04c-2d69c8bce4d2,XC541270-Pied%20Currawong%2009_05_34.flac,Xeno-canto,Aves,True,-12.344145599224913,3.4319480581035577,2.0961407132141896
random_init_eat_seed42,12,5083d955-24a1-4232-97a5-37e945c676c7,XC360007-LS104552%20Black%20Magpie%20calls%20B.flac,Xeno-canto,Aves,True,-9.543510234208842,1.330537096389092,3.4281637482111265
random_init_eat_seed42,12,12556fc5-c2b5-4020-81f4-c47d4c1466e0,XC688225-Goudvink%2020211021%201000%201a.flac,Xeno-canto,Aves,True,-14.160687438467797,-0.7430436010120487,6.649155373536641
random_init_eat_seed42,12,b74d3698-d9ed-4c8c-8ab7-b0621a69de4e,XC682514-stenkn%C3%A4ck%20lock.flac,Xeno-canto,Aves,True,12.035778013508141,20.38347244251387,-16.66644145819216
random_init_eat_seed42,12,f99dc342-77cc-4ab8-a22d-0aea960829d8,XC376687-XC360907%20-%20%D0%A2%D1%80%D0%B0%D0%B2%D0%BD%D0%B8%D0%BA%20-%20Tringa%20totanus%20robusta.flac,Xeno-canto,Aves,True,21.006456904343423,-2.7377472355749526,3.467349662950336
random_init_eat_seed42,12,4617b5a8-a226-4662-b005-5eaa24eb43c3,9500300I.flac,Watkins,Mammalia,True,18.037276350836855,10.950619162604326,-8.748269980666088
random_init_eat_seed42,12,75cd84ad-8c2c-4333-88c9-7327f5e3bf23,XC420018-Common%20Bulbul%20on%202.9.17%20at%20Twinga%20Lodge%20TZ%20at%207.10%20for%20.10%20_0448.flac,Xeno-canto,Aves,True,-13.260757644953706,-0.3814702091459434,5.911535033418524
random_init_eat_seed42,12,eeb57353-2d95-488d-af35-add7e1716977,XC282848-HETH_3-4-15_1330_MtOrd1.flac,Xeno-canto,Aves,True,21.02034493518974,4.915054187140141,-4.5449950424502426
random_init_eat_seed42,12,8798231a-34af-4290-b188-7ddff7e20192,126066.flac,iNaturalist,Aves,True,23.251548099946767,0.527501968619859,-0.20702904398532884
random_init_eat_seed42,12,ff86a050-6731-45f6-b0df-0d4be52cd0d8,XC473849-Prinia_socialis_nom-FL%20calls%20Above%20Munnar%204Feb16%208.40am%20LS119888a.flac,Xeno-canto,Aves,True,-16.84657899071134,1.7125964056430942,2.50748009040249
random_init_eat_seed42,12,c91eeae1-4c7c-4d46-bf6a-b81bf31ae996,513777.flac,WavCaps,,False,0.5097171781995111,22.23130488366447,-18.085683105435642
random_init_eat_seed42,12,6fada358-92cd-4951-bf39-973c259f45e1,7801800C.flac,Watkins,Mammalia,True,23.21592537625927,0.561130317847127,-0.7107400052199683
random_init_eat_seed42,12,94635d4d-9fc1-4914-a6c7-2f5f7b03f1e0,172953.flac,iNaturalist,Aves,True,-21.924334618697635,7.747906389307348,-2.444178932956055
random_init_eat_seed42,12,cb3a6d2d-fb28-4c97-bca8-4f9b108de2f2,79776.flac,iNaturalist,Aves,True,-25.305756343227827,2.5353098126773013,0.6414831919061191
random_init_eat_seed42,12,d461f4d6-1645-4ea6-a593-3aec461ed21d,XC563725-PROW%20%28M2%29%20-%20Song%20-%20Les%20Arends%20-%202020-05-31%2006_48.flac,Xeno-canto,Aves,True,-23.0502154635425,3.6864208988678255,0.16215103031891528
random_init_eat_seed42,12,878a679a-f3c4-4277-aae3-b31c9a59c959,XC714401-Grey-winged%20Blackbird%20female%20Call.flac,Xeno-canto,Aves,True,-20.816316544147586,0.4271536599354361,3.717056177308619
random_init_eat_seed42,12,040a385d-3c15-49d5-9e54-ee4649593939,XC507221-Tamatia%20tachete%CC%81%3ACrique%20Saint-Georges%3A01-11-19.flac,Xeno-canto,Aves,True,8.395201657369707,2.6646036696864748,0.6549917715621909
random_init_eat_seed42,12,cd88c22f-f94f-47c5-8dd1-c503f28aecaf,57026059.flac,Watkins,Mammalia,True,17.545459647176685,6.65774465835341,-4.281029630322671
random_init_eat_seed42,12,fa147d6d-55ca-4786-8269-3a37cb17ce28,XC625226-Carrion%20Crow%200649.flac,Xeno-canto,Aves,True,18.73272370869541,2.0204936780753098,-0.44057195222226564
random_init_eat_seed42,12,64b22456-5987-405b-a70e-7acd9c8604c9,20090914_WayKambas_BandedPitta_song.flac,Xeno-canto,Aves,True,-19.099459254767986,2.7938630418432977,2.0309229645641604
random_init_eat_seed42,12,2c99f75f-28e7-4df9-b7eb-5ca44807bedd,XC193967-THRUSH_Swainson%27s_c%20ustulatus%20Fish%20Creek%2C%20Hyder%20AK%20062314%201438.flac,Xeno-canto,Aves,True,-23.398393601471675,2.665263867813888,1.1795672328232312
random_init_eat_seed42,12,c9ad03d2-a092-4d7f-a663-7112b438b12a,XC200559-141024UhuGesangFH2edit.flac,Xeno-canto,Aves,True,-9.403687289855803,-0.029544547978537783,6.977738344801121
random_init_eat_seed42,12,28da31b7-3b02-4799-a4d5-4d22351dc633,XC510628-Cranioleuca%20sulphurea_Rio%20Grande_1164.flac,Xeno-canto,Aves,True,1.278118425578108,-0.8350870803601026,5.478353225277639
random_init_eat_seed42,12,9c91916b-7620-42c6-a2b4-8da3f3bcf140,XC210152-Corythopis_delalandi_14_12_2014_Amparo_SP_RSS.flac,Xeno-canto,Aves,True,-23.759980056980876,3.02588609375712,0.664749729666607
random_init_eat_seed42,12,c0265934-ab70-410e-a560-21f91e93e762,XC543571-Mino%20kreffti%20kreffti_pcm_191013_06.flac,Xeno-canto,Aves,True,-21.695706314373858,0.7972943179623121,2.9348487614801226
random_init_eat_seed42,12,a32a40cb-43da-4114-9668-455fc632df45,XC226630-Long-billed%20Woodcreeper%20%206212.flac,Xeno-canto,Aves,True,2.362985502747148,0.8669438554361544,2.10085047119413
random_init_eat_seed42,12,823eb09a-bc66-4ab4-ae43-ec1e805e341b,SSW_070_20170401_100007Z.059_004.wav,NatureLM,,False,-25.11884197489637,2.5870576755944192,0.8723905703224695
random_init_eat_seed42,12,5bf962c9-3f94-43a2-acfb-cb014b8da2f0,77009017.flac,Watkins,Mammalia,True,14.85624445346719,18.52782583875842,-15.500878054758417
random_init_eat_seed42,12,f2650314-83b4-4e4b-a1f1-f93edd739272,SgriseicollisLepipuertoMD5track30.flac,Xeno-canto,Aves,True,22.70625636622982,-1.9726335384680709,1.8710954776629785
random_init_eat_seed42,12,149de911-bf52-44f1-8c07-30079bfa5024,XC658335-210617-NFC-guiffette-moustac-possible-04h45-Guerfand-4.flac,Xeno-canto,Aves,True,-8.721803629159503,1.3693449126313386,3.1955721742649295
random_init_eat_seed42,12,39c8e491-e1d9-4ab0-97e7-74067bf186b4,259389.flac,iNaturalist,Aves,True,-25.22347583975492,3.3172422563577335,0.04286140677440542
random_init_eat_seed42,12,1b4e638a-ef28-406c-933d-83aacd20fdfd,XC137559-Cyanomitra_cyanolaema_130404_06.flac,Xeno-canto,Aves,True,-25.57097154415907,2.6848738945200665,0.13241334160582668
random_init_eat_seed42,12,68df0cb0-a0af-45df-9066-d7d9424040a9,THRUSH%20Slaty%20%28Andean%29_08_Acambuco_Salta_AR_8OCT05_B%20Lopez-Lanus%20%28BLL%20et%20al%202007%29.flac,Xeno-canto,Aves,True,-22.144385599653432,1.9771472789330788,2.039876950741315
random_init_eat_seed42,12,bf372c58-e740-4020-a974-80d3865f9a60,CARDINAL%20Yellow-billed_05_Otamendi_Campana_Buenos%20Aires_AR_22NOV01_Bernabe%20Lopez-Lanus.flac,Xeno-canto,Aves,True,21.544716078197364,-2.037592931650913,1.6510176364232265
random_init_eat_seed42,12,ea4a5b95-6574-468a-8c16-7df995c2ec25,XC413916-RedBelliedPitta_Talaud_072217_song.flac,Xeno-canto,Aves,True,-15.669342563269527,5.305031013413226,-0.11759249814991363
random_init_eat_seed42,12,ccb717f9-b508-4e72-a149-36bfa38d9f13,541272.flac,WavCaps,,False,7.747296965242516,-1.5996933276407095,4.785451698126698
random_init_eat_seed42,12,d92bc3a1-d8f7-439c-a0c3-2ab375d2c753,2836_5355_000026_0000002.wav,NatureLM,,False,17.53104003088076,4.811304491148224,-3.874466489516429
random_init_eat_seed42,12,2234bc1e-d1f1-4d15-964e-3311e14534b2,622099.flac,iNaturalist,Aves,True,-21.894948313140276,1.487353033303369,3.0230099768497007
random_init_eat_seed42,12,029aeed5-40a1-4728-bdb0-c328c4fa78fa,87003005.flac,Watkins,Mammalia,True,24.20650831870463,-0.2530661478935117,-0.22379377565795955
random_init_eat_seed42,12,afb37eee-ce7c-4964-9b19-86b9b477797a,A%20Buchfink%20C.flac,Xeno-canto,Aves,True,-15.174544295480928,0.9045783981247643,3.742154679000855
random_init_eat_seed42,12,eb6d9779-2525-4889-8e90-fef798a9e447,XC585592-200829_2330a.flac,Xeno-canto,Aves,True,-24.063764240054702,5.1388046446183475,-1.2029039329952234
random_init_eat_seed42,12,26df3063-fe3c-48d5-9f5b-f1cdd1c39ddd,XC273712-Lance-tailed%20Manakin%20call.flac,Xeno-canto,Aves,True,1.5398093515285467,-1.1773931095744439,4.494884184216101
random_init_eat_seed42,12,dfa945a5-d725-4213-8024-e95444d30022,SSW_131_20170506_160014Z.056_012.wav,NatureLM,,False,8.352582336033635,20.62386054621233,-16.498249030617977
random_init_eat_seed42,12,724ad83d-b8bf-40b4-8871-a63ef9997a2d,80951.flac,iNaturalist,Aves,True,-25.60330188952026,2.417411398411626,0.08633651168843715
random_init_eat_seed42,12,22d963f6-b54e-4af3-af09-f900ef4999a3,498419.flac,iNaturalist,Aves,True,-25.69479311642899,2.21455761524102,0.07878970835657256
random_init_eat_seed42,12,c83f22a7-fcf1-4fae-be2b-63a0e713fef5,XC703174-DUFL_2021-06-04_Surveyor_Campground_Klamath_County_OR_0834.flac,Xeno-canto,Aves,True,-17.417748997273407,2.707568620857172,2.0411665486520825
random_init_eat_seed42,12,64fee962-59fe-4b32-a996-53a8f0a500b0,XC256074-THRASHE_Cur-bil_c_dawn%20OPCNM%20500m%20082012%200531.flac,Xeno-canto,Aves,True,-25.245574822768855,2.657755042334139,0.5731136695277199
random_init_eat_seed42,12,767551e6-6aee-488f-b86a-934001633d21,XC684441-Cape%20Batis%204%20note%20call.flac,Xeno-canto,Aves,True,-23.19281252567535,0.4972799755166959,2.166882315738091
random_init_eat_seed42,12,f65f769a-7e0f-4a8f-b4c5-407c13a0f3df,XC276215-Muscigralla_brevicauda54cut2A.flac,Xeno-canto,Aves,True,16.81420368618831,-2.3990548273361116,4.755124427711783
random_init_eat_seed42,12,0f5c174e-631e-443c-b669-913d7a104b82,413492.flac,WavCaps,,False,-12.979234930672678,2.8273770221853747,1.879186011363516
random_init_eat_seed42,12,e3017e9b-8dde-411e-9379-397d61190dfa,XC280005-LS_56546%20FALSE%20BAY%20AREA%20Scarlet-chested%20Sunbird%20call%20A.flac,Xeno-canto,Aves,True,-22.95290449357846,2.043587429074562,1.413020221620332
random_init_eat_seed42,12,a012a70a-7061-4d78-99d2-95bfe85811eb,519647.flac,iNaturalist,Aves,True,-21.14493377336221,10.34504373413568,-5.815383993414459
random_init_eat_seed42,12,af091fbd-597b-4c39-873b-ba66c2dee4a7,XC701555-mp3%20%E0%B8%AB%E0%B8%B1%E0%B8%A7%E0%B8%82%E0%B8%A7%E0%B8%B2%E0%B8%99%E0%B9%80%E0%B8%82%E0%B8%B5%E0%B8%A2%E0%B8%A7%E0%B8%AB%E0%B8%B1%E0%B8%A7%E0%B8%94%E0%B8%B3.flac,Xeno-canto,Aves,True,-20.701940594560977,0.6072961174384959,3.362413058713927
random_init_eat_seed42,12,d8591970-8835-4997-a360-34765d5f69bf,XC428511-Campylorhamphus%20falcularius3.flac,Xeno-canto,Aves,True,-25.093517521893418,3.007118591514824,0.005334384447303664
random_init_eat_seed42,12,22d30df2-b2ec-4bb6-94ed-143303dce57e,631192.flac,iNaturalist,Aves,True,-16.288853165909927,0.866182227337415,4.561529712804231
random_init_eat_seed42,12,45b9c5c2-0617-4b49-845c-ba57e4de9d37,XC698221-RECAV0_210507_1017_lim026_alarme.flac,Xeno-canto,Aves,True,-20.662777902461077,0.5220429902553723,3.096739598930644
random_init_eat_seed42,12,b93a5062-b645-4972-afa0-64f8b52eaf7b,46680.flac,iNaturalist,Aves,True,5.628308978630037,-0.8663971263840275,4.82265370659393
random_init_eat_seed42,12,f73d5b6c-4e75-4706-8879-10efb3f9dd6d,XC590985-Megascops%20roraimae%20MNML%20092020.flac,Xeno-canto,Aves,True,-13.933078858196613,-0.24862665517621937,3.764802947096461
random_init_eat_seed42,12,3c561d9f-faeb-4095-a8df-db39c9f90e29,2413%2F27.flac,Xeno-canto,Aves,True,-16.08848022016641,1.2676014167476533,4.251818371777574
random_init_eat_seed42,12,5ff1b801-99e2-4468-8d1a-003bc3b04b9b,XC304310-Coppersmith%20Barbet.flac,Xeno-canto,Aves,True,14.351114547526747,-2.023815047021755,4.382008605382758
random_init_eat_seed42,12,55b259de-bb5a-430f-b244-4074b68ab8e8,Yyy2Msyv3j5Q.flac,WavCaps,,False,22.329974644334293,-2.631372039050756,2.1671011573003574
random_init_eat_seed42,12,95ee6b95-ab25-4dea-9368-291d38239041,XC499085-190917-100410alveolacinzenta.flac,Xeno-canto,Aves,True,-25.310410933281275,2.5262364193769105,0.7805030528346244
random_init_eat_seed42,12,95692cfb-15bf-4154-972c-e5b56cd998d3,650032.flac,iNaturalist,Aves,True,-25.487945833533228,2.395009343124429,0.22062983920464085
random_init_eat_seed42,12,d2e93f15-608a-4d0a-95c5-fe87761ced2d,XC139158-Northern%20Puffback%20Manegusha.flac,Xeno-canto,Aves,True,-13.82403504178513,0.28855242211360066,5.61107354715876
random_init_eat_seed42,12,29f3fee1-2bc8-4972-b909-cfb00e85d26f,XC296212-picchioCen1.flac,Xeno-canto,Aves,True,-21.921840015167255,1.5133214796303494,2.0086488453466043
random_init_eat_seed42,12,44931f2b-2ab3-4914-8242-05d44c65b572,83_11691_000076_0000044.wav,NatureLM,,False,-2.758192972570228,-1.4253404286300246,5.301784041753247
random_init_eat_seed42,12,ce541065-12f5-4555-ad32-64dcb6a2cbd9,XC538724-Indian%20pitta.flac,Xeno-canto,Aves,True,-23.969103202935056,2.7396852024354974,0.9638198684740729
random_init_eat_seed42,12,880d47c7-4327-42c4-a423-4b34ab155b4b,133566.flac,iNaturalist,Aves,True,-22.222166751171216,2.3493262500164125,1.483886642207259
random_init_eat_seed42,12,58256ccf-1484-4797-acd3-15a9751cc3d9,XC157730-Gampsorhynchus-rufulus-FL%20response%20Chidu%20area%2C%20Mishmi%20%207Apr13%207.33am%20LS113820.flac,Xeno-canto,Aves,True,21.50357227584437,-2.818937114924184,3.1418274026015967
random_init_eat_seed42,12,9d183521-c0ab-445b-941e-add62ef1a4bb,40452.flac,iNaturalist,Aves,True,-22.496706929892554,1.6035056267804926,2.5565240476225295
random_init_eat_seed42,12,e1502208-c3f6-4ddd-b74f-16743dde4b5a,Cervus_elaphus_S1329_07_short.flac,Animal Sound Archive,Mammalia,True,-1.2970650933332195,0.34298489745630206,2.9379712440960475
random_init_eat_seed42,12,80c52694-8f0c-4bf5-9cf5-2cc5dfdd1044,XC407843-Woodpecker_Grey_and_Buff_UM1_20thMar18.flac,Xeno-canto,Aves,True,7.239696606511315,1.6775480619528278,0.7873044351956369
random_init_eat_seed42,12,57ccbcb8-2320-49db-b21a-1b75139f3ee9,115565.flac,iNaturalist,Aves,True,-23.12659874847492,1.861572161099496,1.6788958204303208
random_init_eat_seed42,12,8bec7a0c-beaf-4a10-adb4-567825faa1cf,XC664893-9%20Saborta%20Warning.flac,Xeno-canto,Aves,True,-20.0795667018685,0.8899389327648293,2.404766013818152
random_init_eat_seed42,12,768010b4-e17e-48d6-8a0f-02736799380d,XC561638-cho%20hul%20femelle2.flac,Xeno-canto,Aves,True,-23.873564963451592,2.7046503648835527,0.7027690292654862
random_init_eat_seed42,12,098334ce-c397-4222-8296-8ffca7fae437,194139.flac,iNaturalist,Aves,True,-24.89281271600439,3.1166519771143273,0.34327210365122784
random_init_eat_seed42,12,6978dff9-253f-4c22-9532-708d02ae08a5,XC701615-S4A10550_20200623_210002-23.12_klask.flac,Xeno-canto,Aves,True,-0.034211839098357455,21.7492023714259,-17.717555749604045
random_init_eat_seed42,12,dfd6cbf9-31a5-4bb6-b123-9f59b3ff4daa,SSW_118_20170429_220023Z.001_008.wav,NatureLM,,False,6.990622208007238,22.052852146253667,-17.768816207709577
random_init_eat_seed42,12,3cb08433-cebb-4c98-898b-80e54ecb219f,32802.flac,iNaturalist,Aves,True,22.975834024563966,-1.2498670128101705,0.9487540540550026
random_init_eat_seed42,12,938bd247-c632-47bd-bbe2-f00ed2e54ea8,Serinus_mozambicus_barbatus_20100701_zang_Lake_Bunyonyi_OEG_LS100329egg-z.flac,Xeno-canto,Aves,True,-13.656171443103755,0.23399595169749804,3.786684202150149
random_init_eat_seed42,12,0f9889a9-b9a6-4e30-8b08-d0242da6a515,410922.flac,iNaturalist,Aves,True,-9.743739617107561,18.657357140634367,-14.251886626533324
random_init_eat_seed42,12,547a075d-83d1-4019-8116-45f9dcc43c5e,XC422294-Blue-banded%20en%20Blue-headed%20Pitta%202%20260218%20Danum.flac,Xeno-canto,Aves,True,4.359780834093856,-4.284554943255719,7.635879844746709
random_init_eat_seed42,12,bdc650b9-36d5-47ed-824c-13cca43302ff,SSW_154_20170513_190014Z.028_017.wav,NatureLM,,False,6.271617526889474,22.638088457583667,-18.707362101783765
random_init_eat_seed42,12,6f080f55-6198-461a-851c-e725bd9a49ab,7703501T.flac,Watkins,Mammalia,True,20.5504276001953,5.17310794659692,-3.3514396367064268
random_init_eat_seed42,12,c99b124b-07b7-4093-a90b-ffdd2c65a727,684349.flac,iNaturalist,Aves,True,-19.11722153100071,2.121090700295796,3.7534302668174253
random_init_eat_seed42,12,20ba605b-ee08-422c-ba42-f5dcc27d0a22,XC228328-Summer%20Tanager%20A%2015074.flac,Xeno-canto,Aves,True,-6.99511171032311,-2.3523822691076077,5.11497017622175
random_init_eat_seed42,12,5e87f433-d182-4e50-9aa9-27922cdcbfd2,XC374312-rossignol%20philomele%20tarerach%2066%20not%20seen%20A.flac,Xeno-canto,Aves,True,-24.312242645201934,2.310848788206039,0.7995220487925729
random_init_eat_seed42,12,76dd7bc3-8435-48c0-9f78-d0a3ab3b5b10,YDTngmSh5wnI.wav,NatureLM,,False,23.10364330862339,-3.6234685985640644,2.9940355692020764
random_init_eat_seed42,12,2c3c454c-0b4e-46df-92f6-e31c1ddc72e1,XC557317-BlackThroatedGreen.flac,Xeno-canto,Aves,True,10.104646665231,-1.5228162682230686,2.2415327341443962
random_init_eat_seed42,12,9b448211-8049-4506-9419-b87c7eb56679,145647.flac,iNaturalist,Aves,True,-24.123401035116387,2.284609841661281,1.5613374385069063
random_init_eat_seed42,12,61b544a0-e4aa-4ae3-b37c-d5f4dab651ec,XC498630-GRACKLE_Gre-tai%20Tepic%20900m%20042519%200707.flac,Xeno-canto,Aves,True,-23.942641818238336,1.9737640612312468,1.461975976117219
random_init_eat_seed42,12,93113a3a-def3-467f-a6a8-0aea0e83c63e,XC614959-Pipit%20de%20Richard%20Carolles%2012%20nov%2019.flac,Xeno-canto,Aves,True,10.7035981726283,19.775087109994082,-15.77340128278748
random_init_eat_seed42,12,24b8e155-3f39-4502-8d6c-ae5b54479f95,XC510190-LS_58313%20Hildebrandt%27s%20Starling%20predawn%20song%20B%20Superb%20Starling%20C%20Slender-tailed%20Nightjar%20C.flac,Xeno-canto,Aves,True,-12.506370644916572,4.094195995862651,-0.48696387972309585
random_init_eat_seed42,12,1be2c6f6-d8c9-4f70-92e4-b56e5cdea7f0,252028.flac,iNaturalist,Aves,True,10.266676065621606,16.041254093975315,-12.580728528281288
random_init_eat_seed42,12,0de51500-38b0-4fba-91d8-4197b88be5c0,XC268851-carduelis%20carduelis%202%20parque%20alamillo%2010-05-2015.flac,Xeno-canto,Aves,True,-16.116490399454385,-1.732274954875153,6.133836355950299
random_init_eat_seed42,12,e5e7833a-1fb9-40f5-a213-ca0cd70e516e,51356.flac,iNaturalist,Aves,True,-24.975267657272624,2.2696036596089444,0.7136201271628018
random_init_eat_seed42,12,c9baa9ca-fe4c-47a6-914f-639f436c7bfb,SSW_110_20170429_110008Z.012_001.wav,NatureLM,,False,-23.342328485359047,1.400821989519622,2.4340637934758913
random_init_eat_seed42,12,6e8f114b-95be-46a3-9e7c-ab79a2839796,DM550027_8strixUralensis.flac,Xeno-canto,Aves,True,-24.016189364661685,2.175470523250251,1.9869446797387695
random_init_eat_seed42,12,93c18450-b237-4c1a-86b8-f3f083500889,151117.flac,iNaturalist,Aves,True,-25.35004821807024,2.6168197583516863,0.4097941279173557
random_init_eat_seed42,12,6abc42ac-bced-4f8e-bc1b-15d06257a15c,453053.flac,WavCaps,,False,-14.53467825739833,12.384716260601746,-6.71417055864217
random_init_eat_seed42,12,259b6cdc-b252-4618-b2dd-2002b3a00c2b,411097.flac,iNaturalist,Aves,True,-20.6281919894345,2.899169015275377,0.40887888211050394
random_init_eat_seed42,12,3afa59d0-3f62-4840-8d8b-166a12870993,XC424030-Myiarchus%20tuberculifer%20R%20Bellavista%2012%2006%202017%203%2055%20pm.flac,Xeno-canto,Aves,True,-22.831734993805025,1.7113655698196957,0.9343281476436031
random_init_eat_seed42,12,2ebc7768-c055-4f71-8ef4-e635b3189403,XC732418-210904_03%20Tawny%20Owl%20%282%29%20N%200206%20XCu.flac,Xeno-canto,Aves,True,-23.59905646825126,2.2347486594015606,2.2290529462138196
random_init_eat_seed42,12,f36d9ee1-b897-4137-91f7-bdf664bc16f7,ICLISTENHF1251_20140904T175409.262Z_038.wav,NatureLM,,False,-25.832817371511464,2.458337076155765,-0.18858868872180173
random_init_eat_seed42,12,b5f12d26-7328-4f78-b2a5-a3f7a363e89f,XC465758-R37_0108%20Coraya%20Wren.flac,Xeno-canto,Aves,True,-20.47029082571576,1.3035294612456156,2.6989943379373584
random_init_eat_seed42,12,ad0c2a47-07f3-4f39-93e4-184b117456c3,XC426860-LS108242%20Black-crested%20Bulbul%20song%20B.flac,Xeno-canto,Aves,True,-12.038904686269321,4.460660112797029,0.14825133388219297
random_init_eat_seed42,12,0881cd4e-e788-4668-b4b3-a8dce94f0306,156708.flac,iNaturalist,Aves,True,-14.803674624300887,1.5578242840094365,4.38912191453286
random_init_eat_seed42,12,e5e0eb45-0623-43f2-9fc6-fdffffdcea69,XC390467-White-throated%20Laughingthrush%2001%20-%2015Dec16%20-%20Sigri%20-%201109.flac,Xeno-canto,Aves,True,-25.03453463998622,2.422587150456636,0.6366951347933181
random_init_eat_seed42,12,1a705b9e-4b45-4fc0-9ca9-0dc306e7e1e8,SALTATOR%20Golden-billed_17_Putre_I%20Region_CH_4NOV99_Alvaro%20Jaramillo.flac,Xeno-canto,Aves,True,-5.860699838452126,0.03636699707714175,3.1117905109810606
random_init_eat_seed42,12,a50d1daf-2f9a-4f8a-822f-51ad13bbadb4,YIA3Um5JtMqU.wav,NatureLM,,False,-22.845853817779677,4.18428846728353,0.05735851129410897
random_init_eat_seed42,12,fb168f39-0035-4516-b8cd-8b8552705ccb,514405.flac,iNaturalist,Mammalia,True,-25.472988553075382,2.1860022580009764,0.3526341832026445
random_init_eat_seed42,12,c5a97ecb-3eb2-41e8-82fd-ffd90d062fd7,XC684562-vite-vite-de-cabe%C3%A7a-cinza.flac,Xeno-canto,Aves,True,-5.998168274398354,-1.05009220017532,5.190788446587539
random_init_eat_seed42,12,9c65b9d3-98d4-4d13-a705-94529a1c3241,ICLISTENHF1251_20140404T200459.775Z_051.wav,NatureLM,,False,-25.708442310428044,2.2242448419237735,0.011523587912797506
random_init_eat_seed42,12,09f37e69-9a9c-416b-9c44-86358a8ac40d,XC314241-Unknown%20-%20poss%20gw.flac,Xeno-canto,Aves,True,-16.759991840052866,-0.4802658526229275,3.6822075371608993
random_init_eat_seed42,12,6754e8a8-358b-4094-8b60-c013fa7fa5d8,XC773008-170519_01-Buskskv%C3%A4tta-s%C3%A5ngl%C3%A4rka.flac,Xeno-canto,Aves,True,-21.42993562291471,2.058605370019648,1.8234266009862303
random_init_eat_seed42,12,4031dcbb-cf15-4625-8794-0a18eba07430,110409.flac,iNaturalist,Aves,True,-24.5944824028513,2.7471260970249,0.1150818985674516
random_init_eat_seed42,12,4d10e22d-7348-409c-8c15-7688683e0ec9,XC717159-220422_0150_stepnoy.flac,Xeno-canto,Aves,True,-25.644288823242597,2.378500168829259,0.1569318076047262
random_init_eat_seed42,12,f86852f7-a734-4245-a146-857bac1d5a7d,32073.flac,iNaturalist,Aves,True,-25.12855528981449,2.8917823918331815,0.4893087115100222
random_init_eat_seed42,12,d67a295c-5acf-455b-9e1f-2e7e9b8751f7,XC336055-160409-191944_Cyanistes%20teneriffae%20teneriffae_R.flac,Xeno-canto,Aves,True,-24.440291062445517,1.9275901322635631,1.2113905001551588
random_init_eat_seed42,12,4bfa106e-19e4-4a55-bee6-bccdae6395f2,XC762905-LS_51891-Common-Newtonia-song-A.flac,Xeno-canto,Aves,True,-22.973904068133866,2.053824606740029,1.2744375353750212
random_init_eat_seed42,12,1f98d9b4-40f6-48ce-9530-763e3b226d66,XC332011-Tern%2C%20Antarctic.flac,Xeno-canto,Aves,True,5.2507263017916515,-0.1664682850640693,3.5674272279390093
random_init_eat_seed42,12,c5fd87a3-5302-492d-bdd6-b742b5cb396b,XC525575-x_IAvH-CSA-5771.flac,Xeno-canto,Aves,True,3.2024217432091397,-0.30729987485470683,4.298174139063433
random_init_eat_seed42,12,38b5e494-6ef7-45a6-8bc6-d889803c202f,XC567554-Cannaiola%20verdognola1.flac,Xeno-canto,Aves,True,-17.784661309601354,0.066648211772171,4.180902670830633
random_init_eat_seed42,12,71402ffd-55bc-4fb1-a3e8-d08b8f2fa780,XC643933-24_10_39_actitis_glareola_totanus.flac,Xeno-canto,Aves,True,2.7273965315803608,0.8772025282944356,4.749464542219256
random_init_eat_seed42,12,cd8055b7-c454-409a-b847-53fca842a0ed,XC629513-MIXPRE-4304.flac,Xeno-canto,Aves,True,-25.460420641879026,2.831604991698012,0.054801428142148445
random_init_eat_seed42,12,713a478b-1866-4ec0-9a2a-838d12805843,XC445196-Slaty%20Finch.flac,Xeno-canto,Aves,True,-22.30090732887031,1.4688978522902463,2.8007718519703113
random_init_eat_seed42,12,90809c3f-33d3-4579-80c6-698a8313ef17,70014002.flac,Watkins,Mammalia,True,21.97740795157935,3.8587074568912025,-3.2075865419474545
random_init_eat_seed42,12,fda78aee-aa4a-4375-be28-331f005d0297,bass_synthetic_096-033-100.wav,NatureLM,,False,22.686087320324155,2.8889821759672847,-2.9436656403841157
random_init_eat_seed42,12,e9bef080-ea2f-4a83-a7f9-6c36320a7b9a,XC439825-BECARD_Ros-thr_c_exc%20Uvalama%20400m%20051018%200619.flac,Xeno-canto,Aves,True,-24.82176116713444,2.1144374719657852,0.9134340183182053
random_init_eat_seed42,12,028bccfe-4580-40cf-9127-7b283908caf5,XC485317-PICCAN%20kaes%20jvk190707.flac,Xeno-canto,Aves,True,-13.520694307212665,3.1249327515784016,-0.27257324658700943
random_init_eat_seed42,12,86ca1665-8ebc-441f-87c0-121b189c432a,XC515437-Mirafra_apiata_nom-FL%20song%2035km%20from%20Skittykloof%2022Oct19%207%2C50am%20LS114806b.flac,Xeno-canto,Aves,True,-21.68906444465055,1.7316447113829618,3.571401896045561
random_init_eat_seed42,12,d4f3df4e-8485-4e95-95ff-f21f6382abfb,XC397510-Fork-tailed%20Drongo%20exc%20SPCA%20dam.flac,Xeno-canto,Aves,True,-23.40949365211059,1.3600604078708223,1.7289855384780901
random_init_eat_seed42,12,df8cbea6-9ca8-4947-a792-330de6f059e1,XC673485-gul%C3%A4rla%20lock%20ossora%202.flac,Xeno-canto,Aves,True,4.072894614868485,7.611995583275802,-3.6006086670129642
random_init_eat_seed42,12,e9a8ef71-3906-45ac-965e-ccbb132caa6f,641050.flac,iNaturalist,Aves,True,4.570750110368422,23.357674770653475,-19.870479295984644
random_init_eat_seed42,12,7169c1ff-a981-44f1-af84-f41da149eee2,SSW_165_20170603_010000Z.001_003.wav,NatureLM,,False,-25.238861713417773,2.3023921619504844,0.7737461417487255
random_init_eat_seed42,12,a70ec7f2-0aef-4022-b54b-81c81b40d45e,XC591365-Bar-tailed%20godwit%201226.flac,Xeno-canto,Aves,True,7.7701687317444605,15.948836364507825,-11.428565792965909
random_init_eat_seed42,12,3c4ce7f6-faf7-4b3c-972d-18a04464be58,XC650670-Cape%20Batis.flac,Xeno-canto,Aves,True,-1.3904772877050706,-1.2797717661513934,5.2858424573737075
random_init_eat_seed42,12,da51ccbe-bd84-450c-8e48-a2406a977b60,XC632257-Black-capped%20Pygmy%20Tyrant%20March%2020%202021%20105617%20AM.flac,Xeno-canto,Aves,True,-24.686534085793443,1.9394239766319934,1.1337964889256102
random_init_eat_seed42,12,21078a26-1dd8-4efa-8db3-29e257096438,463843.flac,iNaturalist,Aves,True,1.0937788510694104,22.19443039614699,-18.19401549063914
random_init_eat_seed42,12,381969a4-254e-46e8-a473-a7aee66653b1,7538_100043_000013_0000012.wav,NatureLM,,False,18.469047399860067,10.021097058075847,-8.83163137925304
random_init_eat_seed42,12,a3ba416d-9a75-4d39-88bd-7e1841238f47,XC634670-ichtyaetus_melanocephalus_2021_03_31.flac,Xeno-canto,Aves,True,8.298957922110455,17.322672449160297,-13.310604152181604
random_init_eat_seed42,12,aad98f44-759a-4a72-9b30-5bf077bef385,Sylvia_communis_Co0060_13_short.flac,Animal Sound Archive,Aves,True,-20.66937066283256,1.328868019349674,2.327027003053003
random_init_eat_seed42,12,9de11c86-89eb-4273-956a-0030a840595c,XC415766-Sendelingsfontein%2017.5.2018.flac,Xeno-canto,Aves,True,-12.862659899796594,4.07656934072395,2.209959014460128
random_init_eat_seed42,12,c0bb22b8-5fe8-4c8b-a13c-f6761abd1665,YLF-070rGEbQ.flac,WavCaps,,False,7.288476281311244,-1.7971700775892643,3.337942325441129
random_init_eat_seed42,12,4b17f9cf-5f1c-4881-a0de-b73706f1c147,97782006.flac,Watkins,Mammalia,True,10.524780747986046,19.608711457484993,-16.061299387387557
random_init_eat_seed42,12,8ce5a3bf-5f04-4fc1-86ed-0d193b5d8026,SSW_130_20170506_150010Z.024_010.wav,NatureLM,,False,-24.093177992299108,2.2786208158834964,1.7536325488443323
random_init_eat_seed42,12,8bf6f976-3ca2-4256-91a9-2e6fec138445,XC236669-093%20Barbet%20-%20Lineated%20%28Megalaima%20lineata%29%20Call%20500m%20ThungYaiNaresuanTH_GI_LS111373.flac,Xeno-canto,Aves,True,4.371646463475292,-3.177060638583095,7.409164589016848
random_init_eat_seed42,12,4318866f-89c4-4372-8191-4d541f63fc59,7100201K.flac,Watkins,Mammalia,True,20.644011735864822,7.854309367285769,-6.495465318380168
random_init_eat_seed42,12,bf8acb2d-b958-4ffb-9feb-9e89583ac4a7,YoZapEQbSCfw.wav,NatureLM,,False,24.50432054872269,-2.855567411145805,1.8220877341741786
random_init_eat_seed42,12,e77d1512-ba25-429d-a114-8e6874fa2b9f,XC417541-MoluccanScopsOwl_Buru_082117_song.flac,Xeno-canto,Aves,True,14.526877688990496,-2.7708743211136184,4.2841643977661095
random_init_eat_seed42,12,3eebc371-e43d-4382-9075-2c24d5298cb0,SSW_283_20170826_170022Z.047_008.wav,NatureLM,,False,-25.013822345188608,2.258367829399631,1.187035375291976
random_init_eat_seed42,12,155b572c-d1b0-4670-83d1-0e0cdaedb625,SSW_020_20170304_070004Z.030_000.wav,NatureLM,,False,-25.14947846435802,2.567969219484794,0.7860754197389856
random_init_eat_seed42,12,eef42577-4f66-40f6-9836-b064082e6cb7,262702.flac,iNaturalist,Aves,True,12.14194593303991,14.379007786348419,-10.34044190890328
random_init_eat_seed42,12,eddd07e8-cb3b-4cfc-8cc6-ac958a5a05e9,75012037.flac,Watkins,Mammalia,True,17.82776867064063,9.615164297548224,-7.0916636038252605
random_init_eat_seed42,12,75b55dac-a75f-48b5-870d-8512b9dcc57d,XC283924-Elegant%20Tern%20pair%20flying%20to%20colony%20-CA%2C%20Bolsa%20Chica%2C%20Orange%20Co%2C%20April%2009%2C%202015%2C%200925%20AM.flac,Xeno-canto,Aves,True,-9.79624667513706,-0.27653849524900875,4.63189904397947
random_init_eat_seed42,12,afa092bb-f85d-4a09-9d0e-d1812b9a0227,brass_acoustic_027-065-100.wav,NatureLM,,False,19.962862050780338,7.829265469414515,-7.284890346765113
random_init_eat_seed42,12,d2553af2-6bda-42e6-bcad-633058a3ce05,SSW_250_20170722_130012Z.053_007.wav,NatureLM,,False,-24.926762243647186,2.5424281058570184,0.9996997625206354
random_init_eat_seed42,12,319b430c-7b69-4254-9274-2c98e945fd78,ICLISTENHF1251_20140504T143153.842Z_040.wav,NatureLM,,False,-25.60610069139325,2.667733808621704,0.03413598488926767
random_init_eat_seed42,12,5b4f149e-7b9e-4e4d-b458-6af0f67f8787,XC715729-R00244.flac,Xeno-canto,Aves,True,-25.15960714496416,2.5278269362907766,0.9819783118308405
random_init_eat_seed42,12,5fd45605-956f-4816-9712-12f8873090ec,XC337919-SCR-OWL_Whisker_c_bark%20delayed%20RPB%20Mesa%20de%20Arturo%202100m%20081313%200516.flac,Xeno-canto,Aves,True,-22.006736976288273,1.6828116950992993,3.2720219985682917
random_init_eat_seed42,12,a462f272-cffc-4dda-8dd4-055c5d4c89f1,YfEYaxZoQ188.flac,WavCaps,,False,15.397925750036086,-1.9507242640136475,1.9485306891772693
random_init_eat_seed42,12,12eb602b-9d55-478e-a006-9818b078a942,9320100X.flac,Watkins,Mammalia,True,-6.7134342653985035,13.970989194490912,-9.864996550361893
random_init_eat_seed42,12,77fe7099-9ac9-43e8-97a9-05680b0e60d9,109318.flac,WavCaps,,False,-24.737481096197076,2.2525925385510037,1.126670684009979
random_init_eat_seed42,12,0831e3b7-8ca8-4d6a-a12a-b1e18ea91aa0,SSW_226_20170701_190013Z.055_005.wav,NatureLM,,False,-22.463311478989702,2.4758183603929154,2.2786401592007497
random_init_eat_seed42,12,477f40d1-81d0-4c61-b971-9cbec7552c96,keyboard_acoustic_012-023-100.wav,NatureLM,,False,15.734526995844528,13.608381099996585,-11.551270400086706
random_init_eat_seed42,12,bf728c91-628d-4477-98ec-1006028bbb0b,274751.flac,WavCaps,,False,-2.0277118159950414,23.030710160666512,-19.273328133893465
random_init_eat_seed42,12,62f564be-3619-4132-9d2c-96f342e9e87a,XC741987-Celeus%20galeatus%20-%20Marcos%20E.Sosa.flac,Xeno-canto,Aves,True,-7.161734745039312,0.7138572131836425,4.909261163750692
random_init_eat_seed42,12,9576bf10-17fe-4d70-b256-cb074b749282,7816_108621_000010_0000001.wav,NatureLM,,False,16.859489549191977,11.27905421364978,-9.334241085701514
random_init_eat_seed42,12,93571316-2734-4fa3-986b-cbb488cf432a,6104800B.flac,Watkins,Mammalia,True,-25.27915202678588,2.138537154887613,0.33638711327751625
random_init_eat_seed42,12,0d5308bb-c6ad-465e-8e4e-829442671d9c,XC741655-220716%20MP-1714%20id%20goe%CC%81land%20marin.flac,Xeno-canto,Aves,True,17.521375850466526,-2.5199744498232453,3.8824494511638816
random_init_eat_seed42,12,4a918152-129b-4574-95e4-3553c34c17b9,ICLISTENHF1251_20140702T124216.470Z_047.wav,NatureLM,,False,-25.95203478265314,2.687413786242102,-0.3736878648849107
random_init_eat_seed42,12,c1242de1-a32c-448b-9cf5-a7f682aba8a5,XC227936-Strickland%27s%20Woodpecker%20B%204592.flac,Xeno-canto,Aves,True,14.142361424582512,0.17743009692575118,2.7189114620263135
random_init_eat_seed42,12,1653e321-adca-400b-81f7-1544730fd523,SSW_117_20170429_210015Z.022_001.wav,NatureLM,,False,-24.76325983462567,1.5436439423760209,1.6099722938776728
random_init_eat_seed42,12,e426f293-f8e3-49bd-82e4-11828c92724e,SSW_149_20170513_140018Z.008_000.wav,NatureLM,,False,-25.207065725572456,2.6301497442112582,0.7977595565866407
random_init_eat_seed42,12,5e043ed6-a2e1-420e-bc9b-d03e5e38c8a6,XC599992-201017_001_170907_GroeneSpecht.flac,Xeno-canto,Aves,True,-22.236154442623818,1.8160414144172323,2.7034565336954333
random_init_eat_seed42,12,1abc296c-d293-4b87-baf9-4cf214190f7f,67274.flac,NatureLM,,False,3.321307330439731,1.0473474883434306,3.2247469661224377
random_init_eat_seed42,12,629f1648-8d29-4e5a-940e-79eb0703f101,617913.flac,iNaturalist,Mammalia,True,-11.767925196559826,-0.8125517689748136,3.910667038574454
random_init_eat_seed42,12,a42a387d-a5a3-4da9-b54e-a66f79a87c6a,XC369601-LS105127%20Barred%20Q%20Buttonquail%20purring%20D.flac,Xeno-canto,Aves,True,-23.865206528635987,1.0964450960643128,1.5306787768332817
random_init_eat_seed42,12,0500e6e6-c609-4841-9c96-a7b888f4a2b9,XC228431-Black-bellied%20Plover%20B%201499.flac,Xeno-canto,Aves,True,22.96078421846274,0.3784861119188683,-0.232716458716979
random_init_eat_seed42,12,e3d7c395-3114-4beb-a72b-3844a02b34fa,Blythipicus_pyrrhotis_Vietnam-84.1a-FRL_VN_15_587.5-619.6_1_C.flac,Xeno-canto,Aves,True,11.71701283000473,-2.5777385534985378,4.512561831310162
random_init_eat_seed42,12,921825f0-e47e-4fdf-8530-bd859edf9048,mallet_acoustic_039-054-075.wav,NatureLM,,False,0.13717926946453063,22.922215645637827,-19.105142288085688
random_init_eat_seed42,12,6af21c82-c800-406a-b5f3-e238b98b893e,XC562717-sterne%20indeterminee.flac,Xeno-canto,Aves,True,-8.91652298206467,15.920945873006906,-10.673880883726031
random_init_eat_seed42,12,27d118a4-5eea-4c8b-b3c5-8104d1340887,7698.flac,WavCaps,,False,2.735576706989062,-1.8964139601164411,4.869542424120507
random_init_eat_seed42,12,c6d24760-4fc9-43bc-bbcc-a9affa8766aa,XC117271-43%20Audio%20Track.flac,Xeno-canto,Aves,True,-16.018237210181972,1.17962880373322,4.8429232011079915
random_init_eat_seed42,12,83465c78-281b-4f56-9a33-ace4ce79838c,97752009.flac,Watkins,Mammalia,True,10.679175301762008,20.165538176902242,-16.485713663489808
random_init_eat_seed42,12,3c49a6c6-1592-4ba1-92be-9454d4591275,XC356856-170219_0044%20Vouille%CC%81%20P110%20Pic%20e%CC%81peichette.flac,Xeno-canto,Aves,True,-23.79306093326783,2.036996526817507,1.4205945401184326
random_init_eat_seed42,12,9394eb24-a004-41e0-911f-d8e343a5ade4,XC715229-GALGAL%2012042022%200219%20vbo%20nfc.flac,Xeno-canto,Aves,True,10.67389680433935,6.689367194453403,-2.734368333501464
random_init_eat_seed42,12,0f9fc4b0-9460-4f57-b0f2-53caea61f5bd,SSW_233_20170708_040004Z.044_001.wav,NatureLM,,False,6.182489101587057,22.59811445029409,-18.695243883828507
random_init_eat_seed42,12,cbd0718e-9b3e-48a0-a9c1-7f981d150926,XC497272-Witgat%20190826%20Kalmthoutse%20heide.flac,Xeno-canto,Aves,True,-24.448494132378755,2.063417835382496,1.3380258678447836
random_init_eat_seed42,12,58d7483b-26c6-4ba7-8443-8bb7da8a48b6,58014023.flac,Watkins,Mammalia,True,16.923335816808677,11.977045985079897,-8.694016300760024
random_init_eat_seed42,12,db9da019-9831-4c00-be40-d3e15f86432a,p374_116_mic23.wav,NatureLM,,False,-0.006976769506912728,16.8176333529359,-12.995451753771345
random_init_eat_seed42,12,785cba80-d777-4697-8b08-e92f2e65b547,p244_347_mic22.wav,NatureLM,,False,21.268634042576686,4.112920502333123,-3.4179318629979596
random_init_eat_seed42,12,bfb4c658-60fe-4494-b8dd-27be5468a25f,75004003.flac,Watkins,Mammalia,True,17.592589152905894,11.522625183569195,-9.183654592248871
random_init_eat_seed42,12,4d18ffdc-8f86-44d2-9145-cfb45a8b7f93,XC379190-turnix%20silvatica%2010%20gualid%C3%ADa%2021-06-2017.flac,Xeno-canto,Aves,True,-24.24079230268179,2.458712213865879,0.7859786772664188
random_init_eat_seed42,12,684f4525-8c49-4e74-8ba0-53dccbcbe153,XC630078-Athene_noctua_Steinkauz_Donnersberg_2021_03_18_4_04.flac,Xeno-canto,Aves,True,13.853548552600898,-1.3220898070125178,4.2443230618101495
random_init_eat_seed42,12,2d5ee0b3-1aa4-426d-bfb4-e10da5f17f85,9778000S.flac,Watkins,Mammalia,True,14.040122343710422,19.599857571610542,-16.2822241354335
random_init_eat_seed42,12,141ddf0c-5686-4baa-9359-e48611646de3,268465.flac,iNaturalist,Mammalia,True,3.001020699666472,1.0601058664503078,1.75318075174097
random_init_eat_seed42,12,9c17d34a-35fc-4429-8063-a3e45ffc103e,9420104R.flac,Watkins,Mammalia,True,17.63810716664481,11.846272124184594,-9.364116180468805
random_init_eat_seed42,12,c86c34cd-175d-4dcd-999c-d580d43a479c,XC414721-guifettes%20moustac%20cris%20de%20vol%20PAS.flac,Xeno-canto,Aves,True,-15.553859547181666,2.1386689740042044,1.6328765300257406
random_init_eat_seed42,12,7f96d0b2-790e-4b55-b0a3-54c556f61382,8600801I.flac,Watkins,Mammalia,True,11.64801267705552,-0.26527580309654175,3.012356749547967
random_init_eat_seed42,12,de27cb8b-2eca-49bc-b151-bd77866e897a,153735.flac,WavCaps,,False,11.607784302350122,11.762561375116755,-8.339012765994593
random_init_eat_seed42,12,5a34dcd9-4044-4ad2-bb0f-44872d20e07e,478943.flac,iNaturalist,Mammalia,True,-14.996884686058735,3.6413518215064196,1.8040427564732529
random_init_eat_seed42,12,78062cd0-82e5-4d3f-8cd2-264d9cf7f181,8501206Q.flac,Watkins,Mammalia,True,22.792028698984478,1.8456093119699326,-1.2603569898699787
random_init_eat_seed42,12,d8246da7-58b5-4a99-b764-a4db005ad579,XC408965-Melanerpes_uropygialis_nom-FL%20song%20BuenosAires%20State%20Park%2017Jan18%2011.02pm%20LS111416a.flac,Xeno-canto,Aves,True,-23.584189763582415,2.141351279725674,2.2261255204982726
random_init_eat_seed42,12,57b43305-03ba-4a46-9bf2-d67b0b5f6dde,bass_electronic_032-061-100.wav,NatureLM,,False,-17.03691079106307,9.839405186229973,-5.4928337069661355
random_init_eat_seed42,12,94fb7db3-8293-4876-9b7b-d35b1a0246fd,XC492697-Phodilus_badius_nom-FL%20song%20Kinabatangan%20FDC%2014Mar19%208pm%20LS116849b.flac,Xeno-canto,Aves,True,-4.435704396589334,-1.2349218996268039,6.058567727537281
random_init_eat_seed42,12,a25d96e7-6053-4ac1-bda6-4190e11f087a,mallet_acoustic_019-063-127.wav,NatureLM,,False,-11.7574896982201,18.418462751813315,-14.405291344337899
random_init_eat_seed42,12,f6008180-d616-41ac-a027-37f6e6e463e2,361236.flac,iNaturalist,Aves,True,-25.4615280654732,2.5776958992614487,0.4563650744048624
random_init_eat_seed42,12,748178b4-01ef-4f66-9fd2-51a426ba901d,keyboard_electronic_000-069-050.wav,NatureLM,,False,3.042458991113084,19.98051044900844,-16.46693764737745
random_init_eat_seed42,12,9a32177b-8e87-48ae-9b9f-3773d602a304,XC528564-Golden%20Plovers%20Driel%20180306%200030u.flac,Xeno-canto,Aves,True,-19.974438930535527,2.3652928472225607,3.2108383873920188
random_init_eat_seed42,12,83519e91-d36c-450c-a1ef-81fb0d84be7a,97767008.flac,Watkins,Mammalia,True,13.361241731832642,16.897545427981996,-12.99732730470592
random_init_eat_seed42,12,5bcc80dc-e86e-4931-b089-c181346c44b8,Y9FDzG0xNp5s.flac,WavCaps,,False,23.718307636733712,-2.387490082030452,1.8821156429040067
random_init_eat_seed42,12,9f18bd27-3650-43fa-98c3-c18210e4a12f,XC420224-DR0000_0678.flac,Xeno-canto,Aves,True,-24.019860853365127,2.2193143060983584,1.149423895360501
random_init_eat_seed42,12,19ee1106-5724-4111-afb2-996b9ca09d31,reed_acoustic_026-040-100.wav,NatureLM,,False,4.094400283962803,19.063714412207528,-16.022752277308605
random_init_eat_seed42,12,e6693075-1275-4d11-8263-d18408ee3126,XC687103-Ringed%20Plover%20%2B%20Dunlin_NFC_Lissagriffin_280721.flac,Xeno-canto,Aves,True,23.63547840610814,-2.323545724374684,2.0092062196962357
random_init_eat_seed42,12,83085c9d-042d-4528-b00a-d1babe11d3eb,XC269439-Red-cockaded%20Woodpecker%20part%20of%202%2C%20at%20least%203%20with%20many%20short%20flights%20-NC%2C%20Croatan%20NF%2C%20July%2008%2C%202015%2C%201144%20AM.flac,Xeno-canto,Aves,True,2.4721985515191434,18.66817250925659,-13.597216567970744
random_init_eat_seed42,12,bf449bc6-4274-497e-bf2e-69d7e1eb6ade,352813.flac,WavCaps,,False,22.184119951230482,-2.188253529479046,2.554650982122647
random_init_eat_seed42,12,11a02b0f-18bc-490b-ac70-3497b873e273,egg beater.wav,NatureLM,,False,23.324373318694064,-3.6263153594754343,2.8569053575463004
random_init_eat_seed42,12,2978c4d5-2820-4b09-810c-348fc5354dbc,140487.flac,iNaturalist,Mammalia,True,-25.386477674944114,2.4750641471145256,0.33420672739192103
random_init_eat_seed42,12,63a007cc-9ee9-49c3-be39-f4fa346b9776,SSW_225_20170701_180012Z.052_000.wav,NatureLM,,False,-25.46758498107279,2.6420693414185346,0.5550866553653095
random_init_eat_seed42,12,c05844c0-56fc-48b3-af88-dcb87832b238,organ_electronic_072-046-075.wav,NatureLM,,False,-25.802604900302534,2.663659088440093,-0.30325322810060307
random_init_eat_seed42,12,f29f24f0-c2c8-4ec0-b4e2-e834b051d04a,p229_032_mic22.wav,NatureLM,,False,16.1612944774609,12.860219778283973,-10.647333982995534
random_init_eat_seed42,12,96bb6b75-cd6e-4f93-9c2b-d97b4102b502,1446_122614_000023_0000013.wav,NatureLM,,False,11.02959300332197,10.385365930550567,-8.140337462324254
random_init_eat_seed42,12,4470e334-bdca-4b4e-b9c3-e17519750162,563983.flac,iNaturalist,Aves,True,-22.634468136734675,5.532278317247727,-1.047519748790745
random_init_eat_seed42,12,90da3b75-89d2-4c7c-8fe9-94c7f155d289,561526.flac,iNaturalist,Mammalia,True,-22.546862547680195,2.033124916005951,2.363453799552903
random_init_eat_seed42,12,94bd8912-1b44-4a77-9970-93316905bd53,ICLISTENHF1251_20140901T070408.359Z_006.wav,NatureLM,,False,-25.950807159314238,2.6852460747078926,-0.3758737429702988
random_init_eat_seed42,12,1da14036-d891-482d-bd7e-c83e408076b3,XC669519-S4A10550_20200621_010003-3.50_Aflamm-kontakt-d%C5%82ugo.flac,Xeno-canto,Aves,True,-23.736562212414213,2.520253279871252,0.7459235774629023
random_init_eat_seed42,12,be261345-80b0-47bd-adce-81706f310468,9220100L.flac,Watkins,Mammalia,True,12.530235681948461,20.2488946120912,-16.980038254267335
random_init_eat_seed42,12,d7523e0c-0a81-4f4f-94e9-07fad85ff747,XC402122-barge%20a%20queue%20noir%20vol%202.flac,Xeno-canto,Aves,True,13.478780382991514,-1.3078870613351792,4.526696987160366
random_init_eat_seed42,12,61f8d469-5b3b-4379-8200-cb3faf7486a7,7511_102419_000027_0000014.wav,NatureLM,,False,12.651495712399095,8.008631976164164,-5.979054034486758
random_init_eat_seed42,12,d759aa3d-4cc8-4805-8026-353637682ddf,SSW_140_20170513_040005Z.018_008.wav,NatureLM,,False,9.013985475387516,19.90916836767149,-15.60754488792561
random_init_eat_seed42,12,6d54177d-1e3a-437d-b849-16d9f9f91cc3,XC520965-x_IAvH-CSA-3478.flac,Xeno-canto,Aves,True,-15.513291592171445,-0.9936184774984284,4.780284241594195
random_init_eat_seed42,12,d1e9b24b-6be9-45cf-87f3-3235f2c09b97,7100801A.flac,Watkins,Mammalia,True,18.049401827336073,9.965353470529912,-7.951058064798815
random_init_eat_seed42,12,fc2c06e6-db24-4104-a74f-0cc1006cfb3d,XC742206-ZOOM0005andagra.flac,Xeno-canto,Aves,True,-21.742657612240734,2.4956443827273347,2.4028933268832664
random_init_eat_seed42,12,494ab59a-9fd8-459e-ba68-b37a832bf186,SSW_086_20170408_130009Z.023_007.wav,NatureLM,,False,-24.020625951913857,2.43563812042564,1.4428809128378224
random_init_eat_seed42,12,7d28b679-1e2a-426b-83a0-2a25b2508955,586908.flac,iNaturalist,Aves,True,-25.498261359642214,2.312140305642872,0.46406767687253014
random_init_eat_seed42,12,4c08314d-87c1-4564-9356-f02a0950ae9c,XC372236-Dendrmajor-al_poland_psz_8.30_170526-3476.flac,Xeno-canto,Aves,True,-11.58123652042612,0.03380162347753138,3.9957456079381197
random_init_eat_seed42,12,aeebffdb-f337-49f7-a052-3a3452f19f8c,keyboard_electronic_026-097-100.wav,NatureLM,,False,-0.707984928334319,24.322643372595046,-20.442516764539878
random_init_eat_seed42,12,26b06d2b-0e88-455e-9dcc-9e60f7295ad5,126883.flac,iNaturalist,Mammalia,True,-16.449168697007384,2.0367376881709065,3.1369962652568546
random_init_eat_seed42,12,be26c277-712a-4928-b62a-f1ad152919b0,8501206M.flac,Watkins,Mammalia,True,21.35241719391357,4.480178349505517,-3.155004772880447
random_init_eat_seed42,12,db664b46-da75-438e-8757-cc5961fb808c,brass_acoustic_060-063-127.wav,NatureLM,,False,14.391127474891832,9.923969201926372,-8.292820651182433
random_init_eat_seed42,12,32da0b8d-04c1-4f16-8548-7880df24c0c4,XC406595-slagugglaZOOM0032a.flac,Xeno-canto,Aves,True,-25.673604075601645,2.590543426553028,0.1899041468963774
random_init_eat_seed42,12,0c0f5899-652b-4a56-9a5d-0c44e8b6b9f6,5800200C.flac,Watkins,Mammalia,True,-10.224664966265006,14.795145204647174,-9.680505306905228
random_init_eat_seed42,12,50643a1b-33dd-4672-95d9-5dbfd7f55b23,XC675261-210827_3459_1.flac,Xeno-canto,Aves,True,13.577356842026342,-1.9856989921782626,4.693468058146592
random_init_eat_seed42,12,7a1b65bd-2d5d-4db2-8f2a-bf66b7d9b1dd,bass_synthetic_126-088-050.wav,NatureLM,,False,-22.797121590247585,3.5681870379198832,-0.7753740319073972
random_init_eat_seed42,12,e3535cd4-4861-4d41-b5c9-6883957c4d3a,mallet_acoustic_020-086-050.wav,NatureLM,,False,-0.8692045520519669,24.024104221735705,-20.405516170601462
random_init_eat_seed42,12,9874db31-1872-4cba-9942-620e986576ed,625811.flac,WavCaps,,False,18.01377860572822,12.166710897823288,-10.412627003747792
random_init_eat_seed42,12,59d0d159-65ab-4861-b319-3f9aed817b26,XC737110-Roseate%20Tern_Flight%20Call_Ring%20Marsh_200622_A%2B_2.flac,Xeno-canto,Aves,True,-16.126851651921072,13.017796685882168,-7.856248319519848
random_init_eat_seed42,12,ff6b23d4-3697-4b97-9746-ef7bafec7240,ICLISTENHF1251_20141201T104339.106Z_025.wav,NatureLM,,False,-25.944233623605832,2.684608518517156,-0.3714558198589384
random_init_eat_seed42,12,9b3cd055-7335-45ef-a2b5-970830b02ddf,XC734496-mystery%20Kelso%2025.6.22.flac,Xeno-canto,Aves,True,-25.213738893440357,2.263211278703865,0.905783188806911
random_init_eat_seed42,12,9e043e2b-5a0b-4ee4-8ac6-ae02279341a4,299595.flac,iNaturalist,Mammalia,True,-25.30750717546954,2.991202686932011,-0.07789798919054786
random_init_eat_seed42,12,d5685e70-e38b-464f-8182-4afcae776191,XC338230-recurvirostra%20avosetta%209%20salinas%20de%20bonanza%2007-08-2016.flac,Xeno-canto,Aves,True,-23.7720829093673,2.410252033330406,1.5529253171895423
random_init_eat_seed42,12,725e77e2-7cdd-4f09-81d3-0a1544387878,113080.flac,iNaturalist,Aves,True,17.855626199639282,-1.2844867000973248,2.939432353048677
random_init_eat_seed42,12,96a47dc8-1bdc-4246-a0fc-ba9fb3233336,83035019.flac,Watkins,Mammalia,True,19.18354270291717,8.529545829598176,-6.288297298509802
random_init_eat_seed42,12,e4c67f17-4b18-449f-a2e0-2f41684cfd19,8300603L.flac,Watkins,Mammalia,True,16.25347375060236,10.685806190764753,-7.4767494055582215
random_init_eat_seed42,12,a0bb22d9-9e2e-4b38-b944-3c7fae0f61d4,XC303235-Voice00240%20mochuelo%20macho%20puebla.flac,Xeno-canto,Aves,True,-24.883978873347665,2.987701395070083,0.566648989663741
random_init_eat_seed42,12,89aa8462-5b88-46c2-80cc-67ecdd15f6d1,689949.flac,iNaturalist,Aves,True,-23.254968914076485,9.955281306900881,-6.333292761594094
random_init_eat_seed42,12,8a711d06-4747-4a99-bd49-891b9dae40aa,07046113.flac,WavCaps,,False,-23.399170526145475,3.756109992825543,-0.1930106295694904
random_init_eat_seed42,12,c5ca92f3-5479-4404-8061-f12788c4b934,XC478715-Sm%C3%A5spov_05.flac,Xeno-canto,Aves,True,-23.62463259281041,1.2490014234598537,1.7523575973637695
random_init_eat_seed42,12,6a7467f1-004a-4f99-8b28-7419334b398d,7202100C.flac,Watkins,Mammalia,True,19.40748571934452,8.454719686694009,-6.585414692622495
random_init_eat_seed42,12,6a933a81-dba1-4c02-9725-b802866814d9,XC569792-Eastern%20Screech-owl%20alarm%20SISP%2012-26-19%200407.flac,Xeno-canto,Aves,True,16.798437359785115,-0.8445162131993444,3.1020477636643724
random_init_eat_seed42,12,8f3ff8f0-9d15-4c7e-bec7-e1b8d9338f96,73001002.flac,Watkins,Mammalia,True,14.178572278962436,12.160807552060724,-9.289967220031334
random_init_eat_seed42,12,734c9e30-160b-45a1-8e19-0cdb8bea7327,reed_acoustic_015-086-100.wav,NatureLM,,False,14.046338092360159,19.10486576359247,-16.4254965752128
random_init_eat_seed42,12,516da4a0-75bb-427d-b12d-e4a97dce00f5,guitar_acoustic_028-056-025.wav,NatureLM,,False,-24.98554586323621,2.135035735805634,0.6924385845316603
random_init_eat_seed42,12,ca215d65-5bff-4888-ab3a-290e85f4a0f3,XC247263-150516_0243-Vanellus%20vanellus.flac,Xeno-canto,Aves,True,-23.84097216994124,2.088696880495932,0.886717020501465
random_init_eat_seed42,12,f7f98f31-0ac3-48ab-be64-82b68625685a,605171.flac,iNaturalist,Aves,True,13.840597982171388,-3.4190571865354804,5.718313770072525
random_init_eat_seed42,12,9740dd80-2577-44da-b97e-7c34fe86126e,bass_synthetic_055-090-050.wav,NatureLM,,False,10.910224480209926,15.995478712871497,-12.988464750756236
random_init_eat_seed42,12,1ef42007-a43b-4bdc-9c86-b90869b5f297,XC271854-LS_54311%20Guianan%20Toucanet%20call%20B.flac,Xeno-canto,Aves,True,-16.601365171711016,0.23538418754047785,4.246404604739299
random_init_eat_seed42,12,932ed885-170c-45db-b2bd-9a1a5ffac222,559015.flac,iNaturalist,Mammalia,True,16.560244653309468,-1.1140304418804172,2.681548206126656
random_init_eat_seed42,12,a39e86af-800c-48cb-a4c6-71a747614bd0,ICLISTENHF1251_20141103T235254.811Z_048.wav,NatureLM,,False,-25.886585683027278,2.665833260802691,-0.25368769389682577
random_init_eat_seed42,12,94c78f45-22b2-4473-89e1-fb03421a8f50,7501500A.flac,Watkins,Mammalia,True,18.474740887811354,8.532282160842833,-6.414992351950172
random_init_eat_seed42,12,4dad533b-5674-48cb-aa20-2b8c438d0556,XC376177-170618_40XC.flac,Xeno-canto,Aves,True,-11.554938663441824,4.108036602460986,1.8997450293831362
random_init_eat_seed42,12,70af7884-5f16-497f-b932-5351f51d0e2f,XC742753-Yellow-throated%20Toucan-swainsonii%2C%20song%2C%20El%20Valle%2C%20Colombia%2C%20180722%2C%201731.flac,Xeno-canto,Aves,True,-20.915022440083206,5.0571774293671075,-0.0899641650248848
random_init_eat_seed42,12,ef7909ac-f653-4101-a5a8-6a91daf733c1,8700301I.flac,Watkins,Mammalia,True,19.70858343816326,6.867236726792958,-5.530652832004005
random_init_eat_seed42,12,59b72759-5956-4f4b-8556-c198f6a29b8a,300806.flac,iNaturalist,Mammalia,True,3.0147419158266997,1.7975420605433625,3.5170374158744777
random_init_eat_seed42,12,6725007e-7dd3-4060-a13f-56dd2a5b05a1,YNp5CqgFVwsA.wav,NatureLM,,False,-19.267276846487754,2.421440972165331,1.4233849248270256
random_init_eat_seed42,12,ef47d120-f19f-4d56-96b1-253498ca6cdd,XC443050-20181110_100350%20Swallow-tailed%20Gull%20cackling%20and%20mewing.flac,Xeno-canto,Aves,True,20.979607647119757,-2.3001378835960433,3.3216738727593005
random_init_eat_seed42,12,c8285a59-5b11-41f2-aa25-25a0dd1b9381,XC461122-picus%20sharpei%204%20las%20ventillas%2016-03-2018.flac,Xeno-canto,Aves,True,-24.96841116945148,1.965906161821966,1.0992672814504385
random_init_eat_seed42,12,4adde8a7-63e6-4948-ac84-031740678e8b,Y5cezddiPBAo.wav,NatureLM,,False,-9.2145172860657,1.827550108314509,1.3806258529885578
random_init_eat_seed42,12,c9bc2fd4-9910-4d9e-919b-e4aa1a6b5b8d,XC486586-BrownBoobok_20190414_191934.flac,Xeno-canto,Aves,True,13.76860310544172,-0.4045641921616019,4.07546421175673
random_init_eat_seed42,12,a8703d90-8b54-431e-8ebd-91a41cd556ba,244756.flac,iNaturalist,Aves,True,-11.862500126024864,-1.1222448453229745,5.11000500914037
random_init_eat_seed42,12,396e351d-3241-4c1c-9ba2-a981e6eac9e1,XC573910-Lapwing%2005.07.flac,Xeno-canto,Aves,True,4.863878707422324,23.487049005195967,-19.555063544001737
random_init_eat_seed42,12,edc2bd4a-373c-44a7-a983-ae61dc069128,574372.flac,iNaturalist,Aves,True,21.580132811717778,-2.4394576513330017,2.8405705099869056
random_init_eat_seed42,12,2a97c7e7-df44-4213-be7d-b9b73d340fa7,XC560005-LS_55467%20Grote%20Bonte%20Specht%20adult%20near%20nest%20with%20juv%20call%20A.flac,Xeno-canto,Aves,True,-22.434425133902273,3.8623725347440816,-0.2914087092983006
random_init_eat_seed42,12,a3bc944e-cd9a-4596-8366-83e16b2c59eb,Puma_concolor_V2010_12_short.flac,Animal Sound Archive,Mammalia,True,-7.371874793969189,0.18562151567296292,5.159946444483591
random_init_eat_seed42,12,a0bf19b1-8d9f-4dbb-9191-1a4a96b4d52e,XC499713-HUBRO_ungetiggN%C3%86R_2019-09-17.flac,Xeno-canto,Aves,True,-25.282014385255636,2.6581841838810325,0.44467379828406367
random_init_eat_seed42,12,3e6b1f2c-5dca-4c77-8767-eb5394ec2c14,ICLISTENHF1251_20140802T044029.421Z_027.wav,NatureLM,,False,-25.680341129938885,2.2301400640781193,0.00266348721566273
random_init_eat_seed42,12,b3415337-ee79-4769-8735-280b4a54080b,XC336602-T13.flac,Xeno-canto,Aves,True,-23.562791919378206,1.7130599154077562,2.328748917339714
random_init_eat_seed42,12,41a1dfe4-0973-4f09-988a-329ea7cb7cf5,578883.flac,iNaturalist,Aves,True,-23.658870025281118,2.649825143833201,1.3926203694590185
random_init_eat_seed42,12,1e08a0f4-be9b-4c76-9c4f-4eac81dc1c40,506582.flac,iNaturalist,Mammalia,True,3.146180824709448,22.44002907913919,-18.433769562688425
random_init_eat_seed42,12,8bdb041a-0e92-4871-a41e-c4ab81d1334f,58623.flac,iNaturalist,Aves,True,-25.781598925220784,2.435369707377271,-0.0630823363667185
random_init_eat_seed42,12,a8253011-aeba-4dc5-976d-747589d08931,p278_023_mic22.wav,NatureLM,,False,4.296578866652867,2.397521874881516,-0.7343621057241724
random_init_eat_seed42,12,e90e620c-c8be-4e70-b66c-995ab7318928,XC292285-Red-fronted%20Tinkerbird_Thika_11Nov2014_1120.flac,Xeno-canto,Aves,True,-0.32258954261189393,0.12121989304405378,2.4427608064289568
random_init_eat_seed42,12,f1bd35c5-1251-4f81-823d-7ebc25b3b167,Neofelis_nebulosa_S0247_01_short.flac,Animal Sound Archive,Mammalia,True,-8.369766758264362,0.5855599633386529,3.7056185991581776
random_init_eat_seed42,12,ab10bc86-469b-430b-b965-2871ca1ac7d0,YM1KvQp2NUq0.flac,WavCaps,,False,-10.557567601110382,-0.5609893514239617,5.529617034456626
random_init_eat_seed42,12,2300faf5-a5a1-415a-9a63-5b3c676620d6,SSW_151_20170513_160021Z.019_007.wav,NatureLM,,False,-24.723893066502626,2.6335458419994833,0.939338661220304
random_init_eat_seed42,12,72b06892-65cb-4b0a-ac58-182a7a08259c,XC625445-210228_0178A%20sel%20Slaguggla.flac,Xeno-canto,Aves,True,-11.381440708708503,0.08709420258455008,6.43883818173873
random_init_eat_seed42,12,e8bb0aa3-403a-4067-9710-7430f5cc5024,2654_158744_000004_0000071.wav,NatureLM,,False,17.205999264810806,11.42636217519709,-9.427272608607238
random_init_eat_seed42,12,4edef489-cb27-4c03-9cb3-c895bdf8cfcd,84426.flac,WavCaps,,False,18.81398343865653,-2.853686641719209,4.365112828853087
random_init_eat_seed42,12,1f74b3eb-d93b-47a4-91b9-3cff2792a6bc,324102.flac,iNaturalist,Mammalia,True,-25.64396733768863,2.675157528235359,0.06099547345393741
random_init_eat_seed42,12,b6a69aa0-7c34-464e-b220-78787c6981ab,Y3BwlstxbnWc.wav,NatureLM,,False,21.59266533499052,-2.163961387956114,2.4665388088281066
random_init_eat_seed42,12,e8d393ca-93d8-43e8-9dfe-19a7a1e203b5,64042004.flac,Watkins,Mammalia,True,-22.363185607333936,3.433540450105899,0.14000474058730378
random_init_eat_seed42,12,738bfae7-7fd0-431b-b4a0-9e86c73e8600,XC626878-210116_03a.flac,Xeno-canto,Aves,True,-3.111209757134596,14.152247847341375,-8.72643431734548
random_init_eat_seed42,12,e0907c86-fe9f-4355-90be-74d65f4f95c2,0300%20Wood%20Sandpiper.flac,Xeno-canto,Aves,True,-14.486256982869461,4.3236623940954875,0.5722944140654331
random_init_eat_seed42,12,1a52c6b0-0b42-49cc-9129-0c5f72051ac5,2204_131732_000041_0000012.wav,NatureLM,,False,19.371869915590942,7.478480055177998,-5.941165036066934
random_init_eat_seed42,12,f4f45305-472d-4860-a969-bf0ce7e2923e,ICLISTENHF1251_20141203T103122.076Z_054.wav,NatureLM,,False,-25.573147989301994,2.0019614116604654,0.19708384784451516
random_init_eat_seed42,12,dd80e013-1b6f-46c8-8d4b-120f83f37c95,40co0316_2.397_408a010z_-2.397.wav,NatureLM,,False,10.551997930588456,-2.1569609293541747,5.83252392632844
random_init_eat_seed42,12,c5494864-94f2-4e0a-9a6d-fbe9a0765227,490788.flac,WavCaps,,False,-25.66831511469496,2.229662855742382,0.1525816471757715
random_init_eat_seed42,12,475c4e48-f1e4-4562-bb77-078594a12735,XC367549-170503-121118FISKEM%C3%85KE_tisnes.flac,Xeno-canto,Aves,True,-21.067418836275827,2.6031507008074986,1.6846650552459024
random_init_eat_seed42,12,b873f58a-c1c3-41ff-9908-197dc860aa37,XC568356-Fumarel%20cariblanco%20%2B%2B%2B%2C%2007_54%20%28online-audio-converter.com%29.flac,Xeno-canto,Aves,True,15.508112064090872,-3.472689683109197,6.052141724938783
random_init_eat_seed42,12,439d715d-769c-40bb-bd18-70bd9163ee8d,SSW_227_20170701_200015Z.025_010.wav,NatureLM,,False,8.689441339304057,19.450121292557114,-15.267811958207368
random_init_eat_seed42,12,3fa4814e-b72d-44da-87da-de11832afcce,561065.flac,iNaturalist,Aves,True,-18.123538250437463,0.40598714913798334,4.722966975755723
random_init_eat_seed42,12,83c6fcc6-1f27-45f4-8e0d-580dd30f9b15,628093.flac,iNaturalist,Aves,True,-25.012180267392772,5.026020925266078,-1.61122859746171
random_init_eat_seed42,12,ac074031-54b8-4aa5-8c82-58ed556de94c,116378.flac,iNaturalist,Mammalia,True,-22.790240741449974,2.1861746249178156,2.281115047198596
random_init_eat_seed42,12,c610ab73-a57b-429c-8430-cd1e7f0f4d6c,609353.flac,WavCaps,,False,-25.43271554539244,2.2389713496794164,0.13555338068087658
random_init_eat_seed42,12,ffff7c2e-3ca9-4628-8988-1beb9794bb1c,XC298091-160103_03.northern.saw.whet.owl.bronson.canyon.lance.benner.flac,Xeno-canto,Aves,True,-2.5127703565809085,8.247496673970897,-4.155158678422032
random_init_eat_seed42,12,76790e0b-a744-48d6-bc93-2757d8e14dba,keyboard_electronic_033-050-025.wav,NatureLM,,False,17.495358997873954,13.346239255000114,-11.194494071830114
random_init_eat_seed42,12,dc422392-cf30-433e-a7f8-2b025801a7f6,SSW_125_20170506_090007Z.056_007.wav,NatureLM,,False,-10.42898354335239,1.2793565052706772,4.280480124866405
random_init_eat_seed42,12,8907c5d9-aa7f-4a5c-bb11-5d6b184286ed,organ_electronic_034-054-127.wav,NatureLM,,False,-8.776009637356848,19.18279473944317,-15.170551274921962
random_init_eat_seed42,12,6d6f7493-cc30-4b28-8496-f5773be60572,78007027.flac,Watkins,Mammalia,True,15.813457816653472,15.240371767892578,-12.01879123254769
random_init_eat_seed42,12,eedcd6e1-5c27-4df2-8b40-a6abe0aaebf7,88006034.flac,Watkins,Mammalia,True,13.003282616907114,1.575697952155349,0.7702266618567842
random_init_eat_seed42,12,ee783ab4-be88-4dfe-a4d0-3aaac85badc5,ICLISTENHF1251_20141202T011144.851Z_027.wav,NatureLM,,False,-25.829030180591623,2.4638980643926804,-0.18245715960907866
random_init_eat_seed42,12,c42c0d83-66dd-493d-8f2d-85ede83b773c,652549.flac,iNaturalist,Aves,True,23.410977829875918,-0.43638097863238423,0.3637874647500108
random_init_eat_seed42,12,0d0efb49-ae03-4f2e-bc0f-c651d9ce9c6a,p244_082_mic24.wav,NatureLM,,False,17.76711685640484,10.949370993622525,-9.422476775095728
random_init_eat_seed42,12,7bca125f-ba28-4934-9681-fa5916444ee5,vocal_synthetic_005-076-050.wav,NatureLM,,False,18.501400253678675,5.920970546107383,-5.452737082820973
random_init_eat_seed42,12,f487e3e6-8866-4682-a18f-360fde2c76ba,20120104_Sigiriya_Brown-headedBarbet.flac,Xeno-canto,Aves,True,6.96153799734594,1.8084307933213626,2.7203661924539815
random_init_eat_seed42,12,220b8cb1-f1e1-45bf-9267-a9973d9fb438,guitar_synthetic_008-092-100.wav,NatureLM,,False,14.339475103708347,18.91816152796295,-16.06640855605316
random_init_eat_seed42,12,a5640428-6061-4fc9-ba92-94c61d1963cd,330085.flac,iNaturalist,Mammalia,True,-24.862684418540063,2.6122020837521176,1.0452897951848972
random_init_eat_seed42,12,bb721e59-ee82-466f-91d9-19d3586fdfda,ICLISTENHF1251_20140702T183216.535Z_035.wav,NatureLM,,False,-25.836778374892237,2.4609809223461614,-0.19011953336105392
random_init_eat_seed42,12,f777a4d8-a73a-4218-8eaa-f1c8b9602384,reed_acoustic_003-034-100.wav,NatureLM,,False,-21.286459170824106,4.07543478525341,-0.6673413642552852
random_init_eat_seed42,12,69600846-8055-4e54-a420-d418e1a08fed,6404100D.flac,Watkins,Mammalia,True,1.9713052237846647,13.566473614271183,-8.5560431944431
random_init_eat_seed42,12,0a20ebc1-244f-4d2e-8db6-07937bf922aa,134717.flac,iNaturalist,Aves,True,10.597641303446505,-2.9822409375752725,6.202400745755309
random_init_eat_seed42,12,06d39be0-bfce-4c0c-911b-e9c27ef76c76,ICLISTENHF1251_20140901T121408.411Z_018.wav,NatureLM,,False,-25.831419091059878,2.45456245150635,-0.1786505696900828
random_init_eat_seed42,12,8bc5604b-86f2-4126-aafa-934bd8e56386,SSW_246_20170708_220025Z.018_007.wav,NatureLM,,False,14.139136149609122,12.142829821770697,-8.357695712183743
random_init_eat_seed42,12,5c4635a9-bbcb-4055-964e-e1a680f94e50,ICLISTENHF1251_20140702T183216.535Z_054.wav,NatureLM,,False,-25.953202283027068,2.686319612118628,-0.376065244564524
random_init_eat_seed42,12,2e99c343-a1d1-4b04-8889-41703e6fe3af,77008006.flac,Watkins,Mammalia,True,15.068048755469828,17.513471133775337,-14.711165059662886
random_init_eat_seed42,12,0bbadb7e-f625-40f4-8bbf-e04821f8ebbc,XC290365-Ninox_%28jacquinoti%29_granti-FL%20X%20song%20Chupukama%20Ridge%2017Sept15%2010.26pm%201300m%20LS118255b.flac,Xeno-canto,Aves,True,0.434177412622427,-0.22497246968219176,4.201749613636919
random_init_eat_seed42,12,a19b22fe-babd-46ad-a94b-fb5909db58e1,ICLISTENHF1251_20141004T035246.107Z_002.wav,NatureLM,,False,-25.834471212786646,2.458800172706044,-0.18740326418376924
random_init_eat_seed42,12,fb1edcf1-7536-479a-8b07-9014541bd40f,7100300W.flac,Watkins,Mammalia,True,22.150180202856166,3.6037202766005123,-2.938010481245338
random_init_eat_seed42,12,1a22ad44-2627-47b2-99f3-bb14e084abd1,37301.flac,WavCaps,,False,11.345348057883962,18.74036292678243,-16.02193690010878
random_init_eat_seed42,12,0c742eaa-2cd8-4877-86fe-82f3c03ad414,6696_73296_000017_0000003.wav,NatureLM,,False,5.074138472018352,19.278701867746214,-16.10074353077829
random_init_eat_seed42,12,c48cf5cc-3185-40aa-af67-ea5c8bf2e9d6,Celeus_spectabilis_T866.flac,Xeno-canto,Aves,True,-12.8835849398431,1.0562737529564437,4.578049674748086
random_init_eat_seed42,12,f0b0d77a-d521-40eb-91d2-80f715bc274d,vocal_synthetic_006-090-075.wav,NatureLM,,False,7.931764462376043,18.99937314057116,-16.2847642566172
random_init_eat_seed42,12,5443139d-7439-4066-8928-850b443c93e9,Y6GmoFefjuHw.wav,NatureLM,,False,22.644074850184744,-2.836718003247352,2.256467996459203
random_init_eat_seed42,12,e5f13262-458c-4221-8024-8c951f461322,guitar_electronic_037-044-127.wav,NatureLM,,False,6.002990383936635,18.12607073105348,-15.374413577281688
random_init_eat_seed42,12,d142e6cd-2898-4aeb-a8b0-f54714f1ff85,9420101W.flac,Watkins,Mammalia,True,21.586018532467566,5.278302526740736,-4.470808814109565
random_init_eat_seed42,12,aaf137ef-63fc-4a06-b0f8-b6e1649765a0,516115.flac,iNaturalist,Aves,True,-24.92212570052968,2.2870070764471357,0.27319725083372437
random_init_eat_seed42,12,b0a58bc9-8bde-4c3a-8a03-b77511bcfb67,4214_7146_000054_0000021.wav,NatureLM,,False,17.899396963258795,12.088458224650429,-10.263682128877173
random_init_eat_seed42,12,8ac1fa03-b0d6-4306-8f40-c3a3b0a396fb,XC705126-Tern_White-winged_Black1_TLM3AK-1223_Karumba_3rdFeb22.flac,Xeno-canto,Aves,True,3.641643668179973,1.960488271015543,1.9742808505562341
random_init_eat_seed42,12,b195ba59-7a66-436b-b9d7-277d58b90f8f,6608400N.flac,Watkins,Mammalia,True,4.876019971564643,13.04460275589449,-9.042709496334236
random_init_eat_seed42,12,459165a9-930b-44f1-a137-2b1f7d84fb45,68003001.flac,Watkins,Mammalia,True,19.117170698940406,6.995178058573206,-5.614850965836732
random_init_eat_seed42,12,8055e210-6c94-47f3-97f0-85f2a5156cdd,XC341643-CHRRID_160730_2167_LeCroisic.flac,Xeno-canto,Aves,True,-8.317940883970024,0.08824276116867874,5.412137561480466
random_init_eat_seed42,12,eefd2629-a65e-49b3-909e-48ac47128256,224940.flac,iNaturalist,Mammalia,True,-25.06119777747196,2.5683940394905247,-0.22118574295827045
random_init_eat_seed42,12,4c0ae147-a5a6-43fa-809e-aa266696c517,XC568103-Lechuza%20com%C3%BAn%2C%2004_09.flac,Xeno-canto,Aves,True,7.881970669344924,3.9589592387725645,-0.11290709137225485
random_init_eat_seed42,12,ba8f95cd-ce04-4060-b948-e0818a6e8999,bass_synthetic_008-055-127.wav,NatureLM,,False,-22.657556684309164,3.1610666187796364,-0.4556612277331323
random_init_eat_seed42,12,f0a3a24c-c8ec-4819-9f20-acc0fe9092f0,XC201176-Glapas_Farges_20141102_edited.flac,Xeno-canto,Aves,True,-22.175640904733786,2.0575231646063425,3.1273517074658583
random_init_eat_seed42,12,74bd235b-aa72-4d69-8b8b-7cee91fc12d7,72007015.flac,Watkins,Mammalia,True,10.47430413416232,18.755519635532583,-14.441404149883418
random_init_eat_seed42,12,40155dc2-d3c9-498f-b34d-7e0bd7a8b981,352350.flac,iNaturalist,Mammalia,True,-21.086127230225205,1.2510343687987537,2.911274819415337
random_init_eat_seed42,12,59976ca1-3668-4a5d-a582-04dfa572d11a,894050E0.flac,Watkins,Mammalia,True,18.027449467991055,9.290177381175571,-7.361093511978124
random_init_eat_seed42,12,632789f7-ea0d-4493-86b3-ddc6fe7de889,XC260279-himantopus%20himantopus%203%20corredor%20del%20guadaira%2007-03-2015.flac,Xeno-canto,Aves,True,-12.038346994892162,-0.2505074464090864,5.873552555684116
random_init_eat_seed42,12,56688b9f-09b2-41be-9708-f87b57fd7c3e,Panthera_tigris_S1423_03_short.flac,Animal Sound Archive,Mammalia,True,9.78534746488221,-4.212089341726202,7.170196645531732
random_init_eat_seed42,12,aa4a1377-c129-41d2-a6e3-1418dee8a958,SSW_114_20170429_180011Z.047_017.wav,NatureLM,,False,6.434805347720763,23.150585858847357,-18.73916243137571
random_init_eat_seed42,12,66313538-a232-41c3-a867-1a788714745c,XC478558-Gull-billed%20Tern%20adult%20and%20chicks%20flight%20june%203%201411.flac,Xeno-canto,Aves,True,-23.664441305715524,1.7723583639324183,1.141116552914931
random_init_eat_seed42,12,d29c730a-30c4-4285-9c49-85b0ce36c05b,882_123267_000037_0000011.wav,NatureLM,,False,17.231049790869832,9.608705814307552,-8.122758224514179
random_init_eat_seed42,12,811f1467-3a96-402f-91b7-9b20956669a7,5601700A.flac,Watkins,Mammalia,True,18.062826735896024,11.121112230159483,-8.959716429478263
random_init_eat_seed42,12,8e43281c-412a-467c-a95b-c9889cb7cad0,394031.flac,iNaturalist,Aves,True,11.243317039150133,21.94339724500596,-18.544989262138387
random_init_eat_seed42,12,7ca1f2b1-76b2-4493-9470-b763c1a6f099,guitar_electronic_014-050-075.wav,NatureLM,,False,1.1899526662938067,16.706264181555852,-13.602140896360016
random_init_eat_seed42,12,01d41c46-5f66-44c3-8fa8-16f7f0b691c5,5600600B.flac,Watkins,Mammalia,True,21.71407093744249,4.418638267512459,-3.6453058704466086
random_init_eat_seed42,12,03bccf19-679f-4b04-b17b-23f9b46e0862,621681.flac,iNaturalist,Aves,True,-23.39612668772555,2.686923709597895,1.1536353853436236
random_init_eat_seed42,12,e19ef301-d176-4954-9fc6-17a341852a27,XC548845-OCB_409914_D9_20190519_074500_HUGO.flac,Xeno-canto,Aves,True,-25.23307048810031,2.6307946183194666,0.3459472113000901
random_init_eat_seed42,12,cc585b0f-2f72-42ab-8d73-f0e3a4c233e5,9400901S.flac,Watkins,Mammalia,True,23.448228590493606,1.301779145371782,-1.2093878573710573
random_init_eat_seed42,12,6b95a6c1-5c50-4060-938d-0d24bbc7f9bf,p288_356_mic12.wav,NatureLM,,False,-18.943180975868476,6.051968692453214,-2.7807388997873286
random_init_eat_seed42,12,6435cfdd-d051-46cc-8ce7-b66af67db8ca,XC688560-200402_1638-19.05_Afu-god-Nikn.flac,Xeno-canto,Aves,True,-25.214787989739285,2.098356962266812,0.6124210660291349
random_init_eat_seed42,12,f466d0cb-9598-4122-86c6-97f876e8ec94,444c020l_0.75853_22go010b_-0.75853.wav,NatureLM,,False,-9.804724359807478,1.9696650806013205,4.7359282538731335
random_init_eat_seed42,12,f0210edb-302b-4538-b9c5-39be5c0c1c9e,Yzat8mWJSJjo.flac,WavCaps,,False,-11.278028606280827,1.3576816823252558,2.5842977053505347
random_init_eat_seed42,12,b0dc3b3a-53ea-40dc-9f22-c657e4eb4629,SSW_021_20170304_110008Z.045_009.wav,NatureLM,,False,-25.310886199458945,2.3537467399655054,0.8228797308947231
random_init_eat_seed42,12,29bbc1a7-a86c-4e1b-92b0-409d0f220895,209a010i_0.056719_40gc020o_-0.056719.wav,NatureLM,,False,-15.14436169142772,13.889204762469586,-8.30015668308469
random_init_eat_seed42,12,6728d88a-5871-4171-a98a-0bfe4dab821d,brass_acoustic_001-037-100.wav,NatureLM,,False,-17.113658968792183,0.4074994405886224,2.453275784988673
random_init_eat_seed42,12,a8bc19d5-57d6-42d9-95ff-9335d32c0b68,bass_synthetic_106-087-127.wav,NatureLM,,False,17.394623009891205,13.121555841539244,-11.279744856419313
random_init_eat_seed42,12,fd449aca-8556-4fe0-9f5d-a9071978e31d,9775100D.flac,Watkins,Mammalia,True,17.340623814069048,12.631737784767436,-9.818436550831551
random_init_eat_seed42,12,e98e44c2-0f57-4e95-bc29-138900ff73cd,XC579617-Ryukyu%20Scops%20Owl%202%2020200728%20.flac,Xeno-canto,Aves,True,21.3679226908124,4.128175969640612,-2.8935926738972246
random_init_eat_seed42,12,b7d147a3-5599-47c7-af07-c0785b51ad2c,XC339835-berf.flac,Xeno-canto,Aves,True,3.0128149090684384,22.09946157036515,-17.862557135338797
random_init_eat_seed42,12,11498200-3c42-4bad-97a7-ed2779850be6,XC542766-Chestnut-tipped%20Toucanet_Plataforma_Pe_27jun2013_FSchmitt_1.flac,Xeno-canto,Aves,True,15.960623729848788,-3.4602602271057257,4.977532958738347
random_init_eat_seed42,12,093755a2-08e2-4c53-9cf2-a9456278ff36,XC353317-RC_23_Vanellus_chilensis.flac,Xeno-canto,Aves,True,-19.92010664636186,2.238951205812464,3.155031082479909
random_init_eat_seed42,12,ecf64fef-92e1-4f06-9caf-27fade9a3426,p254_109_mic23.wav,NatureLM,,False,17.52889863460168,11.293085201081661,-9.213643881283064
random_init_eat_seed42,12,290420dc-43ba-4201-bc2d-e38d98b17cc0,2019-11-13-15-55_Schleusinger-Allee_70Kmh_2680973_A_D_CL_SE_CH34.wav,NatureLM,,False,21.854020288099598,3.4184143661767914,-2.5023776851556256
random_init_eat_seed42,12,e237c09f-413c-422d-a5d0-8ef9d18841d5,guitar_electronic_021-063-075.wav,NatureLM,,False,-22.680734224232445,4.339898596920174,-0.9975106720813324
random_init_eat_seed42,12,f3eec048-3e2e-4ab0-b682-33426f59d3b1,216_122451_000021_0000004.wav,NatureLM,,False,-20.90031759319703,3.0598264570058773,0.05286798706128176
random_init_eat_seed42,12,e88506dc-e50b-409f-8b73-afe4803f87bd,p334_257_mic22.wav,NatureLM,,False,16.82259979491026,12.065508228930478,-10.289914603236374
random_init_eat_seed42,12,3509130b-c7d8-4216-a1ea-6956357a6c3d,2019-11-18-15-45_Langewiesener-Strasse_50Kmh_539048_A_D_CL_SE_CH34.wav,NatureLM,,False,21.83310444412649,3.122249819770532,-2.0175362161366404
random_init_eat_seed42,12,00e5ac2e-bc44-45b4-9536-ba147a036cfe,4331_57180_000012_0000033.wav,NatureLM,,False,20.853920596899492,5.274634589761374,-4.667558351752969
random_init_eat_seed42,12,65a8cc8c-a8ed-4ecf-927a-af69dc655ead,74645.flac,iNaturalist,Aves,True,15.409143710297489,14.992051162884866,-12.061348311934458
random_init_eat_seed42,12,319f4ca3-3a16-4fce-916f-6994e8efcd1e,bass_synthetic_089-032-025.wav,NatureLM,,False,-25.718258051954887,2.218848705861115,0.031978886422004804
random_init_eat_seed42,12,f3283e37-e2d5-46ea-a957-78a3b1909d2f,XC688888-200503_1748-21.45_Afu-hole.flac,Xeno-canto,Aves,True,-25.34977157683275,2.3044306523302667,0.40778777678301315
random_init_eat_seed42,12,f27d31da-ce12-4d49-895c-134fc8c38564,XC454394-2019-01-26%2021-59-27_cut.flac,Xeno-canto,Aves,True,-22.028142186648534,-0.112296105508298,3.3654319715177383
random_init_eat_seed42,12,05e491e3-8526-4b80-a122-a087ab582ec8,437034.flac,iNaturalist,Mammalia,True,-9.675765906709332,0.9050584973978562,4.117730367205644
random_init_eat_seed42,12,a4c9d7cd-cef2-4700-be60-f02201f788d4,XC426586-LS107973%20Asian%20Barred%20Owlet%20song%20and%20call%20B.flac,Xeno-canto,Aves,True,6.186210115934948,-2.8865878396431635,6.122918409270026
random_init_eat_seed42,12,d90cc1fb-e7f5-4e14-9927-b8e47b4a0ec1,542483.flac,iNaturalist,Mammalia,True,-25.277048764536893,2.420033882928301,0.589302835941897
random_init_eat_seed42,12,d4af2244-e48e-40cd-803e-a0e001d3bf19,YP7WjiBsM5rU.flac,WavCaps,,False,-1.479372368470624,0.12156498037572849,3.2834462642083526
random_init_eat_seed42,12,cd355d38-87f2-48f0-92ea-4a9771b31a01,XC209544-GIWO_150105_02_DVP.flac,Xeno-canto,Aves,True,-17.877791367242228,2.872764900106664,2.25403823176953
random_init_eat_seed42,12,3d1c43ee-22bd-4568-82f2-493f874f6fd0,XC259237-Megascops_barbarus-FL%20song%20west%20of%20San%20Cristobal%20de%20las%20Casas%2018Mar15%2018.39pm%20LS114396a.flac,Xeno-canto,Aves,True,-20.155459488364105,2.02537866499679,3.437915384110556
random_init_eat_seed42,12,105a86c0-72d8-4717-a801-984fa219bf58,310956.flac,iNaturalist,Aves,True,2.409111569020326,21.94137898373196,-17.713569140627666
random_init_eat_seed42,12,c318ab11-83e0-428c-8ba0-6905265ada78,XC487610-2018-07-17%20Flatey%20180717%20Sterne%20arctique%20cri%20de%20poursuite.flac,Xeno-canto,Aves,True,-24.983941480260917,2.8348306215291377,0.2865901060640563
random_init_eat_seed42,12,4157521a-bb41-4639-97b2-10a038911541,bass_synthetic_012-062-100.wav,NatureLM,,False,-0.8761169676420673,24.473152949267025,-20.737207359458182
random_init_eat_seed42,12,3d3e1887-fc18-4e70-a41e-8ce5b68305d8,63005001.flac,Watkins,Mammalia,True,17.082090604516942,11.226018803063393,-8.304926577813934
random_init_eat_seed42,12,c49b970e-1400-4aa3-beb6-cf633967ed97,195628.flac,iNaturalist,Aves,True,-15.394527152227134,13.338746231179131,-8.916022132870737
random_init_eat_seed42,12,22a61408-3509-4067-b013-495622b188e4,YfORTwxb5tcY.wav,NatureLM,,False,10.403631047278418,-0.2447048925052484,2.8283193735652046
random_init_eat_seed42,12,882cd8ad-9001-4ca0-b021-ae74d7aab5a7,7900400L.flac,Watkins,Mammalia,True,21.072348418132666,4.103008679480663,-3.306193799971474
random_init_eat_seed42,12,a01ddadd-e47a-46db-bc20-dd11802ba8d0,61040009.flac,Watkins,Mammalia,True,-25.64551363415761,2.6241084214477084,-0.06647468245545912
random_init_eat_seed42,12,26b4bba3-382b-4376-b3b9-09943c6f1e9a,YkMEHsM2CWAY.wav,NatureLM,,False,5.9357241325583345,-1.2206517361148275,3.4078694096761977
random_init_eat_seed42,12,05894c3e-62cd-4e77-8895-5c8225dd4580,XC403635-Mindre%20hackspett_4.flac,Xeno-canto,Aves,True,-21.847891151979663,1.1773495666081741,3.0991740124104283
random_init_eat_seed42,12,abe7afda-58f8-477c-a39e-9486e87e9c00,XC439076-180723_1065%20Pic%20e%CC%81peiche.flac,Xeno-canto,Aves,True,-24.651962145371215,2.1692447973107614,1.3019732918125289
random_init_eat_seed42,12,390cb16a-666f-46b4-a690-cc2599a5a8b5,YEeg1o6yRVpM.wav,NatureLM,,False,24.443635404035433,-2.6683214908523056,1.8397297290887102
random_init_eat_seed42,12,6a0689c9-4aed-4a8d-ac25-73527ade568f,bass_synthetic_007-046-127.wav,NatureLM,,False,20.84674487229067,4.313552430647272,-4.202481908290543
random_init_eat_seed42,12,a0e3fbea-e4b8-48bd-91e6-84e0dbfdf5e0,7789_258266_000008_0000004.wav,NatureLM,,False,-24.074970774439734,2.4741351911833735,0.25224084099979677
random_init_eat_seed42,12,0012aa9f-98de-425b-b851-c81c20e9edca,SSW_078_20170401_200022Z.019_003.wav,NatureLM,,False,9.119660165772995,18.718390953770424,-14.845819459259976
random_init_eat_seed42,12,30198020-dcff-426d-b424-2fd58701ac6d,mallet_electronic_006-051-050.wav,NatureLM,,False,-0.21527426884354628,23.401752326868607,-19.578480780030866
random_init_eat_seed42,12,acdc1409-e658-436a-8dc4-5b7f14bb4709,164276.flac,iNaturalist,Mammalia,True,-24.885647240656688,2.877221637817236,0.42072200707648777
random_init_eat_seed42,12,0dafdb09-cc1f-401b-83af-556ad2acf105,ICLISTENHF1251_20140301T092327.496Z_017.wav,NatureLM,,False,-25.942289835826333,2.691006634628126,-0.36655624397191744
random_init_eat_seed42,12,dda3b2d6-3116-4c56-86c8-01af7a531181,6503000C.flac,Watkins,Mammalia,True,16.355743886787714,14.090771860442482,-10.86217698183692
random_init_eat_seed42,12,e4a1ea08-a1ba-4abb-b487-8c4a1f8fe9cd,348629.flac,WavCaps,,False,-2.780577447105985,8.226635938346696,-5.045013364702326
random_init_eat_seed42,12,ee619911-1276-4697-a07e-17d6f9c96366,4137_11702_000016_0000012.wav,NatureLM,,False,21.245668162565185,6.448552430684742,-5.556926216618636
random_init_eat_seed42,12,99613f62-eff5-46ae-8b4e-e9ed7d9e9b33,Y2IP8siC6ID0.flac,WavCaps,,False,-23.65855128983457,2.172248684743919,1.9615804476487997
random_init_eat_seed42,12,549c4f26-63c3-4741-8c3b-f2d0e59116bd,711_187466_000008_0000073.wav,NatureLM,,False,-22.30402251309322,3.0713690772957367,-0.5142436418607548
random_init_eat_seed42,12,3fbefbc5-6fe9-4bc6-bea9-fdd337eaec4d,SSW_031_20170304_210014Z.023_015.wav,NatureLM,,False,7.064876708530588,21.81333849926434,-17.73806644233691
random_init_eat_seed42,12,d73a71b3-2456-4b25-8177-81409b63f3d7,477893.flac,iNaturalist,Aves,True,-23.091741395209347,3.4483909699777326,1.162138605152785
random_init_eat_seed42,12,6e310798-3523-46a8-b024-2be3e87d1145,keyboard_electronic_026-096-075.wav,NatureLM,,False,4.9163341448375375,13.661158177538734,-10.901201078923595
random_init_eat_seed42,12,394c771c-5e40-48ae-85d4-6057168a2bed,XC619230-01-02-2021%205e7%20Coruja%20preta.flac,Xeno-canto,Aves,True,-23.312672344518017,2.969598875433118,0.2798234386215575
random_init_eat_seed42,12,b3f6a3c1-1cbb-42b6-9821-560e328bde25,SSW_189_20170610_130015Z.038_003.wav,NatureLM,,False,-24.31608279078681,2.548531040810065,1.418840964009764
random_init_eat_seed42,12,50fc75dc-3b06-4488-9d5c-4bbae116b96b,Y3ZB0HfkO0tQ.wav,NatureLM,,False,0.7804463822108507,2.4295014628905145,2.7137744306627356
random_init_eat_seed42,12,d11f1efe-91c5-43a3-991d-bc056976381d,7500303T.flac,Watkins,Mammalia,True,14.25567298046364,5.868777599433085,-3.208855968707609
random_init_eat_seed42,12,41fcdf68-9418-468c-842d-73340980ab31,369274.flac,WavCaps,,False,9.776790975139113,12.803498094723368,-10.354766201704377
random_init_eat_seed42,12,ce979d4c-5bd0-4bb2-b7c4-5574e2c906b8,222523.flac,WavCaps,,False,9.06328990342081,9.01076691972783,-6.50685183177394
random_init_eat_seed42,12,42989fd4-c57d-4e78-8dc1-6da0c2531427,XC463578-Pic%20syriaque%20pecking.flac,Xeno-canto,Aves,True,-18.912828160071847,0.7771343917956609,4.443974314871284
random_init_eat_seed42,12,a19e7385-e9a8-4d58-b5aa-3673ed2acd1d,p259_444_mic12.wav,NatureLM,,False,16.031366704544,13.589062596149624,-11.60383248507983
random_init_eat_seed42,12,8643d0cf-6129-4da6-905f-103276bf0815,2019-11-19-16-30_Langewiesener-Strasse_50Kmh_738440_A_D_TL_ME_CH12.wav,NatureLM,,False,17.687160242218823,10.163741019301648,-7.694820999494833
random_init_eat_seed42,12,ad7f9361-5a76-4bf6-ac36-ef1627e128c4,XC616689-Otus-mirus-FL%20X%20song%20ComVal%201300m%2015Feb20%204.50am%20LS114225a.flac,Xeno-canto,Aves,True,-15.913774505694821,0.6082474585949663,4.462796025280793
random_init_eat_seed42,12,c0962a0a-1409-400d-bffb-9bb6e196051a,8600801Q.flac,Watkins,Mammalia,True,21.534291166933667,3.918436712380885,-3.1025076348716576
random_init_eat_seed42,12,d9215e73-f1db-4ae6-885a-a60b21790619,508786.flac,iNaturalist,Mammalia,True,19.563641911655164,-1.9538428372326864,3.453559735434936
random_init_eat_seed42,12,c6c6f5e7-649b-4254-b411-59319ca8461c,Y8oiyVt6-erA.flac,WavCaps,,False,1.3251157128848496,0.24357629069707004,3.8581034748130434
random_init_eat_seed42,12,f23941f0-5f8e-4886-9cb8-cacbaf961bbf,vocal_synthetic_012-054-025.wav,NatureLM,,False,16.262027233464735,15.473397503844547,-13.0437906192203
random_init_eat_seed42,12,9723b34c-f11b-466c-aae7-9929ab5f86b1,ICLISTENHF1251_20140203T185101.632Z_024.wav,NatureLM,,False,-25.82577727008973,2.4671717208902177,-0.20287023343997174
random_init_eat_seed42,12,f516165c-9b20-4501-9984-9748f8091ea5,SSW_079_20170401_210014Z.035_007.wav,NatureLM,,False,-25.178295862420107,2.6225504504260364,0.8387861681523937
random_init_eat_seed42,12,d72366ce-5879-4174-936b-ea561da9d2bd,XC219791-Brown%20Jacamar%20A%204049.flac,Xeno-canto,Aves,True,-7.500595158292137,6.80503886713915,-2.1620572831393954
random_init_eat_seed42,12,6162fff4-5f9d-4cb2-bc4c-9ff9d52014b9,SSW_209_20170617_190020Z.031_015.wav,NatureLM,,False,7.217319096808451,21.430859652999544,-17.076141935780765
random_init_eat_seed42,12,756dea88-26c7-4cec-a2cf-f1791eecf2f2,XC482969-S.%20maculirostris.flac,Xeno-canto,Aves,True,12.743807136243037,-1.8582485595101894,5.32604177201071
random_init_eat_seed42,12,91832065-0b87-45d1-95fe-33c3ddae7dca,XC314612-chlidonias__dojlidy_podlaskie_02.05.2016_1107.flac,Xeno-canto,Aves,True,-21.68765923328312,4.21064876401517,-0.8256097235095725
random_init_eat_seed42,12,b46bc1a4-0264-4dcf-87ea-31b1c05aaa7d,SSW_114_20170429_180011Z.019_000.wav,NatureLM,,False,-25.21485485168447,2.516229749999154,0.8987643046044969
random_init_eat_seed42,12,8d54df23-9e4a-41af-a0e5-9ecb83d3b7c9,7957_39967_000011_0000064.wav,NatureLM,,False,-5.662862101530017,2.9141502982488316,1.4836945907887051
random_init_eat_seed42,12,df771265-65b5-4559-8d89-15b61421b503,SSW_122_20170506_050003Z.035_000.wav,NatureLM,,False,-24.966376507710606,1.9442795179659709,1.1813482434375961
random_init_eat_seed42,12,0b35f942-95d7-44db-a270-7cdead497c26,SSW_116_20170429_200013Z.027_000.wav,NatureLM,,False,-25.16635209479368,2.6332716602495796,0.7732441001168313
random_init_eat_seed42,12,1b49c919-ee99-45ca-a134-aac8aa0c15ca,91670.flac,iNaturalist,Aves,True,-25.39437899951838,2.119602783824979,0.4589197502338624
random_init_eat_seed42,12,fecd09cf-3cbf-481c-a09c-66b50a95ea9b,313533.flac,iNaturalist,Aves,True,-24.461219444145843,1.9931761118482576,1.4128325781267765
random_init_eat_seed42,12,fadae947-3c4f-49ff-888e-1e5a7571ffcc,organ_electronic_062-093-075.wav,NatureLM,,False,17.389832139119587,13.71388098173786,-11.615150518105503
random_init_eat_seed42,12,8b4b5a32-cc1c-4440-9056-57f28cd7eb08,XC385909-chevalier%20guignette%20cri%20de%20vol%20tres%20fin.flac,Xeno-canto,Aves,True,-16.688229185753244,14.12530835512943,-8.899945336509623
random_init_eat_seed42,12,f6060001-2a4f-4e41-8e24-0aa5b2091834,7900500U.flac,Watkins,Mammalia,True,16.502609306325933,14.56966609233908,-11.229167290284039
random_init_eat_seed42,12,69f6682f-81fc-4ebf-8882-f42b7af00514,ICLISTENHF1251_20140104T212150.177Z-HPF_019.wav,NatureLM,,False,-25.952341365814483,2.6871149755699433,-0.37654749587938274
random_init_eat_seed42,12,0cfc7479-06b4-4bf4-9d04-d279ac2c0917,894050DB.flac,Watkins,Mammalia,True,19.868181856098854,9.30281943536716,-7.920542122419452
random_init_eat_seed42,12,ecdd29d6-d40a-4a7f-b189-bcb77c7cf5db,flute_acoustic_000-086-050.wav,NatureLM,,False,-0.3932579756994602,23.949360745461224,-20.065729058645296
random_init_eat_seed42,12,b698b564-98dd-4cca-a056-0000696a024e,274146.flac,iNaturalist,Mammalia,True,-24.711771819967602,2.4085604019843565,1.4349435421835681
random_init_eat_seed42,12,afbc008b-4f39-4847-afdd-800feeec2e9f,p304_285_mic11.wav,NatureLM,,False,15.68952350898049,15.429171918277593,-13.265967409947983
random_init_eat_seed42,12,60ef419f-51c7-4606-aeb8-c443e75d60a4,XC585455-LaughingGull2.flac,Xeno-canto,Aves,True,10.758542359572495,-3.0049078334975072,5.947603297954437
random_init_eat_seed42,12,57c71e21-0f5a-4b79-b7da-caa00cb26da1,mallet_synthetic_002-102-050.wav,NatureLM,,False,-24.85832934120169,6.241681676539342,-3.130162637798181
random_init_eat_seed42,12,8386bf3d-b891-4c22-8ac8-7f97643fcd3c,2020-08-29-16-07_Hohenwarte_unknownKmh_2161592_M_D_ML_ME_CH12.wav,NatureLM,,False,16.121773691651658,12.920578860794295,-9.829688992744341
random_init_eat_seed42,12,316bf0c1-8d09-461f-bc82-9155bdbd3901,asianbarredowlet-bhutan210407farrow.flac,Xeno-canto,Aves,True,7.107449503649937,1.1201823348550557,2.121936480466006
random_init_eat_seed42,12,6b76612e-a842-4a38-a20f-d53e9e6e56e5,SSW_112_20170429_130010Z.000_009.wav,NatureLM,,False,-23.00000690883647,1.623038481701041,2.4456093835988275
random_init_eat_seed42,12,e6d6174d-1753-4cee-bbba-95ff4a6895d9,57026077.flac,Watkins,Mammalia,True,20.96065256892622,4.02687155014578,-2.740493162882063
random_init_eat_seed42,12,7bb8fdd2-850f-4bfd-80da-31f07fb24e2b,XC443772-Bar-tailed%20godwit%20alarm%20call.flac,Xeno-canto,Aves,True,-24.24664219651077,2.3369340112525494,0.4469973657474389
random_init_eat_seed42,12,0f238e01-4bc5-4865-a5ac-d448f8cefba7,p363_421_mic24.wav,NatureLM,,False,13.615721373587963,13.732656075371239,-11.378776179867879
random_init_eat_seed42,12,33f20638-9870-4bd3-8176-a18ef51db7e3,SSW_101_20170415_152049Z.036_005.wav,NatureLM,,False,-23.296031968808826,1.9891082305595442,1.8958878302516013
random_init_eat_seed42,12,14750724-eeee-4fc8-98ed-5a3dab54b6cc,330868.flac,iNaturalist,Mammalia,True,-23.011526379132434,1.913848359827709,1.9345177382103227
random_init_eat_seed42,12,018d7982-41f3-4e8b-afaa-3a0d1f2e9460,XC766046-Go%C3%A9land-de-Mongolie-cris.flac,Xeno-canto,Aves,True,-22.667419093613628,1.9648762498370083,2.4803568054855814
random_init_eat_seed42,12,996db5bc-424b-473e-9cf2-d9b7e6d9aece,XC699624-Pic%20mar%20chant%20Bois%20Cornec%2030%2001%202022.flac,Xeno-canto,Aves,True,18.56585982657975,-3.860220902648824,5.053092103343322
random_init_eat_seed42,12,606b0e8d-0508-4caf-bc24-cc80fcceea85,XC775747-190319_02A-Slaguggla-hona-defensiv-kattuggla-rev5-sel.flac,Xeno-canto,Aves,True,-23.089382266707343,1.790517469685543,2.7944115832682415
random_init_eat_seed42,12,958d73a1-358c-497e-8eaa-5e0ddb8aa47c,9101000T.flac,Watkins,Mammalia,True,22.429605823446344,1.7603317737546909,-1.43843334358874
random_init_eat_seed42,12,26990953-7f52-40ed-a0b1-3acb5c2a8506,SSW_122_20170506_050003Z.033_007.wav,NatureLM,,False,6.589283939117022,22.07523084061878,-18.286047117307564
random_init_eat_seed42,12,5a2781a5-1076-4e4a-a228-d4368649bbe2,SSW_003_20170225_030002Z.048_019.wav,NatureLM,,False,6.990570829496186,22.690483703469944,-18.356553609582352
random_init_eat_seed42,12,176d8658-1e37-4995-9bab-7a55b33ed856,SSW_229_20170701_220016Z.002_001.wav,NatureLM,,False,-24.635437041925073,1.6560749369762708,1.5993230282800528
random_init_eat_seed42,12,fa24bf8c-c5f1-47c8-ab0e-214f218e8a2a,307727.flac,iNaturalist,Mammalia,True,4.43786295719179,2.141956437058877,3.119736744967586
random_init_eat_seed42,12,615a9a1c-4589-4fa4-83f1-5316ce96dfe8,156868_siren_4.wav,NatureLM,,False,22.230566004552998,3.9043876954036927,-3.667192156324063
random_init_eat_seed42,12,97be1029-5724-4ba8-8ae7-d94d7aa97979,62487.flac,NatureLM,,False,22.087623220743982,-1.389785520602643,1.1966784130297428
random_init_eat_seed42,12,7456253e-2ffc-429e-ad36-c44ba8b79cfd,XC271853-LS_54250%20Guianan%20Toucanet%20long%20call.flac,Xeno-canto,Aves,True,7.52074588710661,-1.8249391318018868,4.128445225258307
random_init_eat_seed42,12,c2352e92-6dcd-4c4e-9c65-ff3f440f1015,XC584748-Becasseau%20variable%20H%20cris%20doux%20et%20cris%20aigus.flac,Xeno-canto,Aves,True,17.518393911301715,-4.859787530441125,6.427500092933059
random_init_eat_seed42,12,6995984e-eb64-4191-82fb-f2b57c73d7e5,58205.flac,iNaturalist,Aves,True,-16.74452711235537,1.0876775621738657,4.798019526443127
random_init_eat_seed42,12,ea8cc891-c112-46e1-b234-aeb6456f0792,XC661998-LE-OWL_20210623_025640.flac,Xeno-canto,Aves,True,-24.56667091914283,2.497755041760018,1.0798975898878762
random_init_eat_seed42,12,6e8d8826-a506-4c0e-aec2-ab913b7383e3,keyboard_electronic_056-037-127.wav,NatureLM,,False,0.009786476428756963,23.72015796606295,-20.23665433814883
random_init_eat_seed42,12,5cf6ee43-f531-4515-ab9b-1e1071ee77e3,XC627869-090321%2023u13%20spec.flac,Xeno-canto,Aves,True,19.046137842746433,9.607449409153174,-7.13945022482608
random_init_eat_seed42,12,bc1ce63c-8a71-48d4-accb-d4e737357b5c,98681.flac,WavCaps,,False,12.644407406163978,-1.0945552345158103,3.467277410758733
random_init_eat_seed42,12,d42320e3-79b9-4a37-8201-1367189d68fe,organ_electronic_076-053-100.wav,NatureLM,,False,-20.069868310023104,6.701954858213739,-3.1036053387138773
random_init_eat_seed42,12,86885ccf-defc-4f47-a203-879424df0470,7700901J.flac,Watkins,Mammalia,True,14.697326401454179,18.109139298643278,-15.168011931937508
random_init_eat_seed42,12,26a24a6a-525c-464b-8acd-0d061e63e6b4,XC529810-Lophostrix%20cristata.flac,Xeno-canto,Aves,True,18.507752482061402,-4.6001518305838385,5.725111818719897
random_init_eat_seed42,12,f6a4eab3-d666-40db-95e5-b3cfa58ac53f,XC127025-Mediterr%C3%A1neo%20-%20Megascops%20choliba-c%20MARZO-16-2013_02_01.flac,Xeno-canto,Aves,True,-11.737847212151166,1.2990309264423145,3.3475640172591365
random_init_eat_seed42,12,bdb01d99-1f08-4ae7-be4f-004304fe2b38,SSW_167_20170603_090007Z.053_004.wav,NatureLM,,False,-24.777020747059044,2.1938999388713465,1.358353562227932
random_init_eat_seed42,12,597452b7-1157-42b5-a9af-8ced9babc4e5,vocal_electronic_001-054-127.wav,NatureLM,,False,19.97288833607219,3.5857998386625605,-2.1645832940453325
random_init_eat_seed42,12,779455cf-5327-4d1a-a13a-dc5b278ea807,207c0104_2.2216_20ro010b_-2.2216.wav,NatureLM,,False,-19.557390745284895,2.5458373029779975,3.0860738251455304
random_init_eat_seed42,12,0468da12-7705-4d44-96ce-f202e2957683,ICLISTENHF1251_20140804T104424.328Z_002.wav,NatureLM,,False,-25.80162381740923,2.45033088282616,-0.1257092551176176
random_init_eat_seed42,12,dfafbd62-794b-4311-9e5c-97ab3b52d596,351293.flac,WavCaps,,False,0.04020282365689676,1.0482593886730398,2.8528484328553096
random_init_eat_seed42,12,f613c227-d1cc-423d-92b8-0c4959ef48ce,p239_271_mic24.wav,NatureLM,,False,17.044056293111836,5.249640016498978,-4.171069553057986
random_init_eat_seed42,12,6f6a7219-921d-4326-b08e-3ad8e7eb846c,XC181584-LS100856.northern.pygmy.owl.copo.wwpe.flow.benner.t22.2014may28.flac,Xeno-canto,Aves,True,-10.57360420555548,0.3773706656662803,6.142609139029248
random_init_eat_seed42,12,f2cf73c8-1dd2-46c6-88e1-ab9b06bfa3e0,16109.flac,WavCaps,,False,-16.163715322955674,1.8925458129447827,3.5491083104474375
random_init_eat_seed42,12,7bf86453-4005-41e2-b56f-ac5b944d8595,XC484604-STE-176%20uszatka%20zytno%2015%2006%2019%2022%2030.flac,Xeno-canto,Aves,True,-25.001483709203413,2.181742186791565,1.0381749026224545
random_init_eat_seed42,12,cd32e772-0142-4c8e-982e-9e772945c35f,guitar_synthetic_004-108-075.wav,NatureLM,,False,-24.66676526227778,3.6012119322365326,-0.9138370382623857
random_init_eat_seed42,12,db2a39aa-df74-4bf7-b3d7-9b178987bed5,SSW_063_20170325_170011Z.023_003.wav,NatureLM,,False,-19.26734591023328,1.7429581384392119,3.770068312802594
random_init_eat_seed42,12,2b785e14-2205-44e2-93f7-521d79cf9ea0,mallet_acoustic_035-080-025.wav,NatureLM,,False,3.3619232694519985,24.102849315525503,-20.526037325461132
random_init_eat_seed42,12,7918055c-181c-41c5-a212-dfc32b7577de,YMFe5We4D1ws.wav,NatureLM,,False,17.247743822013973,-0.4732317187551389,0.5495619720624607
random_init_eat_seed42,12,341af722-536d-4a37-a23c-9ecb7ba8fa5e,YvMU7ZKY2Eso.flac,WavCaps,,False,23.4009888049262,-3.1858911500340126,2.7120328213776617
random_init_eat_seed42,12,83008977-cdd0-4edb-879d-d83b0f8265b2,YqdexSzEvG74.flac,WavCaps,,False,-0.385738871654441,-1.1095730552164598,5.075505776803562
random_init_eat_seed42,12,2b4b5861-d4e4-4146-aa3e-40877b57dbbb,192431.flac,WavCaps,,False,18.73059943269147,-1.828433550935412,3.061678214422711
random_init_eat_seed42,12,e13112b9-db62-4ad6-949b-755a14aa6b26,ICLISTENHF1251_20141203T142122.125Z_047.wav,NatureLM,,False,-25.681951850588945,2.2053349384004295,0.058450687679957536
random_init_eat_seed42,12,1a24ef80-8eab-4bdf-bcc4-636aa37b819a,XC427234-Colaptes%20campestris%20-Caio%20Brito-%28Porto%20Seguro-BA%29-BRITO2671.flac,Xeno-canto,Aves,True,-8.49387167361769,0.8447489992170117,2.936756567771623
random_init_eat_seed42,12,e3048473-cd5d-4ce2-9660-f4f6e0515e0d,6102204S.flac,Watkins,Mammalia,True,9.391128225903417,17.3227990488848,-13.465486296516325
random_init_eat_seed42,12,84e31ed2-2f15-452c-809d-07c4c761651f,205a010w_1.0783_208c010f_-1.0783.wav,NatureLM,,False,-10.809228328896795,0.47449183719217763,5.229098028814371
random_init_eat_seed42,12,f25b7469-a1e3-4528-8b90-9ff9bda7c76b,XC618443-IV-_20200523_020233-2.10_A.flamm-klask.flac,Xeno-canto,Aves,True,2.117210620882935,21.244021280501443,-17.096539258846796
random_init_eat_seed42,12,ed8fa4b2-a169-4bc3-89f1-5982502e3452,XC664034-Silvert%C3%A4rna_20210716_1852_lockl%C3%A4te_juvenil_tiggl%C3%A4te_Falkv%C3%A5ltj%C3%A4narna_AA_redigerad_202107.flac,Xeno-canto,Aves,True,-22.697817315146594,2.500904143037155,1.17438234781469
random_init_eat_seed42,12,57a430c0-e1f0-45b0-9ab6-90cfdd5ea450,417065.flac,iNaturalist,Aves,True,7.909456654490183,17.37312850354063,-13.278374389170814
random_init_eat_seed42,12,01eb8a2d-17e6-44bd-893f-9b9ed1585946,guitar_acoustic_028-081-075.wav,NatureLM,,False,4.192906109577988,19.15087465836076,-15.547503452752164
random_init_eat_seed42,12,42d79681-f110-423b-95f1-6f7f5f8caf1a,SSW_062_20170325_160010Z.056_002.wav,NatureLM,,False,6.449220275723443,22.4013345870911,-18.50098878020262
random_init_eat_seed42,12,71d374da-dcab-4349-9590-527737216438,XC439740-181021_3882%20WFNU%20PB%2050ft%20Torre%20I%201630%20mp3%20amp.flac,Xeno-canto,Aves,True,9.122879948420902,-2.0880106438448696,3.0847707796453205
random_init_eat_seed42,12,5232fefb-ab2c-4815-97e9-408ab9dc44fd,XC758942-221027_0130e.flac,Xeno-canto,Aves,True,12.309503012445422,15.32073277786951,-12.126947336749794
random_init_eat_seed42,12,da91e28d-2fac-442d-ace6-695ba07feb7a,SSW_005_20170225_070005Z.002_001.wav,NatureLM,,False,-25.38100320806957,2.5946216495154335,0.62981461606359
random_init_eat_seed42,12,ca5412b7-f91a-4648-8827-691e640f6fe4,6107500R.flac,Watkins,Mammalia,True,22.724491693619388,2.8716610310101065,-1.9821261180170104
random_init_eat_seed42,12,278decaf-387e-4252-9f2e-38a632043f5a,172583.flac,iNaturalist,Mammalia,True,22.57901550557257,-1.1526024332135498,1.3230735522481716
random_init_eat_seed42,12,108f6957-02f2-4e45-9538-2f0e2c3e4494,bass_synthetic_021-071-050.wav,NatureLM,,False,-16.081474798523494,10.566491792598798,-6.662769499467055
random_init_eat_seed42,12,ba14f3f1-9bbc-49e1-b02d-ecbef92ea69e,7100101Y.flac,Watkins,Mammalia,True,21.176392549601985,4.695842169347458,-3.418623012541343
random_init_eat_seed42,12,2682a546-fb75-44f4-a8fc-c28ed5581873,6107200P.flac,Watkins,Mammalia,True,18.82972511330041,8.568794898352667,-6.557834321192507
random_init_eat_seed42,12,6842bdb1-82ce-4b3f-a569-2873f8c02462,7501201J.flac,Watkins,Mammalia,True,18.78845073481582,7.972707376195394,-6.005061982846399
random_init_eat_seed42,12,09fb3288-4173-47fa-be1e-86444cf49f08,SSW_213_20170701_000000Z.040_007.wav,NatureLM,,False,-24.82665457717556,2.235590475699372,1.2207781971781144
random_init_eat_seed42,12,58e4e64e-6933-424d-9672-339d8858c748,578363.flac,WavCaps,,False,1.7094321381193922,14.83389693603118,-10.870063188460811
random_init_eat_seed42,12,fb47604a-dd37-4cd7-95be-f5f4d59b0b30,XC468747-Psilopogon_chrysopogon_laetus-FL%20X%20song%20Frasers%20Gap%201%2C000m%209.45am%2028Feb19%20%20LS116797a.flac,Xeno-canto,Aves,True,-15.622249063717026,1.1899804391827193,5.310401093867518
random_init_eat_seed42,12,14aa86e4-c002-48a2-bb31-6b9f80046f99,56016015.flac,Watkins,Mammalia,True,16.332744108152028,15.437926547626162,-12.75132026973147
random_init_eat_seed42,12,9ed6905c-d8bd-4aa4-a063-32d93a697922,Tamias_sibiricus_S1118_03_short.flac,Animal Sound Archive,Mammalia,True,8.753653104465826,-7.488828030994346,8.253661126869739
random_init_eat_seed42,12,115012d5-55e0-4014-b2e8-7c0cca39df7b,555735.flac,iNaturalist,Mammalia,True,-25.257496175630838,2.0416651716675696,0.8818848522437142
random_init_eat_seed42,12,a5aa8a7c-5bbd-4dd2-a1ed-1256a107f99e,56026003.flac,Watkins,Mammalia,True,15.775424258462758,9.78711734027646,-7.008545691388168
random_init_eat_seed42,12,17b6ea0d-1338-4782-ad45-8e58c5d5f6f3,81014034.flac,Watkins,Mammalia,True,16.04796736053968,9.261582404076593,-6.17589645490003
random_init_eat_seed42,12,d57221bb-54b3-4248-a511-c267d17470c6,XC536805-19-03-2020%2015e1%20Pica%20pau%20verde%20barrado%20tamb.flac,Xeno-canto,Aves,True,18.252995218522763,-4.345154903780463,4.843484214684066
random_init_eat_seed42,12,a0b6e39f-dcc1-4a38-8453-ce23eb17cf26,XC468674-Kokmeeuw%2C%20flight%20call%2C%20270219%2C%200228%20uur.flac,Xeno-canto,Aves,True,-17.476725097760106,-0.01921655311808454,5.452017262718116
random_init_eat_seed42,12,37ffe707-a499-4bc2-b108-2ff8a58c932d,XC579870-Dunlin.flac,Xeno-canto,Aves,True,10.774663362331417,19.287781156461186,-15.36009977277644
random_init_eat_seed42,12,ff5e3f46-ae1d-4ac0-8b4f-5be1adcf3e0b,79040007.flac,Watkins,Mammalia,True,14.442075445163526,16.19459429270848,-13.56397564474625
random_init_eat_seed42,12,58c0f7cb-8dd8-4f84-bfc1-06b858c224dd,Equus_zebra_S0953_04_short.flac,Animal Sound Archive,Mammalia,True,-1.6889747414081921,7.803032659737468,-3.620681537916482
random_init_eat_seed42,12,70a388bb-71e3-41fd-8632-284cfb15fe4c,88006029.flac,Watkins,Mammalia,True,13.121885126914414,17.586184919913382,-13.801020003056818
random_init_eat_seed42,12,26ab2eac-bd09-4f62-afb1-3b7dea897b72,CoppersmithBarbet7Jan2010FortAguadaGoaIndia.flac,Xeno-canto,Aves,True,-18.905418963364028,1.6547998828285653,3.4226291930602053
random_init_eat_seed42,12,1a0e8c67-a218-45e5-8e76-98d6cd1c9ac6,668305.flac,iNaturalist,Aves,True,-20.80445736973394,8.674805466347326,-4.24165125671273
random_init_eat_seed42,12,c0583b5c-c4f6-4f86-811f-be7d6b36a7fc,61022007.flac,Watkins,Mammalia,True,10.734293241755324,20.450450315221893,-16.608607179960682
random_init_eat_seed42,12,f68a99d0-a7d2-4e5a-9e42-8b08b2ecfb55,5601700E.flac,Watkins,Mammalia,True,17.512008923403567,11.25618990312557,-9.225448364662906
random_init_eat_seed42,12,bb3ed88c-2a50-4ba0-b207-81fb0ea239f9,91008006.flac,Watkins,Mammalia,True,19.52582663860505,9.011519050245594,-7.807889812143762
random_init_eat_seed42,12,ff71a46a-4a12-44ba-a40b-47f08660dba7,61053003.flac,Watkins,Mammalia,True,7.5889236844080035,23.271785240221732,-20.01116841810371
random_init_eat_seed42,12,7dc3efe2-cacc-45c4-a1cf-97c4b62f381e,Glaucidium%20brasilianum.flac,Xeno-canto,Aves,True,-22.104594043578324,1.2896220881489697,1.8276280122340784
random_init_eat_seed42,12,5357a5b3-cf16-46d6-bba4-a35778ae1f62,XC147086-Stilt%20Sandpiper2013-8-30-1.flac,Xeno-canto,Aves,True,-20.52031956182538,0.09545569512852728,3.9442613640248765
random_init_eat_seed42,12,ede654af-061a-4fde-a37d-2e7aeca6f38b,61064003.flac,Watkins,Mammalia,True,4.692850950567099,24.33399836223233,-20.793918185467327
random_init_eat_seed42,12,4e6fa367-6aa5-4c59-8604-3606a781c2ee,6102102E.flac,Watkins,Mammalia,True,19.632638094890623,9.967306763957108,-8.022420889698289
random_init_eat_seed42,12,7cc78c73-8b3a-4641-9465-71f00d70859d,XC677689-22-09-2021%2018e7%20Coruja%20listrada%20TREMEMBE%20G1.flac,Xeno-canto,Aves,True,17.378836360484176,-2.2651378831854685,3.522559586389111
random_init_eat_seed42,12,d61abde2-697a-42ab-adb4-ba2954f3afcb,XC779564-Dry.mar-drumm-Kupinec-230209_0870.flac,Xeno-canto,Aves,True,-24.359207159085198,2.1191072158040627,1.4054589541697067
random_init_eat_seed42,12,9406f44e-e2d4-45f9-a8cc-673d79a1f83f,XC354155-170203_03XC.flac,Xeno-canto,Aves,True,-25.02365989817018,2.6033434600688414,1.055392985510813
random_init_eat_seed42,12,21293d5d-6c29-437d-b3f8-f758ab58313a,567609.flac,iNaturalist,Aves,True,-24.330815889215472,1.960382526596545,1.546433754957008
random_init_eat_seed42,12,1746e44f-cf83-42ae-9b7d-9172738f6454,94009001.flac,Watkins,Mammalia,True,24.004188515581333,0.4446860321272956,-0.7563305459360264
random_init_eat_seed42,12,e9d74aff-4677-4b88-af8a-f5b59297ef9c,Vulpes_corsac_K0009_03_short.flac,Animal Sound Archive,Mammalia,True,-6.351147774123764,2.6907907510880458,1.5248860798996025
random_init_eat_seed42,12,67a7e886-69c4-43a1-8efd-17f57760fdde,8002001I.flac,Watkins,Mammalia,True,20.914195218621096,5.58969218174698,-4.342900181276382
random_init_eat_seed42,12,fa2e1f75-84eb-4187-9221-eff61f19a018,XC140019-DUNLIN%204.09am%20Moores%20Beach%20NJ%2004272013.flac,Xeno-canto,Aves,True,-22.26986180799581,2.2002544123496417,2.1629272342376824
random_init_eat_seed42,12,7a8d6c21-70f8-4648-9e73-0f9cbd980110,9230200N.flac,Watkins,Mammalia,True,-22.619743055104593,4.838281511555514,-0.2759506833626235
random_init_eat_seed42,12,a93ee2e7-e772-4f74-bdde-9cdb67e7f7ca,XC538488-STRURA%20Kikepera%20200321_1920.flac,Xeno-canto,Aves,True,-25.372935349969968,2.5880380147078226,0.6392475157471309
random_init_eat_seed42,12,f1b0d51f-4609-4e38-889a-70bd3ad1d6c1,XC750809-Barred_Owl_ZOOM0152.flac,Xeno-canto,Aves,True,-25.577652883598134,2.4031896071722576,0.20520267327645342
random_init_eat_seed42,12,cd1593b5-8364-4ada-9e89-a284f3c63548,9769200H.flac,Watkins,Mammalia,True,19.574818675281367,9.561659729794176,-7.672492352873357
random_init_eat_seed42,12,7a616d44-044a-4e3f-beea-266e9cc42920,71001018.flac,Watkins,Mammalia,True,21.702796081329364,4.9047957838679395,-3.9310865066674494
random_init_eat_seed42,12,2fb629a3-99cd-4de4-9249-9e60c314b819,70025008.flac,Watkins,Mammalia,True,21.282820682275435,5.33458051190579,-4.463607832298191
random_init_eat_seed42,12,fab44b19-714c-42a2-9f84-99a0e0d88d60,XC701540-210501_02%20Whimbrel%20N%200148.flac,Xeno-canto,Aves,True,-23.811459138444057,2.2810901142565894,2.127929647543551
random_init_eat_seed42,12,09a07ff0-a37c-44a9-9c1e-1697f41e0bb4,585187.flac,iNaturalist,Aves,True,-25.015968770112035,2.554868384966377,0.7574191933334169
random_init_eat_seed42,12,557826e4-d0d7-4aaf-8e24-6fdc56384601,183710.flac,iNaturalist,Aves,True,-22.27800732857175,1.8072195021011694,2.871919131262723
random_init_eat_seed42,12,2706994a-956c-4159-b666-b116a5d2bee1,346749.flac,iNaturalist,Mammalia,True,-25.824644638911696,2.6901603741998494,-0.12562951646155812
random_init_eat_seed42,12,84aabc72-5063-484e-bd77-d3bddf5e538e,XC495714-steenuil%203-9%2000.20h.flac,Xeno-canto,Aves,True,-23.920252596313205,1.4267275536409205,1.4815112049356698
random_init_eat_seed42,12,2b25e0d9-c789-443b-8b71-d033591608f3,XC443369-Coruja%20buraqueira%20SERRA%20%28Athene%20cunicularia-OK-OK%29%2023-9%2018e40.flac,Xeno-canto,Aves,True,18.73028418339514,-1.2323833783146525,2.2727309252935126
random_init_eat_seed42,12,5a456d58-6b5b-4018-b25b-ccea7e38f64e,XC317425-Kleine%20Plevier%2C%20Bergerden%20220416%201200%20uur.flac,Xeno-canto,Aves,True,-24.937496374911074,2.280759895913448,1.2327565675576
random_init_eat_seed42,12,dd60e886-4bbe-4fe5-95f8-a6842dc48741,9776700I.flac,Watkins,Mammalia,True,13.50458766971528,15.05540877862225,-11.591005747493526
random_init_eat_seed42,12,6424a5dd-097f-432b-862e-95eae4397d18,6102203K.flac,Watkins,Mammalia,True,7.696937811799491,20.447569488398884,-16.15215297186748
random_init_eat_seed42,12,38f53cbd-15a0-41f2-8ac7-f2cfc5d29688,XC550447-0568%20BLL531-33%20Celeus%20galeatus.flac,Xeno-canto,Aves,True,-6.827795057801907,3.6150958950149708,1.7985873640470584
random_init_eat_seed42,12,4f59a6c4-e326-4477-a2b3-06fcc9786129,XC642572-Galbula%20cyanicollis_Tembe_20210411-075212.flac,Xeno-canto,Aves,True,-16.48555628829375,1.3161745784459309,2.392453285738414
random_init_eat_seed42,12,9c4cd840-09ea-4291-9bb5-6341a306d3ba,258230.flac,iNaturalist,Aves,True,3.892116934228618,13.566880813902417,-9.59100433194181
random_init_eat_seed42,12,3a71a70f-282f-4df1-932b-194ec85f38f4,553206.flac,iNaturalist,Aves,True,-4.36762404541334,1.1191886154580855,4.816293418008487
random_init_eat_seed42,12,3f569d38-347a-4548-983f-a4b8bd94c1e1,57021003.flac,Watkins,Mammalia,True,22.328003102325944,2.6769403934160905,-2.5014204707313556
random_init_eat_seed42,12,169c64d7-db1b-4572-bd7a-87c6520f1c0b,9776600C.flac,Watkins,Mammalia,True,16.08708704428711,16.36713095530635,-13.306258283656552
random_init_eat_seed42,12,9d2e86fa-3b5b-4e87-84c1-8ba89bad07da,8500900K.flac,Watkins,Mammalia,True,24.396883840237386,-0.30526740035314504,-0.21452905304267234
random_init_eat_seed42,12,955301c0-f6fa-431a-b3a4-1cd68f0765a5,6400500M.flac,Watkins,Mammalia,True,21.039732075422954,5.4333736649298086,-4.3957647517655865
random_init_eat_seed42,12,9ee6e918-cf62-4d2b-9527-03817c9bab15,XC637797-210409_03ybs.flac,Xeno-canto,Aves,True,9.375067176419764,-1.4985990611432327,5.598598965090998
random_init_eat_seed42,12,9a864163-e795-45d9-be92-e8ec55e52c2c,XC419874-Chouette%20hulotte%20chant%20diurne%20et%20cris%20d%20alarme%20en%20plein%20jour.flac,Xeno-canto,Aves,True,18.718989235516382,-5.1845445090626665,6.270807162966984
random_init_eat_seed42,12,b5214abb-14e1-4dfa-86c2-6730ffb8dd04,XC764002-MixPre-809_Capito_aurovirens.flac,Xeno-canto,Aves,True,17.983057038414046,-1.238138433561734,2.443448379043888
random_init_eat_seed42,12,ac052ba7-9f49-4dfa-be46-a4bfef19a104,XC178999-Dendrmin-Alarm_Poland_PSZ_2014_05_19_3722.flac,Xeno-canto,Aves,True,-4.246373929116746,2.2218018706442932,2.0914135693085285
random_init_eat_seed42,12,15d6a4ca-ed80-4db7-bf70-99ee0e507715,XC746232-arcticternnocmigrosslare.flac,Xeno-canto,Aves,True,7.669139911955876,18.20290518696519,-13.641532539463036
random_init_eat_seed42,12,9d5669a9-4063-4926-a1e9-73f7bf460a9b,XC300016-LS_50637%20Senegal%20Thicknee%20call%20B.flac,Xeno-canto,Aves,True,-19.667950576998457,3.2357358854379488,0.48276389548425047
random_init_eat_seed42,12,43869f31-9b23-443e-87e4-f15206409e69,Megalaima_haemacephala_mindanensis_Mindanao-9Dec09-FRL_PH_R09.0110_0-52_S.flac,Xeno-canto,Aves,True,11.512342310271546,-2.2869359848468833,2.6700010353837054
random_init_eat_seed42,12,9e2a87e5-2e7c-4334-94ea-7746d2b45433,66091006.flac,Watkins,Mammalia,True,17.88791750378108,8.575703241704534,-6.709317026715983
random_init_eat_seed42,12,859a9c1a-4eeb-4588-b73a-231061fa694a,90027106.flac,Watkins,Mammalia,True,18.770493084233124,6.642925321756202,-5.4667141713909295
random_init_eat_seed42,12,88ef6865-f787-4827-bf83-98c495dc91d1,XC695896-2022.01.05%2007h10%20Grand-duc%20Boutonnet.flac,Xeno-canto,Aves,True,13.381296307014331,-3.798454207735437,6.814959676820376
random_init_eat_seed42,12,474e848f-0066-46d8-a630-9da2877724eb,XC166258-1279.northern.saw.whet.owl.benner.2014jan28.flac,Xeno-canto,Aves,True,-21.98677907413399,1.9285098652054686,2.41113672679755
random_init_eat_seed42,12,0008b62f-dcb8-4b2b-87ee-b3bf809069f3,6102102L.flac,Watkins,Mammalia,True,19.176661013802622,9.489916059424054,-7.3860288083241965
random_init_eat_seed42,12,a35a7b6d-2e8e-4294-ae3a-2c83eecb93ff,605850.flac,iNaturalist,Aves,True,-24.256849244912356,1.6191252300718428,1.5374890960122758
random_init_eat_seed42,12,27d4bf5e-8adf-4db2-991c-7d19f42160c7,XC425219-LS109419%20Senegal%20Thicknee%20flight%20call%20B.flac,Xeno-canto,Aves,True,-24.157744741611364,2.9183086162166814,0.8199023261391527
random_init_eat_seed42,12,35601063-e03d-4668-a80d-c7f53b5fe230,9101200G.flac,Watkins,Mammalia,True,24.337624743076624,-0.07258383894632803,-0.4020882952599054
random_init_eat_seed42,12,bbc0f0d4-79f9-461d-a707-84514098014c,XC319756-Whimbrel%20from%20pair%20flt%20-CA%2C%20Tijuana%20Estuary%20off%205th%20Street%2C%20April%2018%2C%202015%2C%200800%20AM.flac,Xeno-canto,Aves,True,1.6729094956482913,0.6604508041040333,3.939022343806629
random_init_eat_seed42,12,0d0309fc-c5ca-4f74-bba6-bef77d7e4f42,XC388615-150923%200830%20Stony%20Creek%20Metropark_Marker%2013.flac,Xeno-canto,Aves,True,-17.38786779353041,1.6346765336213749,2.5765683931519585
random_init_eat_seed42,12,55d4aa22-6db5-4f34-81fd-554cbd7d983f,XC577872-200617_2591_COSC.flac,Xeno-canto,Aves,True,18.77037947305581,-5.983401997710123,7.06749755895343
random_init_eat_seed42,12,9d9e810f-d25f-45c4-8e83-d6b1983fcba9,XC338339-chroicocephalus%20genei%2019%20salinas%20de%20bonanza%2007-08-2016.flac,Xeno-canto,Aves,True,-11.996786590894287,6.308075184129514,-0.9499774619850767
random_init_eat_seed42,12,d13044f7-27cc-4035-926f-21e1917d3325,XC427554-Lophostrix%20cristata%20-Caio%20Brito-%28Paragominas-PA%29-BRITO2335.flac,Xeno-canto,Aves,True,-11.687636512458035,-0.49845879677284266,5.64594814530049
random_init_eat_seed42,12,d89cedbf-c7d8-4f8c-a175-24a6f6a1ce2b,XC540230-1002%20Long%20Eared%20Owl%20Male%20and%20Female2.flac,Xeno-canto,Aves,True,-24.88182340939322,1.9857015920573649,1.1635044099552878
random_init_eat_seed42,12,8ac6ff3e-3a86-43ca-a454-de7768a4b278,african_grey_woodpecker_120301_1710_kerio_valley.flac,Xeno-canto,Aves,True,16.623608720263157,10.188329191932372,-8.201733789062155
random_init_eat_seed42,12,1cce2ce6-a7b7-49da-a678-982933912de0,351924.flac,iNaturalist,Aves,True,-25.668495552989075,2.6109774964164534,0.15603278833211165
random_init_eat_seed42,12,4bfac305-e179-4d3f-afe3-c4bc27892157,XC373565%20-%20Black-breasted%20Puffbird%20-%20Notharchus%20pectoralis.flac,Xeno-canto,Aves,True,9.012654933441425,-0.9483800071794567,3.7900305103769028
random_init_eat_seed42,12,921d605d-7396-45ca-b2a5-468ef6ebaa69,XC531293-DOWO_YRWA_SOSP_AMRO_BEWR_AMCR_CASJ_BCCH_2019-04-21_Whitaker_Ponds_Portland_OR_1456.flac,Xeno-canto,Aves,True,16.920862715889015,-1.3149091457905255,1.7428258943541255
random_init_eat_seed42,12,ae0345fd-4f95-4f26-ba18-829abba08cd4,XC745083-Sl%C3%B8rugle%20vingeslag%20og%20kald%20%C3%98by%20d%2025%20aug%20kl.02.35.flac,Xeno-canto,Aves,True,-17.73125959950039,4.3560929152984835,1.642088464180035
random_init_eat_seed42,12,d84907d1-5c01-4a36-a994-b5a83ac1a157,58036008.flac,Watkins,Mammalia,True,24.21254118948899,-0.6922543026492501,0.47643583461705596
random_init_eat_seed42,12,9db5c2bc-ca9b-4b61-8a85-4c8ebc01f24e,7700800A.flac,Watkins,Mammalia,True,13.212592099975174,20.360036140231735,-17.25854414729046
random_init_eat_seed42,12,b2b0af18-1e80-4c3f-b42b-8c44fa4cf63e,XC574152-CIVETTA%20NANA%20-%20Verrayes%20%28online-audio-converter.com%29.flac,Xeno-canto,Aves,True,-18.791445840757568,14.103061747826201,-9.633106172995841
random_init_eat_seed42,12,474db083-e6f1-4316-a8b3-76dbdaa7db93,9775100B.flac,Watkins,Mammalia,True,20.5587871519538,6.929048992417976,-5.893124453704371
random_init_eat_seed42,12,c07c3e40-5aae-430c-9599-80bbe0fe92fe,XC744944-220814_002Flussuferl%C3%A4ufer.flac,Xeno-canto,Aves,True,-20.748800501139485,1.7231583554447858,3.095919822420409
random_init_eat_seed42,12,a8ee600d-d3d7-435e-aedf-c6efb70a8ea6,XC360929-Red-cockaded%20Woodpecker%20-FL%2C%20Buffer%20Preserve%2C%20March%2022%2C%202017%2C%200842%20AM.flac,Xeno-canto,Aves,True,-22.22978612332491,2.4094689260914786,2.2182905780932245
random_init_eat_seed42,12,ba0d5e12-bc0e-4a0a-a5b3-b8f36d81ff91,386607.flac,iNaturalist,Aves,True,-25.463888625788883,2.3731344044027685,0.3913443381878053
random_init_eat_seed42,12,cabf870e-7cc8-4c73-9e27-7c172350564f,6102204P.flac,Watkins,Mammalia,True,-4.8484548945217565,18.53721601983809,-13.14067343690523
random_init_eat_seed42,12,107d7249-ed7b-473c-a808-bc48ada60dc6,XC385845-170504_08.flac,Xeno-canto,Aves,True,12.669440853693875,14.447410626235623,-11.312542730842639
random_init_eat_seed42,12,212289f7-503b-47da-af8f-36249ee99ce0,75011016.flac,Watkins,Mammalia,True,20.4602005051867,4.392981666963054,-2.992405486015932
random_init_eat_seed42,12,7bc373e0-dc42-4879-aff8-58e0e25a8bd2,97769003.flac,Watkins,Mammalia,True,16.14476402942187,14.071418446950883,-11.788355480435078
random_init_eat_seed42,12,a1bbe058-99e0-4e63-bf74-b45c2dadd6f0,XC617293-210124_14A%20sel%20Ok%C3%A4nd%20kattuggla.flac,Xeno-canto,Aves,True,20.70780817264328,0.7595616562806673,-0.9067856464270752
random_init_eat_seed42,12,10d849db-1f13-49f0-bd31-18bfe1078ff5,6400504E.flac,Watkins,Mammalia,True,-10.19079504306153,-0.8509867138541831,5.727940853086407
random_init_eat_seed42,12,d7ebaffb-d563-4171-86ce-3d88d0bdae25,XC507651-LS110268%20Steaea.flac,Xeno-canto,Aves,True,-7.720545779657206,-0.6024693065173553,3.534965052387432
random_init_eat_seed42,12,cd81c359-70f0-436a-baf4-733668abc417,XC732783-R%C3%B6st_121-1-2-1-1-1.flac,Xeno-canto,Aves,True,-25.09342071634652,2.7474433936182776,0.36977934914656013
random_init_eat_seed42,12,d8e29594-701e-4a10-89a2-9b525d89f9f4,Megascops%20apurimacensis0719-2.flac,Xeno-canto,Aves,True,-19.40292809268912,1.4647843802522529,3.586664305375093
random_init_eat_seed42,12,1fb022d7-2a61-4133-9f1a-3380d127a83d,XC301947-RNSA_up_123015_1100.flac,Xeno-canto,Aves,True,-24.92433890572452,2.1719530848407516,1.0904541068554192
random_init_eat_seed42,12,29ff6030-b8b6-4e9a-a197-4bbfcb793346,9400805X.flac,Watkins,Mammalia,True,22.18210449984717,3.659610524589418,-2.929548273121198
random_init_eat_seed42,12,c1686836-ba4c-42ce-b483-36dccd6c4ab3,XC448657--St%C3%B6rre%20hackspett-trumning%202%20ex-Tivedens%20NP%20Vg-%282017-03-11%2006.55%29-LS140049.flac,Xeno-canto,Aves,True,-25.31305126092528,2.8043890208566538,0.2197866179375605
random_init_eat_seed42,12,8f4bf5fc-8fa9-4125-8071-f6b8ff215d70,XC576978-200702_003h.flac,Xeno-canto,Aves,True,14.586388462166955,11.557768495405304,-8.706886171648751
random_init_eat_seed42,12,ea5ffa7e-e29a-4ee0-85ef-69516c40aba1,XC192911-Blue-eared%20BarbetTG12014.flac,Xeno-canto,Aves,True,18.602726861492023,-5.201335093296304,5.5948327328552345
random_init_eat_seed42,12,564352d0-cae2-4f23-8966-d3fc1d45a907,XC637938-Chev%C3%AAche%20d%27Ath%C3%A9na%201_Moutonne.flac,Xeno-canto,Aves,True,-10.149223563096157,-0.8202770209943891,6.435024502283614
random_init_eat_seed42,12,5176c662-6d32-4eb1-b1d6-d9960e637fb5,XC795010-230421_1226B-sel2-Enkelbeckasin-r%C3%B6rdrom-sk%C3%A4ggdopping-r%C3%B6dvingetrast-trana-argt-d%C3%A4ggdjur-Nnoc-Ppyg.flac,Xeno-canto,Aves,True,-20.54861523365617,3.0563623797905275,1.4056694784880774
random_init_eat_seed42,12,9469e45c-7ae7-47fa-aa28-329410f5da7f,656097.flac,iNaturalist,Aves,True,-25.54531188568074,2.586456702519495,0.2990718844884078
random_init_eat_seed42,12,6b879f0c-009f-4857-a277-213484450959,60026035.flac,Watkins,Mammalia,True,19.401126139048195,0.5786916835069762,1.4989845842810146
random_init_eat_seed42,12,76ad9e1d-7719-4545-bb1d-19d0c867a400,7500400S.flac,Watkins,Mammalia,True,14.016112202430442,11.233990489419588,-8.10970016111516
random_init_eat_seed42,12,79041ed9-600d-4c51-a69b-036c29591f23,7100101E.flac,Watkins,Mammalia,True,20.10494765895437,4.947541709391561,-3.5852826386370413
random_init_eat_seed42,12,c40ba31a-75e8-4087-ad53-f6779284c831,XC401953-171226_C_SpottedRedshank_flightcall_PoYang_OC.flac,Xeno-canto,Aves,True,-22.585891282344196,7.164176873976459,-3.0788435978083717
random_init_eat_seed42,12,9a2eaebf-1de4-4b3b-873c-1c34a05bba1d,XC609337-Dotterel_Black-fronted1_M6MKH-202_Mount_Wood_Dam1_Dusk_27thAug20.flac,Xeno-canto,Aves,True,-19.797858485206056,3.150015642758303,1.3732041231601484
random_init_eat_seed42,12,21faf819-d5f0-4264-9a9d-d846feb83e93,R09_1362-Yellow-billed-Jacamar-interval-shortened.flac,Xeno-canto,Aves,True,14.510181089598245,0.7542311152531289,1.7272927629095425
random_init_eat_seed42,12,3417586c-f533-4d94-9087-1fea08ffe07e,6302100T.flac,Watkins,Mammalia,True,22.43383959929381,3.1799758046151334,-3.0168936945106575
random_init_eat_seed42,12,851fbe69-65dc-4720-be7a-50c017ee6013,XC337825-Gaviota%20Andina%20Huancar%2030-09-2016.flac,Xeno-canto,Aves,True,-21.35718045045798,1.4761236768756536,2.7333360862409437
random_init_eat_seed42,12,eb10f2e6-5813-4711-a733-93643d9e5ee3,97769008.flac,Watkins,Mammalia,True,8.531289353698078,20.754541039745035,-16.798056244457435
random_init_eat_seed42,12,cef84491-8e59-429b-b71f-11e3aaf43c31,XC322893-LS_52158%20Arctic%20Tern%20call%20C.flac,Xeno-canto,Aves,True,-5.391990730955432,1.2955278441139202,2.8825857504964563
random_init_eat_seed42,12,df360fc2-208e-46f8-aa98-4dc104cffa2e,XC690078-jynruf.flac,Xeno-canto,Aves,True,10.971017249092284,-0.41651756920405925,3.5509269626069306
random_init_eat_seed42,12,8ecc4d79-20a5-404d-b8f3-82e18963ba92,66091007.flac,Watkins,Mammalia,True,17.32438644233362,10.335977846601262,-8.309280939998338
random_init_eat_seed42,12,ade7119c-e45e-4951-a49c-00108278cf8e,198862.flac,iNaturalist,Aves,True,21.533224302879827,2.5278956170593054,-1.3754513291927608
random_init_eat_seed42,12,a0f16809-156a-426f-8156-2e5a6bc1178e,127749.flac,iNaturalist,Mammalia,True,-20.833765735390415,1.0230750013642929,2.9407814913609913
random_init_eat_seed42,12,e123df50-5102-4545-a9f5-4d6ffc1989de,8600805U.flac,Watkins,Mammalia,True,21.431607773944513,5.351179496008806,-4.423019101018371
random_init_eat_seed42,12,2c94d6d8-1f62-4765-834c-8366f158f2a8,7501100U.flac,Watkins,Mammalia,True,21.908648881039213,3.1954528714528774,-2.340317377731921
random_init_eat_seed42,12,d2511bb9-1aa6-4aaa-b5cf-f76a1fc88b0e,XC723434-Enkelbeckasin_20.flac,Xeno-canto,Aves,True,-16.60830705737422,-0.23062946587805516,4.589496708353938
random_init_eat_seed42,12,80597c6a-56a8-4704-a62c-26cebdf855cc,XC794305-20190530-0555-CO190016-US-CO-Baca-Two-Buttes-SWA-HAWO-%28B%29-calls_01.flac,Xeno-canto,Aves,True,20.801905132735737,-3.105062212922357,3.627319456061828
random_init_eat_seed42,12,c1916296-98ff-4dc2-b438-1ec451830830,XC670315-pancianera_sentDR0000_1306.flac,Xeno-canto,Aves,True,9.472295421960228,7.5938160595630695,-3.429396593084003
random_init_eat_seed42,12,16c145ab-e73a-4ae1-8e08-d52879fe6a44,570618.flac,iNaturalist,Mammalia,True,-25.351915040616575,2.3351390214526377,0.5740021499415391
random_init_eat_seed42,12,06157d42-4db5-4d5d-a60a-a95d308e510d,XC749806-oystercatchernocmigrosslare.flac,Xeno-canto,Aves,True,-24.620253104468922,2.235797423425333,0.9213436994365
random_init_eat_seed42,12,88bd2c94-33b5-43ee-983d-e47ac6b5ee1b,9100501X.flac,Watkins,Mammalia,True,20.845965064997,6.728656025315915,-5.50284016088382
random_init_eat_seed42,12,8b2034c7-8d72-4a23-9d87-ab5ac194320f,9776100T.flac,Watkins,Mammalia,True,18.073248238375417,14.109761143377941,-11.81084481876824
random_init_eat_seed42,12,6467d4ef-2260-4966-82b2-41d76f711cbd,290312-039perleugle_varsel.flac,Xeno-canto,Aves,True,-1.7814245315521389,17.22979730247687,-13.06478519821524
random_init_eat_seed42,12,a0d76e86-2da8-407d-bad7-7b1a48178285,94008055.flac,Watkins,Mammalia,True,19.12144435304053,8.053989807712185,-6.243820232615006
random_init_eat_seed42,12,0fb9b6be-0dea-40dd-bcab-c76725831270,639903.flac,iNaturalist,Mammalia,True,-20.23146731311247,9.170756886402708,-4.160613425900807
random_init_eat_seed42,12,02aa1b93-297f-4a73-9372-5a85ce4d1de3,XC663441-210716-BO5%20clip.flac,Xeno-canto,Aves,True,-25.149591634079584,2.530816474054612,0.829934841970775
random_init_eat_seed42,12,29da94d6-f609-4c27-b0d1-25c256c1a5a3,91010025.flac,Watkins,Mammalia,True,22.46430958183562,-2.979114597782993,3.169772254406818
random_init_eat_seed42,12,cdcb4a53-adf4-45e4-b96e-19dc7c262ecf,Otus.insularis081205_01.flac,Xeno-canto,Aves,True,-22.40400957480219,1.5866729560681734,2.381560798123002
random_init_eat_seed42,12,b4d60fab-3403-413c-a4bb-c98fa1689afe,XC288966-schwarzspecht%20weibchen%20trommeln%2013.2.15%20seba.flac,Xeno-canto,Aves,True,-6.5140141176949715,15.118041194285855,-10.41112451036118
random_init_eat_seed42,12,e0bff30c-da81-4a54-957f-bd740b28b701,348175.flac,iNaturalist,Aves,True,-24.071878354387778,3.116793620959978,0.2971899390326665
random_init_eat_seed42,12,b530fe98-7246-4668-9fe3-7b60e81b2b3a,8800505C.flac,Watkins,Mammalia,True,7.416737838356175,13.505669736227237,-9.07150476411762
random_init_eat_seed42,12,80d7d06d-657f-4081-9d73-82283223ef6d,94008050.flac,Watkins,Mammalia,True,19.968734943280033,8.019430496482684,-6.476834762278186
random_init_eat_seed42,12,7d329ae3-6bb3-48d4-bca7-919dea46e70f,XC203599-Glaucous%20Gull2014-7-1-1.flac,Xeno-canto,Aves,True,-16.581928919219862,1.1687253420871864,2.001594176557872
random_init_eat_seed42,12,929b9e55-0dec-4f9c-ba32-b381dc725e22,XC565646-11mar2curlew.flac,Xeno-canto,Aves,True,-25.686497398335337,2.219566280674683,0.11798924707823327
random_init_eat_seed42,12,73101c49-f652-401f-b1e6-d35a27addcd1,510200.flac,iNaturalist,Mammalia,True,-14.622280692548873,0.20133583453733697,4.278792074318596
random_init_eat_seed42,12,c1ad4413-bcac-4954-964b-554d8a071a7b,Ptercast03.flac,Xeno-canto,Aves,True,-0.6801473707552304,2.3500803053565718,0.6564305409814546
random_init_eat_seed42,12,09d1e2b8-c21a-4c93-9454-d8d2e9c2577c,XC154257-Tringa%20stagnatilis%20calls%20Zhanteke%20lake%20Aqmola%20province%204%20May%202013%20%28Arend%20Wassink%29.flac,Xeno-canto,Aves,True,-17.886849108521034,2.6386962213111764,1.4131035734455588
random_init_eat_seed42,12,9ec4f6a7-7afa-4052-a7b9-2c6171619646,75001010.flac,Watkins,Mammalia,True,16.256413496924964,13.528880148998251,-10.176546122171636
random_init_eat_seed42,12,5be7c5ea-68f5-4d29-beac-ece4f168ed3e,Kattugle_Kaja_180308.flac,Xeno-canto,Aves,True,-23.026461124088215,1.3931016849342195,2.309219094215719
random_init_eat_seed42,12,26151adc-12ba-4bd0-881b-e4727dc6fa18,XC349740-170108_05.northern.pygmy.owls.mt.graham.az.lance.benner.flac,Xeno-canto,Aves,True,19.354348829217905,-0.2025962972306551,1.7081428127042426
random_init_eat_seed42,12,cf0cee6a-132d-410f-85ea-128eb30213d3,XC299042-120%20Glaucidium%20brasilianum%20%28Calls%20of%20a%20couple%29_VerdeMarII_RibasPardoMS120912.flac,Xeno-canto,Aves,True,-11.827703940055976,1.2105802464208137,4.487388796239764
random_init_eat_seed42,12,a3324412-6f1d-421e-adb2-929113789ce3,64031001.flac,Watkins,Mammalia,True,17.773765593637123,10.000324823756266,-8.153140296481169
random_init_eat_seed42,12,649596f6-a0fa-4e5c-bc67-4f8cecaf4654,XC550460-Campephilus%20rubricollis%20DCB%20597-1a.flac,Xeno-canto,Aves,True,-0.6713701299949092,0.9752262850530249,4.724421169030367
random_init_eat_seed42,12,b1b82430-988c-4b1b-b442-4cdb17d5bb6b,6403100G.flac,Watkins,Mammalia,True,17.03780547971425,11.767002154805404,-9.665021579476988
random_init_eat_seed42,12,249f0ae5-f109-431b-b467-119f3fabb594,6804000N.flac,Watkins,Mammalia,True,18.017978480957566,12.129477046231118,-9.790503558106579
random_init_eat_seed42,12,a220bfb3-0d2a-447f-87c2-396ba444676d,XC571539-Mochuelo%20call%20%2B%2C%2022_28.flac,Xeno-canto,Aves,True,11.739287050537396,-3.353625173629623,7.129431139782215
random_init_eat_seed42,12,e4414041-567d-4b62-89d4-b0125603cb05,XC710838-DENMAJ2022-03-20-07-22-KALL-d-A.flac,Xeno-canto,Aves,True,-25.034794157108564,3.3731322806128015,0.11561080656782452
random_init_eat_seed42,12,e5a898e9-0ef6-41ff-b708-fd8070201206,8303501T.flac,Watkins,Mammalia,True,17.889429413776334,7.2264874051462025,-4.925029983366977
random_init_eat_seed42,12,1836a52d-0a83-41f5-be10-39c80895d917,287326.flac,iNaturalist,Mammalia,True,-25.434451597062708,2.5515804716652917,0.29563847596785603
random_init_eat_seed42,12,93cae18f-fd3b-4417-ae5e-a5c59407d936,97762009.flac,Watkins,Mammalia,True,15.778311370020994,16.005261961314723,-12.993881644775612
random_init_eat_seed42,12,b1e2de20-3eab-47b3-9d2d-6c6b9c0d5e80,9002708R.flac,Watkins,Mammalia,True,18.21824469109746,7.920256399278873,-6.427280766239622
random_init_eat_seed42,12,4e31a432-7177-430f-b9d0-85c641fe1abe,XC771647-Cabur%C3%A9-minuto-Go-V.flac,Xeno-canto,Aves,True,-1.595650620041893,-1.064602008222085,6.502731017512602
random_init_eat_seed42,12,6ebb27ae-c9ca-4bde-8f80-779b7d125dfe,XC549391-20200422_nuit_indiv%2003h24mn28s_sylvain.flac,Xeno-canto,Aves,True,14.459576251834019,18.686693439078574,-15.832879782464122
random_init_eat_seed42,12,0729b5e3-8d1d-411c-9dc9-c88f46a4ef14,546578.flac,iNaturalist,Mammalia,True,-24.423167937528696,2.437642699269687,1.1326764710522792
random_init_eat_seed42,12,efd4408f-bb1b-4bb0-b477-64bf7a24d8c3,XC425217-LS109414%20Caspian%20Tern%20call%20C.flac,Xeno-canto,Aves,True,-7.9860864735251695,1.7707249876437845,3.8320510706054716
random_init_eat_seed42,12,f65ebf13-eb73-4fef-b10c-1e0763b14dbc,60026041.flac,Watkins,Mammalia,True,21.330617620309443,4.85748695556213,-3.504364122046168
random_init_eat_seed42,12,0a45821c-ad05-421c-a701-28034d55f291,XC281036-150%202%20Scholekster%202%20Zang%20baltsvlucht.flac,Xeno-canto,Aves,True,-15.36007989807312,1.8298751436780818,2.006185310141203
random_init_eat_seed42,12,7caca538-5ed9-48f0-ab2d-f53920567e34,86008029.flac,Watkins,Mammalia,True,20.657291449985532,7.364428247854421,-6.146341336024115
random_init_eat_seed42,12,1270a6a5-a9ac-4f46-9c12-dccc9e2f213e,XC148370-1677.flac,Xeno-canto,Aves,True,-22.26982881087006,3.3798100936276096,0.2560970086605179
random_init_eat_seed42,12,ed41f8c4-0c3b-4294-82e2-1beaa67ef988,XC707876-210124_0629%202030%20Ervedal_Little%20Owl%2001_NNPL.flac,Xeno-canto,Aves,True,-22.43366668489176,1.7550687386181374,2.679921247833903
random_init_eat_seed42,12,5d45d1a2-c296-4ce1-98da-76a2e4ac539a,XC278857-Eastern%20Barn%20Owl%20B%200405_195641%20mp3%20near%20Apui%20Alor%20%282%29.flac,Xeno-canto,Aves,True,-14.364701332142324,2.0598643381894832,2.2480992485680176
random_init_eat_seed42,12,8a8fee17-f852-44a4-884f-5fd7b7e06893,XC346932-LS102669%20African%20Scops%20owl%20song%20A.flac,Xeno-canto,Aves,True,-24.17210806832319,2.6806828363607593,1.019539421111123
random_init_eat_seed42,12,2dbf46f4-25c5-4449-b968-ffd4d27ab507,XC319054-White-bellied%20woodpecker.flac,Xeno-canto,Aves,True,-22.85791126406621,1.9424602188835107,1.1965094169537647
random_init_eat_seed42,12,15d7d6c4-a911-4ae6-8769-c4eccbe07989,613124.flac,iNaturalist,Aves,True,-21.414854408966498,1.0943427310445815,2.6443420014696546
random_init_eat_seed42,12,f08a03c2-9bcf-40ed-abc8-e65768734499,XC287904-FEPO_031415_1900_OrganPipe1.flac,Xeno-canto,Aves,True,18.821840576809954,-2.9532277784002776,2.315434398501269
random_init_eat_seed42,12,ecb342f6-5b78-4f9a-924e-817afde027fd,XC522273-Gravelot%20%C3%A0%20collier%20interrompu%20201114%20Bar%20Al%20Hikman.flac,Xeno-canto,Aves,True,-25.177131986205026,2.1838828854492234,0.7138134016249073
random_init_eat_seed42,12,9cbbb0d9-b50c-48cd-b5da-ab5ae0b66393,XC669353-Grote%20Geelpootruiter%2C%20call%2C%20poel%20vlakbij%20Washington-Slagbaai%20NP%2C%20090821%2C%201017%20uur.flac,Xeno-canto,Aves,True,-24.7466104150865,2.0029501067663626,1.2283473797785804
random_init_eat_seed42,12,e0274ad3-19d5-4083-81b7-b6dd530a3842,XC797105-GreatBarbet_PhouSamSoum_230422_2134_edited.flac,Xeno-canto,Aves,True,-16.80917286833489,1.361660934840336,4.419191029573037
random_init_eat_seed42,12,f1dcdae1-9a77-4c65-bf6d-9468dfa301a9,79005004.flac,Watkins,Mammalia,True,13.912855994814828,18.50104280948132,-15.558330076989431
random_init_eat_seed42,12,a86b7b8c-30ef-4f30-adfe-1ab71382d5ba,XC228025-White-barred%20Piculet%20B%204482.flac,Xeno-canto,Aves,True,5.3116818400827235,10.209096675408759,-6.166572978531119
random_init_eat_seed42,12,f308d7c9-8052-4316-963a-f5175dcd5ff6,75012031.flac,Watkins,Mammalia,True,19.247476207964215,9.024445808592041,-7.001197890373554
random_init_eat_seed42,12,72e8c01f-385e-40fe-a645-c400d2489a71,97750003.flac,Watkins,Mammalia,True,12.291021587782426,20.7505425010731,-17.072761115582626
random_init_eat_seed42,12,658854ae-e1c8-49af-a693-d08d845f9528,XC161830-130621-032148.flac,Xeno-canto,Aves,True,-18.01624401671038,2.22447722993759,2.83735455602609
random_init_eat_seed42,12,e1e82fdc-c197-4087-862e-1bc14071dbff,XC662241-Tuc%C3%BAquere%20PN%20La%20Campana%20mp3%20audacity.flac,Xeno-canto,Aves,True,13.32218320038616,15.630742306057387,-12.167973526472082
random_init_eat_seed42,12,13fe6cd3-e5b1-4849-bb90-ed53076b0304,8600803W.flac,Watkins,Mammalia,True,20.351388601216613,5.196341681350336,-3.8831867745188284
random_init_eat_seed42,12,2020f0a2-2e1e-4903-b2f4-2fa22cf91bef,XC273727-Rufous-tailed%20Jacamar%20song.flac,Xeno-canto,Aves,True,-6.331338035228332,3.6999384433662237,1.25757911385897
random_init_eat_seed42,12,3728dcc0-7ba5-4869-8922-97c837ad1542,XC687396-Green%20Sandpiper_Flight%20Call_Tory_080821_B.flac,Xeno-canto,Aves,True,21.634524743040615,1.329808075689395,-0.09598010490683784
random_init_eat_seed42,12,6e4024c4-191a-4258-94c1-d1ade96934ed,XC281238-273%201%20Steenuil%201%20Zang.flac,Xeno-canto,Aves,True,-11.766169895360571,0.630418605337697,3.5567911679341613
random_init_eat_seed42,12,2cb01763-57e1-4a0e-b795-eae75656a8b1,5702606N.flac,Watkins,Mammalia,True,21.061611410391443,4.7242815055502945,-3.3360444354996455
random_init_eat_seed42,12,41d48329-93ff-404a-8678-151bf3fbb2f0,9101203S.flac,Watkins,Mammalia,True,24.774441949104443,-1.2117868513859487,0.45291287621423126
random_init_eat_seed42,12,99dd86bb-077f-4371-b1e7-9249cb9fdf35,XC765705-B%C3%A9casseau-minute-vol.flac,Xeno-canto,Aves,True,-20.52435724413076,1.4919188670412908,2.961256799130644
random_init_eat_seed42,12,6068f9f9-e9e4-4b3c-ac40-8b9155dbb54d,XC321259-Uria%20aalgae_20160520_SD_T106.flac,Xeno-canto,Aves,True,13.807918652955157,-3.519905039741797,5.514140977857162
random_init_eat_seed42,12,78be6796-a469-4ddd-be22-2f4b3e8c1601,56018004.flac,Watkins,Mammalia,True,14.626674785191366,14.734475489984636,-11.75764116094738
random_init_eat_seed42,12,864dfc18-961a-4847-b8c7-4a5ddb421a9f,8800500H.flac,Watkins,Mammalia,True,8.619757035747815,16.026078171229784,-12.085085099044173
random_init_eat_seed42,12,bb2c644b-d518-4d35-a629-1318b25337f6,151144.flac,iNaturalist,Aves,True,-20.188559819090177,1.1880140012799272,4.442998022400584
random_init_eat_seed42,12,a2cc20e8-c985-4519-a2ec-376b117dbdc4,XC590337-Eurasian%20Eagle-Owl-Suertetierra-20200922_0350.flac,Xeno-canto,Aves,True,-21.32657815257399,3.589919429779237,0.8799837579419298
random_init_eat_seed42,12,0873f4eb-7dd0-46c2-90ea-32f0160ec1aa,7100201S.flac,Watkins,Mammalia,True,21.97863902041987,5.265213292374899,-4.428093215743259
random_init_eat_seed42,12,721b294a-96fc-4ce1-acfd-5be8c6eae40c,9775200H.flac,Watkins,Mammalia,True,14.33558824525461,18.156768348658794,-15.10830471247438
random_init_eat_seed42,12,11d6cf45-5280-4902-86a8-b6d8f97b4fb8,444106.flac,iNaturalist,Mammalia,True,-24.580014746205627,5.4361459367769775,-2.1204151391719335
random_init_eat_seed42,12,143fb0bc-c663-427c-b788-405779f282b8,XC625194-Tawny%20Owl%202215.flac,Xeno-canto,Aves,True,-24.07207190175494,2.4453650570140546,0.8727745518980301
random_init_eat_seed42,12,dd33ebbf-925a-4f79-b501-ca2c0a38e6bc,58878.flac,iNaturalist,Mammalia,True,-25.062798350865016,2.2646797002608303,0.9331699100796158
random_init_eat_seed42,12,a4612c62-b694-4d48-95ea-d4a99b390271,88006019.flac,Watkins,Mammalia,True,13.579977832829229,12.703798632248471,-9.550233959434953
random_init_eat_seed42,12,58ddf4a9-0d85-4b4b-8a04-e83ec9cf73ba,5903001Q.flac,Watkins,Mammalia,True,22.18609388401037,3.712112609299929,-3.190665193525381
random_init_eat_seed42,12,5aeb8e9a-f817-4f21-9db6-2a3fd1a46ab1,SNIPE%20Giant_03_SF%20de%20Paula_Rio%20Grande%20do%20Sul_BR_5JUL07_Bernabe%20Lopez-Lanus.flac,Xeno-canto,Aves,True,-7.471855586119907,2.002108422521485,1.6205480129436716
random_init_eat_seed42,12,6a488107-6c99-4d36-a40c-e3a1bae1dec3,7100700D.flac,Watkins,Mammalia,True,19.697222599040206,8.787759813227868,-7.041972725322026
random_init_eat_seed42,12,1a569564-a111-4806-9d7f-d59387a77d48,Bubo.flac,Xeno-canto,Aves,True,-17.3448913035912,3.0594103247455706,-0.22394072315469404
random_init_eat_seed42,12,f6094e06-2635-46d0-91d3-770ff80d7911,164331.flac,iNaturalist,Mammalia,True,-25.081166848751824,2.3536450930212345,0.3253991176774541
random_init_eat_seed42,12,1b90b0b0-b80c-453c-b541-20ae49a6f022,5801801D.flac,Watkins,Mammalia,True,17.1041051341993,1.2251687030081735,0.7712799355276667
random_init_eat_seed42,12,e448c14a-7b23-42ef-bf3a-62157d54c7c4,637039.flac,iNaturalist,Mammalia,True,-24.41474576849084,2.255389683563922,1.5064661159843107
random_init_eat_seed42,12,99213f38-7400-448c-9f64-4a687d0037ef,7700600F.flac,Watkins,Mammalia,True,18.61719568625494,11.63084399277286,-9.423316643721844
random_init_eat_seed42,12,65b49b46-ca07-4eca-9386-d47651d297ee,8600801X.flac,Watkins,Mammalia,True,21.5443833089515,3.552577672882326,-2.8218960984329122
random_init_eat_seed42,12,6ac3006f-49e7-4d86-9c9b-6c16b3412a8f,8501201S.flac,Watkins,Mammalia,True,22.702649677070077,2.9508873535769173,-2.5260129298298555
random_init_eat_seed42,12,cb19da5c-319a-42b8-8ec3-1c2111c7a361,becacina2.flac,Xeno-canto,Aves,True,21.81047102092073,-3.992090896381491,3.9028729697939095
random_init_eat_seed42,12,61a859bf-7cee-4a4e-8e89-ef0bd5383894,558077.flac,iNaturalist,Mammalia,True,7.102159990071982,10.316879730131607,-8.365562978222215
random_init_eat_seed42,12,73ab37e3-ed12-4c68-ad00-c919d78bdb1d,519937.flac,iNaturalist,Aves,True,-20.208240828757283,0.9544358864129855,3.9830898701123676
random_init_eat_seed42,12,ac0c5ba6-d022-478e-83aa-cd979038f6ce,97781001.flac,Watkins,Mammalia,True,14.542428249160631,17.08297863920186,-14.09180369665167
random_init_eat_seed42,12,4ab21425-c5b5-4145-8045-ab3f76b8046b,68032003.flac,Watkins,Mammalia,True,17.517974816741116,7.202202401721038,-4.962643843702625
random_init_eat_seed42,12,9e5795aa-f700-41e8-90c2-54e4bd11a7dc,XC513602-hiboux%20moyens%20ducs.%20le%2026%3A12%3A19%208h%20am.flac,Xeno-canto,Aves,True,18.474089520771216,-3.967694970747342,5.391694776435074
random_init_eat_seed42,12,25988f9e-7486-40a9-a5d1-c2c194c619d5,Ninox_novaeseelandiae_ETimorMay05-FRL_TL_18_1532-1248_1_s.flac,Xeno-canto,Aves,True,-25.222744013167386,2.15531174733798,0.5459843665924562
random_init_eat_seed42,12,13145736-ff9f-48ba-901e-eeb040a16495,64055003.flac,Watkins,Mammalia,True,16.41827243663157,13.706320277001694,-10.754174661842484
random_init_eat_seed42,12,dd19218d-d90a-4ccc-af1a-a6ecd5ea9f43,XC715078-220330_Arabian%20Scops-Owl_calls_Al%20MehfarTP_OC.flac,Xeno-canto,Aves,True,-24.524252769157048,1.6629587943576154,1.5806861564641466
random_init_eat_seed42,12,ba936079-dabd-4831-bce3-117cc1d1ed00,XC563510-200519_04.flac,Xeno-canto,Aves,True,-8.96042743074644,0.27847089098565736,3.7934324091958205
random_init_eat_seed42,12,4b0cb268-dc0a-4aec-8442-00984f21edeb,7500305J.flac,Watkins,Mammalia,True,17.15103324763018,12.75030419522659,-10.25319030343217
random_init_eat_seed42,12,decbbb99-a8a1-4148-9988-206b6baf183e,5801801M.flac,Watkins,Mammalia,True,9.940245220165103,1.4539417246060446,2.1117726696369807
random_init_eat_seed42,12,cdd57c98-fae5-4d6a-8916-88c1ce928c82,410656.flac,iNaturalist,Aves,True,-20.34354934758604,1.5880663908574426,2.4995563665015723
random_init_eat_seed42,12,70da9885-6877-4aba-b2ac-8bfa8c34ae6f,XC230074-%27San%20Isidro%27%20Owl%20A%202801.flac,Xeno-canto,Aves,True,3.1651208191641755,-1.30959819934713,6.144744488910966
random_init_eat_seed42,12,094e5fd7-f551-496b-811d-f649ad51034c,9776101U.flac,Watkins,Mammalia,True,14.807339038089097,17.92727699275979,-14.896822312903888
random_init_eat_seed42,12,756f5f6b-e605-4868-88c8-fc950336eb5a,460049.flac,iNaturalist,Aves,True,-25.059613420464203,2.4929621374501605,0.9145313418532504
random_init_eat_seed42,12,7124506c-9392-4b69-9cf9-a7dd620a311d,9400806F.flac,Watkins,Mammalia,True,22.79081672200293,2.9300964210717035,-2.545507917595204
random_init_eat_seed42,12,7611bc32-7e8b-4c6b-beea-38b18ea4ea2c,97766002.flac,Watkins,Mammalia,True,15.253122452347757,15.34084097637973,-12.087429003521073
random_init_eat_seed42,12,962afc60-1e38-4463-a210-99ae9714c58b,538671.flac,iNaturalist,Mammalia,True,-8.55508438546322,2.685596373474828,3.646474944045376
random_init_eat_seed42,12,0ab061f0-7e4f-4a32-87b0-fa21ffd6393f,530358.flac,iNaturalist,Aves,True,-17.229275622474937,17.017693539074585,-12.66568435612619
random_init_eat_seed42,12,6bffd177-4827-42f4-9690-fa6dc57646ee,79040003.flac,Watkins,Mammalia,True,-20.161824900784573,1.9669377127075172,1.1196615281853939
random_init_eat_seed42,12,df688143-3f05-4dcc-8520-b8202289acdd,XC178202-Guiffette%20moustac%20Ebre%2011%20mai%2014.flac,Xeno-canto,Aves,True,3.763365919153155,2.1228313302679194,0.6965116960257816
random_init_eat_seed42,12,127d8bc5-ca53-4b42-88fb-677e4e7a3687,9100402F.flac,Watkins,Mammalia,True,20.23342189114474,4.790171973421995,-4.131221712555038
random_init_eat_seed42,12,9d7febc0-e3b2-4c47-9fea-45c87a3793db,BarredOwl2.flac,Xeno-canto,Aves,True,10.175198880533392,-4.863295431496375,7.729142057247986
random_init_eat_seed42,12,74fad971-8614-4838-b32f-0253b26d260f,75003011.flac,Watkins,Mammalia,True,15.404878650677764,15.230266101704977,-12.193860568601457
random_init_eat_seed42,12,08822775-b854-4c90-8728-c1a8a06916e1,61021049.flac,Watkins,Mammalia,True,21.72334051183021,5.298618084133031,-4.466430899702667
random_init_eat_seed42,12,5776b7e7-65e1-48c6-a85b-6e9268651cc0,639152.flac,iNaturalist,Aves,True,12.76741207057399,18.610127134472727,-15.355241127181312
random_init_eat_seed42,12,cc9d7d05-042d-4680-887d-b865a71c5a91,XC571863-American%20Oystercatcher%20alarm%20call%20june%2025%201946.flac,Xeno-canto,Aves,True,-24.807459943307528,2.5995241187724174,0.05117937528758726
random_init_eat_seed42,12,60208ff6-e126-4d53-9043-b173305559ba,XC446811-Bay%20Woodpecker_20181207_124232_prepared.flac,Xeno-canto,Aves,True,-12.137143742958731,1.0977084452494357,4.5429078980049855
random_init_eat_seed42,12,d59f7209-4238-4308-8d28-161cbd74230f,XC451747-Campethera_nubica_nom-FL%20song%20Baringo%20Lake%2020No18%2011.04am%20LS112684b.flac,Xeno-canto,Aves,True,-17.530869786597094,0.6841603705882435,4.213725086346516
random_init_eat_seed42,12,80682f50-0631-49e5-b63f-ac1c9fb724c3,XC268816-Least_Sandpiper_2.flac,Xeno-canto,Aves,True,19.500367652295772,-3.280399407730995,3.330296700309544
random_init_eat_seed42,12,eb69bc44-80e5-4f47-83f8-1b8b52f1a906,695048.flac,iNaturalist,Aves,True,-24.762234454427716,2.366230888655396,0.4493212415076206
random_init_eat_seed42,12,2d6d26c8-82e9-4eae-a187-d7eca628bf4d,XC251126-Miclan050704B.flac,Xeno-canto,Aves,True,20.384044538643145,-2.5855903756380094,3.659694348703937
random_init_eat_seed42,12,1af886b6-18df-41bb-961c-8e2b93f04022,XC674295-20210911_0510%20NoId%20Piula%20arbes%20XC.flac,Xeno-canto,Aves,True,-19.934996180689346,3.5795867982701726,1.0898027280268285
random_init_eat_seed42,12,aeaa94c8-719e-497e-9025-d2207d8021b7,7900403A.flac,Watkins,Mammalia,True,22.244320352812206,0.16494948372470253,-0.39395889530188033
random_init_eat_seed42,12,cb619930-0238-4c4a-97c1-aefaf0615fc3,XC556943-Pic%20mar%20divers%20cris%20%2B.flac,Xeno-canto,Aves,True,-4.362562717189339,-0.6008245148501872,3.753287170260664
random_init_eat_seed42,12,eca4188e-cbb8-43aa-967f-a26a6c19a374,XC647863-20210512_2345_Monkspath_JS_Oystercatcher.flac,Xeno-canto,Aves,True,19.796720476058304,-2.0532979329446928,3.9410994923759834
random_init_eat_seed42,12,83f2fbb1-f25c-43ab-8804-180a2838453b,94201060.flac,Watkins,Mammalia,True,18.94165861174197,10.910758786070083,-9.000087768183674
random_init_eat_seed42,12,f0eaa508-896c-47d3-9f4e-7227183038d9,OWLTawnyBrowed-FL%20song%20REGUA%2022Aug06%2040m.flac,Xeno-canto,Aves,True,-23.492162905878935,2.098641005043811,1.8287890882115896
random_init_eat_seed42,12,9421a52e-94f1-4c2f-9d14-e4b83fc674fc,97501003.flac,Watkins,Mammalia,True,14.232910344897386,19.682979150846165,-16.31482035073401
random_init_eat_seed42,12,c480f0b3-b37a-4e88-b837-78ca0faba0a6,XC776602-esowforriver20230120_195711.flac,Xeno-canto,Aves,True,-24.83730728301636,1.2276705485783925,1.530594513922451
random_init_eat_seed42,12,5393a567-ded0-4b82-939b-af42e7785e10,9777100K.flac,Watkins,Mammalia,True,17.079726000298745,15.58070104409473,-12.649979916306854
