model,layer_idx,species,n_clips,within_var,centroid_norm,cos_to_global_bio_centroid,class
eat_all,0,Delphinus delphis,9,0.33756983612033703,0.20307208775127045,0.7592015281781903,Mammalia
eat_all,0,Eubalaena glacialis,7,0.3318523581547958,0.21971345820740032,0.87953041006393,Mammalia
eat_all,0,Aegolius funereus,5,0.3323411814296828,0.18523163643104223,0.7903661585378291,Aves
eat_all,0,Physeter catodon,8,0.3228277754331903,0.2364908985296593,0.6801923593273493,Mammalia
eat_all,0,Orcinus orca,28,0.335636229100747,0.21863025494867552,0.9321027801370857,Mammalia
eat_all,0,Erignathus barbatus,7,0.3272614756023811,0.18986184517764987,0.8889781227390203,Mammalia
eat_all,0,Lagenorhynchus acutus,7,0.33290926838189494,0.20366829640822784,0.8312253845988806,Mammalia
eat_all,0,Strix uralensis,5,0.3244015428012358,0.18597974209048995,0.8088289708658137,Aves
eat_all,0,Strix varia,6,0.34598875179252675,0.1595993810003513,0.8420947009806545,Aves
eat_all,0,Calidris alpina,5,0.3363502287200224,0.16765453125905805,0.9609263394346279,Aves
eat_all,0,Colaptes auratus,6,0.3355138029576688,0.15717791285702887,0.882360756626819,Aves
eat_all,0,Dryobates pubescens,5,0.33428016020589874,0.1524879045252636,0.914333203160392,Aves
eat_all,0,Canis latrans,6,0.3180571605460125,0.20397880411172864,0.7492136900430826,Mammalia
eat_all,0,Dendrocopos major,11,0.3276065340074915,0.19247533029877212,0.7911192692685852,Aves
eat_all,0,Stenella coeruleoalba,5,0.32519921894336334,0.2221705078556019,0.8297689736346038,Mammalia
eat_all,0,Stenella attenuata,6,0.3325233652908661,0.19877725876765626,0.7893113697471981,Mammalia
eat_all,0,Tyto alba,5,0.33071785613113985,0.1898097469597376,0.888772258967376,Aves
eat_all,0,Megaptera novaeangliae,10,0.3314322577838753,0.19178591628134908,0.7551094343270445,Mammalia
eat_all,0,Picus viridis,5,0.3195158618194357,0.21127699030338343,0.8529418848161584,Aves
eat_all,0,Athene noctua,7,0.33259523965420235,0.15510059836097673,0.8330883147228444,Aves
eat_all,0,Bubo virginianus,5,0.35215043846517746,0.17988096518885965,0.8507754332364529,Aves
eat_all,0,Sciurus carolinensis,7,0.32913239804822436,0.18700146597416495,0.7939225525374398,Mammalia
eat_all,0,Pseudorca crassidens,8,0.33985245317796964,0.21090922921854094,0.9117334914065223,Mammalia
eat_all,0,Globicephala macrorhynchus,9,0.32994396675993665,0.2225516805180196,0.7326032920211443,Mammalia
eat_all,0,Globicephala melaena,8,0.32804206096774924,0.20683767223807165,0.838772837832149,Mammalia
eat_all,0,Sterna paradisaea,5,0.3463266355845341,0.16065304086147827,0.8766214129073091,Aves
eat_all,0,Strix aluco,7,0.33421263165350473,0.16885825664029502,0.8508062012432408,Aves
eat_all,0,Balaenoptera physalus,12,0.34499971567843557,0.25601101173941676,0.7892248453220454,Mammalia
eat_all,1,Delphinus delphis,9,24.156374144724232,1.7992843182546252,0.9268321350997218,Mammalia
eat_all,1,Eubalaena glacialis,7,23.67930718415806,1.8975642809235849,0.9307558834681712,Mammalia
eat_all,1,Aegolius funereus,5,25.446913807844584,1.5781684948968657,0.9067213694573399,Aves
eat_all,1,Physeter catodon,8,22.580112563140396,2.1004769528406917,0.8527474500270265,Mammalia
eat_all,1,Orcinus orca,28,23.33911237092557,2.0540192499763705,0.886976600188061,Mammalia
eat_all,1,Erignathus barbatus,7,24.59972201644794,1.7243994844885362,0.9619910734165487,Mammalia
eat_all,1,Lagenorhynchus acutus,7,23.300447239877837,1.9296936191636056,0.9388298323972564,Mammalia
eat_all,1,Strix uralensis,5,23.382419578586635,1.79584505526869,0.9172945622775777,Aves
eat_all,1,Strix varia,6,25.090097082033996,1.5905495367838483,0.9385078088649773,Aves
eat_all,1,Calidris alpina,5,24.415939405321122,1.6637858192286825,0.9741011045658978,Aves
eat_all,1,Colaptes auratus,6,24.928855751773025,1.6367567206236195,0.9211304336161157,Aves
eat_all,1,Dryobates pubescens,5,24.84831360810802,1.6339678463470342,0.9621164974436099,Aves
eat_all,1,Canis latrans,6,24.784738557115404,1.6722253571798371,0.9159972714183685,Mammalia
eat_all,1,Dendrocopos major,11,24.966797809285453,1.6333829885777709,0.9326430399482927,Aves
eat_all,1,Stenella coeruleoalba,5,22.611024843046827,2.0102117695221144,0.9365384639812635,Mammalia
eat_all,1,Stenella attenuata,6,24.091229182708567,1.7701166494127778,0.9195860993827133,Mammalia
eat_all,1,Tyto alba,5,24.19027683865936,1.6884953649089465,0.9494982175662511,Aves
eat_all,1,Megaptera novaeangliae,10,24.416905082189814,1.7411348910097049,0.9584789587953331,Mammalia
eat_all,1,Picus viridis,5,24.58899228758995,1.697161656769172,0.952835804112938,Aves
eat_all,1,Athene noctua,7,25.169224943281744,1.6157831279596302,0.9208285260157407,Aves
eat_all,1,Bubo virginianus,5,24.441661490747837,1.7127307496853903,0.9372055379816056,Aves
eat_all,1,Sciurus carolinensis,7,24.27974816744907,1.7111314880276558,0.9395765672667923,Mammalia
eat_all,1,Pseudorca crassidens,8,23.0396350344961,2.0895869191075365,0.8756442084351646,Mammalia
eat_all,1,Globicephala macrorhynchus,9,23.89976004316075,1.8165717086631055,0.9213861506367769,Mammalia
eat_all,1,Globicephala melaena,8,23.467333822075116,1.848148451525527,0.9469542600817077,Mammalia
eat_all,1,Sterna paradisaea,5,25.90087932705342,1.5230785057163827,0.9146398506141606,Aves
eat_all,1,Strix aluco,7,25.070279710555162,1.6082273569362826,0.9445921590337503,Aves
eat_all,1,Balaenoptera physalus,12,24.267793396455634,2.042505478584068,0.8011699025038196,Mammalia
eat_all,2,Delphinus delphis,9,25.054141204176467,2.106760565562705,0.8920195803434201,Mammalia
eat_all,2,Eubalaena glacialis,7,25.56057311320334,2.0710808387130557,0.8819316646877696,Mammalia
eat_all,2,Aegolius funereus,5,25.707846222699924,2.0039787110548124,0.9274255092246259,Aves
eat_all,2,Physeter catodon,8,22.2262849885896,2.3839244700840885,0.8407392368460188,Mammalia
eat_all,2,Orcinus orca,28,25.730937838688458,2.0006523681603774,0.8852156188506762,Mammalia
eat_all,2,Erignathus barbatus,7,25.85910930510097,2.0447471857408135,0.9150262636514375,Mammalia
eat_all,2,Lagenorhynchus acutus,7,23.163355137141235,2.2298706192208044,0.9123364271002471,Mammalia
eat_all,2,Strix uralensis,5,21.980249588139902,2.4712287245604783,0.8894992642027961,Aves
eat_all,2,Strix varia,6,26.11611766264613,1.9158036237420024,0.949489741987433,Aves
eat_all,2,Calidris alpina,5,25.15457583007899,2.076633606287964,0.9612747152558511,Aves
eat_all,2,Colaptes auratus,6,25.747741555715667,2.041412443919767,0.9329631927703224,Aves
eat_all,2,Dryobates pubescens,5,25.54323150789411,1.9634484741726987,0.9610790026919865,Aves
eat_all,2,Canis latrans,6,25.747582215518868,2.017320701280122,0.9163715972339018,Mammalia
eat_all,2,Dendrocopos major,11,26.213493809627828,1.969260305777024,0.94286740955261,Aves
eat_all,2,Stenella coeruleoalba,5,22.970209992492208,2.2801193704716805,0.9032445747840948,Mammalia
eat_all,2,Stenella attenuata,6,24.227610196331483,2.1898474263175967,0.8706157299915838,Mammalia
eat_all,2,Tyto alba,5,24.402760865646915,2.2196519898308784,0.9443559074701336,Aves
eat_all,2,Megaptera novaeangliae,10,25.451944354732476,1.9927523682429178,0.9436340074482847,Mammalia
eat_all,2,Picus viridis,5,26.46586405760878,1.9517110267459128,0.940909296511639,Aves
eat_all,2,Athene noctua,7,25.945371754263064,1.9728131001889624,0.9208048091625709,Aves
eat_all,2,Bubo virginianus,5,24.98865471824662,2.068674931345279,0.9239634980813201,Aves
eat_all,2,Sciurus carolinensis,7,25.255255353164618,2.134778142779746,0.9376880067732276,Mammalia
eat_all,2,Pseudorca crassidens,8,24.55014339863604,2.1672122520417085,0.8681648833931918,Mammalia
eat_all,2,Globicephala macrorhynchus,9,24.828538770761984,2.0206541208496245,0.9064646590864905,Mammalia
eat_all,2,Globicephala melaena,8,23.711747359274458,2.1812128736567047,0.915078870892406,Mammalia
eat_all,2,Sterna paradisaea,5,27.642902653446153,1.8028120988947502,0.9032740455685547,Aves
eat_all,2,Strix aluco,7,25.7206288761175,2.0259113063947702,0.9367970337205181,Aves
eat_all,2,Balaenoptera physalus,12,25.815962547357426,2.3945344354100118,0.6345260706781568,Mammalia
eat_all,3,Delphinus delphis,9,25.232311868499185,2.446070008419634,0.8910797212498309,Mammalia
eat_all,3,Eubalaena glacialis,7,26.200800668509505,2.2965242806068322,0.88417228546064,Mammalia
eat_all,3,Aegolius funereus,5,26.60914664075779,2.428891839287693,0.9283418937472395,Aves
eat_all,3,Physeter catodon,8,21.911428137313628,2.782296102032127,0.8512604997440415,Mammalia
eat_all,3,Orcinus orca,28,26.447645348974234,2.2348526249531924,0.8870442214063929,Mammalia
eat_all,3,Erignathus barbatus,7,26.443119232334617,2.365187903739777,0.897117129445289,Mammalia
eat_all,3,Lagenorhynchus acutus,7,23.722895402774867,2.6336654785401725,0.9195142862495708,Mammalia
eat_all,3,Strix uralensis,5,22.733114253982748,3.0041163190077276,0.8806831388246577,Aves
eat_all,3,Strix varia,6,26.479972813286583,2.3328845983931044,0.9419294639266165,Aves
eat_all,3,Calidris alpina,5,26.39022560506273,2.369967125104948,0.9602573790386053,Aves
eat_all,3,Colaptes auratus,6,26.727955199491227,2.375680341486889,0.9293417232629493,Aves
eat_all,3,Dryobates pubescens,5,26.737560061211735,2.265915425652803,0.9633774165888053,Aves
eat_all,3,Canis latrans,6,26.41775793739743,2.419476265853716,0.9130079075691548,Mammalia
eat_all,3,Dendrocopos major,11,27.1445788160537,2.2829699752573753,0.9381350085328369,Aves
eat_all,3,Stenella coeruleoalba,5,23.636315357198104,2.618783028550091,0.906943913553103,Mammalia
eat_all,3,Stenella attenuata,6,24.70937188803297,2.540937309058967,0.8829187606432584,Mammalia
eat_all,3,Tyto alba,5,26.126788573592364,2.48276197477401,0.9486274884150826,Aves
eat_all,3,Megaptera novaeangliae,10,26.197547593726608,2.2763991709537295,0.9304614109333392,Mammalia
eat_all,3,Picus viridis,5,26.99833566165597,2.313432473538402,0.9380010930876339,Aves
eat_all,3,Athene noctua,7,27.349091474802947,2.268994304416381,0.9123633028488156,Aves
eat_all,3,Bubo virginianus,5,25.967437305144454,2.4964690055992302,0.9320572058784479,Aves
eat_all,3,Sciurus carolinensis,7,26.426627605399414,2.435158389742846,0.9293120860196705,Mammalia
eat_all,3,Pseudorca crassidens,8,24.450378392845074,2.507417722082356,0.8145238071866311,Mammalia
eat_all,3,Globicephala macrorhynchus,9,24.74600367231263,2.443576260780453,0.8960286103660934,Mammalia
eat_all,3,Globicephala melaena,8,24.36456493179112,2.5272033503124693,0.9100336582432665,Mammalia
eat_all,3,Sterna paradisaea,5,28.570060857866636,2.1150800905217415,0.9088106434888374,Aves
eat_all,3,Strix aluco,7,26.772962880849647,2.3912511731328303,0.9324947645626196,Aves
eat_all,3,Balaenoptera physalus,12,25.0855848595405,2.6938447985904443,0.6201389227272825,Mammalia
eat_all,4,Delphinus delphis,9,47.109678914250956,3.195245178865366,0.8653236199883433,Mammalia
eat_all,4,Eubalaena glacialis,7,48.30831816396967,3.0429733040176132,0.8415028734436562,Mammalia
eat_all,4,Aegolius funereus,5,48.36522093720274,3.1037403538690396,0.8918986478342913,Aves
eat_all,4,Physeter catodon,8,40.47534345735434,3.713794393673627,0.8119685645920449,Mammalia
eat_all,4,Orcinus orca,28,48.680703429835,2.956219213724982,0.8496705584907733,Mammalia
eat_all,4,Erignathus barbatus,7,48.2444360071991,3.1320467055618217,0.8564517592984591,Mammalia
eat_all,4,Lagenorhynchus acutus,7,43.53985801976369,3.444744623542612,0.9059629676610372,Mammalia
eat_all,4,Strix uralensis,5,41.774727547403955,3.866573649588906,0.8398919336335193,Aves
eat_all,4,Strix varia,6,49.082201485720546,2.9603666837115874,0.9217453688278134,Aves
eat_all,4,Calidris alpina,5,48.69833305147884,2.9806388725666118,0.9377711904701949,Aves
eat_all,4,Colaptes auratus,6,49.73072260397131,2.9813726679366743,0.9014597900651092,Aves
eat_all,4,Dryobates pubescens,5,50.01738608532416,2.8066751594053927,0.9492462193941207,Aves
eat_all,4,Canis latrans,6,48.77783323086147,3.0800459773052133,0.891186344858673,Mammalia
eat_all,4,Dendrocopos major,11,50.22617275605964,2.8632323067921743,0.9167019957146508,Aves
eat_all,4,Stenella coeruleoalba,5,43.49976547163658,3.479482530890718,0.8638041891478355,Mammalia
eat_all,4,Stenella attenuata,6,46.072647277315596,3.2889513966155484,0.8534295625283475,Mammalia
eat_all,4,Tyto alba,5,47.962458554390146,3.1517710175947626,0.9298272525089952,Aves
eat_all,4,Megaptera novaeangliae,10,49.35716101841949,2.8802844467481528,0.8996019390941656,Mammalia
eat_all,4,Picus viridis,5,50.57340233341021,2.832650096007858,0.926108345523736,Aves
eat_all,4,Athene noctua,7,50.14493253902766,2.88571255919906,0.9030065332325381,Aves
eat_all,4,Bubo virginianus,5,47.732633805157455,3.155787911315631,0.9112188080794211,Aves
eat_all,4,Sciurus carolinensis,7,49.40685377328593,2.996078419122388,0.9067680349575091,Mammalia
eat_all,4,Pseudorca crassidens,8,43.59733432493346,3.42803509118819,0.7689289692929796,Mammalia
eat_all,4,Globicephala macrorhynchus,9,45.237952471643496,3.2081370187144196,0.8666942193902712,Mammalia
eat_all,4,Globicephala melaena,8,44.0415788433612,3.453042075279943,0.8684369902488197,Mammalia
eat_all,4,Sterna paradisaea,5,52.33604824737034,2.6192794274842015,0.8825295754290481,Aves
eat_all,4,Strix aluco,7,49.35633365807533,2.9858661222307514,0.9072520846510993,Aves
eat_all,4,Balaenoptera physalus,12,45.96160324200375,3.613675044046309,0.5904282569464026,Mammalia
eat_all,5,Delphinus delphis,9,55.695424406858564,3.441158831990019,0.8354265375631854,Mammalia
eat_all,5,Eubalaena glacialis,7,56.33672750268838,3.3556875001546893,0.8125765280920163,Mammalia
eat_all,5,Aegolius funereus,5,57.49231224429657,3.2805172623063314,0.8615017050807593,Aves
eat_all,5,Physeter catodon,8,49.15916266231999,4.129205734449084,0.7871457179057323,Mammalia
eat_all,5,Orcinus orca,28,56.826706339762836,3.2487157989009185,0.8082184418671994,Mammalia
eat_all,5,Erignathus barbatus,7,56.66112715074747,3.3146102208234196,0.8388657785041305,Mammalia
eat_all,5,Lagenorhynchus acutus,7,52.45762657932975,3.7950600144052014,0.8916364785870192,Mammalia
eat_all,5,Strix uralensis,5,49.21870693323853,4.388596059275937,0.8129075102933726,Aves
eat_all,5,Strix varia,6,58.472644323552366,3.1435501931101406,0.8977742378304348,Aves
eat_all,5,Calidris alpina,5,58.68176080053085,3.0980916562948715,0.9063666739121387,Aves
eat_all,5,Colaptes auratus,6,58.770742877988425,3.122108026807748,0.8586944670404609,Aves
eat_all,5,Dryobates pubescens,5,58.53377982714405,3.1000405713601658,0.9164243233905717,Aves
eat_all,5,Canis latrans,6,58.29242784907555,3.259844038119259,0.8781379070789058,Mammalia
eat_all,5,Dendrocopos major,11,58.59638076440925,3.1167065577531585,0.8987995238036455,Aves
eat_all,5,Stenella coeruleoalba,5,52.58754340165756,3.829275790066748,0.8299877405588464,Mammalia
eat_all,5,Stenella attenuata,6,54.8833624671186,3.569923787867814,0.8002165942017093,Mammalia
eat_all,5,Tyto alba,5,57.78943436847377,3.273982920874911,0.90881040795474,Aves
eat_all,5,Megaptera novaeangliae,10,57.045958462392996,3.193979431694613,0.8403416160317818,Mammalia
eat_all,5,Picus viridis,5,58.9681805645003,3.028149372006283,0.9003692362451358,Aves
eat_all,5,Athene noctua,7,59.13103470835299,3.091246425249664,0.880298526553197,Aves
eat_all,5,Bubo virginianus,5,56.500315401028566,3.440674187423301,0.8788633999302735,Aves
eat_all,5,Sciurus carolinensis,7,56.99882576782564,3.3862928895725166,0.8843068647747792,Mammalia
eat_all,5,Pseudorca crassidens,8,53.52087324617845,3.6937495046225615,0.7531295478235727,Mammalia
eat_all,5,Globicephala macrorhynchus,9,54.56490333165815,3.4807141813591738,0.8502294858868049,Mammalia
eat_all,5,Globicephala melaena,8,51.38954390505943,3.9376123147829887,0.8183198107547156,Mammalia
eat_all,5,Sterna paradisaea,5,60.87819941549233,2.838666853395291,0.8312871850486555,Aves
eat_all,5,Strix aluco,7,58.68807563833389,3.1139336642011677,0.8870908464877701,Aves
eat_all,5,Balaenoptera physalus,12,50.52912306428595,4.23419770938258,0.5199444925400852,Mammalia
eat_all,6,Delphinus delphis,9,46.856662705043505,3.6538799289230615,0.8558460249978,Mammalia
eat_all,6,Eubalaena glacialis,7,44.12929144285159,3.946879822660399,0.7572942201246027,Mammalia
eat_all,6,Aegolius funereus,5,47.471910941392295,3.620067711520969,0.865913702736951,Aves
eat_all,6,Physeter catodon,8,42.5617121916325,4.1597999361608196,0.8043881654168578,Mammalia
eat_all,6,Orcinus orca,28,47.868098694039304,3.501726527731112,0.832975074323286,Mammalia
eat_all,6,Erignathus barbatus,7,42.07365082896313,4.161414485777616,0.7154896860380489,Mammalia
eat_all,6,Lagenorhynchus acutus,7,44.72511805480516,3.9155609706440138,0.8925347440386677,Mammalia
eat_all,6,Strix uralensis,5,41.7446539500468,4.395731108529707,0.8200084306471227,Aves
eat_all,6,Strix varia,6,49.02957150069577,3.4441257632751805,0.9051603106492471,Aves
eat_all,6,Calidris alpina,5,48.98879727042808,3.3969884008233433,0.9234158772700736,Aves
eat_all,6,Colaptes auratus,6,49.64445594517625,3.33646243051376,0.883104819039291,Aves
eat_all,6,Dryobates pubescens,5,49.62250119026416,3.262326562981044,0.9253162248689927,Aves
eat_all,6,Canis latrans,6,48.47835078133262,3.5423580442404954,0.8903085995777956,Mammalia
eat_all,6,Dendrocopos major,11,49.933571349874256,3.2641738498290915,0.9112637029658563,Aves
eat_all,6,Stenella coeruleoalba,5,43.343121619911265,4.0819123139191165,0.8219937542269423,Mammalia
eat_all,6,Stenella attenuata,6,47.048928595616296,3.62899870077292,0.838179174478523,Mammalia
eat_all,6,Tyto alba,5,48.071429739882646,3.573929744805237,0.9244437889512888,Aves
eat_all,6,Megaptera novaeangliae,10,46.38034965806882,3.6234050543210974,0.7877216403850379,Mammalia
eat_all,6,Picus viridis,5,49.28394179734238,3.3390005704829147,0.9087301264407663,Aves
eat_all,6,Athene noctua,7,49.51760979432199,3.3511403589355715,0.8941871636642607,Aves
eat_all,6,Bubo virginianus,5,47.51957679858485,3.638647516061623,0.8899776656891247,Aves
eat_all,6,Sciurus carolinensis,7,48.784345010241665,3.437516034917673,0.9038252436391043,Mammalia
eat_all,6,Pseudorca crassidens,8,46.08700680485081,3.7635356240566504,0.8147221176191061,Mammalia
eat_all,6,Globicephala macrorhynchus,9,46.24357819966809,3.7438610380460804,0.8737104692568606,Mammalia
eat_all,6,Globicephala melaena,8,43.64153138678447,4.027835515778842,0.8425958578958616,Mammalia
eat_all,6,Sterna paradisaea,5,51.3204356705487,3.0768220865717444,0.8830208718461174,Aves
eat_all,6,Strix aluco,7,49.02236749049187,3.416452133057769,0.9041945910847424,Aves
eat_all,6,Balaenoptera physalus,12,39.13652574698585,4.631706190530652,0.5492890904599488,Mammalia
eat_all,7,Delphinus delphis,9,64.18851113793735,4.456834653660253,0.868987176942723,Mammalia
eat_all,7,Eubalaena glacialis,7,62.43921225496409,4.716869782818363,0.801556537149657,Mammalia
eat_all,7,Aegolius funereus,5,65.39476509021632,4.221650739265715,0.8993443324262517,Aves
eat_all,7,Physeter catodon,8,59.413594491057154,4.951821799246265,0.7800969300075907,Mammalia
eat_all,7,Orcinus orca,28,66.87982020351228,4.19594061939875,0.8565597191826402,Mammalia
eat_all,7,Erignathus barbatus,7,60.80580145287874,4.8967477289305155,0.7796574029674042,Mammalia
eat_all,7,Lagenorhynchus acutus,7,61.18974042780743,4.729695921760827,0.8804679432852295,Mammalia
eat_all,7,Strix uralensis,5,54.06766897847886,5.281899854597182,0.8360253108809085,Aves
eat_all,7,Strix varia,6,63.910064623346685,4.362665112710299,0.9194046675231465,Aves
eat_all,7,Calidris alpina,5,66.20153897232501,4.134056688323978,0.9305124340131125,Aves
eat_all,7,Colaptes auratus,6,65.76642531342397,4.203176829797025,0.8962008060826036,Aves
eat_all,7,Dryobates pubescens,5,66.45106681656345,4.112845274984769,0.9290601956873903,Aves
eat_all,7,Canis latrans,6,63.68944263163008,4.453790703898519,0.9017199880462409,Mammalia
eat_all,7,Dendrocopos major,11,66.79622361531783,4.084559173671115,0.9258670925724715,Aves
eat_all,7,Stenella coeruleoalba,5,60.08790155138488,4.877639327215723,0.8494417147475916,Mammalia
eat_all,7,Stenella attenuata,6,65.96503562206686,4.3024769248073405,0.8472328880742162,Mammalia
eat_all,7,Tyto alba,5,64.82326680871506,4.305051309763522,0.9331009382325284,Aves
eat_all,7,Megaptera novaeangliae,10,64.52642166954303,4.487378991393129,0.8155068282939845,Mammalia
eat_all,7,Picus viridis,5,65.97509100917728,4.137351027458035,0.9082718870146058,Aves
eat_all,7,Athene noctua,7,66.51888058944863,4.104465857333459,0.9081534697078356,Aves
eat_all,7,Bubo virginianus,5,63.35330617006663,4.391838394203212,0.9050000890017023,Aves
eat_all,7,Sciurus carolinensis,7,64.59935506380496,4.324327149994047,0.9120184632488033,Mammalia
eat_all,7,Pseudorca crassidens,8,64.51391960667998,4.4791173985275785,0.8158653085934144,Mammalia
eat_all,7,Globicephala macrorhynchus,9,64.55700177670064,4.454777943089588,0.8663450198148449,Mammalia
eat_all,7,Globicephala melaena,8,60.83164544864661,4.828057498838167,0.8397026828440648,Mammalia
eat_all,7,Sterna paradisaea,5,68.28705186679822,3.964017115263165,0.8927257134455618,Aves
eat_all,7,Strix aluco,7,66.00659751535308,4.176321923103744,0.9190143373589054,Aves
eat_all,7,Balaenoptera physalus,12,57.0569301394088,5.353330312330262,0.5782649362637592,Mammalia
eat_all,8,Delphinus delphis,9,58.017128729114184,4.262033786776698,0.8888375473543181,Mammalia
eat_all,8,Eubalaena glacialis,7,58.960802195075814,4.348646278817792,0.8513203871253929,Mammalia
eat_all,8,Aegolius funereus,5,58.695295243712394,4.091901043831748,0.918573687397087,Aves
eat_all,8,Physeter catodon,8,53.005972343073424,4.63477245522879,0.8152380355870996,Mammalia
eat_all,8,Orcinus orca,28,60.10044896350061,4.046911114696952,0.8814787321128144,Mammalia
eat_all,8,Erignathus barbatus,7,57.952061448840325,4.485929795014246,0.8462343952239906,Mammalia
eat_all,8,Lagenorhynchus acutus,7,54.327487513757575,4.47025590690015,0.9048945922549326,Mammalia
eat_all,8,Strix uralensis,5,49.990473235127666,4.828375946298807,0.8530986379940384,Aves
eat_all,8,Strix varia,6,57.490710969316645,4.17691590908574,0.9344996116458023,Aves
eat_all,8,Calidris alpina,5,58.76422924623554,4.077137320672867,0.9493119933384744,Aves
eat_all,8,Colaptes auratus,6,59.20365414534441,4.1432577211059956,0.9181093463996086,Aves
eat_all,8,Dryobates pubescens,5,59.52235541980552,3.995708130978644,0.95488718753666,Aves
eat_all,8,Canis latrans,6,57.79602036360805,4.238233372519925,0.9134728213088629,Mammalia
eat_all,8,Dendrocopos major,11,60.19087176554387,4.022109312955305,0.9380704987115709,Aves
eat_all,8,Stenella coeruleoalba,5,56.186708777750376,4.599378204040997,0.8427983122639149,Mammalia
eat_all,8,Stenella attenuata,6,60.10945818620414,4.174429196879878,0.8759906191993794,Mammalia
eat_all,8,Tyto alba,5,58.51382274479114,4.092309862368972,0.9464585378019487,Aves
eat_all,8,Megaptera novaeangliae,10,59.94045359932671,4.238697058410432,0.8576591987213421,Mammalia
eat_all,8,Picus viridis,5,59.85292732475277,4.0065338779321165,0.9383308139404436,Aves
eat_all,8,Athene noctua,7,59.988084766883716,4.0461758984988565,0.9214560437385457,Aves
eat_all,8,Bubo virginianus,5,56.53927334500618,4.284025132031871,0.9195889388613857,Aves
eat_all,8,Sciurus carolinensis,7,58.70979478643214,4.121988737288803,0.9355241369499474,Mammalia
eat_all,8,Pseudorca crassidens,8,58.6243441708641,4.2668798991213865,0.8397488876033624,Mammalia
eat_all,8,Globicephala macrorhynchus,9,57.54552101458157,4.235900142975643,0.8855335528444648,Mammalia
eat_all,8,Globicephala melaena,8,53.839998543356266,4.64289916251595,0.8569924648477049,Mammalia
eat_all,8,Sterna paradisaea,5,62.418240803639186,3.858105735859726,0.9241137935077233,Aves
eat_all,8,Strix aluco,7,58.357518685167534,4.143857578117386,0.9305387256749248,Aves
eat_all,8,Balaenoptera physalus,12,55.71455210286782,4.9692525404184185,0.6534600678684225,Mammalia
eat_all,9,Delphinus delphis,9,40.0493251603513,3.679464001669791,0.8999218340916888,Mammalia
eat_all,9,Eubalaena glacialis,7,40.476326945727855,3.7277552790129658,0.8698949015583196,Mammalia
eat_all,9,Aegolius funereus,5,40.922537211232324,3.496421065605174,0.926191332272943,Aves
eat_all,9,Physeter catodon,8,36.92755632697009,4.047641462302419,0.8334215017350607,Mammalia
eat_all,9,Orcinus orca,28,41.184638997115805,3.5335060564912406,0.8844118471725035,Mammalia
eat_all,9,Erignathus barbatus,7,38.59609963843774,3.972945669373775,0.8429698425490764,Mammalia
eat_all,9,Lagenorhynchus acutus,7,38.25829417488291,3.84826936042287,0.9009689434914512,Mammalia
eat_all,9,Strix uralensis,5,35.154538313246725,4.023658579784384,0.8551668312297651,Aves
eat_all,9,Strix varia,6,40.352852274346006,3.4756595159433177,0.9399858561466244,Aves
eat_all,9,Calidris alpina,5,41.24004130286443,3.4536611142362856,0.9450413594398157,Aves
eat_all,9,Colaptes auratus,6,41.0318463074728,3.4513124297007662,0.9245045481945057,Aves
eat_all,9,Dryobates pubescens,5,41.243528402725154,3.4100166276665065,0.9518973991782963,Aves
eat_all,9,Canis latrans,6,39.533967723429356,3.6284396795515876,0.9174683865885759,Mammalia
eat_all,9,Dendrocopos major,11,41.27159966204093,3.437380439862648,0.9356457112856884,Aves
eat_all,9,Stenella coeruleoalba,5,38.10446022815553,4.021860112589173,0.8651449147288671,Mammalia
eat_all,9,Stenella attenuata,6,39.73129122424361,3.7918016199973357,0.8886137718019204,Mammalia
eat_all,9,Tyto alba,5,39.91819215172356,3.582603489898668,0.9451923163004304,Aves
eat_all,9,Megaptera novaeangliae,10,40.90181352662896,3.6381557235438566,0.8873128702805181,Mammalia
eat_all,9,Picus viridis,5,40.762028627415454,3.5037354076271137,0.943096370989827,Aves
eat_all,9,Athene noctua,7,41.47112336259562,3.418479762599593,0.9150220047382401,Aves
eat_all,9,Bubo virginianus,5,39.49271570747861,3.614893743598926,0.9294567688376852,Aves
eat_all,9,Sciurus carolinensis,7,40.28600850077457,3.5255753073673333,0.9328779001697839,Mammalia
eat_all,9,Pseudorca crassidens,8,39.34969383543503,3.8283111691443437,0.8499529234862903,Mammalia
eat_all,9,Globicephala macrorhynchus,9,39.45213862764337,3.7333301956379117,0.8861451219202644,Mammalia
eat_all,9,Globicephala melaena,8,35.99881094435694,4.121278267091751,0.8529241408548905,Mammalia
eat_all,9,Sterna paradisaea,5,42.38514391386259,3.3655843809537065,0.9213207586458501,Aves
eat_all,9,Strix aluco,7,39.96365383866312,3.5437944987571965,0.9288882165943865,Aves
eat_all,9,Balaenoptera physalus,12,36.55341743135613,4.296271808450483,0.6600883183568407,Mammalia
eat_all,10,Delphinus delphis,9,24.593709425617124,2.93713298483787,0.8967225770576434,Mammalia
eat_all,10,Eubalaena glacialis,7,24.77909377720265,2.897697459534102,0.8481390790197558,Mammalia
eat_all,10,Aegolius funereus,5,25.91975108695172,2.634109911369659,0.9092881969761042,Aves
eat_all,10,Physeter catodon,8,23.081297158973047,3.175183527002081,0.8262864442240668,Mammalia
eat_all,10,Orcinus orca,28,25.24212666628468,2.7511087022172194,0.8711444559928886,Mammalia
eat_all,10,Erignathus barbatus,7,23.960681274537638,3.027986919407734,0.8444989588291615,Mammalia
eat_all,10,Lagenorhynchus acutus,7,23.984028673304056,2.9904345045707297,0.8965730299423177,Mammalia
eat_all,10,Strix uralensis,5,23.24631202916562,3.0282557684336227,0.8246958386695548,Aves
eat_all,10,Strix varia,6,25.537526718198,2.643631109353838,0.9215497879470922,Aves
eat_all,10,Calidris alpina,5,26.110242431015834,2.6065865298593973,0.9403419464599954,Aves
eat_all,10,Colaptes auratus,6,25.82306356712367,2.623030600483563,0.8927132728315672,Aves
eat_all,10,Dryobates pubescens,5,25.95120030650929,2.59072168380127,0.9472490725726728,Aves
eat_all,10,Canis latrans,6,25.095730082204923,2.6994747499101566,0.8854548566374799,Mammalia
eat_all,10,Dendrocopos major,11,26.072623707135076,2.559716509706109,0.9175518727013224,Aves
eat_all,10,Stenella coeruleoalba,5,23.557426937241022,3.134292344725784,0.8641186157795591,Mammalia
eat_all,10,Stenella attenuata,6,24.81503412789606,2.921665115458592,0.881704399727734,Mammalia
eat_all,10,Tyto alba,5,25.892219544244444,2.612230789027293,0.9400363068043082,Aves
eat_all,10,Megaptera novaeangliae,10,25.239372076906896,2.8110057001876476,0.8921921026957995,Mammalia
eat_all,10,Picus viridis,5,25.654388845739806,2.6287017989204395,0.9338738208765874,Aves
eat_all,10,Athene noctua,7,26.367994987359687,2.534783393299409,0.9024496220992239,Aves
eat_all,10,Bubo virginianus,5,25.555889319668537,2.675434730336184,0.9112887146599895,Aves
eat_all,10,Sciurus carolinensis,7,25.586386368432862,2.6302828035364176,0.9049050679144347,Mammalia
eat_all,10,Pseudorca crassidens,8,24.28706189857759,2.998478308482653,0.821547081164982,Mammalia
eat_all,10,Globicephala macrorhynchus,9,24.530243055453774,2.9411229023396044,0.8782648912771439,Mammalia
eat_all,10,Globicephala melaena,8,22.719293721581906,3.203777109641531,0.8651355714758439,Mammalia
eat_all,10,Sterna paradisaea,5,26.388142633319944,2.5352212505261753,0.9066860293948173,Aves
eat_all,10,Strix aluco,7,25.686926991306002,2.630267411775156,0.9148908213844196,Aves
eat_all,10,Balaenoptera physalus,12,23.136008846990887,3.1638755639002163,0.7094130790958767,Mammalia
eat_all,11,Delphinus delphis,9,31.38025543816205,3.260745997042466,0.8907281949711622,Mammalia
eat_all,11,Eubalaena glacialis,7,31.689163907500152,3.189358444322341,0.8407833275746199,Mammalia
eat_all,11,Aegolius funereus,5,33.98751820059995,2.842959447752633,0.9200001536388192,Aves
eat_all,11,Physeter catodon,8,29.243233455937332,3.512268183816158,0.8174721645035065,Mammalia
eat_all,11,Orcinus orca,28,31.863399047824913,3.106608624826963,0.8537817285408733,Mammalia
eat_all,11,Erignathus barbatus,7,31.29025782476508,3.2735461620543185,0.8703057599194528,Mammalia
eat_all,11,Lagenorhynchus acutus,7,30.847589902466275,3.311909198756508,0.893700910708263,Mammalia
eat_all,11,Strix uralensis,5,31.259280441267183,3.155961004111606,0.8337491654468733,Aves
eat_all,11,Strix varia,6,33.33435874474082,2.89870976462781,0.9337526141100686,Aves
eat_all,11,Calidris alpina,5,33.37455107794129,2.911915808563385,0.9579663146237244,Aves
eat_all,11,Colaptes auratus,6,33.80646687999057,2.830431571208578,0.9111243720257841,Aves
eat_all,11,Dryobates pubescens,5,33.906498818265554,2.848289693815032,0.962090845125453,Aves
eat_all,11,Canis latrans,6,32.62807506079385,2.9760190212740416,0.8924639037394039,Mammalia
eat_all,11,Dendrocopos major,11,33.66287056379388,2.8548795575965675,0.914384443711793,Aves
eat_all,11,Stenella coeruleoalba,5,30.518315732631198,3.3886183795898788,0.8623328556933025,Mammalia
eat_all,11,Stenella attenuata,6,31.71679851361101,3.189486165771941,0.8873677688238235,Mammalia
eat_all,11,Tyto alba,5,33.5819884414156,2.871327012235654,0.9366438464722564,Aves
eat_all,11,Megaptera novaeangliae,10,32.315900280820024,3.111859422537847,0.9069833942107384,Mammalia
eat_all,11,Picus viridis,5,33.33563149084156,2.8764470108128117,0.9521887191568207,Aves
eat_all,11,Athene noctua,7,33.81620719345486,2.8302628804802943,0.9022533707358703,Aves
eat_all,11,Bubo virginianus,5,33.248627974761504,2.9273216446877384,0.9223189820648069,Aves
eat_all,11,Sciurus carolinensis,7,33.296192631715385,2.887832046515845,0.9170739643081843,Mammalia
eat_all,11,Pseudorca crassidens,8,31.760194522024662,3.159016290643506,0.8327540453949849,Mammalia
eat_all,11,Globicephala macrorhynchus,9,30.75311607321252,3.284020237329916,0.8670919283990796,Mammalia
eat_all,11,Globicephala melaena,8,28.769445584594862,3.5848651671141383,0.8729931778746346,Mammalia
eat_all,11,Sterna paradisaea,5,34.41051786265074,2.7393896690711865,0.9178505206713256,Aves
eat_all,11,Strix aluco,7,33.12281677382836,2.9006588295431763,0.9069737951358758,Aves
eat_all,11,Balaenoptera physalus,12,30.327005007507857,3.4149301314132186,0.7380484487231503,Mammalia
eat_all,12,Delphinus delphis,9,14.433681216621812,4.324311356132867,0.9854518885178662,Mammalia
eat_all,12,Eubalaena glacialis,7,19.2087772616938,4.5223406074745975,0.98179380864399,Mammalia
eat_all,12,Aegolius funereus,5,19.273001869349713,5.45967019768911,0.9930690205693005,Aves
eat_all,12,Physeter catodon,8,16.988630295457995,4.38847629256545,0.9612792144906991,Mammalia
eat_all,12,Orcinus orca,28,15.25813602619535,4.3221952748014765,0.9834833531193742,Mammalia
eat_all,12,Erignathus barbatus,7,16.821672578738358,4.832919582129842,0.9860623887473191,Mammalia
eat_all,12,Lagenorhynchus acutus,7,14.715192954073567,4.590433086271593,0.9862397725942799,Mammalia
eat_all,12,Strix uralensis,5,16.326825507545703,5.46067027104766,0.9886696902345624,Aves
eat_all,12,Strix varia,6,18.046983763548855,5.558542088628893,0.9925536874693567,Aves
eat_all,12,Calidris alpina,5,18.425802033802,5.251185903854447,0.9961012572643282,Aves
eat_all,12,Colaptes auratus,6,17.94569569778326,5.429636044170563,0.9925952415428518,Aves
eat_all,12,Dryobates pubescens,5,16.77862245319398,5.174951840116842,0.9973812306577164,Aves
eat_all,12,Canis latrans,6,16.528429862937696,5.612940740949154,0.989044561623838,Mammalia
eat_all,12,Dendrocopos major,11,17.97107475098231,5.408194770361348,0.9932910239315275,Aves
eat_all,12,Stenella coeruleoalba,5,15.50064496324178,4.670194721182362,0.9802884356091369,Mammalia
eat_all,12,Stenella attenuata,6,15.493987541824966,4.6125462773169685,0.9862884531832922,Mammalia
eat_all,12,Tyto alba,5,17.27643520077556,5.074485749560785,0.995220734031351,Aves
eat_all,12,Megaptera novaeangliae,10,16.35169726241744,4.54484524093129,0.9869628953480883,Mammalia
eat_all,12,Picus viridis,5,17.334510500038785,5.21754456136157,0.9955829853268475,Aves
eat_all,12,Athene noctua,7,19.166207611553926,5.808157542148753,0.9903192049910493,Aves
eat_all,12,Bubo virginianus,5,16.88448690811418,5.388414057618392,0.993802328923922,Aves
eat_all,12,Sciurus carolinensis,7,17.06254732954762,5.314608245395949,0.9937424325856317,Mammalia
eat_all,12,Pseudorca crassidens,8,13.943045284810532,4.079001597228009,0.9702590461564253,Mammalia
eat_all,12,Globicephala macrorhynchus,9,15.598922417591243,4.18010104376203,0.9722909950310268,Mammalia
eat_all,12,Globicephala melaena,8,15.20341145351661,4.436094906860789,0.9805909880087139,Mammalia
eat_all,12,Sterna paradisaea,5,19.40543395630977,5.544136629665181,0.9905061341061848,Aves
eat_all,12,Strix aluco,7,17.613850521926068,5.445649150487069,0.9920101290074578,Aves
eat_all,12,Balaenoptera physalus,12,14.045027957234883,4.5711381703830885,0.9734956449720228,Mammalia
eat_bio,0,Delphinus delphis,9,0.24755040615755117,0.24177150039553758,0.7688604976360038,Mammalia
eat_bio,0,Eubalaena glacialis,7,0.2525539240534014,0.24773353881108914,0.8899643628889385,Mammalia
eat_bio,0,Aegolius funereus,5,0.25223959186688294,0.24914570381931547,0.8499279434216411,Aves
eat_bio,0,Physeter catodon,8,0.22307559482155648,0.27149397184545365,0.6855985298902681,Mammalia
eat_bio,0,Orcinus orca,28,0.2541408065878414,0.2535580737716673,0.9413139275142849,Mammalia
eat_bio,0,Erignathus barbatus,7,0.23360093262147003,0.22641295529116753,0.8966658135366746,Mammalia
eat_bio,0,Lagenorhynchus acutus,7,0.2358417902755984,0.23590200659463995,0.8496613553731747,Mammalia
eat_bio,0,Strix uralensis,5,0.21599712990675637,0.24600607200709448,0.8928688760788787,Aves
eat_bio,0,Strix varia,6,0.2632498624886997,0.2206273084573005,0.9129515851488271,Aves
eat_bio,0,Calidris alpina,5,0.23413935583774576,0.21901096753709118,0.982643785655689,Aves
eat_bio,0,Colaptes auratus,6,0.2404296545877604,0.21000757295000141,0.9437570045566898,Aves
eat_bio,0,Dryobates pubescens,5,0.23549789956309705,0.20586325658716828,0.9263743928552985,Aves
eat_bio,0,Canis latrans,6,0.23183230605751468,0.26354447847854834,0.8290126237464721,Mammalia
eat_bio,0,Dendrocopos major,11,0.2354617020495049,0.2546495478049119,0.8624738510175274,Aves
eat_bio,0,Stenella coeruleoalba,5,0.2203014917973899,0.2530871952686161,0.8311852129157552,Mammalia
eat_bio,0,Stenella attenuata,6,0.23216591418687874,0.23777677183200055,0.807086499692893,Mammalia
eat_bio,0,Tyto alba,5,0.23392881858564468,0.24372579693544216,0.9334443240183683,Aves
eat_bio,0,Megaptera novaeangliae,10,0.23524147016235333,0.23413959171801035,0.7731154544443269,Mammalia
eat_bio,0,Picus viridis,5,0.2217488490430968,0.271529307783753,0.8781131078052841,Aves
eat_bio,0,Athene noctua,7,0.23960095333267784,0.2129988203755967,0.9161971366805189,Aves
eat_bio,0,Bubo virginianus,5,0.2871243530222616,0.24011605020981638,0.8905347076856848,Aves
eat_bio,0,Sciurus carolinensis,7,0.23145566054536812,0.2468550979318226,0.8773118096848128,Mammalia
eat_bio,0,Pseudorca crassidens,8,0.24252441185244145,0.2545187351897614,0.9235003232311624,Mammalia
eat_bio,0,Globicephala macrorhynchus,9,0.23587787177883426,0.25486750694233196,0.7457518259059932,Mammalia
eat_bio,0,Globicephala melaena,8,0.22164049984234505,0.2420718237168792,0.8480321294852611,Mammalia
eat_bio,0,Sterna paradisaea,5,0.2560676113835513,0.22001202429893663,0.9275856353190539,Aves
eat_bio,0,Strix aluco,7,0.24018377144668193,0.22730803657299864,0.9164951248972201,Aves
eat_bio,0,Balaenoptera physalus,12,0.30453515434060935,0.31706334000574143,0.7776714287047419,Mammalia
eat_bio,1,Delphinus delphis,9,5.005961550224127,1.0895746566436921,0.9162961292718765,Mammalia
eat_bio,1,Eubalaena glacialis,7,4.876486398214098,1.194201710685419,0.9178607738158231,Mammalia
eat_bio,1,Aegolius funereus,5,5.665781046319347,0.830294177691855,0.8393143609643875,Aves
eat_bio,1,Physeter catodon,8,4.467123373978444,1.2227132625534982,0.8676954828878796,Mammalia
eat_bio,1,Orcinus orca,28,4.775204969831328,1.3838772330605897,0.8858902525219341,Mammalia
eat_bio,1,Erignathus barbatus,7,5.182111433199819,1.0068582325550928,0.9561544787874046,Mammalia
eat_bio,1,Lagenorhynchus acutus,7,4.537577190022105,1.2161674493195556,0.9218525208009664,Mammalia
eat_bio,1,Strix uralensis,5,4.67545220688341,0.9524191502185978,0.8512178095062918,Aves
eat_bio,1,Strix varia,6,5.46843897795998,0.8609031921776222,0.930303707697899,Aves
eat_bio,1,Calidris alpina,5,5.17732762320539,0.9275238071060542,0.9759608762964549,Aves
eat_bio,1,Colaptes auratus,6,5.382165175422463,0.8451748123713048,0.8846733703652317,Aves
eat_bio,1,Dryobates pubescens,5,5.3167266834291995,0.8702996212758624,0.9592008641933288,Aves
eat_bio,1,Canis latrans,6,5.3186685358275785,0.8961666633826003,0.858299768468924,Mammalia
eat_bio,1,Dendrocopos major,11,5.364751641470705,0.8816116632753652,0.8864259258665925,Aves
eat_bio,1,Stenella coeruleoalba,5,4.186784392487122,1.2718489118960505,0.9227636502739885,Mammalia
eat_bio,1,Stenella attenuata,6,4.95931502390575,1.0402108036602045,0.916281855867936,Mammalia
eat_bio,1,Tyto alba,5,5.108107953860914,0.9396880572634199,0.9431587798410489,Aves
eat_bio,1,Megaptera novaeangliae,10,4.998016206016138,1.0346755806992773,0.9483491854494768,Mammalia
eat_bio,1,Picus viridis,5,5.2767182251362375,0.9649570186897917,0.9331106868043336,Aves
eat_bio,1,Athene noctua,7,5.422165324851108,0.8419165938380226,0.8636977043834976,Aves
eat_bio,1,Bubo virginianus,5,5.3325851541897045,0.9088208847981447,0.9045731604101114,Aves
eat_bio,1,Sciurus carolinensis,7,5.052315435121812,0.9259898370316607,0.8860370592275499,Mammalia
eat_bio,1,Pseudorca crassidens,8,4.780680579561707,1.3369979079155279,0.8990724985209692,Mammalia
eat_bio,1,Globicephala macrorhynchus,9,4.767067408237926,1.135153289227698,0.9126439542902666,Mammalia
eat_bio,1,Globicephala melaena,8,4.55996657713207,1.1651828388269,0.9299798151720373,Mammalia
eat_bio,1,Sterna paradisaea,5,5.8567228170271015,0.8296957301464358,0.889120768086829,Aves
eat_bio,1,Strix aluco,7,5.349687347876291,0.8612475902182823,0.8926410661277534,Aves
eat_bio,1,Balaenoptera physalus,12,5.5469201553038525,1.3603991895388499,0.7923256154432844,Mammalia
eat_bio,2,Delphinus delphis,9,21.486631304466542,2.0950274999180203,0.9015692588028215,Mammalia
eat_bio,2,Eubalaena glacialis,7,21.771971339219686,2.114827590274455,0.9176388508469111,Mammalia
eat_bio,2,Aegolius funereus,5,22.807890227123863,1.796143415635669,0.9186772361901128,Aves
eat_bio,2,Physeter catodon,8,19.903978641930813,2.3655150262567357,0.8494383654642982,Mammalia
eat_bio,2,Orcinus orca,28,21.219288968030337,2.1410674624953017,0.9000890665365172,Mammalia
eat_bio,2,Erignathus barbatus,7,22.613688297887787,1.97037323573473,0.9452087790405749,Mammalia
eat_bio,2,Lagenorhynchus acutus,7,20.724032177181336,2.1890893027900935,0.9235878890174309,Mammalia
eat_bio,2,Strix uralensis,5,21.50508853428084,2.120386367892156,0.8802767644496972,Aves
eat_bio,2,Strix varia,6,23.222622659799523,1.8020707990106748,0.9340176313262848,Aves
eat_bio,2,Calidris alpina,5,22.482501882811775,1.8896521038447973,0.9690040128522522,Aves
eat_bio,2,Colaptes auratus,6,23.029099753043447,1.8570152589276463,0.9252653359165356,Aves
eat_bio,2,Dryobates pubescens,5,22.79934007121047,1.8484116796619097,0.9631450670781271,Aves
eat_bio,2,Canis latrans,6,22.808452695856662,1.8650776487219043,0.8940408464960813,Mammalia
eat_bio,2,Dendrocopos major,11,23.017496784575865,1.8174045535374388,0.9369158024804296,Aves
eat_bio,2,Stenella coeruleoalba,5,20.727847536039636,2.2287120817897192,0.923402949248652,Mammalia
eat_bio,2,Stenella attenuata,6,21.438961158920538,2.1275423167083316,0.9050255011221906,Mammalia
eat_bio,2,Tyto alba,5,22.18108039619206,2.0047646818843856,0.9541104763512412,Aves
eat_bio,2,Megaptera novaeangliae,10,22.270517828938914,2.0002782091499385,0.9534000871702871,Mammalia
eat_bio,2,Picus viridis,5,23.020859443545795,1.8234848250511355,0.9445937573902975,Aves
eat_bio,2,Athene noctua,7,23.159862642704812,1.8157174333842967,0.9183303868845183,Aves
eat_bio,2,Bubo virginianus,5,22.35038723303067,1.8637623426549226,0.9240489862607284,Aves
eat_bio,2,Sciurus carolinensis,7,22.655948088107422,1.938506411162435,0.9217240231483128,Mammalia
eat_bio,2,Pseudorca crassidens,8,20.5565270530209,2.287400161410535,0.8784302355052059,Mammalia
eat_bio,2,Globicephala macrorhynchus,9,21.291422129915563,2.101716190090679,0.9052115951311811,Mammalia
eat_bio,2,Globicephala melaena,8,21.110274651183175,2.130253612675623,0.9346843992052164,Mammalia
eat_bio,2,Sterna paradisaea,5,23.471683684285583,1.7296929388329276,0.9101662374031481,Aves
eat_bio,2,Strix aluco,7,23.017950102765898,1.872194029046842,0.9204965651793989,Aves
eat_bio,2,Balaenoptera physalus,12,20.813958492341445,2.281439643278058,0.7713492273086611,Mammalia
eat_bio,3,Delphinus delphis,9,20.760151648489057,2.3320400392515492,0.9099010129432575,Mammalia
eat_bio,3,Eubalaena glacialis,7,20.971264235436223,2.3017851799852034,0.9105354490851008,Mammalia
eat_bio,3,Aegolius funereus,5,21.22277850625345,2.122156933988974,0.9272607020550406,Aves
eat_bio,3,Physeter catodon,8,18.888114787723133,2.5362751942054964,0.8636825788661509,Mammalia
eat_bio,3,Orcinus orca,28,19.993292015858536,2.3176241320784157,0.9019531807801255,Mammalia
eat_bio,3,Erignathus barbatus,7,21.749812272459774,2.234944665625531,0.9350200534711837,Mammalia
eat_bio,3,Lagenorhynchus acutus,7,19.785469049061994,2.429250312959952,0.9288392166717242,Mammalia
eat_bio,3,Strix uralensis,5,20.01844240553857,2.512659638854033,0.8685317240531218,Aves
eat_bio,3,Strix varia,6,21.970889322394545,2.1516730109702022,0.9501323180533509,Aves
eat_bio,3,Calidris alpina,5,21.312922001551176,2.164670848678057,0.9711868911315014,Aves
eat_bio,3,Colaptes auratus,6,22.502422863826155,2.135932703304601,0.9374650177293136,Aves
eat_bio,3,Dryobates pubescens,5,22.253308741983105,2.0989745268132647,0.9701260614851782,Aves
eat_bio,3,Canis latrans,6,21.88519658291203,2.1863004112171427,0.9196222854888447,Mammalia
eat_bio,3,Dendrocopos major,11,22.13897344818991,2.116753217428585,0.9444578663953875,Aves
eat_bio,3,Stenella coeruleoalba,5,19.824220519620052,2.4368477642387725,0.931239894664003,Mammalia
eat_bio,3,Stenella attenuata,6,20.431043332680684,2.365609619197592,0.9147560328880697,Mammalia
eat_bio,3,Tyto alba,5,21.593527647990324,2.2326889156859946,0.9542555645805979,Aves
eat_bio,3,Megaptera novaeangliae,10,21.60672067984977,2.1845225227739693,0.9546975736078787,Mammalia
eat_bio,3,Picus viridis,5,21.92903761348349,2.1467830614776546,0.9509965483917706,Aves
eat_bio,3,Athene noctua,7,22.58025589441047,2.058495730196618,0.9294198020251805,Aves
eat_bio,3,Bubo virginianus,5,21.601328502774024,2.1889441340733153,0.9423387881211955,Aves
eat_bio,3,Sciurus carolinensis,7,22.198766081467173,2.199021983765902,0.9204809959749531,Mammalia
eat_bio,3,Pseudorca crassidens,8,19.204505808122107,2.455407742454504,0.8826889390376349,Mammalia
eat_bio,3,Globicephala macrorhynchus,9,20.468024765441523,2.340376022731112,0.9153291904825498,Mammalia
eat_bio,3,Globicephala melaena,8,20.188164878903013,2.3550285906802135,0.9308677148140436,Mammalia
eat_bio,3,Sterna paradisaea,5,22.60703839041391,2.0159004104427276,0.9240216133739898,Aves
eat_bio,3,Strix aluco,7,22.212066085839407,2.1878912134466293,0.9296077496005204,Aves
eat_bio,3,Balaenoptera physalus,12,20.109058336974112,2.502042545900126,0.7775885805208069,Mammalia
eat_bio,4,Delphinus delphis,9,24.85755691969482,2.434983200262537,0.855300456361999,Mammalia
eat_bio,4,Eubalaena glacialis,7,25.42067229250784,2.302968647837797,0.8508598741731562,Mammalia
eat_bio,4,Aegolius funereus,5,26.241120485730022,2.0751425761207023,0.841187922815614,Aves
eat_bio,4,Physeter catodon,8,21.974622258269633,2.8555685705166005,0.811164434031367,Mammalia
eat_bio,4,Orcinus orca,28,24.996747527697924,2.3639421084553747,0.8380494313620513,Mammalia
eat_bio,4,Erignathus barbatus,7,26.363801231955264,2.14659237659683,0.8676563510719949,Mammalia
eat_bio,4,Lagenorhynchus acutus,7,23.221392821018984,2.664308644545503,0.8990632023132291,Mammalia
eat_bio,4,Strix uralensis,5,23.225817671551283,2.6305631070218873,0.8038483138853784,Aves
eat_bio,4,Strix varia,6,26.748028894980568,2.0227015043435292,0.9139891100254485,Aves
eat_bio,4,Calidris alpina,5,26.354583410774083,2.092296572420914,0.9374868412180246,Aves
eat_bio,4,Colaptes auratus,6,26.85271285757258,2.0201230428299772,0.8675790915664658,Aves
eat_bio,4,Dryobates pubescens,5,27.04365846370124,1.9361907654577535,0.9456464911903224,Aves
eat_bio,4,Canis latrans,6,26.580118992406053,2.073095765883912,0.8585027068840371,Mammalia
eat_bio,4,Dendrocopos major,11,26.90831992059948,1.9794785708758247,0.8856861369169045,Aves
eat_bio,4,Stenella coeruleoalba,5,23.30452766289658,2.6410211552617104,0.8860366751675742,Mammalia
eat_bio,4,Stenella attenuata,6,24.494457180552264,2.5021642898224647,0.8549973685609366,Mammalia
eat_bio,4,Tyto alba,5,26.09186206134358,2.162315231943144,0.9259230974077239,Aves
eat_bio,4,Megaptera novaeangliae,10,26.184273760088,2.131965847495072,0.903421837122314,Mammalia
eat_bio,4,Picus viridis,5,27.13632157980246,1.9721060921322957,0.9161758944986151,Aves
eat_bio,4,Athene noctua,7,27.07824933679528,1.9495837573562276,0.8744426743431928,Aves
eat_bio,4,Bubo virginianus,5,26.122503088473604,2.1211159997275613,0.8909929319177987,Aves
eat_bio,4,Sciurus carolinensis,7,26.653018302565137,2.0643460537111245,0.867750932472324,Mammalia
eat_bio,4,Pseudorca crassidens,8,24.216277194003155,2.5055955219554473,0.8333441515958643,Mammalia
eat_bio,4,Globicephala macrorhynchus,9,24.183098619678574,2.486522250577158,0.8627624640222213,Mammalia
eat_bio,4,Globicephala melaena,8,23.879009330712186,2.5354268254147105,0.8782829976073289,Mammalia
eat_bio,4,Sterna paradisaea,5,27.906193921615632,1.796436072525859,0.8694646039242592,Aves
eat_bio,4,Strix aluco,7,26.78626133445393,2.0269223509601906,0.877975912593204,Aves
eat_bio,4,Balaenoptera physalus,12,24.66508058191468,2.5645505683044796,0.6293214021419683,Mammalia
eat_bio,5,Delphinus delphis,9,33.5263615609128,2.8004007255019823,0.8588992701999736,Mammalia
eat_bio,5,Eubalaena glacialis,7,33.54720390193358,2.77211727698309,0.8473497421826881,Mammalia
eat_bio,5,Aegolius funereus,5,34.77806193738692,2.5862911991148745,0.861086866555795,Aves
eat_bio,5,Physeter catodon,8,29.599985638662492,3.365381939912361,0.7858829324734077,Mammalia
eat_bio,5,Orcinus orca,28,33.42835696097676,2.7271357739438153,0.8275187178922465,Mammalia
eat_bio,5,Erignathus barbatus,7,34.60767948963141,2.577448389513748,0.8551364282704925,Mammalia
eat_bio,5,Lagenorhynchus acutus,7,31.622161524637043,3.105563297299135,0.887095407908375,Mammalia
eat_bio,5,Strix uralensis,5,30.890247896561508,3.342524123208115,0.8001921345200517,Aves
eat_bio,5,Strix varia,6,35.55183797917543,2.5271342471973557,0.9048658257719617,Aves
eat_bio,5,Calidris alpina,5,35.36805004909071,2.498602356823439,0.9378425457052372,Aves
eat_bio,5,Colaptes auratus,6,35.70538525422552,2.476808108033554,0.8665032668896012,Aves
eat_bio,5,Dryobates pubescens,5,35.61708890412215,2.477061641820532,0.9348694439584485,Aves
eat_bio,5,Canis latrans,6,35.338398850212855,2.582351815179808,0.8675699868597905,Mammalia
eat_bio,5,Dendrocopos major,11,35.35700717607958,2.5140432528567,0.8967805433214019,Aves
eat_bio,5,Stenella coeruleoalba,5,31.937637458141083,3.070620192138772,0.8635167992502399,Mammalia
eat_bio,5,Stenella attenuata,6,32.541184782708974,2.9821633715756457,0.8346300767887787,Mammalia
eat_bio,5,Tyto alba,5,35.154169322587144,2.5829167240742796,0.924989449508837,Aves
eat_bio,5,Megaptera novaeangliae,10,34.449453920067015,2.575659775356175,0.8934901873926042,Mammalia
eat_bio,5,Picus viridis,5,35.80241230790304,2.4693859441880717,0.9162985329375467,Aves
eat_bio,5,Athene noctua,7,35.486488776861556,2.514235622037926,0.8697030221174932,Aves
eat_bio,5,Bubo virginianus,5,34.77192137123762,2.6675354783932925,0.887764687062505,Aves
eat_bio,5,Sciurus carolinensis,7,34.64427657049471,2.70800122189257,0.8737854449054852,Mammalia
eat_bio,5,Pseudorca crassidens,8,32.946634287155774,2.862949851645505,0.8259005354053824,Mammalia
eat_bio,5,Globicephala macrorhynchus,9,32.7581928869242,2.887399973053531,0.8566736922244035,Mammalia
eat_bio,5,Globicephala melaena,8,32.21111018723008,3.0108612910720725,0.8597524081903366,Mammalia
eat_bio,5,Sterna paradisaea,5,36.41380722454242,2.349889321199302,0.8725555622252927,Aves
eat_bio,5,Strix aluco,7,35.57410369771894,2.4789272175206274,0.8878268496695534,Aves
eat_bio,5,Balaenoptera physalus,12,31.594435546241353,3.1187375017732264,0.6382733155813022,Mammalia
eat_bio,6,Delphinus delphis,9,31.083225018513772,2.8015475505605747,0.8540368635413008,Mammalia
eat_bio,6,Eubalaena glacialis,7,31.173173088793607,2.739642456966385,0.8283813790824804,Mammalia
eat_bio,6,Aegolius funereus,5,31.133528074116903,2.8527571045186106,0.879146490541845,Aves
eat_bio,6,Physeter catodon,8,28.26533304545601,3.2433563247617117,0.8021395342832741,Mammalia
eat_bio,6,Orcinus orca,28,31.03771311766945,2.7050257964900393,0.8339958225787077,Mammalia
eat_bio,6,Erignathus barbatus,7,31.292093995671404,2.692475318391681,0.8345843074536967,Mammalia
eat_bio,6,Lagenorhynchus acutus,7,29.917418138309746,3.058871450721413,0.8874655945801716,Mammalia
eat_bio,6,Strix uralensis,5,27.453034574478362,3.605445135297873,0.8085412313504005,Aves
eat_bio,6,Strix varia,6,32.13426635750249,2.733369895605801,0.9144464084261718,Aves
eat_bio,6,Calidris alpina,5,32.033250621164164,2.7154058560587773,0.9471754503522969,Aves
eat_bio,6,Colaptes auratus,6,32.19286726660494,2.6816204802061216,0.8905941374476918,Aves
eat_bio,6,Dryobates pubescens,5,32.59220065229259,2.542177830524012,0.9463347421289379,Aves
eat_bio,6,Canis latrans,6,31.568590474502354,2.8288479881739335,0.8936505088400432,Mammalia
eat_bio,6,Dendrocopos major,11,32.15081840376957,2.6507723500721228,0.9167753202599178,Aves
eat_bio,6,Stenella coeruleoalba,5,29.54728461205063,3.0850069588455877,0.8666508594250597,Mammalia
eat_bio,6,Stenella attenuata,6,30.42500455699115,2.9023985860855115,0.8423561777332663,Mammalia
eat_bio,6,Tyto alba,5,31.74360983903132,2.7798976653878142,0.9352243340331035,Aves
eat_bio,6,Megaptera novaeangliae,10,32.21852408561867,2.5366040180959812,0.8782505644720002,Mammalia
eat_bio,6,Picus viridis,5,32.041298896182994,2.65891536974612,0.9282076304780269,Aves
eat_bio,6,Athene noctua,7,31.858302613170515,2.7014843931713988,0.8871229768072444,Aves
eat_bio,6,Bubo virginianus,5,31.409965675542548,2.8523385832332004,0.9060173631554165,Aves
eat_bio,6,Sciurus carolinensis,7,31.522548998178465,2.8048877387532407,0.9109275759090174,Mammalia
eat_bio,6,Pseudorca crassidens,8,30.4082632305199,2.8727739351892434,0.8326333251530443,Mammalia
eat_bio,6,Globicephala macrorhynchus,9,30.4711185816077,2.875750700073059,0.8591038047742136,Mammalia
eat_bio,6,Globicephala melaena,8,29.68410090381718,3.043246693821997,0.864172122623379,Mammalia
eat_bio,6,Sterna paradisaea,5,32.80588834899887,2.466981898718245,0.8996549638156922,Aves
eat_bio,6,Strix aluco,7,31.913908028144277,2.7420194216135765,0.9131986409438263,Aves
eat_bio,6,Balaenoptera physalus,12,28.188904713347558,3.264375358461772,0.6268177612668331,Mammalia
eat_bio,7,Delphinus delphis,9,35.629457753066454,3.371413455704176,0.8714507287823413,Mammalia
eat_bio,7,Eubalaena glacialis,7,35.66174432107055,3.355982333297945,0.8446881297422641,Mammalia
eat_bio,7,Aegolius funereus,5,37.80115238998036,3.0725982793849114,0.8807298895009507,Aves
eat_bio,7,Physeter catodon,8,32.577688894829954,3.656113015677557,0.8185450708075942,Mammalia
eat_bio,7,Orcinus orca,28,36.681737032177885,3.1777964168530324,0.8645747471601413,Mammalia
eat_bio,7,Erignathus barbatus,7,35.84049063636197,3.354124086517148,0.8275814741984532,Mammalia
eat_bio,7,Lagenorhynchus acutus,7,34.204052627828986,3.507731433854517,0.888576738507112,Mammalia
eat_bio,7,Strix uralensis,5,31.748221021903582,3.8917888112359154,0.8089673618075598,Aves
eat_bio,7,Strix varia,6,37.236429057903464,3.1209803321479686,0.9186331013638415,Aves
eat_bio,7,Calidris alpina,5,37.87580156794568,3.0266268163872985,0.9411059278862584,Aves
eat_bio,7,Colaptes auratus,6,37.93257003515892,3.046573136493282,0.8906282337442213,Aves
eat_bio,7,Dryobates pubescens,5,38.10405367693618,2.9530024684904213,0.9362231614298783,Aves
eat_bio,7,Canis latrans,6,36.98024468267542,3.1933663753821797,0.8947819272566095,Mammalia
eat_bio,7,Dendrocopos major,11,37.84714172789752,3.058143201473485,0.9170530411737482,Aves
eat_bio,7,Stenella coeruleoalba,5,33.59881798756874,3.5157540028606036,0.878974126363969,Mammalia
eat_bio,7,Stenella attenuata,6,36.44268000088747,3.235424830098889,0.8540924510872475,Mammalia
eat_bio,7,Tyto alba,5,37.51153689485158,3.0569953686509908,0.9305729326460384,Aves
eat_bio,7,Megaptera novaeangliae,10,36.901031797103634,3.2187534507255986,0.8251373557811529,Mammalia
eat_bio,7,Picus viridis,5,37.46884854671946,3.0843579942912487,0.9260759479192499,Aves
eat_bio,7,Athene noctua,7,37.90694101199802,3.0167765825067114,0.8992537628834787,Aves
eat_bio,7,Bubo virginianus,5,36.7840000913641,3.1768158522729717,0.901433681715317,Aves
eat_bio,7,Sciurus carolinensis,7,36.993518825526145,3.2122465732361163,0.9090176226199205,Mammalia
eat_bio,7,Pseudorca crassidens,8,35.50963574580266,3.3446145034341286,0.8650707570722574,Mammalia
eat_bio,7,Globicephala macrorhynchus,9,35.586064802504616,3.29179274819944,0.8733322418057298,Mammalia
eat_bio,7,Globicephala melaena,8,33.3367441187269,3.598379250010042,0.8668287478358356,Mammalia
eat_bio,7,Sterna paradisaea,5,38.94663397580795,2.9394266183765945,0.9059561873866966,Aves
eat_bio,7,Strix aluco,7,37.93197195227089,3.065801705457886,0.9171286277981188,Aves
eat_bio,7,Balaenoptera physalus,12,33.06504106901684,3.8832000043175308,0.6289731930547692,Mammalia
eat_bio,8,Delphinus delphis,9,28.975337224482363,3.1807416689732175,0.8827397182557568,Mammalia
eat_bio,8,Eubalaena glacialis,7,29.796548503998967,3.0391404765156653,0.8504213049311584,Mammalia
eat_bio,8,Aegolius funereus,5,31.08656800857653,2.807585893690538,0.8922373983683399,Aves
eat_bio,8,Physeter catodon,8,26.423924558533034,3.4322246437432025,0.8358287729531336,Mammalia
eat_bio,8,Orcinus orca,28,29.612729075956345,3.0517134606142164,0.8734428429581489,Mammalia
eat_bio,8,Erignathus barbatus,7,30.136278553559016,2.9919365306085646,0.8625620659582355,Mammalia
eat_bio,8,Lagenorhynchus acutus,7,27.883209735441245,3.223062491834799,0.896989434474176,Mammalia
eat_bio,8,Strix uralensis,5,27.526016058604263,3.2853209735185116,0.8175585137626562,Aves
eat_bio,8,Strix varia,6,30.967849616089637,2.7760896797489827,0.9088922113236487,Aves
eat_bio,8,Calidris alpina,5,30.937439050262935,2.8103048975131335,0.9470295050866637,Aves
eat_bio,8,Colaptes auratus,6,31.567753240256692,2.7356461718104343,0.8960451765722829,Aves
eat_bio,8,Dryobates pubescens,5,31.505052076043548,2.7007196818499963,0.9492351433640255,Aves
eat_bio,8,Canis latrans,6,30.8663425412558,2.8289323813193437,0.8877003178633347,Mammalia
eat_bio,8,Dendrocopos major,11,31.074916922398856,2.75718128449675,0.9109246337509321,Aves
eat_bio,8,Stenella coeruleoalba,5,27.523354336000544,3.279598954254403,0.8833057481991955,Mammalia
eat_bio,8,Stenella attenuata,6,29.967957073272967,3.0145107058298195,0.8704849806240811,Mammalia
eat_bio,8,Tyto alba,5,30.96060588035077,2.785260700626846,0.9331028226576762,Aves
eat_bio,8,Megaptera novaeangliae,10,30.88934774283061,2.884323371513073,0.8657342925368203,Mammalia
eat_bio,8,Picus viridis,5,31.30350733461791,2.754456506745518,0.9262147541255398,Aves
eat_bio,8,Athene noctua,7,31.758288067999395,2.6519091737310014,0.8992690148817867,Aves
eat_bio,8,Bubo virginianus,5,30.341121243319613,2.88635799581036,0.8998469227184172,Aves
eat_bio,8,Sciurus carolinensis,7,30.941958709581428,2.8111379146836706,0.913668917565794,Mammalia
eat_bio,8,Pseudorca crassidens,8,29.47538567019514,3.0726973540939437,0.8712957499129483,Mammalia
eat_bio,8,Globicephala macrorhynchus,9,29.01710805858119,3.0865671767429053,0.8783718849515114,Mammalia
eat_bio,8,Globicephala melaena,8,27.15017395530666,3.3308964997596653,0.884313363391058,Mammalia
eat_bio,8,Sterna paradisaea,5,32.138311934670625,2.6558384311829633,0.914379627388669,Aves
eat_bio,8,Strix aluco,7,31.006457785269102,2.790560329820338,0.9061408446089516,Aves
eat_bio,8,Balaenoptera physalus,12,28.094680160315573,3.524075370496746,0.6635403207767591,Mammalia
eat_bio,9,Delphinus delphis,9,21.17845208501057,2.701551310698786,0.8878668724250972,Mammalia
eat_bio,9,Eubalaena glacialis,7,21.74352549530978,2.613608754525258,0.861448847644862,Mammalia
eat_bio,9,Aegolius funereus,5,22.68567465135592,2.346233879822438,0.8902923856131543,Aves
eat_bio,9,Physeter catodon,8,19.12874145754959,3.002687347198165,0.842691898127005,Mammalia
eat_bio,9,Orcinus orca,28,21.261244372773948,2.681578061538447,0.8778746809450806,Mammalia
eat_bio,9,Erignathus barbatus,7,21.640670443361977,2.6257005147434875,0.8570251339295871,Mammalia
eat_bio,9,Lagenorhynchus acutus,7,20.260600055077127,2.8035287411882366,0.8992195876282162,Mammalia
eat_bio,9,Strix uralensis,5,19.911270734562805,2.7899057262855944,0.811168389197531,Aves
eat_bio,9,Strix varia,6,22.569059822024848,2.3353764493504166,0.9213928182919936,Aves
eat_bio,9,Calidris alpina,5,22.63015637883136,2.3754038938165243,0.9401419489865126,Aves
eat_bio,9,Colaptes auratus,6,22.785383536366457,2.3282189918246843,0.9091181632315463,Aves
eat_bio,9,Dryobates pubescens,5,22.733974810728462,2.286009557991296,0.9529438879907068,Aves
eat_bio,9,Canis latrans,6,22.54600551295917,2.3622400825386416,0.8903807614779892,Mammalia
eat_bio,9,Dendrocopos major,11,22.52010360149763,2.334996221649362,0.9102022412216663,Aves
eat_bio,9,Stenella coeruleoalba,5,20.314939621364026,2.8159669621473227,0.8914693139603835,Mammalia
eat_bio,9,Stenella attenuata,6,21.47875377705632,2.6615270643113984,0.8764418619849661,Mammalia
eat_bio,9,Tyto alba,5,22.344720389418093,2.4085256723788366,0.9412924538421598,Aves
eat_bio,9,Megaptera novaeangliae,10,22.447576866422793,2.468878157335387,0.8967678333899439,Mammalia
eat_bio,9,Picus viridis,5,22.52779552936559,2.366402643914645,0.9347658131122231,Aves
eat_bio,9,Athene noctua,7,23.10905948898616,2.25442827848784,0.8918697568751848,Aves
eat_bio,9,Bubo virginianus,5,22.30543561477861,2.392927490759204,0.9114528903040002,Aves
eat_bio,9,Sciurus carolinensis,7,22.376976114287817,2.3700169527076826,0.9083455649628214,Mammalia
eat_bio,9,Pseudorca crassidens,8,20.836970663234833,2.71930965001677,0.8762872056425481,Mammalia
eat_bio,9,Globicephala macrorhynchus,9,20.886244438224026,2.7122090073736302,0.8764294001539612,Mammalia
eat_bio,9,Globicephala melaena,8,19.49065761759709,2.8917825762292986,0.8897137398384077,Mammalia
eat_bio,9,Sterna paradisaea,5,22.90159026835845,2.3340941960206507,0.9133265908134182,Aves
eat_bio,9,Strix aluco,7,22.42292422360722,2.34855972944701,0.906082510135854,Aves
eat_bio,9,Balaenoptera physalus,12,20.329826264308625,2.979494742058281,0.693108894448225,Mammalia
eat_bio,10,Delphinus delphis,9,15.827115544005993,2.367875431686025,0.8792991694839029,Mammalia
eat_bio,10,Eubalaena glacialis,7,15.793124149823525,2.4207208609550634,0.8430827992199388,Mammalia
eat_bio,10,Aegolius funereus,5,17.879553117953535,1.888235385385241,0.8446715356224309,Aves
eat_bio,10,Physeter catodon,8,14.018275411713205,2.696501562414062,0.8232218570959061,Mammalia
eat_bio,10,Orcinus orca,28,15.622570633220377,2.4486694159211484,0.8584080630073363,Mammalia
eat_bio,10,Erignathus barbatus,7,16.425812258298553,2.2467217635983605,0.8495509896528346,Mammalia
eat_bio,10,Lagenorhynchus acutus,7,15.048995510477154,2.5166134589712232,0.8828532011367648,Mammalia
eat_bio,10,Strix uralensis,5,15.63079537452486,2.247052751061606,0.7243337396265362,Aves
eat_bio,10,Strix varia,6,17.41841931400011,1.8614142746262856,0.885829882392515,Aves
eat_bio,10,Calidris alpina,5,17.308950155118367,1.951917855126614,0.9314542783220167,Aves
eat_bio,10,Colaptes auratus,6,17.60396550876952,1.860880321769988,0.832361258843956,Aves
eat_bio,10,Dryobates pubescens,5,17.506506041261527,1.8444428881245263,0.9457338966005149,Aves
eat_bio,10,Canis latrans,6,17.31750002780611,1.897669919075656,0.806522677656023,Mammalia
eat_bio,10,Dendrocopos major,11,17.50710144076874,1.8327230167496584,0.8451777095410582,Aves
eat_bio,10,Stenella coeruleoalba,5,14.648230841984741,2.570016887045033,0.8707460320822418,Mammalia
eat_bio,10,Stenella attenuata,6,16.183812906344357,2.3384620678558776,0.8728852944176541,Mammalia
eat_bio,10,Tyto alba,5,17.517220386195135,1.9220247034933386,0.9213392701744675,Aves
eat_bio,10,Megaptera novaeangliae,10,16.981496675293794,2.149448281697194,0.8939064937743969,Mammalia
eat_bio,10,Picus viridis,5,17.25131335018928,1.8814045057300126,0.9086397260898345,Aves
eat_bio,10,Athene noctua,7,17.861892419940137,1.8211620891031524,0.831355260628174,Aves
eat_bio,10,Bubo virginianus,5,17.564496395347515,1.8870862142847624,0.8762484910471415,Aves
eat_bio,10,Sciurus carolinensis,7,17.116440670015844,1.8872982163031686,0.8361240199980213,Mammalia
eat_bio,10,Pseudorca crassidens,8,15.530929071617146,2.455199881399769,0.8692292111971032,Mammalia
eat_bio,10,Globicephala macrorhynchus,9,15.299806004229342,2.4878790098511385,0.8648319028285613,Mammalia
eat_bio,10,Globicephala melaena,8,14.63581728370665,2.5329397825498416,0.8748590744589833,Mammalia
eat_bio,10,Sterna paradisaea,5,17.936510155621974,1.8271566757695321,0.8775148232509992,Aves
eat_bio,10,Strix aluco,7,17.69742423575793,1.8377283237175577,0.8565321912385164,Aves
eat_bio,10,Balaenoptera physalus,12,15.902513185605846,2.4855081296319885,0.7389091578104784,Mammalia
eat_bio,11,Delphinus delphis,9,15.134280184957756,2.523638572872729,0.9010598073271682,Mammalia
eat_bio,11,Eubalaena glacialis,7,15.273054379463993,2.50860382757151,0.8597452385561845,Mammalia
eat_bio,11,Aegolius funereus,5,17.56700824279778,2.100365478238674,0.9020333312044861,Aves
eat_bio,11,Physeter catodon,8,14.190871784006495,2.6584049228519637,0.8468511477742549,Mammalia
eat_bio,11,Orcinus orca,28,15.017599869438767,2.545641330768237,0.870564168384742,Mammalia
eat_bio,11,Erignathus barbatus,7,15.662688063563358,2.3971967248294783,0.8883205967318744,Mammalia
eat_bio,11,Lagenorhynchus acutus,7,14.749734703732237,2.595742709842457,0.9047449236540107,Mammalia
eat_bio,11,Strix uralensis,5,15.70641818805069,2.505544687410678,0.8000574515844241,Aves
eat_bio,11,Strix varia,6,17.084641693358115,2.1113804299780177,0.9231954191838714,Aves
eat_bio,11,Calidris alpina,5,16.68591184149013,2.226522171493317,0.9670753474408132,Aves
eat_bio,11,Colaptes auratus,6,17.058185451155488,2.1746344176110433,0.90326165398541,Aves
eat_bio,11,Dryobates pubescens,5,17.00219671685472,2.1158716272854154,0.9649611631917485,Aves
eat_bio,11,Canis latrans,6,16.96432751469579,2.1910647658185245,0.8781844594509232,Mammalia
eat_bio,11,Dendrocopos major,11,16.983578901131022,2.1271081624557517,0.9055012902819439,Aves
eat_bio,11,Stenella coeruleoalba,5,14.558626484209476,2.622901463101277,0.8942482624848448,Mammalia
eat_bio,11,Stenella attenuata,6,15.655516469999462,2.4470338004060874,0.8970137069754309,Mammalia
eat_bio,11,Tyto alba,5,16.936180709363377,2.188969445598004,0.9446680356982157,Aves
eat_bio,11,Megaptera novaeangliae,10,16.310825969531557,2.2886353693409713,0.9230327674739826,Mammalia
eat_bio,11,Picus viridis,5,16.749476793169425,2.16915208581214,0.9545503391180324,Aves
eat_bio,11,Athene noctua,7,17.392599376582144,2.115646001698399,0.8812835047718343,Aves
eat_bio,11,Bubo virginianus,5,17.089796110753536,2.1761548430004014,0.9168390414779358,Aves
eat_bio,11,Sciurus carolinensis,7,16.80027036264777,2.176449292128139,0.9023647994005757,Mammalia
eat_bio,11,Pseudorca crassidens,8,15.409895125201105,2.442663074590319,0.8734579074616804,Mammalia
eat_bio,11,Globicephala macrorhynchus,9,14.953361427509751,2.550915597661566,0.8839142887156607,Mammalia
eat_bio,11,Globicephala melaena,8,14.210438810842067,2.6634008526409088,0.9025216853287744,Mammalia
eat_bio,11,Sterna paradisaea,5,17.092886493301076,2.0995954881774086,0.9194366618670784,Aves
eat_bio,11,Strix aluco,7,17.032196736703096,2.1397617185149755,0.8920755789339301,Aves
eat_bio,11,Balaenoptera physalus,12,15.21108262817017,2.547225839527103,0.803346892169483,Mammalia
eat_bio,12,Delphinus delphis,9,11.339034278330674,4.009933738548032,0.9851311693777006,Mammalia
eat_bio,12,Eubalaena glacialis,7,13.520659705345976,4.2543344158728535,0.9762688264398852,Mammalia
eat_bio,12,Aegolius funereus,5,13.32272113804146,3.5724432403389077,0.9860567053472906,Aves
eat_bio,12,Physeter catodon,8,10.042743853677631,3.8650046830735927,0.963121404030466,Mammalia
eat_bio,12,Orcinus orca,28,12.371717432855679,4.107025335889958,0.9764239610185055,Mammalia
eat_bio,12,Erignathus barbatus,7,11.524482793691142,3.9982805334264104,0.9834909459443321,Mammalia
eat_bio,12,Lagenorhynchus acutus,7,10.949379539023754,3.9074606667267013,0.9782965470410082,Mammalia
eat_bio,12,Strix uralensis,5,9.808000741607271,3.0674214662832053,0.9689148784032414,Aves
eat_bio,12,Strix varia,6,11.302456757835134,3.4135843661420906,0.9874354644426334,Aves
eat_bio,12,Calidris alpina,5,12.54453365127748,3.6471112495574523,0.9936355715503495,Aves
eat_bio,12,Colaptes auratus,6,11.976314097514665,3.50176594216039,0.9836985302172744,Aves
eat_bio,12,Dryobates pubescens,5,11.881588958458858,3.7485694159679395,0.9945131235197046,Aves
eat_bio,12,Canis latrans,6,12.712332012744268,3.6696635554173374,0.9759380384468783,Mammalia
eat_bio,12,Dendrocopos major,11,12.334655845863583,3.63428460780897,0.9850574001465776,Aves
eat_bio,12,Stenella coeruleoalba,5,11.544836665406631,4.16998748430048,0.9762583718998855,Mammalia
eat_bio,12,Stenella attenuata,6,11.474379201377356,3.8942528850255402,0.9820749931958224,Mammalia
eat_bio,12,Tyto alba,5,13.939429498152025,3.9868918165044955,0.9918894730531094,Aves
eat_bio,12,Megaptera novaeangliae,10,13.569368168740912,4.0389999794527665,0.9895056155456362,Mammalia
eat_bio,12,Picus viridis,5,12.80429388290021,3.6938467713067498,0.9913492009221312,Aves
eat_bio,12,Athene noctua,7,13.401782728713359,3.6043411101892304,0.9802046378247239,Aves
eat_bio,12,Bubo virginianus,5,11.929365207492534,3.4248333734898857,0.9862147945286948,Aves
eat_bio,12,Sciurus carolinensis,7,12.78089621280696,3.7474623760275447,0.982469046430933,Mammalia
eat_bio,12,Pseudorca crassidens,8,11.678070770484542,3.884862825736377,0.9753118307501303,Mammalia
eat_bio,12,Globicephala macrorhynchus,9,11.722068552330756,3.9489237696733217,0.9788225657476306,Mammalia
eat_bio,12,Globicephala melaena,8,9.64425450704211,3.729960586199212,0.9776932625246811,Mammalia
eat_bio,12,Sterna paradisaea,5,13.830049780852974,3.9908927314368006,0.9851841575890138,Aves
eat_bio,12,Strix aluco,7,12.502397926726745,3.588542753159164,0.9842467463169446,Aves
eat_bio,12,Balaenoptera physalus,12,13.05073248497112,3.940997513192239,0.9541518546285117,Mammalia
sl_eat_all_ssl_all,0,Delphinus delphis,9,1.1436321973197385,0.300429051186041,0.5531160221131001,Mammalia
sl_eat_all_ssl_all,0,Eubalaena glacialis,7,1.0409333530390843,0.3692888332954712,0.8252425547796836,Mammalia
sl_eat_all_ssl_all,0,Aegolius funereus,5,0.9545237193557286,0.43441389451777235,0.8738402970608004,Aves
sl_eat_all_ssl_all,0,Physeter catodon,8,1.0302618305361249,0.36433944665794593,0.3860622844404837,Mammalia
sl_eat_all_ssl_all,0,Orcinus orca,28,1.0753998061292493,0.4141714571923213,0.9497793096046517,Mammalia
sl_eat_all_ssl_all,0,Erignathus barbatus,7,0.9712484462815211,0.3107811503343358,0.8335326457696416,Mammalia
sl_eat_all_ssl_all,0,Lagenorhynchus acutus,7,1.0311784779485516,0.32017294492360526,0.7341668505228315,Mammalia
sl_eat_all_ssl_all,0,Strix uralensis,5,0.777201030801551,0.45040509428511544,0.8961889705556463,Aves
sl_eat_all_ssl_all,0,Strix varia,6,0.9941165518013607,0.3629355812839578,0.9100847621271609,Aves
sl_eat_all_ssl_all,0,Calidris alpina,5,0.9387790501450266,0.35469906499644643,0.9775445570687907,Aves
sl_eat_all_ssl_all,0,Colaptes auratus,6,0.9703083549936885,0.33409930763107737,0.9242625887687067,Aves
sl_eat_all_ssl_all,0,Dryobates pubescens,5,1.0050064255948326,0.26313576266425226,0.8958519454444498,Aves
sl_eat_all_ssl_all,0,Canis latrans,6,0.8583572798980924,0.4791962743058612,0.866883030555959,Mammalia
sl_eat_all_ssl_all,0,Dendrocopos major,11,0.9347259169694123,0.46365977732834773,0.8827359435217366,Aves
sl_eat_all_ssl_all,0,Stenella coeruleoalba,5,0.9616193353683535,0.35540366761221476,0.7492435405621212,Mammalia
sl_eat_all_ssl_all,0,Stenella attenuata,6,1.0430366047184527,0.29694946319106835,0.5941689216958094,Mammalia
sl_eat_all_ssl_all,0,Tyto alba,5,0.8835965774809885,0.4535689716972732,0.937764578333482,Aves
sl_eat_all_ssl_all,0,Megaptera novaeangliae,10,1.0417336249442277,0.2835614153648499,0.5369964385308084,Mammalia
sl_eat_all_ssl_all,0,Picus viridis,5,0.8515795998103581,0.5076243754572665,0.91637436261117,Aves
sl_eat_all_ssl_all,0,Athene noctua,7,0.9957743022033955,0.3109567862428355,0.8933787375067218,Aves
sl_eat_all_ssl_all,0,Bubo virginianus,5,1.057492483747257,0.4325974127692586,0.8973642735281572,Aves
sl_eat_all_ssl_all,0,Sciurus carolinensis,7,0.8590110853534273,0.4538934909173068,0.884051269672464,Mammalia
sl_eat_all_ssl_all,0,Pseudorca crassidens,8,1.0063710083270365,0.4256379371784738,0.931339971494412,Mammalia
sl_eat_all_ssl_all,0,Globicephala macrorhynchus,9,1.0630078375704015,0.32533494874959334,0.5000144922402813,Mammalia
sl_eat_all_ssl_all,0,Globicephala melaena,8,1.0247993126337374,0.3291379747947462,0.7223732977600371,Mammalia
sl_eat_all_ssl_all,0,Sterna paradisaea,5,1.078940638214882,0.3750421949158747,0.9173823823053331,Aves
sl_eat_all_ssl_all,0,Strix aluco,7,0.9443252400930913,0.39532265432617486,0.9098969095673531,Aves
sl_eat_all_ssl_all,0,Balaenoptera physalus,12,1.053527549959697,0.5950629317980461,0.8685085536955763,Mammalia
sl_eat_all_ssl_all,1,Delphinus delphis,9,28.337013296941038,2.172132743630594,0.9028309382736073,Mammalia
sl_eat_all_ssl_all,1,Eubalaena glacialis,7,26.54685917919981,2.6502008287318195,0.9401017710554973,Mammalia
sl_eat_all_ssl_all,1,Aegolius funereus,5,27.690047497951113,2.005353354756598,0.941953025156611,Aves
sl_eat_all_ssl_all,1,Physeter catodon,8,26.281131986631973,2.4174892018574288,0.8733687256193524,Mammalia
sl_eat_all_ssl_all,1,Orcinus orca,28,25.045586305968236,2.986155338124162,0.9348352097603777,Mammalia
sl_eat_all_ssl_all,1,Erignathus barbatus,7,28.339507504653973,2.2660228248130125,0.9620334613236218,Mammalia
sl_eat_all_ssl_all,1,Lagenorhynchus acutus,7,25.98993464312045,2.5676575670884563,0.9559982790350815,Mammalia
sl_eat_all_ssl_all,1,Strix uralensis,5,25.770940011511588,2.128718786395033,0.8707908997486319,Aves
sl_eat_all_ssl_all,1,Strix varia,6,28.218700513094234,1.9273431283881814,0.9462883451223524,Aves
sl_eat_all_ssl_all,1,Calidris alpina,5,27.201486062032014,2.2907075737277376,0.9847933664919225,Aves
sl_eat_all_ssl_all,1,Colaptes auratus,6,28.895200710777033,1.8546923841543403,0.9266997748497454,Aves
sl_eat_all_ssl_all,1,Dryobates pubescens,5,29.024853966695442,1.8829881015725722,0.9671850362396162,Aves
sl_eat_all_ssl_all,1,Canis latrans,6,27.01586609282816,2.0933555592465174,0.9002662045234767,Mammalia
sl_eat_all_ssl_all,1,Dendrocopos major,11,27.488411817683954,2.090352673400638,0.9373747020964918,Aves
sl_eat_all_ssl_all,1,Stenella coeruleoalba,5,25.39635120430181,2.69225993919016,0.9579229281048005,Mammalia
sl_eat_all_ssl_all,1,Stenella attenuata,6,27.514517923331585,2.1873062392280342,0.9201282735923064,Mammalia
sl_eat_all_ssl_all,1,Tyto alba,5,26.958319865885052,2.2416603755376765,0.9696689798554352,Aves
sl_eat_all_ssl_all,1,Megaptera novaeangliae,10,28.38141157544363,2.082420593159559,0.9524790945245196,Mammalia
sl_eat_all_ssl_all,1,Picus viridis,5,26.93394271359646,2.3509738979889523,0.9662121240662885,Aves
sl_eat_all_ssl_all,1,Athene noctua,7,28.508395797510715,1.7886399005261768,0.9016632769288866,Aves
sl_eat_all_ssl_all,1,Bubo virginianus,5,26.572055956508777,2.2265667415037966,0.9376768957422813,Aves
sl_eat_all_ssl_all,1,Sciurus carolinensis,7,26.832038946053206,2.125983170885445,0.9212762215133823,Mammalia
sl_eat_all_ssl_all,1,Pseudorca crassidens,8,24.06155047764355,3.0667678497793625,0.9346326845453132,Mammalia
sl_eat_all_ssl_all,1,Globicephala macrorhynchus,9,27.57509877158519,2.256687020259152,0.9250547648402743,Mammalia
sl_eat_all_ssl_all,1,Globicephala melaena,8,26.994677792187108,2.4584427056371614,0.9510647678263969,Mammalia
sl_eat_all_ssl_all,1,Sterna paradisaea,5,29.01614268446947,1.9183882596565138,0.9439293611833154,Aves
sl_eat_all_ssl_all,1,Strix aluco,7,28.53511634817407,1.9539006931517071,0.9427622405277898,Aves
sl_eat_all_ssl_all,1,Balaenoptera physalus,12,24.944023904456035,3.0904844954393464,0.8908900796744422,Mammalia
sl_eat_all_ssl_all,2,Delphinus delphis,9,33.4967319383833,2.525298050694579,0.8839604861268724,Mammalia
sl_eat_all_ssl_all,2,Eubalaena glacialis,7,32.550476346931994,2.637932611132976,0.9099944178741513,Mammalia
sl_eat_all_ssl_all,2,Aegolius funereus,5,32.827933973449255,2.1339762766557646,0.923186076256783,Aves
sl_eat_all_ssl_all,2,Physeter catodon,8,30.578013048465227,2.704564805030651,0.870194943202671,Mammalia
sl_eat_all_ssl_all,2,Orcinus orca,28,30.439859662550486,2.9283196593427396,0.9007793236089873,Mammalia
sl_eat_all_ssl_all,2,Erignathus barbatus,7,34.48434857788481,2.303666750748059,0.931118037204638,Mammalia
sl_eat_all_ssl_all,2,Lagenorhynchus acutus,7,29.913509439807342,2.875532583212849,0.936826633712885,Mammalia
sl_eat_all_ssl_all,2,Strix uralensis,5,29.27319713762938,2.5957873946165617,0.8510686283831469,Aves
sl_eat_all_ssl_all,2,Strix varia,6,34.0671931276609,2.0894432653366795,0.9391275966316963,Aves
sl_eat_all_ssl_all,2,Calidris alpina,5,32.12551127557308,2.4525114511590393,0.9764412983022315,Aves
sl_eat_all_ssl_all,2,Colaptes auratus,6,33.97828921717464,2.0162881555708276,0.8673693846298771,Aves
sl_eat_all_ssl_all,2,Dryobates pubescens,5,34.42901394875008,1.9978409644636301,0.9362131346987471,Aves
sl_eat_all_ssl_all,2,Canis latrans,6,33.942716268486805,2.0885709715279783,0.8878390582948106,Mammalia
sl_eat_all_ssl_all,2,Dendrocopos major,11,33.90010689105315,2.15722441525194,0.9335691720639725,Aves
sl_eat_all_ssl_all,2,Stenella coeruleoalba,5,30.36757664922397,2.9928601074645775,0.9386858012365205,Mammalia
sl_eat_all_ssl_all,2,Stenella attenuata,6,32.33937355292699,2.5948475198592917,0.9002497914358759,Mammalia
sl_eat_all_ssl_all,2,Tyto alba,5,30.90592865652817,2.611849169697315,0.9646457241253059,Aves
sl_eat_all_ssl_all,2,Megaptera novaeangliae,10,34.35560394825701,2.2706297997333547,0.9443051780284941,Mammalia
sl_eat_all_ssl_all,2,Picus viridis,5,34.47830670806249,2.1849784956714875,0.9543942587493695,Aves
sl_eat_all_ssl_all,2,Athene noctua,7,33.66604075769799,1.9961104965593879,0.8729478481366284,Aves
sl_eat_all_ssl_all,2,Bubo virginianus,5,32.61682586911371,2.1873703887955624,0.9135401126865991,Aves
sl_eat_all_ssl_all,2,Sciurus carolinensis,7,33.20151854489399,2.1784766245746687,0.9002342869707282,Mammalia
sl_eat_all_ssl_all,2,Pseudorca crassidens,8,28.726541575574707,3.2334708204315246,0.9146326796764939,Mammalia
sl_eat_all_ssl_all,2,Globicephala macrorhynchus,9,33.28254056600396,2.404485446411273,0.9137203175864885,Mammalia
sl_eat_all_ssl_all,2,Globicephala melaena,8,31.944627379671232,2.769953108993482,0.9336370370763077,Mammalia
sl_eat_all_ssl_all,2,Sterna paradisaea,5,35.80814981067492,1.8590288181908574,0.9198213113338912,Aves
sl_eat_all_ssl_all,2,Strix aluco,7,33.99984228398306,2.0785984319997803,0.8970092128163548,Aves
sl_eat_all_ssl_all,2,Balaenoptera physalus,12,30.12230479693569,3.142914464445987,0.8136872058030619,Mammalia
sl_eat_all_ssl_all,3,Delphinus delphis,9,30.887414833873333,2.5960760949595985,0.8523401099654955,Mammalia
sl_eat_all_ssl_all,3,Eubalaena glacialis,7,31.088001408792444,2.6346507727587007,0.8660033744372524,Mammalia
sl_eat_all_ssl_all,3,Aegolius funereus,5,31.20399355057966,2.036535243085799,0.8716006480656635,Aves
sl_eat_all_ssl_all,3,Physeter catodon,8,27.946907107246272,2.7305697974848986,0.8641062836946953,Mammalia
sl_eat_all_ssl_all,3,Orcinus orca,28,29.40768717246382,2.7683691447325702,0.8596784092344801,Mammalia
sl_eat_all_ssl_all,3,Erignathus barbatus,7,33.17176931480983,2.2625316584166537,0.8908291598618296,Mammalia
sl_eat_all_ssl_all,3,Lagenorhynchus acutus,7,27.68858503819332,2.8177777551008667,0.9165700498230238,Mammalia
sl_eat_all_ssl_all,3,Strix uralensis,5,27.28666632989669,2.6008778801383516,0.7280510534624689,Aves
sl_eat_all_ssl_all,3,Strix varia,6,32.18223190172732,2.075711538542957,0.90069441687787,Aves
sl_eat_all_ssl_all,3,Calidris alpina,5,31.383005274190797,2.171594584363148,0.9670664418733813,Aves
sl_eat_all_ssl_all,3,Colaptes auratus,6,33.50309508386622,1.9092296100731803,0.7786973279603678,Aves
sl_eat_all_ssl_all,3,Dryobates pubescens,5,33.844673507224265,1.7597129002714629,0.9223509327110352,Aves
sl_eat_all_ssl_all,3,Canis latrans,6,32.76739119108488,1.993853976375988,0.8215349040058592,Mammalia
sl_eat_all_ssl_all,3,Dendrocopos major,11,32.694105283247985,1.9218050433717366,0.8791946681370226,Aves
sl_eat_all_ssl_all,3,Stenella coeruleoalba,5,28.917574964061245,2.8345624063805466,0.9237036092091313,Mammalia
sl_eat_all_ssl_all,3,Stenella attenuata,6,30.41432839963716,2.5350969480300027,0.898552530579154,Mammalia
sl_eat_all_ssl_all,3,Tyto alba,5,30.823840565050407,2.2373696585999516,0.9372985269777035,Aves
sl_eat_all_ssl_all,3,Megaptera novaeangliae,10,33.133626823284395,2.158291219023586,0.9099837439256822,Mammalia
sl_eat_all_ssl_all,3,Picus viridis,5,33.00531241142361,2.026944390207103,0.9327181715722478,Aves
sl_eat_all_ssl_all,3,Athene noctua,7,33.49184052849609,1.8059234068114125,0.75927208170918,Aves
sl_eat_all_ssl_all,3,Bubo virginianus,5,31.67742446138554,2.0994110104524806,0.8734471317858128,Aves
sl_eat_all_ssl_all,3,Sciurus carolinensis,7,32.75210548154709,1.9046009386127793,0.7713218520346701,Mammalia
sl_eat_all_ssl_all,3,Pseudorca crassidens,8,27.652571902776057,2.990961588614352,0.877981808954765,Mammalia
sl_eat_all_ssl_all,3,Globicephala macrorhynchus,9,30.750590843795237,2.4752032108201845,0.8588667983883732,Mammalia
sl_eat_all_ssl_all,3,Globicephala melaena,8,29.480648879670408,2.7553746285559515,0.8915889372326998,Mammalia
sl_eat_all_ssl_all,3,Sterna paradisaea,5,35.06280281035377,1.626647384692483,0.8688155480449498,Aves
sl_eat_all_ssl_all,3,Strix aluco,7,33.29548424096696,1.94989694575016,0.8328901674792686,Aves
sl_eat_all_ssl_all,3,Balaenoptera physalus,12,29.153949383871876,3.159442703257111,0.7608238494700625,Mammalia
sl_eat_all_ssl_all,4,Delphinus delphis,9,58.714486593700016,3.884408872555638,0.8526611650430511,Mammalia
sl_eat_all_ssl_all,4,Eubalaena glacialis,7,57.72146478674869,3.836842326707826,0.8496944554660496,Mammalia
sl_eat_all_ssl_all,4,Aegolius funereus,5,63.14595146425827,2.8149640648918552,0.812220333413449,Aves
sl_eat_all_ssl_all,4,Physeter catodon,8,55.42460553373959,4.136571284842497,0.8554865265320014,Mammalia
sl_eat_all_ssl_all,4,Orcinus orca,28,55.44847868193145,4.121079406246303,0.8513721109328009,Mammalia
sl_eat_all_ssl_all,4,Erignathus barbatus,7,60.688669547009184,3.5116504151769785,0.8604909392367639,Mammalia
sl_eat_all_ssl_all,4,Lagenorhynchus acutus,7,55.08044025815982,4.268117692205797,0.9155937291353664,Mammalia
sl_eat_all_ssl_all,4,Strix uralensis,5,57.24477460629529,3.7274618756601523,0.5937559927125722,Aves
sl_eat_all_ssl_all,4,Strix varia,6,63.79160280884588,2.8121843624698757,0.8619872682235225,Aves
sl_eat_all_ssl_all,4,Calidris alpina,5,62.653917773119204,3.07277231339583,0.9466828220201992,Aves
sl_eat_all_ssl_all,4,Colaptes auratus,6,65.0871265291716,2.6473423056907124,0.7245269589606556,Aves
sl_eat_all_ssl_all,4,Dryobates pubescens,5,65.97448768098403,2.408723998783575,0.9055346349845079,Aves
sl_eat_all_ssl_all,4,Canis latrans,6,65.0541049623611,2.6706280843894974,0.715784505551615,Mammalia
sl_eat_all_ssl_all,4,Dendrocopos major,11,64.76801394675927,2.503238835157865,0.8288806624059465,Aves
sl_eat_all_ssl_all,4,Stenella coeruleoalba,5,53.724373188339264,4.369886166412594,0.9006003545379349,Mammalia
sl_eat_all_ssl_all,4,Stenella attenuata,6,59.41558635956076,3.792104758809534,0.8786995100581991,Mammalia
sl_eat_all_ssl_all,4,Tyto alba,5,62.17228363755561,3.1517202044044255,0.9188182284177482,Aves
sl_eat_all_ssl_all,4,Megaptera novaeangliae,10,62.60140883538616,3.113121562321636,0.8989055346487318,Mammalia
sl_eat_all_ssl_all,4,Picus viridis,5,66.06278998848256,2.527468185718378,0.9239935015424282,Aves
sl_eat_all_ssl_all,4,Athene noctua,7,64.5509024700772,2.6339457934701946,0.6903026795681855,Aves
sl_eat_all_ssl_all,4,Bubo virginianus,5,63.286258424001645,2.9424992324790837,0.8149255005480964,Aves
sl_eat_all_ssl_all,4,Sciurus carolinensis,7,65.16332854335135,2.5080747690280893,0.722885716078074,Mammalia
sl_eat_all_ssl_all,4,Pseudorca crassidens,8,53.46377357448526,4.422636973416985,0.8780196827141294,Mammalia
sl_eat_all_ssl_all,4,Globicephala macrorhynchus,9,57.47223901214653,3.8580238769851496,0.8665109039879508,Mammalia
sl_eat_all_ssl_all,4,Globicephala melaena,8,54.39061784199832,4.172153856578404,0.8852767021909922,Mammalia
sl_eat_all_ssl_all,4,Sterna paradisaea,5,66.44031091295521,2.353644061382812,0.8544479200196756,Aves
sl_eat_all_ssl_all,4,Strix aluco,7,65.2487028298505,2.5412863058098156,0.8102172109266199,Aves
sl_eat_all_ssl_all,4,Balaenoptera physalus,12,52.819618438511434,4.5396298860905935,0.7275936950038031,Mammalia
sl_eat_all_ssl_all,5,Delphinus delphis,9,58.07543339838086,4.051484197700425,0.8458455182941682,Mammalia
sl_eat_all_ssl_all,5,Eubalaena glacialis,7,58.427503425320154,3.9202313119713956,0.8514256392190819,Mammalia
sl_eat_all_ssl_all,5,Aegolius funereus,5,66.08643975252089,2.7847159907675056,0.775097466237757,Aves
sl_eat_all_ssl_all,5,Physeter catodon,8,54.95200392135079,4.267852843117804,0.8413619948112816,Mammalia
sl_eat_all_ssl_all,5,Orcinus orca,28,56.8292814647318,4.17755320982348,0.8443211859407151,Mammalia
sl_eat_all_ssl_all,5,Erignathus barbatus,7,60.19551823721649,3.725504337238337,0.8611162071209112,Mammalia
sl_eat_all_ssl_all,5,Lagenorhynchus acutus,7,54.52114671360144,4.41797162051959,0.9086445507692933,Mammalia
sl_eat_all_ssl_all,5,Strix uralensis,5,59.68961056385824,4.012718790160185,0.5821584816428286,Aves
sl_eat_all_ssl_all,5,Strix varia,6,67.9174361807593,2.814070225871925,0.8307006236742234,Aves
sl_eat_all_ssl_all,5,Calidris alpina,5,65.93889403009267,3.0805102592860782,0.9298344199296786,Aves
sl_eat_all_ssl_all,5,Colaptes auratus,6,68.51082748701398,2.5997128675939685,0.6843502491793853,Aves
sl_eat_all_ssl_all,5,Dryobates pubescens,5,68.50685350423053,2.4612940542149655,0.8667594762068607,Aves
sl_eat_all_ssl_all,5,Canis latrans,6,67.79126521968368,2.721529108537037,0.6399223917312359,Mammalia
sl_eat_all_ssl_all,5,Dendrocopos major,11,67.47636014599523,2.619591652428823,0.7795465094178673,Aves
sl_eat_all_ssl_all,5,Stenella coeruleoalba,5,54.13944563979971,4.510970106168263,0.8796048490245759,Mammalia
sl_eat_all_ssl_all,5,Stenella attenuata,6,59.45905466134148,3.857279364291299,0.8480631300617106,Mammalia
sl_eat_all_ssl_all,5,Tyto alba,5,66.16122791582251,3.034142983283673,0.893723237602479,Aves
sl_eat_all_ssl_all,5,Megaptera novaeangliae,10,62.834537539795754,3.3096397616461304,0.8676677143012784,Mammalia
sl_eat_all_ssl_all,5,Picus viridis,5,67.25422229211202,2.58114597688817,0.8754915147960315,Aves
sl_eat_all_ssl_all,5,Athene noctua,7,66.81983647319404,2.558598382762652,0.6086042255982133,Aves
sl_eat_all_ssl_all,5,Bubo virginianus,5,64.92799203055112,3.122181871058283,0.7639614075472745,Aves
sl_eat_all_ssl_all,5,Sciurus carolinensis,7,66.59247568026124,2.663939896194574,0.6691702103507482,Mammalia
sl_eat_all_ssl_all,5,Pseudorca crassidens,8,55.707532138480154,4.364389891041781,0.8553312750740142,Mammalia
sl_eat_all_ssl_all,5,Globicephala macrorhynchus,9,57.08599535555707,4.057622923801168,0.8472018496712898,Mammalia
sl_eat_all_ssl_all,5,Globicephala melaena,8,53.4869687913571,4.610986160189513,0.8772179537061897,Mammalia
sl_eat_all_ssl_all,5,Sterna paradisaea,5,68.52200997382431,2.430485432189942,0.7941605800099866,Aves
sl_eat_all_ssl_all,5,Strix aluco,7,69.0143007788477,2.5251296560180645,0.7633991145967685,Aves
sl_eat_all_ssl_all,5,Balaenoptera physalus,12,50.078298123585775,4.776674521392059,0.7152362996407993,Mammalia
sl_eat_all_ssl_all,6,Delphinus delphis,9,51.4724176295474,4.0175823939576585,0.836690653544756,Mammalia
sl_eat_all_ssl_all,6,Eubalaena glacialis,7,52.543892384022215,3.8031396693925545,0.8500107038691549,Mammalia
sl_eat_all_ssl_all,6,Aegolius funereus,5,57.67604277009259,2.8582140352387015,0.7705386531870716,Aves
sl_eat_all_ssl_all,6,Physeter catodon,8,50.971007638522366,4.108052339073673,0.8425796411012272,Mammalia
sl_eat_all_ssl_all,6,Orcinus orca,28,51.19155446539446,4.101197569691995,0.8502751453253965,Mammalia
sl_eat_all_ssl_all,6,Erignathus barbatus,7,51.42525958839777,3.8810355896764026,0.8278215637992127,Mammalia
sl_eat_all_ssl_all,6,Lagenorhynchus acutus,7,49.3131099962622,4.327293276831033,0.9043706963708469,Mammalia
sl_eat_all_ssl_all,6,Strix uralensis,5,51.9886349200738,3.8926977735973542,0.5868084454270718,Aves
sl_eat_all_ssl_all,6,Strix varia,6,59.85787784490624,2.7946823905139513,0.8251697099530714,Aves
sl_eat_all_ssl_all,6,Calidris alpina,5,57.1199623644803,3.1276379737379365,0.9225796179074287,Aves
sl_eat_all_ssl_all,6,Colaptes auratus,6,59.90818525754905,2.5380213725123957,0.6812501635787483,Aves
sl_eat_all_ssl_all,6,Dryobates pubescens,5,60.723084289830645,2.367602752709767,0.8596559357603659,Aves
sl_eat_all_ssl_all,6,Canis latrans,6,59.39609846850658,2.829688578994247,0.6666964772018208,Mammalia
sl_eat_all_ssl_all,6,Dendrocopos major,11,59.88214300011369,2.58559012919936,0.7785365430528001,Aves
sl_eat_all_ssl_all,6,Stenella coeruleoalba,5,48.98456916774186,4.424510249934192,0.8791873730626071,Mammalia
sl_eat_all_ssl_all,6,Stenella attenuata,6,52.81787271024385,3.863910409335013,0.8348103879887014,Mammalia
sl_eat_all_ssl_all,6,Tyto alba,5,57.52722214175772,3.0703978370215763,0.8838567653302434,Aves
sl_eat_all_ssl_all,6,Megaptera novaeangliae,10,56.3790764358446,3.293866816736461,0.8495931218674446,Mammalia
sl_eat_all_ssl_all,6,Picus viridis,5,58.92351758392177,2.6536332582424724,0.8827527838496527,Aves
sl_eat_all_ssl_all,6,Athene noctua,7,58.45240998629549,2.5771268992276775,0.6422138142149659,Aves
sl_eat_all_ssl_all,6,Bubo virginianus,5,56.485361431045824,3.11306643596762,0.7657434621438844,Aves
sl_eat_all_ssl_all,6,Sciurus carolinensis,7,58.701586533829726,2.683985602866228,0.7175286261125899,Mammalia
sl_eat_all_ssl_all,6,Pseudorca crassidens,8,50.09929885912026,4.329939784830979,0.8359327947956998,Mammalia
sl_eat_all_ssl_all,6,Globicephala macrorhynchus,9,49.762126346999025,4.143706262887009,0.8581525648981375,Mammalia
sl_eat_all_ssl_all,6,Globicephala melaena,8,44.42701979495418,4.769249940108787,0.8512971984234883,Mammalia
sl_eat_all_ssl_all,6,Sterna paradisaea,5,60.33484637175307,2.258998548762375,0.7881868743333412,Aves
sl_eat_all_ssl_all,6,Strix aluco,7,59.70974526477893,2.649434136231338,0.77583538276204,Aves
sl_eat_all_ssl_all,6,Balaenoptera physalus,12,43.4525008583817,4.851826522248314,0.7202255877195934,Mammalia
sl_eat_all_ssl_all,7,Delphinus delphis,9,57.95376058766352,4.709089640201572,0.8060609037491404,Mammalia
sl_eat_all_ssl_all,7,Eubalaena glacialis,7,60.89809323367004,4.348908853624212,0.8405343517742186,Mammalia
sl_eat_all_ssl_all,7,Aegolius funereus,5,65.67952524322918,3.2853228352868613,0.7797967884200403,Aves
sl_eat_all_ssl_all,7,Physeter catodon,8,56.89399158835536,4.697734569334816,0.8324496522935643,Mammalia
sl_eat_all_ssl_all,7,Orcinus orca,28,59.17856428634727,4.459385856547631,0.8456321123804048,Mammalia
sl_eat_all_ssl_all,7,Erignathus barbatus,7,59.86856968062059,4.373611252747163,0.8265514667014239,Mammalia
sl_eat_all_ssl_all,7,Lagenorhynchus acutus,7,56.96388931574513,4.875816047434812,0.8917923330948504,Mammalia
sl_eat_all_ssl_all,7,Strix uralensis,5,57.476186108399354,4.561136175048451,0.6709417743492659,Aves
sl_eat_all_ssl_all,7,Strix varia,6,66.17375514917114,3.4320709209457347,0.8413303513575903,Aves
sl_eat_all_ssl_all,7,Calidris alpina,5,64.9695233934973,3.599854405225835,0.8995635651006478,Aves
sl_eat_all_ssl_all,7,Colaptes auratus,6,67.83639727987483,3.364686474614815,0.6832334417526518,Aves
sl_eat_all_ssl_all,7,Dryobates pubescens,5,70.76280942122429,2.9823012863990273,0.8151278727471329,Aves
sl_eat_all_ssl_all,7,Canis latrans,6,65.09708639870973,3.469915182270075,0.7025642380133084,Mammalia
sl_eat_all_ssl_all,7,Dendrocopos major,11,67.28107197279937,3.1608995185390856,0.7996134433885687,Aves
sl_eat_all_ssl_all,7,Stenella coeruleoalba,5,56.84932254843893,4.876865599778539,0.8845470006834286,Mammalia
sl_eat_all_ssl_all,7,Stenella attenuata,6,59.78550951789925,4.279848991544964,0.8178666759929004,Mammalia
sl_eat_all_ssl_all,7,Tyto alba,5,64.92268202601673,3.432736549661155,0.880137985707773,Aves
sl_eat_all_ssl_all,7,Megaptera novaeangliae,10,63.596829852497294,3.959804810052901,0.8170805875436521,Mammalia
sl_eat_all_ssl_all,7,Picus viridis,5,66.23596519615351,3.2256840201439263,0.8702056577680037,Aves
sl_eat_all_ssl_all,7,Athene noctua,7,65.11428131015951,3.127079816099495,0.6820133488191624,Aves
sl_eat_all_ssl_all,7,Bubo virginianus,5,62.11310809155031,3.7153244475268843,0.7880920114026022,Aves
sl_eat_all_ssl_all,7,Sciurus carolinensis,7,66.22886048548716,3.252493386685096,0.7415750151238287,Mammalia
sl_eat_all_ssl_all,7,Pseudorca crassidens,8,56.06911565892957,4.7819573162699065,0.7825033740997588,Mammalia
sl_eat_all_ssl_all,7,Globicephala macrorhynchus,9,58.2420139469319,4.518879127952003,0.8506579400118872,Mammalia
sl_eat_all_ssl_all,7,Globicephala melaena,8,49.563598858585046,5.468730029608415,0.8105216289432743,Mammalia
sl_eat_all_ssl_all,7,Sterna paradisaea,5,67.7681812424026,2.967337793736482,0.7866729774857057,Aves
sl_eat_all_ssl_all,7,Strix aluco,7,67.43677612244946,3.0609819703922674,0.7857942708393959,Aves
sl_eat_all_ssl_all,7,Balaenoptera physalus,12,47.024707224718426,5.592294439343256,0.7210777626214462,Mammalia
sl_eat_all_ssl_all,8,Delphinus delphis,9,58.79095895336956,4.041152985769111,0.8167073003272551,Mammalia
sl_eat_all_ssl_all,8,Eubalaena glacialis,7,59.73625440213482,3.9071212050338997,0.8332870303428684,Mammalia
sl_eat_all_ssl_all,8,Aegolius funereus,5,63.20110312643964,2.973139456433655,0.7622414445125839,Aves
sl_eat_all_ssl_all,8,Physeter catodon,8,56.28648137416108,4.429896472366948,0.815206333750663,Mammalia
sl_eat_all_ssl_all,8,Orcinus orca,28,56.9669711926915,4.1562778635395325,0.8482155097643789,Mammalia
sl_eat_all_ssl_all,8,Erignathus barbatus,7,58.41976859485328,4.0527788055056355,0.8457573361130261,Mammalia
sl_eat_all_ssl_all,8,Lagenorhynchus acutus,7,56.92380745359263,4.365402563548491,0.8793113822295955,Mammalia
sl_eat_all_ssl_all,8,Strix uralensis,5,57.49883582362993,4.122145583548508,0.6223537014159977,Aves
sl_eat_all_ssl_all,8,Strix varia,6,64.02691231166303,2.92196758280821,0.8096297711903054,Aves
sl_eat_all_ssl_all,8,Calidris alpina,5,62.515981312765405,3.253877814870969,0.8749160286409187,Aves
sl_eat_all_ssl_all,8,Colaptes auratus,6,66.28296353372856,2.816358717134548,0.6571619514820973,Aves
sl_eat_all_ssl_all,8,Dryobates pubescens,5,67.17995715786694,2.7755363983866252,0.8329455893609203,Aves
sl_eat_all_ssl_all,8,Canis latrans,6,63.92543071138641,2.7825849404537277,0.6703046564609545,Mammalia
sl_eat_all_ssl_all,8,Dendrocopos major,11,65.02569439592938,2.7815030562135457,0.7615046492213945,Aves
sl_eat_all_ssl_all,8,Stenella coeruleoalba,5,56.03744723790219,4.485264344565373,0.8571872955575487,Mammalia
sl_eat_all_ssl_all,8,Stenella attenuata,6,59.76003939267128,3.954533019163038,0.816431959657089,Mammalia
sl_eat_all_ssl_all,8,Tyto alba,5,63.79821234669188,3.070539578278934,0.8774410413093191,Aves
sl_eat_all_ssl_all,8,Megaptera novaeangliae,10,62.12382520148176,3.514436955624327,0.8181436626735848,Mammalia
sl_eat_all_ssl_all,8,Picus viridis,5,66.02627273309868,2.954961895032324,0.8602303032733194,Aves
sl_eat_all_ssl_all,8,Athene noctua,7,64.72552390932164,2.784897693015073,0.6391621703281881,Aves
sl_eat_all_ssl_all,8,Bubo virginianus,5,60.4386166317332,3.5203777310754223,0.763616949169537,Aves
sl_eat_all_ssl_all,8,Sciurus carolinensis,7,65.22971737269114,2.746197478886544,0.7067705477518913,Mammalia
sl_eat_all_ssl_all,8,Pseudorca crassidens,8,55.71406852311792,4.383978211707331,0.7514986272838905,Mammalia
sl_eat_all_ssl_all,8,Globicephala macrorhynchus,9,58.154091071138375,4.045643648723297,0.8427808652229741,Mammalia
sl_eat_all_ssl_all,8,Globicephala melaena,8,51.6819982265943,4.8766758711856495,0.8199170887291162,Mammalia
sl_eat_all_ssl_all,8,Sterna paradisaea,5,66.79223459069867,2.495620568744798,0.8018473234985076,Aves
sl_eat_all_ssl_all,8,Strix aluco,7,63.81753892326042,2.902526226179267,0.7607496271783348,Aves
sl_eat_all_ssl_all,8,Balaenoptera physalus,12,49.15261668041557,5.11849429607909,0.7507466450770993,Mammalia
sl_eat_all_ssl_all,9,Delphinus delphis,9,36.38511954839203,3.138124557514991,0.7848155486532016,Mammalia
sl_eat_all_ssl_all,9,Eubalaena glacialis,7,35.887882028037225,3.0542956908598264,0.7685898488546993,Mammalia
sl_eat_all_ssl_all,9,Aegolius funereus,5,38.81940753177616,2.272637078176846,0.689782110287463,Aves
sl_eat_all_ssl_all,9,Physeter catodon,8,34.98999910894986,3.289649807797967,0.8368143366123268,Mammalia
sl_eat_all_ssl_all,9,Orcinus orca,28,36.404859951643175,3.007226096710099,0.8159676489026898,Mammalia
sl_eat_all_ssl_all,9,Erignathus barbatus,7,35.35737630147756,3.2208911092240147,0.7360823518031632,Mammalia
sl_eat_all_ssl_all,9,Lagenorhynchus acutus,7,36.456589535489584,3.1405071776590185,0.8700176386099991,Mammalia
sl_eat_all_ssl_all,9,Strix uralensis,5,35.458133075695734,2.5634544747274712,0.5281507585650307,Aves
sl_eat_all_ssl_all,9,Strix varia,6,39.67321647793696,1.824093317945217,0.7454230584649472,Aves
sl_eat_all_ssl_all,9,Calidris alpina,5,39.52271823318536,2.1643315704910164,0.8130228168543414,Aves
sl_eat_all_ssl_all,9,Colaptes auratus,6,39.813390133996386,1.851073036527093,0.5754478174381445,Aves
sl_eat_all_ssl_all,9,Dryobates pubescens,5,39.821505437451805,1.7906114202337375,0.7194385477404103,Aves
sl_eat_all_ssl_all,9,Canis latrans,6,39.51262467972993,1.8754005223778734,0.598226351469664,Mammalia
sl_eat_all_ssl_all,9,Dendrocopos major,11,39.54134571159461,1.7794744045655437,0.64597535647164,Aves
sl_eat_all_ssl_all,9,Stenella coeruleoalba,5,35.08651664970655,3.3706850725875603,0.8000969647514775,Mammalia
sl_eat_all_ssl_all,9,Stenella attenuata,6,37.370662666316164,3.043914855517391,0.7934299964113158,Mammalia
sl_eat_all_ssl_all,9,Tyto alba,5,37.961769652735846,2.1467791132594973,0.7863857774437968,Aves
sl_eat_all_ssl_all,9,Megaptera novaeangliae,10,38.3640342193658,2.774193749818978,0.7884187664011022,Mammalia
sl_eat_all_ssl_all,9,Picus viridis,5,38.82550925095439,1.8744189000731002,0.7642405331742402,Aves
sl_eat_all_ssl_all,9,Athene noctua,7,39.43703493391725,1.7276754634358624,0.49818829446394586,Aves
sl_eat_all_ssl_all,9,Bubo virginianus,5,37.519266916625824,2.203157538086294,0.646881283948701,Aves
sl_eat_all_ssl_all,9,Sciurus carolinensis,7,39.495711204593974,1.8663438512352741,0.6494865599684604,Mammalia
sl_eat_all_ssl_all,9,Pseudorca crassidens,8,34.20276681640654,3.517320818943411,0.7591558011147169,Mammalia
sl_eat_all_ssl_all,9,Globicephala macrorhynchus,9,36.335993338132866,3.092913857387078,0.8327795902223796,Mammalia
sl_eat_all_ssl_all,9,Globicephala melaena,8,31.368630374632918,3.922312154353708,0.749423105377893,Mammalia
sl_eat_all_ssl_all,9,Sterna paradisaea,5,40.36457053879474,1.6465793810765026,0.7187986220867837,Aves
sl_eat_all_ssl_all,9,Strix aluco,7,39.112247057574244,1.9331034497321795,0.6880291826473198,Aves
sl_eat_all_ssl_all,9,Balaenoptera physalus,12,32.424482681424564,3.654507208920973,0.7156858166955848,Mammalia
sl_eat_all_ssl_all,10,Delphinus delphis,9,22.713912855258634,2.2630647035839444,0.7575247827647359,Mammalia
sl_eat_all_ssl_all,10,Eubalaena glacialis,7,22.60162367666647,2.1653599303390254,0.7222171519332604,Mammalia
sl_eat_all_ssl_all,10,Aegolius funereus,5,23.01607431164474,1.8440232157391567,0.7290728975855733,Aves
sl_eat_all_ssl_all,10,Physeter catodon,8,21.115992122519874,2.525238794444481,0.8337022143965176,Mammalia
sl_eat_all_ssl_all,10,Orcinus orca,28,21.99237393949287,2.199670490550287,0.8239023555581589,Mammalia
sl_eat_all_ssl_all,10,Erignathus barbatus,7,22.101905433335272,2.173783602509915,0.6824229582100377,Mammalia
sl_eat_all_ssl_all,10,Lagenorhynchus acutus,7,22.528898933564488,2.327328087759096,0.8710570984889914,Mammalia
sl_eat_all_ssl_all,10,Strix uralensis,5,21.47299922880846,1.886245007751055,0.6160493627358661,Aves
sl_eat_all_ssl_all,10,Strix varia,6,23.540572424739068,1.4165835249872825,0.7498023386574523,Aves
sl_eat_all_ssl_all,10,Calidris alpina,5,22.84883933581408,1.648022858602221,0.8289580608071658,Aves
sl_eat_all_ssl_all,10,Colaptes auratus,6,22.918277658004893,1.4015997383777161,0.6135582552750518,Aves
sl_eat_all_ssl_all,10,Dryobates pubescens,5,23.272298369130787,1.6111903906285179,0.7298088356356317,Aves
sl_eat_all_ssl_all,10,Canis latrans,6,22.901664441821115,1.4356384749226114,0.5859622537872282,Mammalia
sl_eat_all_ssl_all,10,Dendrocopos major,11,23.198816506654065,1.4322189616320602,0.6738247278252574,Aves
sl_eat_all_ssl_all,10,Stenella coeruleoalba,5,21.82271389363833,2.402750756552287,0.8021905153376319,Mammalia
sl_eat_all_ssl_all,10,Stenella attenuata,6,22.962697684919984,2.218802944154293,0.7881729580153818,Mammalia
sl_eat_all_ssl_all,10,Tyto alba,5,23.23828706895279,1.5511972151728555,0.7818746104248493,Aves
sl_eat_all_ssl_all,10,Megaptera novaeangliae,10,23.138246076301918,2.081185157908135,0.724556700350678,Mammalia
sl_eat_all_ssl_all,10,Picus viridis,5,22.98887024873941,1.5659336289131678,0.7627489069711826,Aves
sl_eat_all_ssl_all,10,Athene noctua,7,23.43197805337683,1.1835860255969874,0.5589898907744155,Aves
sl_eat_all_ssl_all,10,Bubo virginianus,5,22.47573830299254,1.7666291777547047,0.6967839464655067,Aves
sl_eat_all_ssl_all,10,Sciurus carolinensis,7,22.994854304869918,1.3334067922375024,0.6408791855846119,Mammalia
sl_eat_all_ssl_all,10,Pseudorca crassidens,8,20.800521968007978,2.71537004160331,0.6952635435775633,Mammalia
sl_eat_all_ssl_all,10,Globicephala macrorhynchus,9,21.830219011184298,2.3108655342699613,0.8362996392325516,Mammalia
sl_eat_all_ssl_all,10,Globicephala melaena,8,20.713229204216624,2.736968732560616,0.7351582813767008,Mammalia
sl_eat_all_ssl_all,10,Sterna paradisaea,5,23.414564426938412,1.1739118837440896,0.7079417428758237,Aves
sl_eat_all_ssl_all,10,Strix aluco,7,23.35474943734052,1.3780898887288806,0.6922408589458188,Aves
sl_eat_all_ssl_all,10,Balaenoptera physalus,12,19.997428119188612,2.6548208445598322,0.7240257764433534,Mammalia
sl_eat_all_ssl_all,11,Delphinus delphis,9,8.67060555907886,1.407308932054289,0.5616133939718649,Mammalia
sl_eat_all_ssl_all,11,Eubalaena glacialis,7,8.719923581217527,1.2958703270150842,0.4435587605698237,Mammalia
sl_eat_all_ssl_all,11,Aegolius funereus,5,9.960388711420006,1.6942047568761112,0.8681160596851056,Aves
sl_eat_all_ssl_all,11,Physeter catodon,8,8.351804773364153,1.4490985124808302,0.6064192887291732,Mammalia
sl_eat_all_ssl_all,11,Orcinus orca,28,9.102242025928126,1.2343048321703078,0.6386755646077185,Mammalia
sl_eat_all_ssl_all,11,Erignathus barbatus,7,8.999530768932734,1.396853452395319,0.6621527670095488,Mammalia
sl_eat_all_ssl_all,11,Lagenorhynchus acutus,7,8.353340836916269,1.2934302281146448,0.7102666274756259,Mammalia
sl_eat_all_ssl_all,11,Strix uralensis,5,10.955760330190744,2.073365198191006,0.8355768211397665,Aves
sl_eat_all_ssl_all,11,Strix varia,6,11.018337317359784,1.6411316682893218,0.8799232675617443,Aves
sl_eat_all_ssl_all,11,Calidris alpina,5,10.343432967935431,1.5292549713079948,0.9059345243124994,Aves
sl_eat_all_ssl_all,11,Colaptes auratus,6,11.351636890937222,1.8162642517172258,0.8538242526183548,Aves
sl_eat_all_ssl_all,11,Dryobates pubescens,5,11.157487178892934,1.416727519796453,0.8932419942917623,Aves
sl_eat_all_ssl_all,11,Canis latrans,6,11.683349100517132,1.6568959590256316,0.8532897197240926,Mammalia
sl_eat_all_ssl_all,11,Dendrocopos major,11,11.347943083481999,1.7412986453650605,0.8712588318671696,Aves
sl_eat_all_ssl_all,11,Stenella coeruleoalba,5,8.022480122063085,1.2513923413113965,0.5939820390168841,Mammalia
sl_eat_all_ssl_all,11,Stenella attenuata,6,8.982141163671884,1.2141459109770798,0.5622465931166578,Mammalia
sl_eat_all_ssl_all,11,Tyto alba,5,10.161788655530822,1.6455748813926125,0.8933214969261143,Aves
sl_eat_all_ssl_all,11,Megaptera novaeangliae,10,8.898668186089775,1.2096158254632947,0.46807048458371014,Mammalia
sl_eat_all_ssl_all,11,Picus viridis,5,11.906630121479182,1.873203440860783,0.8960860262591679,Aves
sl_eat_all_ssl_all,11,Athene noctua,7,11.28566022135127,1.7002319222160582,0.8466244234438779,Aves
sl_eat_all_ssl_all,11,Bubo virginianus,5,10.133839380425695,1.8342708157276064,0.8500818205744379,Aves
sl_eat_all_ssl_all,11,Sciurus carolinensis,7,10.820456816271625,1.6018158183142175,0.8636687484521571,Mammalia
sl_eat_all_ssl_all,11,Pseudorca crassidens,8,8.962295959062383,1.6340030366625347,0.475365249306903,Mammalia
sl_eat_all_ssl_all,11,Globicephala macrorhynchus,9,8.623586388919268,1.2392051652365492,0.6504558526029954,Mammalia
sl_eat_all_ssl_all,11,Globicephala melaena,8,8.484264622027792,1.6243507360135945,0.6036690485191053,Mammalia
sl_eat_all_ssl_all,11,Sterna paradisaea,5,12.279951536067182,1.5235716259761307,0.8698653579153824,Aves
sl_eat_all_ssl_all,11,Strix aluco,7,10.988412782551292,1.6716456644573408,0.8687207867273037,Aves
sl_eat_all_ssl_all,11,Balaenoptera physalus,12,8.077289275735588,1.4350564715525005,0.7766266514061585,Mammalia
sl_eat_all_ssl_all,12,Delphinus delphis,9,108.38270315383367,6.905842014015015,0.8421304559204503,Mammalia
sl_eat_all_ssl_all,12,Eubalaena glacialis,7,93.59867796900514,6.828881416965905,0.7904007301601838,Mammalia
sl_eat_all_ssl_all,12,Aegolius funereus,5,121.27354844108731,3.602378724311922,0.8422065916156857,Aves
sl_eat_all_ssl_all,12,Physeter catodon,8,102.34770195988007,6.581539457985647,0.854579465583993,Mammalia
sl_eat_all_ssl_all,12,Orcinus orca,28,103.92666607226111,6.112759431721306,0.8656929126507814,Mammalia
sl_eat_all_ssl_all,12,Erignathus barbatus,7,105.70789190180025,6.21862993124274,0.7950267533611596,Mammalia
sl_eat_all_ssl_all,12,Lagenorhynchus acutus,7,108.26273720085172,5.98718724736218,0.8696853399976,Mammalia
sl_eat_all_ssl_all,12,Strix uralensis,5,132.42630101101554,3.621980610293331,0.8168465274034109,Aves
sl_eat_all_ssl_all,12,Strix varia,6,123.43488094118612,3.597886017861051,0.7947831485186926,Aves
sl_eat_all_ssl_all,12,Calidris alpina,5,117.79779174267186,3.7820182334632224,0.6936380697142178,Aves
sl_eat_all_ssl_all,12,Colaptes auratus,6,121.84021519987807,3.961955143838073,0.41424594765047723,Aves
sl_eat_all_ssl_all,12,Dryobates pubescens,5,128.33356874392643,3.595658196604508,0.7281569487699261,Aves
sl_eat_all_ssl_all,12,Canis latrans,6,135.18907288847493,3.9816238457763107,0.4803011528356893,Mammalia
sl_eat_all_ssl_all,12,Dendrocopos major,11,127.71454582116435,3.852190042479633,0.516442118477657,Aves
sl_eat_all_ssl_all,12,Stenella coeruleoalba,5,100.30099136238562,7.081121783675471,0.8579677677742868,Mammalia
sl_eat_all_ssl_all,12,Stenella attenuata,6,114.13667016341613,5.760174847611059,0.8600911541827034,Mammalia
sl_eat_all_ssl_all,12,Tyto alba,5,119.31689311536726,3.652534392966801,0.8900427895863556,Aves
sl_eat_all_ssl_all,12,Megaptera novaeangliae,10,99.87945183057522,5.894083171369105,0.8212664788221785,Mammalia
sl_eat_all_ssl_all,12,Picus viridis,5,117.00276082003738,3.568414487976374,0.6942337663105059,Aves
sl_eat_all_ssl_all,12,Athene noctua,7,126.9566412274577,3.4548497101018136,0.5873562732365118,Aves
sl_eat_all_ssl_all,12,Bubo virginianus,5,123.26913441015348,3.7630215979391557,0.6922841244587336,Aves
sl_eat_all_ssl_all,12,Sciurus carolinensis,7,133.7605687988788,3.54049261937719,0.5776535359876488,Mammalia
sl_eat_all_ssl_all,12,Pseudorca crassidens,8,95.46554150835124,6.627797396336397,0.8169854135987145,Mammalia
sl_eat_all_ssl_all,12,Globicephala macrorhynchus,9,107.91315314803329,6.367816612704572,0.8776156687498999,Mammalia
sl_eat_all_ssl_all,12,Globicephala melaena,8,101.76401393638403,6.1081991134867835,0.8595316790366686,Mammalia
sl_eat_all_ssl_all,12,Sterna paradisaea,5,136.9872371479941,3.707348432583327,0.549358564986785,Aves
sl_eat_all_ssl_all,12,Strix aluco,7,121.22666879138481,3.626025900095471,0.5848610920619789,Aves
sl_eat_all_ssl_all,12,Balaenoptera physalus,12,116.10837914703394,4.467545096530756,0.8945020814857844,Mammalia
sl_eat_bio_ssl_all,0,Delphinus delphis,9,0.39330028342775325,0.25213770985104733,0.7163392218207858,Mammalia
sl_eat_bio_ssl_all,0,Eubalaena glacialis,7,0.374621900092232,0.2488636210900171,0.8717823131080099,Mammalia
sl_eat_bio_ssl_all,0,Aegolius funereus,5,0.37634205322154524,0.18498922282371888,0.6537228981673096,Aves
sl_eat_bio_ssl_all,0,Physeter catodon,8,0.3723618422821778,0.30034970570626685,0.6467081223363859,Mammalia
sl_eat_bio_ssl_all,0,Orcinus orca,28,0.3906543477888163,0.24216717650998681,0.9365665878745331,Mammalia
sl_eat_bio_ssl_all,0,Erignathus barbatus,7,0.3658608273319278,0.21786186730144758,0.8561588302016414,Mammalia
sl_eat_bio_ssl_all,0,Lagenorhynchus acutus,7,0.38525031921125497,0.24320323985525844,0.8191902631998704,Mammalia
sl_eat_bio_ssl_all,0,Strix uralensis,5,0.3435768278428813,0.18436403930540357,0.6933238465124513,Aves
sl_eat_bio_ssl_all,0,Strix varia,6,0.3956647805131937,0.15420371772662805,0.761741673735609,Aves
sl_eat_bio_ssl_all,0,Calidris alpina,5,0.37344389943536455,0.16245418191065647,0.9529645543828,Aves
sl_eat_bio_ssl_all,0,Colaptes auratus,6,0.37524126371698563,0.15309562449292133,0.8472346104406272,Aves
sl_eat_bio_ssl_all,0,Dryobates pubescens,5,0.3798004664284831,0.1590258170892349,0.853416027746752,Aves
sl_eat_bio_ssl_all,0,Canis latrans,6,0.3489866248359304,0.21346987920761903,0.628758000775568,Mammalia
sl_eat_bio_ssl_all,0,Dendrocopos major,11,0.3614949406295144,0.1958789494015742,0.6647619457097996,Aves
sl_eat_bio_ssl_all,0,Stenella coeruleoalba,5,0.36632907520973346,0.26687428800808566,0.8362929707567625,Mammalia
sl_eat_bio_ssl_all,0,Stenella attenuata,6,0.3824911737829292,0.24147415212391443,0.7324123153663985,Mammalia
sl_eat_bio_ssl_all,0,Tyto alba,5,0.36052455242079406,0.20391894278180717,0.8264137511964206,Aves
sl_eat_bio_ssl_all,0,Megaptera novaeangliae,10,0.38114438927123406,0.23510666764153537,0.6756765588990196,Mammalia
sl_eat_bio_ssl_all,0,Picus viridis,5,0.34513775106906586,0.23019444952215448,0.756714448447195,Aves
sl_eat_bio_ssl_all,0,Athene noctua,7,0.3734842088761452,0.13235178157716115,0.7636881074165259,Aves
sl_eat_bio_ssl_all,0,Bubo virginianus,5,0.4000328493783106,0.1822114579607929,0.7513844385069871,Aves
sl_eat_bio_ssl_all,0,Sciurus carolinensis,7,0.35675871182169405,0.19025160333521582,0.6743527845762658,Mammalia
sl_eat_bio_ssl_all,0,Pseudorca crassidens,8,0.39302373862884393,0.23237727736423355,0.9022314974048182,Mammalia
sl_eat_bio_ssl_all,0,Globicephala macrorhynchus,9,0.38475937005824284,0.2760361659652,0.705519216459409,Mammalia
sl_eat_bio_ssl_all,0,Globicephala melaena,8,0.3717175751771841,0.24675488790676522,0.8076246761863503,Mammalia
sl_eat_bio_ssl_all,0,Sterna paradisaea,5,0.3963243925176437,0.15542802396281857,0.8156454529810583,Aves
sl_eat_bio_ssl_all,0,Strix aluco,7,0.37062808060256963,0.16463607826767956,0.7699061356771781,Aves
sl_eat_bio_ssl_all,0,Balaenoptera physalus,12,0.3908335867901909,0.3023542418840097,0.6913961099803778,Mammalia
sl_eat_bio_ssl_all,1,Delphinus delphis,9,24.399893946149046,2.0080466772894434,0.9220026171793544,Mammalia
sl_eat_bio_ssl_all,1,Eubalaena glacialis,7,23.291897484499234,2.3016359196408174,0.9271592223365941,Mammalia
sl_eat_bio_ssl_all,1,Aegolius funereus,5,26.015216404988234,1.5783436081537692,0.9088678006184495,Aves
sl_eat_bio_ssl_all,1,Physeter catodon,8,22.51723525206848,2.368342444790413,0.8730490542577835,Mammalia
sl_eat_bio_ssl_all,1,Orcinus orca,28,22.7624698333287,2.5328727319597997,0.9146097885439479,Mammalia
sl_eat_bio_ssl_all,1,Erignathus barbatus,7,24.5538946359068,1.943322224103324,0.9526742161622471,Mammalia
sl_eat_bio_ssl_all,1,Lagenorhynchus acutus,7,22.73024175793698,2.299575781810004,0.9473283060467,Mammalia
sl_eat_bio_ssl_all,1,Strix uralensis,5,23.74523027191089,1.697164874435537,0.8290692429381046,Aves
sl_eat_bio_ssl_all,1,Strix varia,6,25.65242607620937,1.56834120969325,0.9240912611170595,Aves
sl_eat_bio_ssl_all,1,Calidris alpina,5,24.533274807867354,1.7984955506925833,0.9771038038559821,Aves
sl_eat_bio_ssl_all,1,Colaptes auratus,6,25.95486338582696,1.5206951427452746,0.8794363958582017,Aves
sl_eat_bio_ssl_all,1,Dryobates pubescens,5,25.630214960035286,1.6529819592223807,0.9643325776664138,Aves
sl_eat_bio_ssl_all,1,Canis latrans,6,25.376913928431666,1.6735428779728332,0.8756609201998026,Mammalia
sl_eat_bio_ssl_all,1,Dendrocopos major,11,25.727793431439444,1.6447845166685116,0.9041161054643846,Aves
sl_eat_bio_ssl_all,1,Stenella coeruleoalba,5,21.778732106245016,2.4067257655175327,0.941841335857586,Mammalia
sl_eat_bio_ssl_all,1,Stenella attenuata,6,24.256950718639143,1.9706862388970643,0.9229275995618654,Mammalia
sl_eat_bio_ssl_all,1,Tyto alba,5,24.66817750398019,1.7170281849707412,0.9427640498959696,Aves
sl_eat_bio_ssl_all,1,Megaptera novaeangliae,10,24.545327740759255,1.9022701526877592,0.9564659180565167,Mammalia
sl_eat_bio_ssl_all,1,Picus viridis,5,25.033347431165712,1.8065238348410682,0.9531604691497947,Aves
sl_eat_bio_ssl_all,1,Athene noctua,7,26.07764562643752,1.525054028625109,0.874103852888158,Aves
sl_eat_bio_ssl_all,1,Bubo virginianus,5,24.91792148227885,1.7562652314459457,0.9287994216029989,Aves
sl_eat_bio_ssl_all,1,Sciurus carolinensis,7,24.91588658820209,1.6897501925223843,0.9110465117323298,Mammalia
sl_eat_bio_ssl_all,1,Pseudorca crassidens,8,22.187569986624695,2.5897571651797997,0.9094388603559496,Mammalia
sl_eat_bio_ssl_all,1,Globicephala macrorhynchus,9,23.708213527559167,2.077431265822643,0.9245918445126277,Mammalia
sl_eat_bio_ssl_all,1,Globicephala melaena,8,23.28825410454887,2.1463527938146805,0.9493219217614673,Mammalia
sl_eat_bio_ssl_all,1,Sterna paradisaea,5,26.718595883486515,1.59821433280583,0.9275442569617166,Aves
sl_eat_bio_ssl_all,1,Strix aluco,7,25.88425554445788,1.5583023644512475,0.9157452784503537,Aves
sl_eat_bio_ssl_all,1,Balaenoptera physalus,12,23.857033083407966,2.4841077620388368,0.8434324103934591,Mammalia
sl_eat_bio_ssl_all,2,Delphinus delphis,9,29.339049577393283,2.1678275453667872,0.8715669955110414,Mammalia
sl_eat_bio_ssl_all,2,Eubalaena glacialis,7,29.743948871334236,2.1728727465642415,0.8476414261655448,Mammalia
sl_eat_bio_ssl_all,2,Aegolius funereus,5,30.28048308758714,1.8872429348007476,0.8947761927885005,Aves
sl_eat_bio_ssl_all,2,Physeter catodon,8,26.790183737278493,2.4872307597896266,0.8320552618464692,Mammalia
sl_eat_bio_ssl_all,2,Orcinus orca,28,29.60133383910782,2.2744374630650697,0.8620200232667636,Mammalia
sl_eat_bio_ssl_all,2,Erignathus barbatus,7,30.504658996548372,1.9876928808585634,0.8924178637957855,Mammalia
sl_eat_bio_ssl_all,2,Lagenorhynchus acutus,7,27.385953281288053,2.343242146434793,0.9135779967910976,Mammalia
sl_eat_bio_ssl_all,2,Strix uralensis,5,26.25249371415323,2.323771760985613,0.8298733723677049,Aves
sl_eat_bio_ssl_all,2,Strix varia,6,30.78821716765907,1.827175600364937,0.9164893823111812,Aves
sl_eat_bio_ssl_all,2,Calidris alpina,5,29.75790933887677,1.9759960042556028,0.9525827825075893,Aves
sl_eat_bio_ssl_all,2,Colaptes auratus,6,30.44382420046053,1.8023522256003985,0.8646652353170389,Aves
sl_eat_bio_ssl_all,2,Dryobates pubescens,5,30.292861914814218,1.7862492503339973,0.9306457143247304,Aves
sl_eat_bio_ssl_all,2,Canis latrans,6,30.484319004419024,1.8732476221465546,0.8675219499499481,Mammalia
sl_eat_bio_ssl_all,2,Dendrocopos major,11,30.766005004487564,1.8236580929170507,0.9074942833647174,Aves
sl_eat_bio_ssl_all,2,Stenella coeruleoalba,5,27.214737310805738,2.4306359237324746,0.902850022432236,Mammalia
sl_eat_bio_ssl_all,2,Stenella attenuata,6,28.54448538930946,2.262207034257019,0.8570494392532928,Mammalia
sl_eat_bio_ssl_all,2,Tyto alba,5,28.748998011502337,2.1633729017872394,0.932586033926718,Aves
sl_eat_bio_ssl_all,2,Megaptera novaeangliae,10,30.3207035795435,1.9435170940574897,0.9295675607418171,Mammalia
sl_eat_bio_ssl_all,2,Picus viridis,5,31.1398914998028,1.78771556635633,0.929954920379063,Aves
sl_eat_bio_ssl_all,2,Athene noctua,7,30.399448302929326,1.8948101540351832,0.886421756085953,Aves
sl_eat_bio_ssl_all,2,Bubo virginianus,5,29.474005112681713,1.9202082518148036,0.8947970511335529,Aves
sl_eat_bio_ssl_all,2,Sciurus carolinensis,7,30.026884393250683,1.9135789702101713,0.8999677056425935,Mammalia
sl_eat_bio_ssl_all,2,Pseudorca crassidens,8,28.063628406285797,2.518864053770815,0.8659456333865692,Mammalia
sl_eat_bio_ssl_all,2,Globicephala macrorhynchus,9,29.561530861568446,2.095939078527946,0.8980582983258273,Mammalia
sl_eat_bio_ssl_all,2,Globicephala melaena,8,28.224026995415635,2.242703093699644,0.9113129119912805,Mammalia
sl_eat_bio_ssl_all,2,Sterna paradisaea,5,32.281642006772266,1.6801378888447736,0.8711427375548763,Aves
sl_eat_bio_ssl_all,2,Strix aluco,7,30.404269173595317,1.8658052125380438,0.8884936745081282,Aves
sl_eat_bio_ssl_all,2,Balaenoptera physalus,12,29.09844503279072,2.7263827904471643,0.6851109931103979,Mammalia
sl_eat_bio_ssl_all,3,Delphinus delphis,9,29.930203827734953,2.3933461587766187,0.8531249573821997,Mammalia
sl_eat_bio_ssl_all,3,Eubalaena glacialis,7,31.18910426555516,2.24007187657252,0.8408172152756322,Mammalia
sl_eat_bio_ssl_all,3,Aegolius funereus,5,31.338432801226112,2.3298048135308758,0.8883784648942488,Aves
sl_eat_bio_ssl_all,3,Physeter catodon,8,26.40911898432065,2.7355161299531767,0.8381650745159529,Mammalia
sl_eat_bio_ssl_all,3,Orcinus orca,28,30.91598190717819,2.2294517265635423,0.84712037001659,Mammalia
sl_eat_bio_ssl_all,3,Erignathus barbatus,7,32.053272837819925,2.1842015262498005,0.8819272639000879,Mammalia
sl_eat_bio_ssl_all,3,Lagenorhynchus acutus,7,28.095594180117544,2.5426173955437004,0.9069133387643868,Mammalia
sl_eat_bio_ssl_all,3,Strix uralensis,5,27.256254186006924,2.876465244237226,0.8223455099376665,Aves
sl_eat_bio_ssl_all,3,Strix varia,6,31.594701026847762,2.2201710324504007,0.9162979448055337,Aves
sl_eat_bio_ssl_all,3,Calidris alpina,5,31.460341525708152,2.1898735424723705,0.9471856143374479,Aves
sl_eat_bio_ssl_all,3,Colaptes auratus,6,32.258918450189086,2.1177107216845648,0.8730866799707294,Aves
sl_eat_bio_ssl_all,3,Dryobates pubescens,5,32.18329499834085,1.9885243734323774,0.9365246571451754,Aves
sl_eat_bio_ssl_all,3,Canis latrans,6,31.834295115054314,2.239789624981287,0.8849097439546639,Mammalia
sl_eat_bio_ssl_all,3,Dendrocopos major,11,32.342432717256244,2.086996695832839,0.9074660900576056,Aves
sl_eat_bio_ssl_all,3,Stenella coeruleoalba,5,28.24756846887827,2.557499911871837,0.8874865445942063,Mammalia
sl_eat_bio_ssl_all,3,Stenella attenuata,6,29.000358510532156,2.50968668256948,0.8604136273420347,Mammalia
sl_eat_bio_ssl_all,3,Tyto alba,5,31.16902775577585,2.319388867797061,0.9235479236089316,Aves
sl_eat_bio_ssl_all,3,Megaptera novaeangliae,10,31.561742367480175,2.128148581532352,0.910166191043982,Mammalia
sl_eat_bio_ssl_all,3,Picus viridis,5,32.116089376218525,2.1386189529166826,0.920591956766343,Aves
sl_eat_bio_ssl_all,3,Athene noctua,7,32.589514023653145,2.1159411611143897,0.8715293229265231,Aves
sl_eat_bio_ssl_all,3,Bubo virginianus,5,30.851977051196606,2.3147772740976555,0.9016131183755435,Aves
sl_eat_bio_ssl_all,3,Sciurus carolinensis,7,31.80531321077909,2.186175532750474,0.8779696559453369,Mammalia
sl_eat_bio_ssl_all,3,Pseudorca crassidens,8,28.722406172920756,2.560326271238846,0.8287023294881543,Mammalia
sl_eat_bio_ssl_all,3,Globicephala macrorhynchus,9,29.58101706506129,2.344198612529825,0.8593782262201807,Mammalia
sl_eat_bio_ssl_all,3,Globicephala melaena,8,29.036449291613703,2.4310276677580944,0.8881742275325964,Mammalia
sl_eat_bio_ssl_all,3,Sterna paradisaea,5,33.94367179778777,1.8767600606202337,0.8804022748258353,Aves
sl_eat_bio_ssl_all,3,Strix aluco,7,32.105445075331346,2.1663355470049694,0.8940682360190262,Aves
sl_eat_bio_ssl_all,3,Balaenoptera physalus,12,28.988028884325626,2.8844860404863524,0.6266586874223754,Mammalia
sl_eat_bio_ssl_all,4,Delphinus delphis,9,55.54458975941929,3.1353424216906913,0.8027316450449592,Mammalia
sl_eat_bio_ssl_all,4,Eubalaena glacialis,7,57.624822692726084,2.795521075388982,0.7729859283945407,Mammalia
sl_eat_bio_ssl_all,4,Aegolius funereus,5,57.82054758361951,2.806724570607068,0.8152271253394667,Aves
sl_eat_bio_ssl_all,4,Physeter catodon,8,49.67912580131997,3.6439336273902807,0.8003491863634393,Mammalia
sl_eat_bio_ssl_all,4,Orcinus orca,28,57.732217899480126,2.779894539763072,0.7920373158383966,Mammalia
sl_eat_bio_ssl_all,4,Erignathus barbatus,7,59.00691421362503,2.691564012160889,0.7937457906201432,Mammalia
sl_eat_bio_ssl_all,4,Lagenorhynchus acutus,7,52.70994097308106,3.312377364959739,0.8776859424454065,Mammalia
sl_eat_bio_ssl_all,4,Strix uralensis,5,50.63501049252112,3.686459651118663,0.7408275328464816,Aves
sl_eat_bio_ssl_all,4,Strix varia,6,59.052431441837534,2.5959106631331434,0.8684401078219514,Aves
sl_eat_bio_ssl_all,4,Calidris alpina,5,58.72962234156059,2.5904638152137576,0.8962132651336351,Aves
sl_eat_bio_ssl_all,4,Colaptes auratus,6,59.75435424970644,2.5334935793854325,0.8101918922215157,Aves
sl_eat_bio_ssl_all,4,Dryobates pubescens,5,60.239000673058385,2.294955411726445,0.8839850794062731,Aves
sl_eat_bio_ssl_all,4,Canis latrans,6,59.11061632512348,2.6425769861768478,0.8278506178393444,Mammalia
sl_eat_bio_ssl_all,4,Dendrocopos major,11,60.17194189609505,2.4083700334162694,0.8538748611404112,Aves
sl_eat_bio_ssl_all,4,Stenella coeruleoalba,5,52.106708420620066,3.4151938763572107,0.832982333992749,Mammalia
sl_eat_bio_ssl_all,4,Stenella attenuata,6,53.25038263198825,3.355155988237151,0.8008925504468539,Mammalia
sl_eat_bio_ssl_all,4,Tyto alba,5,58.080364616122196,2.768984497187107,0.8802894594899044,Aves
sl_eat_bio_ssl_all,4,Megaptera novaeangliae,10,58.171049815901654,2.697288022764407,0.8339055740135202,Mammalia
sl_eat_bio_ssl_all,4,Picus viridis,5,60.62889497984133,2.324957772112376,0.8699064093475727,Aves
sl_eat_bio_ssl_all,4,Athene noctua,7,59.578791768756346,2.5826150688761165,0.830882498034871,Aves
sl_eat_bio_ssl_all,4,Bubo virginianus,5,57.459502280964784,2.7909994248525605,0.8440892480364744,Aves
sl_eat_bio_ssl_all,4,Sciurus carolinensis,7,59.867166139775634,2.4718155156930206,0.8273243023619702,Mammalia
sl_eat_bio_ssl_all,4,Pseudorca crassidens,8,52.59580653123541,3.442124906498106,0.7802465506971101,Mammalia
sl_eat_bio_ssl_all,4,Globicephala macrorhynchus,9,54.93137353100677,3.015409903454191,0.8366163358696822,Mammalia
sl_eat_bio_ssl_all,4,Globicephala melaena,8,53.465068413602886,3.2930595088364676,0.8277920157496208,Mammalia
sl_eat_bio_ssl_all,4,Sterna paradisaea,5,61.39414248981673,2.3011576586434526,0.8034252475176139,Aves
sl_eat_bio_ssl_all,4,Strix aluco,7,59.809846187001014,2.5067898528611505,0.8445485615791312,Aves
sl_eat_bio_ssl_all,4,Balaenoptera physalus,12,49.87383663469729,4.043141329518274,0.5593885839415309,Mammalia
sl_eat_bio_ssl_all,5,Delphinus delphis,9,62.21251641970131,3.302850547761965,0.7810088774727397,Mammalia
sl_eat_bio_ssl_all,5,Eubalaena glacialis,7,64.19626855282424,2.9743858647738435,0.7288057503933969,Mammalia
sl_eat_bio_ssl_all,5,Aegolius funereus,5,65.02087720038428,2.9079627519251385,0.7665850984522717,Aves
sl_eat_bio_ssl_all,5,Physeter catodon,8,54.97620018033002,4.072390445401071,0.7543352153622012,Mammalia
sl_eat_bio_ssl_all,5,Orcinus orca,28,64.24912088894213,2.94716522281439,0.7234242755846942,Mammalia
sl_eat_bio_ssl_all,5,Erignathus barbatus,7,65.09748742908896,2.8190051551879183,0.7464320418349306,Mammalia
sl_eat_bio_ssl_all,5,Lagenorhynchus acutus,7,59.942790215738164,3.457980724308632,0.852026905779476,Mammalia
sl_eat_bio_ssl_all,5,Strix uralensis,5,56.222015119792076,4.073736347790087,0.7257787299770552,Aves
sl_eat_bio_ssl_all,5,Strix varia,6,66.37235655518184,2.666489220349074,0.7960938936793859,Aves
sl_eat_bio_ssl_all,5,Calidris alpina,5,66.57137361415398,2.572052772576453,0.8216146071270151,Aves
sl_eat_bio_ssl_all,5,Colaptes auratus,6,67.52556332338989,2.5057524208829314,0.7350201376323899,Aves
sl_eat_bio_ssl_all,5,Dryobates pubescens,5,67.09950498404714,2.5059720232118052,0.7951100329927957,Aves
sl_eat_bio_ssl_all,5,Canis latrans,6,66.9985372082055,2.6993755377151185,0.7949204964201952,Mammalia
sl_eat_bio_ssl_all,5,Dendrocopos major,11,67.29625754456556,2.5145998903361657,0.7955069138473432,Aves
sl_eat_bio_ssl_all,5,Stenella coeruleoalba,5,58.95041726502149,3.6733359135328807,0.7829822843633245,Mammalia
sl_eat_bio_ssl_all,5,Stenella attenuata,6,58.988482184679405,3.7449315038422246,0.7434645437560988,Mammalia
sl_eat_bio_ssl_all,5,Tyto alba,5,65.71795585844633,2.8003413042813223,0.8397761370503366,Aves
sl_eat_bio_ssl_all,5,Megaptera novaeangliae,10,63.85012826252123,2.9613348303974005,0.7584915993386565,Mammalia
sl_eat_bio_ssl_all,5,Picus viridis,5,66.76354808100366,2.5263621570495296,0.8020615806278341,Aves
sl_eat_bio_ssl_all,5,Athene noctua,7,67.05905633707077,2.6034369141343467,0.7670727784505732,Aves
sl_eat_bio_ssl_all,5,Bubo virginianus,5,64.01337921696538,3.0240170931021484,0.7853296731835494,Aves
sl_eat_bio_ssl_all,5,Sciurus carolinensis,7,65.74630473927472,2.7607161546897654,0.7704075816645991,Mammalia
sl_eat_bio_ssl_all,5,Pseudorca crassidens,8,59.426332536589015,3.6893197142204404,0.7205316233604695,Mammalia
sl_eat_bio_ssl_all,5,Globicephala macrorhynchus,9,62.18312748003285,3.143921365460207,0.791934557445469,Mammalia
sl_eat_bio_ssl_all,5,Globicephala melaena,8,57.950811715683756,3.8301253253608474,0.7549408316349029,Mammalia
sl_eat_bio_ssl_all,5,Sterna paradisaea,5,67.89943781320942,2.4508380138631547,0.6899879550966659,Aves
sl_eat_bio_ssl_all,5,Strix aluco,7,67.58131112560852,2.4689783256001134,0.8007464210076317,Aves
sl_eat_bio_ssl_all,5,Balaenoptera physalus,12,52.81919015743791,4.53896888541583,0.5507513856722589,Mammalia
sl_eat_bio_ssl_all,6,Delphinus delphis,9,52.68165623587381,3.3408981127442643,0.7303687668754996,Mammalia
sl_eat_bio_ssl_all,6,Eubalaena glacialis,7,43.33333705035347,4.386803919828873,0.5782529128994602,Mammalia
sl_eat_bio_ssl_all,6,Aegolius funereus,5,55.72068746498709,2.877731639930286,0.6797284434774247,Aves
sl_eat_bio_ssl_all,6,Physeter catodon,8,49.487664376485974,3.769745157704585,0.6785975304133038,Mammalia
sl_eat_bio_ssl_all,6,Orcinus orca,28,54.726058203258994,2.9800592268002806,0.6977352723320458,Mammalia
sl_eat_bio_ssl_all,6,Erignathus barbatus,7,45.16807503753927,4.202142270190725,0.5871137057244751,Mammalia
sl_eat_bio_ssl_all,6,Lagenorhynchus acutus,7,52.972615179195095,3.2371512332301142,0.7922566772415992,Mammalia
sl_eat_bio_ssl_all,6,Strix uralensis,5,50.4448654471264,3.7578904029862388,0.6715721571203002,Aves
sl_eat_bio_ssl_all,6,Strix varia,6,58.166832495733736,2.506951066439274,0.7114396860196558,Aves
sl_eat_bio_ssl_all,6,Calidris alpina,5,57.63567170855241,2.55262558461472,0.7499669444633832,Aves
sl_eat_bio_ssl_all,6,Colaptes auratus,6,58.49905690404503,2.4082504546381553,0.675759064629412,Aves
sl_eat_bio_ssl_all,6,Dryobates pubescens,5,58.3633631340225,2.324963812059647,0.7270665513764422,Aves
sl_eat_bio_ssl_all,6,Canis latrans,6,57.4188327077595,2.612299536242934,0.7243242761567399,Mammalia
sl_eat_bio_ssl_all,6,Dendrocopos major,11,58.619434860303635,2.3889072144518644,0.7240704376304334,Aves
sl_eat_bio_ssl_all,6,Stenella coeruleoalba,5,49.182416769619806,3.8272607858849734,0.666974613897392,Mammalia
sl_eat_bio_ssl_all,6,Stenella attenuata,6,51.741895123836635,3.466565077656842,0.7159920918901,Mammalia
sl_eat_bio_ssl_all,6,Tyto alba,5,56.86992270377692,2.7317180024573595,0.7776983925249357,Aves
sl_eat_bio_ssl_all,6,Megaptera novaeangliae,10,47.42119716192963,3.944920044908077,0.5851244784940216,Mammalia
sl_eat_bio_ssl_all,6,Picus viridis,5,57.77165164836394,2.4900318868645828,0.7318900776401386,Aves
sl_eat_bio_ssl_all,6,Athene noctua,7,57.91181887078943,2.4860443758032553,0.713888395227416,Aves
sl_eat_bio_ssl_all,6,Bubo virginianus,5,54.89913892279541,2.9689016134665076,0.7002904473051894,Aves
sl_eat_bio_ssl_all,6,Sciurus carolinensis,7,57.68605804705171,2.5388998716489657,0.7118328626444704,Mammalia
sl_eat_bio_ssl_all,6,Pseudorca crassidens,8,51.308981071897385,3.5623964976661906,0.6738007456040166,Mammalia
sl_eat_bio_ssl_all,6,Globicephala macrorhynchus,9,54.39239460446826,3.087111769939336,0.7800505746145345,Mammalia
sl_eat_bio_ssl_all,6,Globicephala melaena,8,50.13248604173048,3.700832466080818,0.7066842988211934,Mammalia
sl_eat_bio_ssl_all,6,Sterna paradisaea,5,59.131647942589936,2.3313948869505725,0.6515370518343295,Aves
sl_eat_bio_ssl_all,6,Strix aluco,7,57.87860472483308,2.5356290977726696,0.7445065999765518,Aves
sl_eat_bio_ssl_all,6,Balaenoptera physalus,12,40.8733851799221,4.780381634032453,0.47135315347714807,Mammalia
sl_eat_bio_ssl_all,7,Delphinus delphis,9,71.6755723179238,4.347767150017373,0.6909033353917923,Mammalia
sl_eat_bio_ssl_all,7,Eubalaena glacialis,7,58.24368467676875,5.756402380487334,0.5652730148052665,Mammalia
sl_eat_bio_ssl_all,7,Aegolius funereus,5,76.263466384755,3.714702474614268,0.6873213128712972,Aves
sl_eat_bio_ssl_all,7,Physeter catodon,8,68.17395963730947,4.69157537916098,0.5879348601372532,Mammalia
sl_eat_bio_ssl_all,7,Orcinus orca,28,75.8891183152683,3.883960056424088,0.662707311308882,Mammalia
sl_eat_bio_ssl_all,7,Erignathus barbatus,7,64.22108231960303,5.208089568710612,0.5801848666848267,Mammalia
sl_eat_bio_ssl_all,7,Lagenorhynchus acutus,7,72.4171891877754,4.215660192541842,0.7372675583166152,Mammalia
sl_eat_bio_ssl_all,7,Strix uralensis,5,68.65074641908555,4.553085743112287,0.6500175525621605,Aves
sl_eat_bio_ssl_all,7,Strix varia,6,77.39104509516507,3.504379388775484,0.7309643928517353,Aves
sl_eat_bio_ssl_all,7,Calidris alpina,5,79.49162401080588,3.2972369259738232,0.7156714527672896,Aves
sl_eat_bio_ssl_all,7,Colaptes auratus,6,77.30445249725406,3.533932046926655,0.6640565402909618,Aves
sl_eat_bio_ssl_all,7,Dryobates pubescens,5,78.93137295471192,3.1858264574757733,0.6953655217175865,Aves
sl_eat_bio_ssl_all,7,Canis latrans,6,78.26707532128219,3.3471035351779514,0.727204943407171,Mammalia
sl_eat_bio_ssl_all,7,Dendrocopos major,11,80.78593226187142,3.034685419994724,0.7189779630067832,Aves
sl_eat_bio_ssl_all,7,Stenella coeruleoalba,5,67.94374699162029,4.739261531701155,0.6677321653276912,Mammalia
sl_eat_bio_ssl_all,7,Stenella attenuata,6,73.460111342204,4.23209769395987,0.6181405845798077,Mammalia
sl_eat_bio_ssl_all,7,Tyto alba,5,76.95927826194749,3.510867944921013,0.7651462833164442,Aves
sl_eat_bio_ssl_all,7,Megaptera novaeangliae,10,62.96101275129512,5.354582436452625,0.518515402124155,Mammalia
sl_eat_bio_ssl_all,7,Picus viridis,5,78.19350482039462,3.39602630004947,0.7045315233188038,Aves
sl_eat_bio_ssl_all,7,Athene noctua,7,79.40936865803654,3.196960254977151,0.7312629058097202,Aves
sl_eat_bio_ssl_all,7,Bubo virginianus,5,72.83805227054862,3.9306841283232092,0.7130008116981451,Aves
sl_eat_bio_ssl_all,7,Sciurus carolinensis,7,77.86026905106897,3.4402180835796194,0.7178765651291421,Mammalia
sl_eat_bio_ssl_all,7,Pseudorca crassidens,8,70.7756599558362,4.446166495561711,0.656819370947037,Mammalia
sl_eat_bio_ssl_all,7,Globicephala macrorhynchus,9,72.85147846898145,4.280242713899821,0.6879971998819739,Mammalia
sl_eat_bio_ssl_all,7,Globicephala melaena,8,69.38354210040617,4.692625328262149,0.6661890037110184,Mammalia
sl_eat_bio_ssl_all,7,Sterna paradisaea,5,79.77653428328078,3.2508343291386343,0.6554567155325239,Aves
sl_eat_bio_ssl_all,7,Strix aluco,7,79.75847014527359,3.165952050202447,0.7337343405387925,Aves
sl_eat_bio_ssl_all,7,Balaenoptera physalus,12,56.06487313018932,5.807405466415169,0.48782609764778984,Mammalia
sl_eat_bio_ssl_all,8,Delphinus delphis,9,64.56362723973291,4.337201134931137,0.6616219886319868,Mammalia
sl_eat_bio_ssl_all,8,Eubalaena glacialis,7,56.34032911075609,5.244269566342728,0.4603011072234772,Mammalia
sl_eat_bio_ssl_all,8,Aegolius funereus,5,65.95381944284163,3.9453058806375885,0.7595416928645087,Aves
sl_eat_bio_ssl_all,8,Physeter catodon,8,63.48103478759995,4.15229076568999,0.6068912675690686,Mammalia
sl_eat_bio_ssl_all,8,Orcinus orca,28,67.46825448050902,3.8858680506877654,0.6618023652983842,Mammalia
sl_eat_bio_ssl_all,8,Erignathus barbatus,7,53.70498467181302,5.403130029287,0.5873499978022856,Mammalia
sl_eat_bio_ssl_all,8,Lagenorhynchus acutus,7,65.05507282926551,4.142900744162269,0.7110960976443893,Mammalia
sl_eat_bio_ssl_all,8,Strix uralensis,5,62.34650524781131,4.26742484360857,0.6967733015114591,Aves
sl_eat_bio_ssl_all,8,Strix varia,6,66.49183329469356,3.880205989240684,0.7835719913317523,Aves
sl_eat_bio_ssl_all,8,Calidris alpina,5,66.7966954424472,3.9542561318836498,0.7708377707343678,Aves
sl_eat_bio_ssl_all,8,Colaptes auratus,6,69.51876236582758,3.62466377212302,0.750606439476072,Aves
sl_eat_bio_ssl_all,8,Dryobates pubescens,5,69.23270875581474,3.5565151400926958,0.7752982582731003,Aves
sl_eat_bio_ssl_all,8,Canis latrans,6,68.73726301077726,3.55025649637029,0.7621802982776055,Mammalia
sl_eat_bio_ssl_all,8,Dendrocopos major,11,70.30595429480769,3.4755761894057917,0.8018397765435447,Aves
sl_eat_bio_ssl_all,8,Stenella coeruleoalba,5,60.48107505709248,4.864556804706786,0.6517520750012318,Mammalia
sl_eat_bio_ssl_all,8,Stenella attenuata,6,68.64154688568597,3.852047619089818,0.6434191693506677,Mammalia
sl_eat_bio_ssl_all,8,Tyto alba,5,64.68335626180105,4.12845919200935,0.8116003022480117,Aves
sl_eat_bio_ssl_all,8,Megaptera novaeangliae,10,60.08556734925122,4.888812164175591,0.4582673068942508,Mammalia
sl_eat_bio_ssl_all,8,Picus viridis,5,69.3768485923931,3.6526000624137387,0.7796932162416059,Aves
sl_eat_bio_ssl_all,8,Athene noctua,7,68.66765693690863,3.6166982507705283,0.7969902723404663,Aves
sl_eat_bio_ssl_all,8,Bubo virginianus,5,61.27811668391181,4.335116057105255,0.7304850737922207,Aves
sl_eat_bio_ssl_all,8,Sciurus carolinensis,7,67.53563465108965,3.8023493028681923,0.8073820950411548,Mammalia
sl_eat_bio_ssl_all,8,Pseudorca crassidens,8,64.69656741889072,4.222878576193726,0.5597804034256014,Mammalia
sl_eat_bio_ssl_all,8,Globicephala macrorhynchus,9,67.5554955480654,3.7967055097715527,0.6588312398768735,Mammalia
sl_eat_bio_ssl_all,8,Globicephala melaena,8,64.9538118098539,4.320787551530716,0.6392067178664007,Mammalia
sl_eat_bio_ssl_all,8,Sterna paradisaea,5,70.56643937625482,3.4967368942585635,0.7428206312619271,Aves
sl_eat_bio_ssl_all,8,Strix aluco,7,68.70987967128153,3.6446082949635845,0.8209919031367555,Aves
sl_eat_bio_ssl_all,8,Balaenoptera physalus,12,53.59548296102809,5.595764975572457,0.4101116389093746,Mammalia
sl_eat_bio_ssl_all,9,Delphinus delphis,9,42.67903822408103,4.272490418649032,0.6166459852175892,Mammalia
sl_eat_bio_ssl_all,9,Eubalaena glacialis,7,39.0820180788919,4.764540412161944,0.5084914644375246,Mammalia
sl_eat_bio_ssl_all,9,Aegolius funereus,5,46.96341667197116,3.5753853198203154,0.7379465818190332,Aves
sl_eat_bio_ssl_all,9,Physeter catodon,8,44.91806553730197,3.845474925549194,0.5950592978734592,Mammalia
sl_eat_bio_ssl_all,9,Orcinus orca,28,43.00564389943721,4.2992395978638545,0.5507578187917733,Mammalia
sl_eat_bio_ssl_all,9,Erignathus barbatus,7,33.85361824964508,5.181619986268252,0.4972067546378196,Mammalia
sl_eat_bio_ssl_all,9,Lagenorhynchus acutus,7,42.97924104668022,4.1604685294698385,0.6982523970712337,Mammalia
sl_eat_bio_ssl_all,9,Strix uralensis,5,44.720362978699825,3.7680473208177103,0.6591991748462654,Aves
sl_eat_bio_ssl_all,9,Strix varia,6,47.22245601887051,3.4918044559638437,0.7501993391749183,Aves
sl_eat_bio_ssl_all,9,Calidris alpina,5,46.05639111867135,3.76078404123978,0.7271468242199037,Aves
sl_eat_bio_ssl_all,9,Colaptes auratus,6,47.16235926385107,3.623335912357396,0.6857234220646842,Aves
sl_eat_bio_ssl_all,9,Dryobates pubescens,5,47.80164102059178,3.462711237836651,0.7516914952506499,Aves
sl_eat_bio_ssl_all,9,Canis latrans,6,46.82510600018066,3.530941172435829,0.6969952152160944,Mammalia
sl_eat_bio_ssl_all,9,Dendrocopos major,11,47.96509250549639,3.4608002837507725,0.7745225321996141,Aves
sl_eat_bio_ssl_all,9,Stenella coeruleoalba,5,38.31420359868951,4.792128039310798,0.6257659344052539,Mammalia
sl_eat_bio_ssl_all,9,Stenella attenuata,6,46.87408233330537,3.778343310426708,0.6795932377359243,Mammalia
sl_eat_bio_ssl_all,9,Tyto alba,5,43.1448351020167,4.0650794020915795,0.7715974293560122,Aves
sl_eat_bio_ssl_all,9,Megaptera novaeangliae,10,41.7062034126466,4.470208668631438,0.47568114556961055,Mammalia
sl_eat_bio_ssl_all,9,Picus viridis,5,48.26008257546168,3.4580530141182213,0.7659917036260983,Aves
sl_eat_bio_ssl_all,9,Athene noctua,7,48.35611267525968,3.4642703577511345,0.7112903581514343,Aves
sl_eat_bio_ssl_all,9,Bubo virginianus,5,43.77127376354747,3.8812225882720903,0.7228948436932354,Aves
sl_eat_bio_ssl_all,9,Sciurus carolinensis,7,47.40238346420827,3.5328575876037607,0.7093298421394444,Mammalia
sl_eat_bio_ssl_all,9,Pseudorca crassidens,8,42.39266926501803,4.274314355833412,0.6202447869836861,Mammalia
sl_eat_bio_ssl_all,9,Globicephala macrorhynchus,9,47.19963746998693,3.666771119481828,0.6562955509955772,Mammalia
sl_eat_bio_ssl_all,9,Globicephala melaena,8,40.127042024542845,4.586335183015124,0.5633233199863298,Mammalia
sl_eat_bio_ssl_all,9,Sterna paradisaea,5,47.942644615917494,3.5001535857941595,0.6897860906957063,Aves
sl_eat_bio_ssl_all,9,Strix aluco,7,47.3102927179857,3.5381497499574226,0.7583680295790295,Aves
sl_eat_bio_ssl_all,9,Balaenoptera physalus,12,36.158293316026196,5.023760820933974,0.4876128331359144,Mammalia
sl_eat_bio_ssl_all,10,Delphinus delphis,9,25.64038683160517,3.2335144300355925,0.6044259111104228,Mammalia
sl_eat_bio_ssl_all,10,Eubalaena glacialis,7,23.2275200199304,3.5599709736422183,0.507139825436755,Mammalia
sl_eat_bio_ssl_all,10,Aegolius funereus,5,28.001109922129146,2.889822926474047,0.7473948202153529,Aves
sl_eat_bio_ssl_all,10,Physeter catodon,8,26.96771426546547,2.965614090877696,0.6005916630260175,Mammalia
sl_eat_bio_ssl_all,10,Orcinus orca,28,25.30658355938728,3.272843502124403,0.5406050565206763,Mammalia
sl_eat_bio_ssl_all,10,Erignathus barbatus,7,20.579349302510963,3.8703933879021775,0.5138764362679757,Mammalia
sl_eat_bio_ssl_all,10,Lagenorhynchus acutus,7,25.853813254523537,3.156555292176105,0.7019216850928673,Mammalia
sl_eat_bio_ssl_all,10,Strix uralensis,5,27.7901120066558,2.9245619700003886,0.689975483118676,Aves
sl_eat_bio_ssl_all,10,Strix varia,6,28.830975128588005,2.6873891411550423,0.7477181918627818,Aves
sl_eat_bio_ssl_all,10,Calidris alpina,5,26.58907747501191,3.053849963766543,0.7757877565267143,Aves
sl_eat_bio_ssl_all,10,Colaptes auratus,6,27.85944875067337,2.872721154232069,0.7172278276907341,Aves
sl_eat_bio_ssl_all,10,Dryobates pubescens,5,28.527166114701465,2.75581055289521,0.7648784036273245,Aves
sl_eat_bio_ssl_all,10,Canis latrans,6,28.344474539930648,2.767469155377708,0.6902999219757123,Mammalia
sl_eat_bio_ssl_all,10,Dendrocopos major,11,28.03784039196408,2.8399410665267646,0.7737765908320193,Aves
sl_eat_bio_ssl_all,10,Stenella coeruleoalba,5,22.95975480369637,3.625304100447658,0.6063945851278972,Mammalia
sl_eat_bio_ssl_all,10,Stenella attenuata,6,27.56321196105793,2.8996829649016083,0.63535332366741,Mammalia
sl_eat_bio_ssl_all,10,Tyto alba,5,25.403420521556736,3.287354658496179,0.7879248007227683,Aves
sl_eat_bio_ssl_all,10,Megaptera novaeangliae,10,23.923397692520528,3.4667292702748513,0.4786024983149152,Mammalia
sl_eat_bio_ssl_all,10,Picus viridis,5,27.22067728785688,2.944311055666768,0.7950374191780938,Aves
sl_eat_bio_ssl_all,10,Athene noctua,7,27.490918704603327,2.9391508793786043,0.7496678549475256,Aves
sl_eat_bio_ssl_all,10,Bubo virginianus,5,26.150098144388345,3.1831676708526575,0.7279676705516575,Aves
sl_eat_bio_ssl_all,10,Sciurus carolinensis,7,27.54712676199974,2.9398106252270955,0.7107012502801587,Mammalia
sl_eat_bio_ssl_all,10,Pseudorca crassidens,8,25.36442688751417,3.2724052558180525,0.4818635216594134,Mammalia
sl_eat_bio_ssl_all,10,Globicephala macrorhynchus,9,28.344493002909175,2.7240260913634717,0.6402960147255236,Mammalia
sl_eat_bio_ssl_all,10,Globicephala melaena,8,24.280727290506693,3.433272380596031,0.6046712899679865,Mammalia
sl_eat_bio_ssl_all,10,Sterna paradisaea,5,27.009082288926987,2.9875894492813866,0.7183381060575141,Aves
sl_eat_bio_ssl_all,10,Strix aluco,7,28.24173427019566,2.847862044003474,0.7885835930597224,Aves
sl_eat_bio_ssl_all,10,Balaenoptera physalus,12,22.613598949614637,3.6563772020458134,0.4190295071761493,Mammalia
sl_eat_bio_ssl_all,11,Delphinus delphis,9,24.0131695267234,3.421153781542126,0.7184579593989628,Mammalia
sl_eat_bio_ssl_all,11,Eubalaena glacialis,7,21.18229438152294,3.778347796773935,0.6143282632086935,Mammalia
sl_eat_bio_ssl_all,11,Aegolius funereus,5,25.70385909556131,3.2217321986631484,0.825189574784063,Aves
sl_eat_bio_ssl_all,11,Physeter catodon,8,24.798079162092233,3.4207315962797646,0.738249802304354,Mammalia
sl_eat_bio_ssl_all,11,Orcinus orca,28,23.856079536595082,3.6062169940557,0.6743379189977389,Mammalia
sl_eat_bio_ssl_all,11,Erignathus barbatus,7,19.150404876034926,4.105605405389721,0.6117941115454749,Mammalia
sl_eat_bio_ssl_all,11,Lagenorhynchus acutus,7,23.717490501724512,3.5393842392581125,0.8169737008489055,Mammalia
sl_eat_bio_ssl_all,11,Strix uralensis,5,26.562968576960895,3.22762137704301,0.7839187933988836,Aves
sl_eat_bio_ssl_all,11,Strix varia,6,27.878383160701645,3.089755972440368,0.8294738982718413,Aves
sl_eat_bio_ssl_all,11,Calidris alpina,5,24.339276615048245,3.495554924415058,0.8665119816403875,Aves
sl_eat_bio_ssl_all,11,Colaptes auratus,6,26.74536016600102,3.1554122867887173,0.8290827612047055,Aves
sl_eat_bio_ssl_all,11,Dryobates pubescens,5,28.161296831543318,3.0690683747644094,0.8683756023507448,Aves
sl_eat_bio_ssl_all,11,Canis latrans,6,27.767120111191026,3.1202423435676305,0.7947523583211998,Mammalia
sl_eat_bio_ssl_all,11,Dendrocopos major,11,25.89071129078077,3.2625192750271137,0.856901307263903,Aves
sl_eat_bio_ssl_all,11,Stenella coeruleoalba,5,21.647676066295098,3.7752673603248215,0.7151463732067419,Mammalia
sl_eat_bio_ssl_all,11,Stenella attenuata,6,24.683164734530735,3.3132683315644504,0.7601051260485591,Mammalia
sl_eat_bio_ssl_all,11,Tyto alba,5,22.779327633993326,3.7200532318712525,0.8585806868610408,Aves
sl_eat_bio_ssl_all,11,Megaptera novaeangliae,10,23.128455252288358,3.5769063967334676,0.6098888351077386,Mammalia
sl_eat_bio_ssl_all,11,Picus viridis,5,24.799948508396106,3.503815215785131,0.8637720776119754,Aves
sl_eat_bio_ssl_all,11,Athene noctua,7,24.663772059952347,3.3936757774553366,0.8205513244175736,Aves
sl_eat_bio_ssl_all,11,Bubo virginianus,5,25.79483888395001,3.4378073586355207,0.8064379484279497,Aves
sl_eat_bio_ssl_all,11,Sciurus carolinensis,7,25.23347644278186,3.466332812685317,0.8126692609103018,Mammalia
sl_eat_bio_ssl_all,11,Pseudorca crassidens,8,23.341790378253435,3.566393174815411,0.6597532220681278,Mammalia
sl_eat_bio_ssl_all,11,Globicephala macrorhynchus,9,25.534872048284782,3.2829846374830116,0.7492834384127859,Mammalia
sl_eat_bio_ssl_all,11,Globicephala melaena,8,23.334021061828853,3.70859746052421,0.7786276839830704,Mammalia
sl_eat_bio_ssl_all,11,Sterna paradisaea,5,25.556057735416317,3.258294683309283,0.826699477757194,Aves
sl_eat_bio_ssl_all,11,Strix aluco,7,25.832006065616085,3.4482043314683817,0.8538698828104091,Aves
sl_eat_bio_ssl_all,11,Balaenoptera physalus,12,23.128899339541075,3.5681674713780223,0.592365288135765,Mammalia
sl_eat_bio_ssl_all,12,Delphinus delphis,9,239.74063469525464,10.412422892557096,0.7085323088474077,Mammalia
sl_eat_bio_ssl_all,12,Eubalaena glacialis,7,239.28815061524364,10.973494421643593,0.7244946228433675,Mammalia
sl_eat_bio_ssl_all,12,Aegolius funereus,5,194.1403946161438,12.22983823217813,0.9015404022067592,Aves
sl_eat_bio_ssl_all,12,Physeter catodon,8,197.03977086803775,10.911630018754481,0.714568559591585,Mammalia
sl_eat_bio_ssl_all,12,Orcinus orca,28,236.76971416184912,9.700323730607373,0.6016389572170907,Mammalia
sl_eat_bio_ssl_all,12,Erignathus barbatus,7,175.89900201709187,11.808006584308867,0.48826169437158073,Mammalia
sl_eat_bio_ssl_all,12,Lagenorhynchus acutus,7,214.2591347830857,10.816031480173045,0.731143875265764,Mammalia
sl_eat_bio_ssl_all,12,Strix uralensis,5,193.2080977642012,12.002054326176198,0.8936569764556873,Aves
sl_eat_bio_ssl_all,12,Strix varia,6,204.98740032806072,11.247572243517022,0.9119026991941477,Aves
sl_eat_bio_ssl_all,12,Calidris alpina,5,196.81292517551816,11.463734447138442,0.896880669634404,Aves
sl_eat_bio_ssl_all,12,Colaptes auratus,6,205.35330674118984,11.148261576557825,0.8787700617938501,Aves
sl_eat_bio_ssl_all,12,Dryobates pubescens,5,191.36876441001445,10.825044472072998,0.9112243735812994,Aves
sl_eat_bio_ssl_all,12,Canis latrans,6,188.00535221305745,12.447928391510736,0.8683755406913206,Mammalia
sl_eat_bio_ssl_all,12,Dendrocopos major,11,182.3587970183454,11.457746631054299,0.8938608862529193,Aves
sl_eat_bio_ssl_all,12,Stenella coeruleoalba,5,212.03489055368726,11.130828306745064,0.7043266152557178,Mammalia
sl_eat_bio_ssl_all,12,Stenella attenuata,6,224.99952127842218,9.309908508898623,0.7305257638535674,Mammalia
sl_eat_bio_ssl_all,12,Tyto alba,5,157.71968563970114,11.938477440020343,0.9201508625403031,Aves
sl_eat_bio_ssl_all,12,Megaptera novaeangliae,10,228.09419156612427,11.688561262552142,0.591622275475203,Mammalia
sl_eat_bio_ssl_all,12,Picus viridis,5,181.92538023789825,11.722434113376105,0.9177033557025014,Aves
sl_eat_bio_ssl_all,12,Athene noctua,7,187.02612987637494,11.986446454780458,0.9040735919624746,Aves
sl_eat_bio_ssl_all,12,Bubo virginianus,5,184.45657775327965,11.349618317867842,0.9092519466567053,Aves
sl_eat_bio_ssl_all,12,Sciurus carolinensis,7,166.5554892165835,12.23952586481889,0.8959622849358314,Mammalia
sl_eat_bio_ssl_all,12,Pseudorca crassidens,8,227.58148750833598,11.877844136931525,0.6281079170426299,Mammalia
sl_eat_bio_ssl_all,12,Globicephala macrorhynchus,9,236.29587732229157,9.719451979156318,0.7604951336489285,Mammalia
sl_eat_bio_ssl_all,12,Globicephala melaena,8,202.16568393202854,11.493387404716627,0.7675755770101289,Mammalia
sl_eat_bio_ssl_all,12,Sterna paradisaea,5,190.10045915982798,12.012545896786232,0.8565836379784184,Aves
sl_eat_bio_ssl_all,12,Strix aluco,7,202.3205309456607,11.150179828963157,0.9209079646824113,Aves
sl_eat_bio_ssl_all,12,Balaenoptera physalus,12,198.817683569966,11.93610791263368,0.7469873166366231,Mammalia
random_init_eat_seed42,0,Delphinus delphis,9,697.9066773789076,8.368783235946543,0.005778273023333104,Mammalia
random_init_eat_seed42,0,Eubalaena glacialis,7,669.3009730197604,9.931834743322277,0.9208630254849149,Mammalia
random_init_eat_seed42,0,Aegolius funereus,5,487.3554076891686,16.751965903523928,0.9416098288140853,Aves
random_init_eat_seed42,0,Physeter catodon,8,687.425934053847,8.97111966582256,-0.11054578826139613,Mammalia
random_init_eat_seed42,0,Orcinus orca,28,580.2538620829023,13.70007450567942,0.9897181317536305,Mammalia
random_init_eat_seed42,0,Erignathus barbatus,7,685.2471589619581,9.093908376171505,0.9166265791635204,Mammalia
random_init_eat_seed42,0,Lagenorhynchus acutus,7,714.2877217038834,7.323547552905999,0.5784565713775387,Mammalia
random_init_eat_seed42,0,Strix uralensis,5,284.55626458916373,21.986495900442254,0.9649287464009519,Aves
random_init_eat_seed42,0,Strix varia,6,611.8885133694245,12.493493585146897,0.9822726299720985,Aves
random_init_eat_seed42,0,Calidris alpina,5,575.4516934872573,13.874720803379544,0.993609466118826,Aves
random_init_eat_seed42,0,Colaptes auratus,6,591.4001094978935,13.287999054086203,0.989814176569477,Aves
random_init_eat_seed42,0,Dryobates pubescens,5,686.080474717942,9.048765770052361,0.9522538866655498,Aves
random_init_eat_seed42,0,Canis latrans,6,439.1373355243788,18.133848300227786,0.9572401913311755,Mammalia
random_init_eat_seed42,0,Dendrocopos major,11,363.5441473893479,20.110595523849042,0.946022241465605,Aves
random_init_eat_seed42,0,Stenella coeruleoalba,5,710.4887660839482,7.578597055664711,0.571484515746201,Mammalia
random_init_eat_seed42,0,Stenella attenuata,6,710.1541962500158,7.602075395042635,-0.031237131837132087,Mammalia
random_init_eat_seed42,0,Tyto alba,5,386.32634726159523,19.53543204538775,0.96471060685669,Aves
random_init_eat_seed42,0,Megaptera novaeangliae,10,698.4124931509971,8.338383913897008,-0.15995098550914044,Mammalia
random_init_eat_seed42,0,Picus viridis,5,275.4662249001277,22.19255639953728,0.9455759040206937,Aves
random_init_eat_seed42,0,Athene noctua,7,642.4663000691653,11.202465269637296,0.9906633482249262,Aves
random_init_eat_seed42,0,Bubo virginianus,5,400.41984339964324,19.171416714655102,0.9620946357493365,Aves
random_init_eat_seed42,0,Sciurus carolinensis,7,432.5280355580897,18.31517277269345,0.9506939364970844,Mammalia
random_init_eat_seed42,0,Pseudorca crassidens,8,595.5690021098148,13.128710860644816,0.9864587862504923,Mammalia
random_init_eat_seed42,0,Globicephala macrorhynchus,9,704.9195229959162,7.939613740513032,-0.13261741056781082,Mammalia
random_init_eat_seed42,0,Globicephala melaena,8,703.8391689941986,8.005968050920826,0.44140329248133564,Mammalia
random_init_eat_seed42,0,Sterna paradisaea,5,526.1694323333211,15.54974602986627,0.9711902982748438,Aves
random_init_eat_seed42,0,Strix aluco,7,476.1769591745769,17.082055672458825,0.9677672691487246,Aves
random_init_eat_seed42,0,Balaenoptera physalus,12,280.95500351389046,22.06859450326806,0.9261469652365666,Mammalia
random_init_eat_seed42,1,Delphinus delphis,9,656.4048276650196,10.56380406402871,0.18813541427161942,Mammalia
random_init_eat_seed42,1,Eubalaena glacialis,7,625.2015687789942,11.949750625554646,0.8471498465053174,Mammalia
random_init_eat_seed42,1,Aegolius funereus,5,514.4956407323372,15.921786091333963,0.8942499898551546,Aves
random_init_eat_seed42,1,Physeter catodon,8,633.8343347953768,11.5829881141175,0.07784001686383529,Mammalia
random_init_eat_seed42,1,Orcinus orca,28,538.2527311623016,15.157367636174756,0.9451776794617567,Mammalia
random_init_eat_seed42,1,Erignathus barbatus,7,659.7712811594855,10.4031792835774,0.8373580364986182,Mammalia
random_init_eat_seed42,1,Lagenorhynchus acutus,7,654.7381741088557,10.64242375229975,0.6238622790815067,Mammalia
random_init_eat_seed42,1,Strix uralensis,5,275.8186185484656,22.185154080417846,0.8750196276115282,Aves
random_init_eat_seed42,1,Strix varia,6,630.9362677767054,11.707365542482139,0.9600505496553998,Aves
random_init_eat_seed42,1,Calidris alpina,5,595.0983083651138,13.149120359774244,0.9945711592363348,Aves
random_init_eat_seed42,1,Colaptes auratus,6,597.4443533446015,13.059699091968012,0.9500722778856322,Aves
random_init_eat_seed42,1,Dryobates pubescens,5,688.7840402446651,8.900303377726157,0.9494862313641218,Aves
random_init_eat_seed42,1,Canis latrans,6,432.02847802357473,18.329503248018476,0.8739522952828155,Mammalia
random_init_eat_seed42,1,Dendrocopos major,11,301.53107994139134,21.59787966070263,0.8811338854759065,Aves
random_init_eat_seed42,1,Stenella coeruleoalba,5,660.5280534709993,10.366862871903239,0.3961292255418864,Mammalia
random_init_eat_seed42,1,Stenella attenuata,6,673.6301424586253,9.714305108553122,0.03626540986543883,Mammalia
random_init_eat_seed42,1,Tyto alba,5,417.7571535907014,18.714780306660767,0.9403748060929652,Aves
random_init_eat_seed42,1,Megaptera novaeangliae,10,665.9611877797776,10.101437331834845,0.10770716542440335,Mammalia
random_init_eat_seed42,1,Picus viridis,5,320.4756315109816,21.154750089964054,0.9129135081412161,Aves
random_init_eat_seed42,1,Athene noctua,7,628.6931040273826,11.802879437979774,0.9267724341021906,Aves
random_init_eat_seed42,1,Bubo virginianus,5,335.14444697255834,20.805148741803773,0.9065163654982409,Aves
random_init_eat_seed42,1,Sciurus carolinensis,7,383.0224843709978,19.620787247914652,0.8717180484597473,Mammalia
random_init_eat_seed42,1,Pseudorca crassidens,8,579.5868874774908,13.726418333437982,0.9452941065736887,Mammalia
random_init_eat_seed42,1,Globicephala macrorhynchus,9,642.3103671259794,11.211171080291727,-0.027468931720441767,Mammalia
random_init_eat_seed42,1,Globicephala melaena,8,657.715010189759,10.50159488017955,0.450316464856075,Mammalia
random_init_eat_seed42,1,Sterna paradisaea,5,516.2204490773137,15.867568929831018,0.9287091862655789,Aves
random_init_eat_seed42,1,Strix aluco,7,459.2660239080614,17.570800150810346,0.9102514870548675,Aves
random_init_eat_seed42,1,Balaenoptera physalus,12,296.85586803641576,21.70583044110322,0.9273955156067442,Mammalia
random_init_eat_seed42,2,Delphinus delphis,9,615.4184493625229,12.352365374243572,0.3087185130051996,Mammalia
random_init_eat_seed42,2,Eubalaena glacialis,7,586.0698201032593,13.488095631908804,0.789562789240557,Mammalia
random_init_eat_seed42,2,Aegolius funereus,5,496.28856808042156,16.483650741811363,0.8528935006632868,Aves
random_init_eat_seed42,2,Physeter catodon,8,569.9639712818764,14.072472889359565,0.11129262812784588,Mammalia
random_init_eat_seed42,2,Orcinus orca,28,504.131721733272,16.243998821574326,0.9139623187529456,Mammalia
random_init_eat_seed42,2,Erignathus barbatus,7,630.297119328253,11.734677732239097,0.8187074797914744,Mammalia
random_init_eat_seed42,2,Lagenorhynchus acutus,7,613.2173628928813,12.441035730031928,0.5228428936592983,Mammalia
random_init_eat_seed42,2,Strix uralensis,5,242.48229967034172,22.9241077664776,0.8010244091261587,Aves
random_init_eat_seed42,2,Strix varia,6,615.1729931296596,12.362214414440711,0.9299287283678204,Aves
random_init_eat_seed42,2,Calidris alpina,5,545.9764426320119,14.900392931545552,0.990217114699756,Aves
random_init_eat_seed42,2,Colaptes auratus,6,594.9050739020614,13.156514076827738,0.9133584286510408,Aves
random_init_eat_seed42,2,Dryobates pubescens,5,688.4544949988097,8.918877969394401,0.9145609613909549,Aves
random_init_eat_seed42,2,Canis latrans,6,435.7072735922824,18.228862718487747,0.7970294498855721,Mammalia
random_init_eat_seed42,2,Dendrocopos major,11,334.28835357579334,20.825720407745106,0.8288316361895547,Aves
random_init_eat_seed42,2,Stenella coeruleoalba,5,608.0331416686669,12.64781811904139,0.5103179530514365,Mammalia
random_init_eat_seed42,2,Stenella attenuata,6,636.4206002615522,11.470772364173353,0.12797976168128625,Mammalia
random_init_eat_seed42,2,Tyto alba,5,378.6148921586184,19.732803345307072,0.9111870149207146,Aves
random_init_eat_seed42,2,Megaptera novaeangliae,10,634.7708519180559,11.542482027677757,0.2695891525543248,Mammalia
random_init_eat_seed42,2,Picus viridis,5,326.2762585163465,21.017238129043776,0.8866014643144042,Aves
random_init_eat_seed42,2,Athene noctua,7,608.4494254091026,12.631317051233147,0.8836480128576445,Aves
random_init_eat_seed42,2,Bubo virginianus,5,398.0844323728343,19.233167681560836,0.8602905829633007,Aves
random_init_eat_seed42,2,Sciurus carolinensis,7,397.5910001568193,19.246014453320875,0.8006151543721011,Mammalia
random_init_eat_seed42,2,Pseudorca crassidens,8,528.1945368468049,15.485582554492144,0.9210406508488023,Mammalia
random_init_eat_seed42,2,Globicephala macrorhynchus,9,608.1109892074252,12.644681737643529,0.20547537878776165,Mammalia
random_init_eat_seed42,2,Globicephala melaena,8,610.9644878247565,12.531322205361844,0.41706735519142035,Mammalia
random_init_eat_seed42,2,Sterna paradisaea,5,547.0675216367438,14.863893368794308,0.9018017438352731,Aves
random_init_eat_seed42,2,Strix aluco,7,449.18139907199117,17.855528450001053,0.8565355259239844,Aves
random_init_eat_seed42,2,Balaenoptera physalus,12,315.6940915457588,21.26746264746381,0.9254234261702255,Mammalia
random_init_eat_seed42,3,Delphinus delphis,9,562.1509906906807,14.347368418506518,0.2828941985572909,Mammalia
random_init_eat_seed42,3,Eubalaena glacialis,7,549.4526290127028,14.78332775274792,0.7467967104386447,Mammalia
random_init_eat_seed42,3,Aegolius funereus,5,509.5931129373043,16.074978129479316,0.7958599657480765,Aves
random_init_eat_seed42,3,Physeter catodon,8,523.2187670893871,15.645429176415899,0.21898745941949735,Mammalia
random_init_eat_seed42,3,Orcinus orca,28,484.92644266573524,16.824791878298285,0.8777377220631698,Mammalia
random_init_eat_seed42,3,Erignathus barbatus,7,603.5126180864506,12.82527136071915,0.7990417245949959,Mammalia
random_init_eat_seed42,3,Lagenorhynchus acutus,7,564.4042428160424,14.268666401904563,0.5611536292076165,Mammalia
random_init_eat_seed42,3,Strix uralensis,5,235.93608688959011,23.066522845824853,0.7197474026328841,Aves
random_init_eat_seed42,3,Strix varia,6,619.0020428305651,12.206442727591835,0.8987788742994343,Aves
random_init_eat_seed42,3,Calidris alpina,5,584.0171803513039,13.56393348292311,0.990507381135331,Aves
random_init_eat_seed42,3,Colaptes auratus,6,598.1588436484099,13.032320512999013,0.8634426615735022,Aves
random_init_eat_seed42,3,Dryobates pubescens,5,685.0869704540976,9.105654109103376,0.9328409125454302,Aves
random_init_eat_seed42,3,Canis latrans,6,426.32396787593717,18.48454745938346,0.7202315439876779,Mammalia
random_init_eat_seed42,3,Dendrocopos major,11,337.9674058026205,20.7372263783601,0.7606975556889788,Aves
random_init_eat_seed42,3,Stenella coeruleoalba,5,564.1261964949497,14.278315543510686,0.5272099814509951,Mammalia
random_init_eat_seed42,3,Stenella attenuata,6,623.1105010891915,12.036948136775129,0.37905732250500684,Mammalia
random_init_eat_seed42,3,Tyto alba,5,445.48147312670125,17.958784163393968,0.8892360256622468,Aves
random_init_eat_seed42,3,Megaptera novaeangliae,10,590.3232812657661,13.32954775402835,0.25281549821892324,Mammalia
random_init_eat_seed42,3,Picus viridis,5,313.2680531263962,21.32448868578944,0.8469882647448104,Aves
random_init_eat_seed42,3,Athene noctua,7,626.4165722308642,11.898835446523767,0.7949941064492363,Aves
random_init_eat_seed42,3,Bubo virginianus,5,392.35681068823544,19.38152971549853,0.8011230525725386,Aves
random_init_eat_seed42,3,Sciurus carolinensis,7,417.5593971062136,18.720024909366547,0.7174246739317557,Mammalia
random_init_eat_seed42,3,Pseudorca crassidens,8,518.7979941378978,15.78606378735991,0.886954360430001,Mammalia
random_init_eat_seed42,3,Globicephala macrorhynchus,9,539.898199969271,15.103000345955447,0.17916777339929893,Mammalia
random_init_eat_seed42,3,Globicephala melaena,8,569.9311283541806,14.073682924301067,0.46563878103789663,Mammalia
random_init_eat_seed42,3,Sterna paradisaea,5,569.5551708568632,14.087027656952353,0.8598226330781842,Aves
random_init_eat_seed42,3,Strix aluco,7,440.1517577844592,18.10661854184099,0.7966727392166416,Aves
random_init_eat_seed42,3,Balaenoptera physalus,12,317.73686860418854,21.21937861942421,0.9132112742906415,Mammalia
random_init_eat_seed42,4,Delphinus delphis,9,512.6225999062174,15.980517855396238,0.36133060272767725,Mammalia
random_init_eat_seed42,4,Eubalaena glacialis,7,500.92418300532086,16.342399004246303,0.7392475891704107,Mammalia
random_init_eat_seed42,4,Aegolius funereus,5,491.7341939143266,16.621198304188756,0.7588994820563546,Aves
random_init_eat_seed42,4,Physeter catodon,8,467.5127986172163,17.33454185830354,0.2742095689962745,Mammalia
random_init_eat_seed42,4,Orcinus orca,28,447.9254075620254,17.890629397329267,0.8561858818025821,Mammalia
random_init_eat_seed42,4,Erignathus barbatus,7,562.9373990603264,14.319930549734728,0.8016666022931686,Mammalia
random_init_eat_seed42,4,Lagenorhynchus acutus,7,511.7755142194675,16.0069660265632,0.5672764113606261,Mammalia
random_init_eat_seed42,4,Strix uralensis,5,250.10100989208902,22.757376106157796,0.6437558557255734,Aves
random_init_eat_seed42,4,Strix varia,6,613.4157916892578,12.433065153221252,0.8791924887982232,Aves
random_init_eat_seed42,4,Calidris alpina,5,596.5607211389901,13.093477724503128,0.9925754723831034,Aves
random_init_eat_seed42,4,Colaptes auratus,6,580.375836950489,13.69761715638632,0.8349531511961658,Aves
random_init_eat_seed42,4,Dryobates pubescens,5,673.3924308610935,9.726599751753891,0.9456721337235222,Aves
random_init_eat_seed42,4,Canis latrans,6,417.44552807750966,18.72309441289315,0.6510433140188169,Mammalia
random_init_eat_seed42,4,Dendrocopos major,11,324.48380280968644,21.059789199581786,0.706673040988614,Aves
random_init_eat_seed42,4,Stenella coeruleoalba,5,513.0265713764318,15.967900971497293,0.5539407932952249,Mammalia
random_init_eat_seed42,4,Stenella attenuata,6,584.0180200206457,13.563979357917544,0.4073167549709793,Mammalia
random_init_eat_seed42,4,Tyto alba,5,418.1473356549954,18.70431106433738,0.8638502407280564,Aves
random_init_eat_seed42,4,Megaptera novaeangliae,10,551.1896396126978,14.724494083805626,0.3568348864740474,Mammalia
random_init_eat_seed42,4,Picus viridis,5,378.41983010300123,19.737709981462906,0.8182796618169208,Aves
random_init_eat_seed42,4,Athene noctua,7,595.6526405807928,13.128029877589379,0.7792785846312,Aves
random_init_eat_seed42,4,Bubo virginianus,5,381.2838366134632,19.66509683186445,0.7581893258633098,Aves
random_init_eat_seed42,4,Sciurus carolinensis,7,400.1282084217824,19.179936174625308,0.6487313446620073,Mammalia
random_init_eat_seed42,4,Pseudorca crassidens,8,478.13224724626673,17.025424244073868,0.8741620636306662,Mammalia
random_init_eat_seed42,4,Globicephala macrorhynchus,9,493.91114377225205,16.555614522045598,0.2864556522583453,Mammalia
random_init_eat_seed42,4,Globicephala melaena,8,519.4063828708353,15.766810547161999,0.4881729859187378,Mammalia
random_init_eat_seed42,4,Sterna paradisaea,5,528.639145910325,15.471203218998808,0.8264968248678457,Aves
random_init_eat_seed42,4,Strix aluco,7,449.33295299524826,17.851178726960534,0.7405902669959341,Aves
random_init_eat_seed42,4,Balaenoptera physalus,12,339.5855243281006,20.698184966457223,0.913111131069887,Mammalia
random_init_eat_seed42,5,Delphinus delphis,9,472.2132704800326,17.198415616651737,0.37711048189729374,Mammalia
random_init_eat_seed42,5,Eubalaena glacialis,7,464.52752211372143,17.42040470938716,0.7186383082206442,Mammalia
random_init_eat_seed42,5,Aegolius funereus,5,474.35183922068694,17.136155242634775,0.7345475266790723,Aves
random_init_eat_seed42,5,Physeter catodon,8,423.73543617124443,18.55432079094486,0.32427232717220666,Mammalia
random_init_eat_seed42,5,Orcinus orca,28,424.4350112246902,18.53546387367504,0.8309727746485288,Mammalia
random_init_eat_seed42,5,Erignathus barbatus,7,535.5240223186765,15.247065835937828,0.7901209492220712,Mammalia
random_init_eat_seed42,5,Lagenorhynchus acutus,7,467.80164694650483,17.326209393867146,0.5445236672678742,Mammalia
random_init_eat_seed42,5,Strix uralensis,5,212.66494088687847,23.565584890302947,0.5907987719033767,Aves
random_init_eat_seed42,5,Strix varia,6,614.9082012413419,12.372998269345738,0.8569703026966469,Aves
random_init_eat_seed42,5,Calidris alpina,5,566.9136505337079,14.180442096384283,0.9885772389313014,Aves
random_init_eat_seed42,5,Colaptes auratus,6,584.1800070002141,13.558020091812597,0.7959469478201454,Aves
random_init_eat_seed42,5,Dryobates pubescens,5,670.581495592682,9.869980435905873,0.9476446266145154,Aves
random_init_eat_seed42,5,Canis latrans,6,413.624878882385,18.82485099030621,0.594935379763566,Mammalia
random_init_eat_seed42,5,Dendrocopos major,11,277.58294208462627,22.145352618092243,0.660977123469351,Aves
random_init_eat_seed42,5,Stenella coeruleoalba,5,472.2191158767538,17.19824041386809,0.5601976484924793,Mammalia
random_init_eat_seed42,5,Stenella attenuata,6,558.9142612011459,14.459768688018023,0.46449676585746213,Mammalia
random_init_eat_seed42,5,Tyto alba,5,433.41909285978005,18.291520851787382,0.8437507785117696,Aves
random_init_eat_seed42,5,Megaptera novaeangliae,10,512.3330699104686,15.989550955129573,0.3776773373779636,Mammalia
random_init_eat_seed42,5,Picus viridis,5,389.1623510113659,19.463761678817626,0.7919744588108093,Aves
random_init_eat_seed42,5,Athene noctua,7,585.933152857788,13.493131495619425,0.7362743101245075,Aves
random_init_eat_seed42,5,Bubo virginianus,5,398.57010738972133,19.22049975482193,0.7136096476937052,Aves
random_init_eat_seed42,5,Sciurus carolinensis,7,376.05157850149686,19.797667816025516,0.5989691010431376,Mammalia
random_init_eat_seed42,5,Pseudorca crassidens,8,445.9199201905518,17.94660055568984,0.8585134199423198,Mammalia
random_init_eat_seed42,5,Globicephala macrorhynchus,9,446.28103232553616,17.936505566183435,0.31392917015691246,Mammalia
random_init_eat_seed42,5,Globicephala melaena,8,477.9334368486902,17.031291397192277,0.5223147779608408,Mammalia
random_init_eat_seed42,5,Sterna paradisaea,5,517.6994977473906,15.820864847836196,0.7933072116628139,Aves
random_init_eat_seed42,5,Strix aluco,7,434.2459346600196,18.26895617443216,0.6973713216755888,Aves
random_init_eat_seed42,5,Balaenoptera physalus,12,349.2729811191921,20.46280119799498,0.9089498769396068,Mammalia
random_init_eat_seed42,6,Delphinus delphis,9,441.0609854898033,18.081427003403828,0.4512280782079263,Mammalia
random_init_eat_seed42,6,Eubalaena glacialis,7,428.22553514959026,18.43295298579321,0.718722872649745,Mammalia
random_init_eat_seed42,6,Aegolius funereus,5,501.22795485384233,16.333110783015638,0.704242879293293,Aves
random_init_eat_seed42,6,Physeter catodon,8,385.13476592556776,19.566937958782457,0.3638145096478788,Mammalia
random_init_eat_seed42,6,Orcinus orca,28,392.9223674701333,19.36692222604905,0.8246467411008911,Mammalia
random_init_eat_seed42,6,Erignathus barbatus,7,516.4970328911774,15.858843048785118,0.7828182340254519,Mammalia
random_init_eat_seed42,6,Lagenorhynchus acutus,7,432.03080186456333,18.329400802560805,0.5514248955956697,Mammalia
random_init_eat_seed42,6,Strix uralensis,5,203.57661662577652,23.757564447229964,0.5424239908471691,Aves
random_init_eat_seed42,6,Strix varia,6,620.1213362839216,12.16045753940751,0.8437605880996027,Aves
random_init_eat_seed42,6,Calidris alpina,5,562.6597369826569,14.329696895325585,0.9868016255650429,Aves
random_init_eat_seed42,6,Colaptes auratus,6,570.6786021058995,14.047041637569746,0.7790053127303408,Aves
random_init_eat_seed42,6,Dryobates pubescens,5,668.2622569534035,9.986862598262922,0.9453394123185764,Aves
random_init_eat_seed42,6,Canis latrans,6,387.9972568862259,19.493654694165038,0.5615601317858535,Mammalia
random_init_eat_seed42,6,Dendrocopos major,11,266.989533296765,22.383245205912022,0.6254995106436594,Aves
random_init_eat_seed42,6,Stenella coeruleoalba,5,434.0460280245223,18.27445211793562,0.5671169840822117,Mammalia
random_init_eat_seed42,6,Stenella attenuata,6,529.7413891462602,15.43565758505385,0.48002315693883796,Mammalia
random_init_eat_seed42,6,Tyto alba,5,449.62494154406323,17.84303171522264,0.8273000053977255,Aves
random_init_eat_seed42,6,Megaptera novaeangliae,10,486.7757712148501,16.769733223067014,0.44836121555287106,Mammalia
random_init_eat_seed42,6,Picus viridis,5,357.990314405715,20.248654881046615,0.7700747986854782,Aves
random_init_eat_seed42,6,Athene noctua,7,557.5113097388394,14.508127112010685,0.7269436070668641,Aves
random_init_eat_seed42,6,Bubo virginianus,5,411.8793042187956,18.871118508382864,0.6760947706713962,Aves
random_init_eat_seed42,6,Sciurus carolinensis,7,375.3163070062585,19.816236548068332,0.5533432368915396,Mammalia
random_init_eat_seed42,6,Pseudorca crassidens,8,437.65786329233595,18.17529343363266,0.8453038984335093,Mammalia
random_init_eat_seed42,6,Globicephala macrorhynchus,9,411.3763153305447,18.884503989881047,0.37770522463612133,Mammalia
random_init_eat_seed42,6,Globicephala melaena,8,442.2407632491828,18.048776265627254,0.5607480151046382,Mammalia
random_init_eat_seed42,6,Sterna paradisaea,5,562.7059131025475,14.32805513334098,0.7592484195141701,Aves
random_init_eat_seed42,6,Strix aluco,7,395.39380658701975,19.30296630089894,0.6715245920434268,Aves
random_init_eat_seed42,6,Balaenoptera physalus,12,360.14885124269404,20.195311040551147,0.9054714941775234,Mammalia
random_init_eat_seed42,7,Delphinus delphis,9,402.8708429703999,19.108363768839595,0.5127430752931327,Mammalia
random_init_eat_seed42,7,Eubalaena glacialis,7,398.5296977926173,19.2215648940704,0.6996020234660737,Mammalia
random_init_eat_seed42,7,Aegolius funereus,5,513.0790408054875,15.966244569250984,0.6626151830353932,Aves
random_init_eat_seed42,7,Physeter catodon,8,349.71777404820443,20.45194906699441,0.43241795129928895,Mammalia
random_init_eat_seed42,7,Orcinus orca,28,365.1045810239939,20.072258361461547,0.8138365174803425,Mammalia
random_init_eat_seed42,7,Erignathus barbatus,7,476.79733577088604,17.06458855700098,0.7985729536317506,Mammalia
random_init_eat_seed42,7,Lagenorhynchus acutus,7,389.26586163165297,19.461080472431767,0.5942570757334039,Mammalia
random_init_eat_seed42,7,Strix uralensis,5,207.07195568407397,23.68388402845633,0.476349235784758,Aves
random_init_eat_seed42,7,Strix varia,6,616.6164525293755,12.303821601151864,0.8245126312410469,Aves
random_init_eat_seed42,7,Calidris alpina,5,547.8906324270604,14.83606125920775,0.9828616367163057,Aves
random_init_eat_seed42,7,Colaptes auratus,6,563.0548587812169,14.315872320308474,0.749777470332775,Aves
random_init_eat_seed42,7,Dryobates pubescens,5,667.3301401502059,10.033391848378109,0.925111269408979,Aves
random_init_eat_seed42,7,Canis latrans,6,405.77687903660365,19.03213483312987,0.4876403944336184,Mammalia
random_init_eat_seed42,7,Dendrocopos major,11,304.3390386989592,21.53274387507277,0.5618790554876224,Aves
random_init_eat_seed42,7,Stenella coeruleoalba,5,397.54687886582315,19.247108715206256,0.5811666449535112,Mammalia
random_init_eat_seed42,7,Stenella attenuata,6,504.138376758553,16.2437339611029,0.5242177808137569,Mammalia
random_init_eat_seed42,7,Tyto alba,5,457.92796273613044,17.608856214826407,0.8023708807993901,Aves
random_init_eat_seed42,7,Megaptera novaeangliae,10,449.51479095517885,17.84612464717759,0.4770024015865645,Mammalia
random_init_eat_seed42,7,Picus viridis,5,388.3845213915812,19.48374145588537,0.741213605108401,Aves
random_init_eat_seed42,7,Athene noctua,7,569.9837842242911,14.071791642718892,0.6666378346705363,Aves
random_init_eat_seed42,7,Bubo virginianus,5,413.31661243984513,18.833061559830423,0.6273698728908681,Aves
random_init_eat_seed42,7,Sciurus carolinensis,7,362.4961636910097,20.13713541864865,0.49580247253434173,Mammalia
random_init_eat_seed42,7,Pseudorca crassidens,8,410.1505788670486,18.916895728810026,0.8364928750908641,Mammalia
random_init_eat_seed42,7,Globicephala macrorhynchus,9,370.1056729005388,19.947271792994034,0.42461435596109165,Mammalia
random_init_eat_seed42,7,Globicephala melaena,8,400.61613533286624,19.16724497129309,0.563301041704518,Mammalia
random_init_eat_seed42,7,Sterna paradisaea,5,547.1504788685966,14.860985799780464,0.7305573477441009,Aves
random_init_eat_seed42,7,Strix aluco,7,429.9693504645296,18.38559510896755,0.6123535222772711,Aves
random_init_eat_seed42,7,Balaenoptera physalus,12,363.78808265479245,20.105016065423165,0.8965614679336846,Mammalia
random_init_eat_seed42,8,Delphinus delphis,9,367.37274262680137,20.01569611972011,0.5475786036782854,Mammalia
random_init_eat_seed42,8,Eubalaena glacialis,7,358.2070658488002,20.243338154559535,0.713722250538165,Mammalia
random_init_eat_seed42,8,Aegolius funereus,5,501.89973261253436,16.312568663709346,0.6558887101502275,Aves
random_init_eat_seed42,8,Physeter catodon,8,315.1499872246961,21.280241777476526,0.4790220556107282,Mammalia
random_init_eat_seed42,8,Orcinus orca,28,338.1698966060855,20.73231400420942,0.8040605222824464,Mammalia
random_init_eat_seed42,8,Erignathus barbatus,7,448.39290808877456,17.87752039160442,0.7837194638531657,Mammalia
random_init_eat_seed42,8,Lagenorhynchus acutus,7,351.5815451821569,20.406347817893412,0.6081651670431917,Mammalia
random_init_eat_seed42,8,Strix uralensis,5,193.54813441435118,23.967751570722392,0.4419346293085181,Aves
random_init_eat_seed42,8,Strix varia,6,612.9057115444415,12.453705281660591,0.8232571808452241,Aves
random_init_eat_seed42,8,Calidris alpina,5,559.02948379879,14.455735854747385,0.9829523494997087,Aves
random_init_eat_seed42,8,Colaptes auratus,6,553.1557521143789,14.657567040406438,0.7393843984248013,Aves
random_init_eat_seed42,8,Dryobates pubescens,5,644.6869328052319,11.104639561241171,0.9639021582460571,Aves
random_init_eat_seed42,8,Canis latrans,6,385.6793745656724,19.55301859789407,0.47192934898248196,Mammalia
random_init_eat_seed42,8,Dendrocopos major,11,280.04753248610007,22.089654835461474,0.5405160280122833,Aves
random_init_eat_seed42,8,Stenella coeruleoalba,5,353.5931393861551,20.35698581500164,0.6364021671502448,Mammalia
random_init_eat_seed42,8,Stenella attenuata,6,472.0373637942702,17.203533841235288,0.5242964233589865,Mammalia
random_init_eat_seed42,8,Tyto alba,5,493.5145784664539,16.567612828828537,0.7960895284715773,Aves
random_init_eat_seed42,8,Megaptera novaeangliae,10,420.0867065963133,18.652406839288997,0.5510025254726849,Mammalia
random_init_eat_seed42,8,Picus viridis,5,406.62745407789726,19.00976734738944,0.7290709630871033,Aves
random_init_eat_seed42,8,Athene noctua,7,558.217564806704,14.48381962181438,0.6435614861604152,Aves
random_init_eat_seed42,8,Bubo virginianus,5,397.6033655137543,19.245689258476506,0.6115102001368367,Aves
random_init_eat_seed42,8,Sciurus carolinensis,7,365.6903071598871,20.057587507986646,0.4641266526896673,Mammalia
random_init_eat_seed42,8,Pseudorca crassidens,8,373.5510319224943,19.860672617070364,0.8321439888919981,Mammalia
random_init_eat_seed42,8,Globicephala macrorhynchus,9,338.86059778580795,20.715662454682143,0.4931225815590172,Mammalia
random_init_eat_seed42,8,Globicephala melaena,8,365.00096139851854,20.07479287811712,0.6163663061893724,Mammalia
random_init_eat_seed42,8,Sterna paradisaea,5,514.3627008673338,15.926038385836208,0.7280143417649565,Aves
random_init_eat_seed42,8,Strix aluco,7,410.773025446217,18.90040209613581,0.5912969598599125,Aves
random_init_eat_seed42,8,Balaenoptera physalus,12,363.7513889513322,20.10593263913972,0.8962398182404289,Mammalia
random_init_eat_seed42,9,Delphinus delphis,9,335.3764743171099,20.799581211194038,0.5574154858902903,Mammalia
random_init_eat_seed42,9,Eubalaena glacialis,7,321.0347131223292,21.141524809016353,0.7262175817369132,Mammalia
random_init_eat_seed42,9,Aegolius funereus,5,485.1702938098757,16.817453823989993,0.6438479714375537,Aves
random_init_eat_seed42,9,Physeter catodon,8,283.97658521625374,22.000466873651046,0.5034693414607195,Mammalia
random_init_eat_seed42,9,Orcinus orca,28,316.7694887052613,21.242176249325812,0.794299521145664,Mammalia
random_init_eat_seed42,9,Erignathus barbatus,7,413.31814930242285,18.833011787204484,0.8021828462550739,Mammalia
random_init_eat_seed42,9,Lagenorhynchus acutus,7,319.5400826795321,21.176898268813414,0.6165629174540016,Mammalia
random_init_eat_seed42,9,Strix uralensis,5,170.90208631366357,24.435600990418884,0.4117653036569716,Aves
random_init_eat_seed42,9,Strix varia,6,624.4098422074593,11.982845386178152,0.8067750667801432,Aves
random_init_eat_seed42,9,Calidris alpina,5,553.2324287978632,14.654822765896876,0.9800415901926705,Aves
random_init_eat_seed42,9,Colaptes auratus,6,551.7141733339896,14.706540204290572,0.7167434973350568,Aves
random_init_eat_seed42,9,Dryobates pubescens,5,640.9627675013838,11.271088138081563,0.9721580078545609,Aves
random_init_eat_seed42,9,Canis latrans,6,381.1243515412469,19.669150982550573,0.44064920057856605,Mammalia
random_init_eat_seed42,9,Dendrocopos major,11,274.6300940507643,22.211912991623525,0.5055685299236794,Aves
random_init_eat_seed42,9,Stenella coeruleoalba,5,326.9927169688065,21.00012883751958,0.6109932179573351,Mammalia
random_init_eat_seed42,9,Stenella attenuata,6,458.18217758706055,17.60161046477144,0.5881359130594943,Mammalia
random_init_eat_seed42,9,Tyto alba,5,458.4522700527639,17.59389813334736,0.7762599970893701,Aves
random_init_eat_seed42,9,Megaptera novaeangliae,10,389.61549851854846,19.452141413054957,0.5596151170626362,Mammalia
random_init_eat_seed42,9,Picus viridis,5,417.10050697264705,18.732290352597182,0.7184937837190192,Aves
random_init_eat_seed42,9,Athene noctua,7,544.1430766117026,14.961814493057613,0.6294081510072307,Aves
random_init_eat_seed42,9,Bubo virginianus,5,409.0896920499801,18.944971892374106,0.5783660375674545,Aves
random_init_eat_seed42,9,Sciurus carolinensis,7,353.16339937932474,20.367550793608626,0.4372060214257917,Mammalia
random_init_eat_seed42,9,Pseudorca crassidens,8,349.86721950858293,20.448278453136815,0.8278224584559755,Mammalia
random_init_eat_seed42,9,Globicephala macrorhynchus,9,300.6796608478917,21.617573064254028,0.49465769917608077,Mammalia
random_init_eat_seed42,9,Globicephala melaena,8,332.0232094343516,20.880055751052872,0.6160781518185211,Mammalia
random_init_eat_seed42,9,Sterna paradisaea,5,497.570804960774,16.444701804604502,0.7090049134831533,Aves
random_init_eat_seed42,9,Strix aluco,7,412.70559061749196,18.849248841427457,0.5592720298838619,Aves
random_init_eat_seed42,9,Balaenoptera physalus,12,381.92487178124793,19.648790810752324,0.8960265675166212,Mammalia
random_init_eat_seed42,10,Delphinus delphis,9,304.0473813379727,21.539548432201915,0.5742527819125305,Mammalia
random_init_eat_seed42,10,Eubalaena glacialis,7,293.4033697857158,21.78519814541362,0.7238944077981139,Mammalia
random_init_eat_seed42,10,Aegolius funereus,5,535.8606257065951,15.236029425813031,0.6135536059271106,Aves
random_init_eat_seed42,10,Physeter catodon,8,253.6578414196937,22.67910626778194,0.5341276747001148,Mammalia
random_init_eat_seed42,10,Orcinus orca,28,301.0300579785964,21.609461144258873,0.7889205611110884,Mammalia
random_init_eat_seed42,10,Erignathus barbatus,7,393.5937117667496,19.34958164562341,0.7917400321198934,Mammalia
random_init_eat_seed42,10,Lagenorhynchus acutus,7,287.5204691344179,21.91986060059315,0.6369715087415122,Mammalia
random_init_eat_seed42,10,Strix uralensis,5,157.2031085199365,24.71421294040185,0.384428129619566,Aves
random_init_eat_seed42,10,Strix varia,6,621.6079878442321,12.09924216797066,0.8050815128892692,Aves
random_init_eat_seed42,10,Calidris alpina,5,532.9328096202607,15.331795202302906,0.977141770310409,Aves
random_init_eat_seed42,10,Colaptes auratus,6,537.5674116265826,15.18001229447507,0.705907863470274,Aves
random_init_eat_seed42,10,Dryobates pubescens,5,641.1951610687379,11.26079440796572,0.961869693785037,Aves
random_init_eat_seed42,10,Canis latrans,6,382.9550676772321,19.622550869934415,0.41055986817480655,Mammalia
random_init_eat_seed42,10,Dendrocopos major,11,272.6152292521596,22.25719072338086,0.47305566357802403,Aves
random_init_eat_seed42,10,Stenella coeruleoalba,5,296.15688398368206,21.72202869655747,0.652271994569927,Mammalia
random_init_eat_seed42,10,Stenella attenuata,6,442.6948265477902,18.036222860340516,0.6398180681952771,Mammalia
random_init_eat_seed42,10,Tyto alba,5,483.52251851918305,16.866444260715895,0.7655336450401986,Aves
random_init_eat_seed42,10,Megaptera novaeangliae,10,362.5953355079668,20.134657994789226,0.5964232837377362,Mammalia
random_init_eat_seed42,10,Picus viridis,5,411.7806917491291,18.873759145288854,0.6993942245193898,Aves
random_init_eat_seed42,10,Athene noctua,7,534.9448507143046,15.2661018769391,0.6121730934692816,Aves
random_init_eat_seed42,10,Bubo virginianus,5,408.85529112858126,18.95107785933155,0.551176501291136,Aves
random_init_eat_seed42,10,Sciurus carolinensis,7,352.49292027123465,20.384021209788074,0.4086613078909361,Mammalia
random_init_eat_seed42,10,Pseudorca crassidens,8,337.1258637324167,20.757515768593453,0.8234438587187635,Mammalia
random_init_eat_seed42,10,Globicephala macrorhynchus,9,272.3860904871784,22.26239568962714,0.5329680245557273,Mammalia
random_init_eat_seed42,10,Globicephala melaena,8,302.32605536966173,21.57945974098553,0.6423466118166624,Mammalia
random_init_eat_seed42,10,Sterna paradisaea,5,508.6374190630014,16.104725917557808,0.684584646601785,Aves
random_init_eat_seed42,10,Strix aluco,7,396.55910170217743,19.272761444154423,0.5386854119123397,Aves
random_init_eat_seed42,10,Balaenoptera physalus,12,396.7204437350719,19.268581670721915,0.897299607300339,Mammalia
random_init_eat_seed42,11,Delphinus delphis,9,266.9115509284482,22.384973682820146,0.5972012188490217,Mammalia
random_init_eat_seed42,11,Eubalaena glacialis,7,263.1312651198636,22.469267580713453,0.725149775602214,Mammalia
random_init_eat_seed42,11,Aegolius funereus,5,502.53934208053244,16.292995738936796,0.6140173330721109,Aves
random_init_eat_seed42,11,Physeter catodon,8,223.4782750664754,23.3349613141466,0.5687830726761697,Mammalia
random_init_eat_seed42,11,Orcinus orca,28,277.5021583070769,22.147169575542637,0.784347057848582,Mammalia
random_init_eat_seed42,11,Erignathus barbatus,7,363.18096031812973,20.120099857244636,0.7966366487191844,Mammalia
random_init_eat_seed42,11,Lagenorhynchus acutus,7,253.55207000785566,22.681451371487256,0.6432267551547005,Mammalia
random_init_eat_seed42,11,Strix uralensis,5,147.71536271943617,24.905488722622767,0.3554280671574478,Aves
random_init_eat_seed42,11,Strix varia,6,606.8246793835394,12.695443249236675,0.8094306873912898,Aves
random_init_eat_seed42,11,Calidris alpina,5,528.8149872404241,15.46564395217371,0.9748148209541797,Aves
random_init_eat_seed42,11,Colaptes auratus,6,517.6214535089431,15.823360327998712,0.6935421875134388,Aves
random_init_eat_seed42,11,Dryobates pubescens,5,633.4676299852069,11.598839310307715,0.9542697799655739,Aves
random_init_eat_seed42,11,Canis latrans,6,381.7396298623314,19.653502843661766,0.3823072626032092,Mammalia
random_init_eat_seed42,11,Dendrocopos major,11,265.46699502154536,22.417243035854206,0.441687430342243,Aves
random_init_eat_seed42,11,Stenella coeruleoalba,5,265.1430223529686,22.424470846111312,0.6712562984414671,Mammalia
random_init_eat_seed42,11,Stenella attenuata,6,418.5644772409616,18.693168897707213,0.6636967809732034,Mammalia
random_init_eat_seed42,11,Tyto alba,5,491.48395343468246,16.628649357626507,0.7548943146698688,Aves
random_init_eat_seed42,11,Megaptera novaeangliae,10,327.7220966170026,20.982814155822577,0.6071443144730414,Mammalia
random_init_eat_seed42,11,Picus viridis,5,441.97390285057236,18.05619222874535,0.6877383090927431,Aves
random_init_eat_seed42,11,Athene noctua,7,517.3064222575583,15.83327604482343,0.6099116208094325,Aves
random_init_eat_seed42,11,Bubo virginianus,5,427.6676524145313,18.44807496669119,0.5219021439353452,Aves
random_init_eat_seed42,11,Sciurus carolinensis,7,353.619549770003,20.35629524824153,0.37345979140996166,Mammalia
random_init_eat_seed42,11,Pseudorca crassidens,8,303.6075589864153,21.549786043687426,0.822884371835154,Mammalia
random_init_eat_seed42,11,Globicephala macrorhynchus,9,234.68884232120848,23.0935485851663,0.5518825951558801,Mammalia
random_init_eat_seed42,11,Globicephala melaena,8,266.9216011816627,22.384761450031448,0.6487697500738608,Mammalia
random_init_eat_seed42,11,Sterna paradisaea,5,507.43596938176813,16.142001361230683,0.6682787961024942,Aves
random_init_eat_seed42,11,Strix aluco,7,382.4197974179428,19.636177005710397,0.5176859107223798,Aves
random_init_eat_seed42,11,Balaenoptera physalus,12,391.5585714702135,19.40209352485551,0.890209193760683,Mammalia
random_init_eat_seed42,12,Delphinus delphis,9,248.1071426569831,22.801150994831065,0.6253834437917447,Mammalia
random_init_eat_seed42,12,Eubalaena glacialis,7,244.17485702851778,22.887202997978164,0.7196901216196454,Mammalia
random_init_eat_seed42,12,Aegolius funereus,5,515.0917545855865,15.903043701520374,0.5940068889675922,Aves
random_init_eat_seed42,12,Physeter catodon,8,201.6467659646195,23.7981656453978,0.5866977438471677,Mammalia
random_init_eat_seed42,12,Orcinus orca,28,258.7437976229137,22.56670991602654,0.7802084569557847,Mammalia
random_init_eat_seed42,12,Erignathus barbatus,7,342.5957411874603,20.625298623972252,0.7935437087455098,Mammalia
random_init_eat_seed42,12,Lagenorhynchus acutus,7,230.92337645485506,23.174881787421235,0.6541762122283877,Mammalia
random_init_eat_seed42,12,Strix uralensis,5,155.46328546752886,24.749447877664267,0.312950008240687,Aves
random_init_eat_seed42,12,Strix varia,6,616.60057054146,12.304322396595005,0.7970203299842573,Aves
random_init_eat_seed42,12,Calidris alpina,5,522.9754232646872,15.653258027514548,0.9727091491849359,Aves
random_init_eat_seed42,12,Colaptes auratus,6,538.5239071466755,15.148388776356434,0.6613420714190614,Aves
random_init_eat_seed42,12,Dryobates pubescens,5,627.5321928476471,11.851926897037966,0.9725992155776829,Aves
random_init_eat_seed42,12,Canis latrans,6,367.7391528783689,20.006507223048317,0.36213465837097436,Mammalia
random_init_eat_seed42,12,Dendrocopos major,11,260.4790601426308,22.52820717208316,0.4108274752010441,Aves
random_init_eat_seed42,12,Stenella coeruleoalba,5,240.64813677707076,22.964178181719735,0.6728024038282202,Mammalia
random_init_eat_seed42,12,Stenella attenuata,6,403.3047169400633,19.09694080645682,0.6703307332945602,Mammalia
random_init_eat_seed42,12,Tyto alba,5,488.36521426688506,16.722234255568367,0.736104074981303,Aves
random_init_eat_seed42,12,Megaptera novaeangliae,10,310.30444117574604,21.39380140610954,0.6519659791340499,Mammalia
random_init_eat_seed42,12,Picus viridis,5,443.3557977788528,18.0179247551737,0.6706304810272838,Aves
random_init_eat_seed42,12,Athene noctua,7,521.1832241714784,15.710422341976567,0.57715066947904,Aves
random_init_eat_seed42,12,Bubo virginianus,5,403.8641465195012,19.082388080661346,0.503558655782634,Aves
random_init_eat_seed42,12,Sciurus carolinensis,7,340.12787679977305,20.68500011629882,0.3495371070802035,Mammalia
random_init_eat_seed42,12,Pseudorca crassidens,8,299.4130361137346,21.646827441378708,0.814263572681858,Mammalia
random_init_eat_seed42,12,Globicephala macrorhynchus,9,215.3499289681866,23.50852140500856,0.5786778655219502,Mammalia
random_init_eat_seed42,12,Globicephala melaena,8,244.94598586239962,22.870387343440992,0.6588338872861323,Mammalia
random_init_eat_seed42,12,Sterna paradisaea,5,503.96410962281954,16.24916951785684,0.6485451049492612,Aves
random_init_eat_seed42,12,Strix aluco,7,403.8620818413636,19.082384735899073,0.4762119279338379,Aves
random_init_eat_seed42,12,Balaenoptera physalus,12,414.7638723041249,18.79457269010225,0.8945229007292012,Mammalia
