effective_rank,participation_ratio,mle_id_k20,bio_vs_nonbio_cos_top10,model,layer_idx,bootstrap,seed,n_items,frames_per_item
10.761971708236374,4.428117589599969,4.448258162675105,0.9290282250995181,eat_all,0,0,42,600,50
10.998408986574375,4.561230885182911,3.4610716660607226,0.8724645025009263,eat_all,0,1,1042,600,50
10.793322129839346,4.44787565805469,3.9493864711274727,0.8635350760389173,eat_all,0,2,2042,600,50
11.127518149061768,4.539837081858008,3.9066859423704816,0.8627731936960013,eat_all,0,3,3042,600,50
10.773391791719778,4.450195078698595,5.304035459133592,0.8883021330887837,eat_all,0,4,4042,600,50
10.959640273760233,4.468924461713427,5.138218729622592,0.8378131292817347,eat_all,0,5,5042,600,50
10.79565239212105,4.4613557931191865,4.1979366822192254,0.8855834976368024,eat_all,0,6,6042,600,50
10.908754015806448,4.474308785218257,4.1920552529220485,0.9083650344890687,eat_all,0,7,7042,600,50
10.859955219906743,4.439232253668299,4.242790621993636,0.8867156116617012,eat_all,0,8,8042,600,50
10.945540650556213,4.475521256066448,4.437705348275498,0.891142823588303,eat_all,0,9,9042,600,50
11.066340930940944,4.485433168092804,4.987637943564876,0.9046673429043424,eat_all,0,10,10042,600,50
10.890759736334537,4.470055552184141,4.432760377759121,0.8814364961708543,eat_all,0,11,11042,600,50
10.757874654666008,4.4526052373967255,4.760161411652888,0.8864951256202976,eat_all,0,12,12042,600,50
11.001870078831717,4.4797825544016705,4.919105018614761,0.9121226226128656,eat_all,0,13,13042,600,50
11.036886175519019,4.5273512977019585,4.133188709473812,0.8438437273606487,eat_all,0,14,14042,600,50
10.844797243287381,4.456939285609104,4.0133749790296935,0.9069811039207684,eat_all,0,15,15042,600,50
10.99896997267128,4.521753374288789,4.411181375758848,0.8817525842246013,eat_all,0,16,16042,600,50
10.990910041153818,4.538572596817759,4.010413325636769,0.8801505944420498,eat_all,0,17,17042,600,50
10.807968368841987,4.463990260754596,3.9642404087152228,0.9025058387778863,eat_all,0,18,18042,600,50
10.781293554992178,4.446504920988772,4.435537721405674,0.9005663939600292,eat_all,0,19,19042,600,50
10.824815294069454,4.475420412749902,3.8435678006281755,0.8824021845283341,eat_all,0,20,20042,600,50
11.034187994471782,4.528729336966506,4.487337010524762,0.894140610209555,eat_all,0,21,21042,600,50
11.082790322335084,4.5060702365908725,5.004589201871966,0.9146161823619774,eat_all,0,22,22042,600,50
11.00384357436712,4.495112309608478,4.586837272376246,0.9309441923771334,eat_all,0,23,23042,600,50
11.085693370954491,4.464444125348243,4.840324981148144,0.8970179848342935,eat_all,0,24,24042,600,50
10.789846224323497,4.413405848144589,5.33987880818806,0.9160687789719997,eat_all,0,25,25042,600,50
10.772693643444226,4.470004302049832,3.6618491457834557,0.8969046281533324,eat_all,0,26,26042,600,50
10.787333435119148,4.464600636081462,4.204932710672264,0.9025479308739209,eat_all,0,27,27042,600,50
10.964576584766476,4.4803480570446785,4.471355417641425,0.8950221863149126,eat_all,0,28,28042,600,50
10.84218192376135,4.471294469685388,4.739361751438092,0.8948303609647159,eat_all,0,29,29042,600,50
10.76184530904794,4.469893296180739,3.955856625058634,0.8749068840286472,eat_all,0,30,30042,600,50
10.954574455316198,4.476530581799592,5.0603394867695,0.8929375683939182,eat_all,0,31,31042,600,50
10.942230796409023,4.49773616238475,4.675146410740724,0.9151625250482477,eat_all,0,32,32042,600,50
10.608321848676342,4.41680614499072,4.308544473815781,0.8931718318371626,eat_all,0,33,33042,600,50
10.77551277268839,4.4558552821069295,4.611813518008334,0.9162180933916823,eat_all,0,34,34042,600,50
10.903667976381938,4.475371882258024,4.94044802067031,0.8932473240803699,eat_all,0,35,35042,600,50
10.837424058537987,4.449891633093848,4.53166684277455,0.9290986844731117,eat_all,0,36,36042,600,50
10.941257546107174,4.493625380050064,4.194850579723313,0.8890110816778216,eat_all,0,37,37042,600,50
10.950114148824692,4.497887179616159,4.670095062771692,0.8848103180889,eat_all,0,38,38042,600,50
10.99956410555695,4.480880414982179,4.817896744564517,0.883399001314608,eat_all,0,39,39042,600,50
11.099615003978341,4.550663852760746,4.657587133085509,0.9206714708852177,eat_all,0,40,40042,600,50
10.724642721366573,4.422431636991384,3.6985314181627,0.8844216990531875,eat_all,0,41,41042,600,50
10.741445468968251,4.4320145167925995,4.851008722970424,0.9181169922831209,eat_all,0,42,42042,600,50
10.875485975880904,4.4749953943282845,4.8217791666535685,0.888002891851003,eat_all,0,43,43042,600,50
10.79799720966651,4.419928893154752,4.740353009637625,0.8990616730978148,eat_all,0,44,44042,600,50
10.972222617970756,4.494110075716291,5.204359428311555,0.9291363077474968,eat_all,0,45,45042,600,50
10.929704898666591,4.49983206957225,4.006616930067105,0.8938181728091493,eat_all,0,46,46042,600,50
11.225766521697576,4.5419194629733655,4.469510736515852,0.8165262062588694,eat_all,0,47,47042,600,50
10.954422406414604,4.479714135582389,4.445588216854133,0.8816765849880589,eat_all,0,48,48042,600,50
11.045987917509718,4.516609062403953,4.544762417702368,0.8990553553785106,eat_all,0,49,49042,600,50
50.606864617093564,23.154600965314156,4.512147693145191,0.9439673027357076,eat_all,1,0,43,600,50
50.73290477363359,23.312056803456993,4.4151906403911285,0.9269334465900745,eat_all,1,1,1043,600,50
50.593581458726646,23.118003828302328,4.359165554681317,0.9321476181671808,eat_all,1,2,2043,600,50
51.291179586004965,23.23859887818214,3.6986879690889274,0.9246561184308403,eat_all,1,3,3043,600,50
50.598964944177986,23.08087493255424,4.1628686448663546,0.9405260506887692,eat_all,1,4,4043,600,50
50.64854093791376,23.15094026524521,4.506933025889429,0.9446714456027655,eat_all,1,5,5043,600,50
50.547353520574795,23.013068154359544,4.232639859773235,0.9426283116170078,eat_all,1,6,6043,600,50
50.446605358591746,23.11295728986283,4.430952522411031,0.9391686231718144,eat_all,1,7,7043,600,50
50.40010531890068,22.925474742138842,3.8202126273674426,0.9432511968085306,eat_all,1,8,8043,600,50
51.088837990583365,23.3602554481757,3.464339858704472,0.9207331440889481,eat_all,1,9,9043,600,50
50.46659736148222,23.043398677756972,3.3251964612064673,0.9158078887528409,eat_all,1,10,10043,600,50
50.745886125602276,23.007219252161637,4.325974362273638,0.9492140048018347,eat_all,1,11,11043,600,50
50.190342850323574,22.79300728068201,4.519977175170415,0.9370451047273424,eat_all,1,12,12043,600,50
50.277352610807256,22.899282656412453,4.442580829435322,0.9448844774705332,eat_all,1,13,13043,600,50
50.71508161319076,23.134244220024087,4.018082893650846,0.9271622876909291,eat_all,1,14,14043,600,50
51.18838946180546,23.240156346897948,3.8527457658361737,0.906627487604719,eat_all,1,15,15043,600,50
51.20909593094503,23.372602369604742,4.303789489644413,0.9521039137288387,eat_all,1,16,16043,600,50
50.22121765485736,22.884001376995826,4.17783896526292,0.9396875146703261,eat_all,1,17,17043,600,50
51.16805117173648,23.372341609877058,4.172429099464094,0.929516506462598,eat_all,1,18,18043,600,50
50.55108823863585,23.115476399099776,4.313200186291701,0.935181721297797,eat_all,1,19,19043,600,50
51.040921569547876,23.306244131495372,4.092741324237664,0.9506525961999435,eat_all,1,20,20043,600,50
51.419902592236916,23.52007415510006,4.662283195342893,0.9352893447016646,eat_all,1,21,21043,600,50
50.944972832001504,23.22598396396572,4.1608833685095235,0.9491455953966643,eat_all,1,22,22043,600,50
51.335778129017704,23.25942834539756,3.4645614368273026,0.8942554762598304,eat_all,1,23,23043,600,50
50.50759927990629,23.132173977182067,4.688305499824942,0.9496842066728789,eat_all,1,24,24043,600,50
50.890090183940934,23.28730105225587,3.576381366039036,0.9432704943401129,eat_all,1,25,25043,600,50
50.75943972973505,22.996091765988005,4.010330288224263,0.9409324275271203,eat_all,1,26,26043,600,50
51.084147241089006,23.231660735178085,3.9535374164889907,0.9381045347769703,eat_all,1,27,27043,600,50
50.48276169946088,23.024812161168203,4.556303803011083,0.9336544808717889,eat_all,1,28,28043,600,50
50.16937561627207,22.928816702842436,4.616013950866619,0.9420441362744846,eat_all,1,29,29043,600,50
51.380079506632924,23.411247461677213,3.7676049909168574,0.967422900630206,eat_all,1,30,30043,600,50
50.58985639367062,23.15534130333172,3.586700631387058,0.9037874949931048,eat_all,1,31,31043,600,50
50.5004816899576,23.03368046398777,4.925293530633832,0.9377642100773548,eat_all,1,32,32043,600,50
51.170425328174815,23.282988767204575,4.302982326346697,0.9391309844446631,eat_all,1,33,33043,600,50
50.73313831211638,23.252879135012616,3.8832524154926515,0.9467723453623496,eat_all,1,34,34043,600,50
50.61571842316954,23.208915558020227,4.510530386696876,0.9524869449320974,eat_all,1,35,35043,600,50
50.825213672841805,23.23899245221198,4.685295893710267,0.9496206624927952,eat_all,1,36,36043,600,50
50.66946278030008,23.156512296860292,4.10493578574851,0.9557544772665547,eat_all,1,37,37043,600,50
50.28523538303592,22.955620203546403,4.84655378180545,0.9469637521044858,eat_all,1,38,38043,600,50
50.45716526880347,23.01413793300241,4.058849340188608,0.9499033755958323,eat_all,1,39,39043,600,50
50.52666515446325,23.0785569491125,4.0499834978249964,0.9379343904734544,eat_all,1,40,40043,600,50
51.541334296242965,23.516762064114356,3.743919588199246,0.8807082681484543,eat_all,1,41,41043,600,50
51.09163981636359,23.297285543460017,4.010436430509608,0.9478521253941133,eat_all,1,42,42043,600,50
50.91379902492734,23.337707845812314,4.582509685991932,0.950292796314564,eat_all,1,43,43043,600,50
50.15591071629522,23.00754815680403,4.336557528350676,0.9504046988547172,eat_all,1,44,44043,600,50
50.81430559028395,23.131455442103174,3.8303761886341325,0.9253120231952391,eat_all,1,45,45043,600,50
51.03660193004527,23.26279638218508,3.7986572876259355,0.943388118250108,eat_all,1,46,46043,600,50
51.34481317254322,23.537178481839234,4.803504490313384,0.9578643184669549,eat_all,1,47,47043,600,50
50.88851162242843,23.19215779511766,4.126051824420139,0.9346084334674314,eat_all,1,48,48043,600,50
50.536055554341104,23.156074226233226,4.193224240880107,0.9327690843115789,eat_all,1,49,49043,600,50
95.35340289569618,50.56307746472481,4.597150819349014,0.8218058668991703,eat_all,2,0,44,600,50
94.85565559059296,50.519408188497,5.082997563744044,0.8417368603037744,eat_all,2,1,1044,600,50
94.87554627544633,50.42913403677952,4.787526139063476,0.8257365451725469,eat_all,2,2,2044,600,50
94.45891076316667,50.087874886302885,5.161939394784221,0.8343176278486203,eat_all,2,3,3044,600,50
95.0173737982062,50.592190686682635,5.432158517308359,0.8168392984628443,eat_all,2,4,4044,600,50
94.96730479146993,50.574682605197,5.421070619329444,0.8407892093923653,eat_all,2,5,5044,600,50
95.67657894045362,51.05150995957491,5.161203517705791,0.8272750303124123,eat_all,2,6,6044,600,50
96.00164675625813,51.19392561212231,5.070888506810976,0.8320941580433114,eat_all,2,7,7044,600,50
94.19760144227126,50.188539170008944,5.294683863702776,0.8238831596708496,eat_all,2,8,8044,600,50
94.5034620910446,50.157205115779306,4.511183584001076,0.8157265189154168,eat_all,2,9,9044,600,50
95.31075581656619,50.90434665400995,5.258965996128223,0.8169900494500979,eat_all,2,10,10044,600,50
95.09962000536281,50.731665380470986,4.70924357934328,0.8084852966323,eat_all,2,11,11044,600,50
94.56809706077165,50.403578230847266,4.662204413260074,0.8425773136399861,eat_all,2,12,12044,600,50
94.76027826079394,50.3093592641043,5.287159943349055,0.8395688906299835,eat_all,2,13,13044,600,50
93.59173821650225,49.729021777338076,4.81210668659404,0.8134319438406911,eat_all,2,14,14044,600,50
95.34868708067548,50.71229456938706,4.697093921918187,0.8352861443454588,eat_all,2,15,15044,600,50
94.86948720153435,50.651779169349396,5.7253298547720455,0.8377412925802588,eat_all,2,16,16044,600,50
94.91647871101861,50.50889318926963,4.154962160242365,0.8529372678032209,eat_all,2,17,17044,600,50
95.47922484803297,50.92656160266692,4.487333016305718,0.8215529201615943,eat_all,2,18,18044,600,50
95.56077673533918,51.04197638082541,5.438008649524349,0.8415434398920268,eat_all,2,19,19044,600,50
95.22941118276363,50.8426266163556,5.63698231805229,0.8925253452998989,eat_all,2,20,20044,600,50
94.85387518248535,50.59607174056008,5.41015304849882,0.8218599136968574,eat_all,2,21,21044,600,50
95.43466953121317,50.91388284965051,4.963695292841563,0.8375582006951067,eat_all,2,22,22044,600,50
95.4715822918955,50.93463364064066,4.841807195587271,0.8422019565022086,eat_all,2,23,23044,600,50
94.21462802834486,50.279901467933264,4.798679056597608,0.8318424588517853,eat_all,2,24,24044,600,50
94.00096981098258,49.90733856219333,4.818391325488047,0.8400976252711544,eat_all,2,25,25044,600,50
94.70463561422098,50.206209910811694,4.655870823677988,0.8282041339528611,eat_all,2,26,26044,600,50
94.06976464348874,50.04036474453933,5.4984256090361185,0.8427777754940369,eat_all,2,27,27044,600,50
95.06130058299517,50.68567759606924,4.633156923389828,0.8276568406866849,eat_all,2,28,28044,600,50
94.69166228428884,50.56288134056826,5.509535206311204,0.8655974996015499,eat_all,2,29,29044,600,50
94.83238748449867,50.674574766453915,4.686067697634038,0.8166181611868393,eat_all,2,30,30044,600,50
94.33498415921416,49.83232980419004,4.788707678368973,0.8226789318373688,eat_all,2,31,31044,600,50
94.88988554463427,50.382084431525,4.423713399357758,0.8104554571446043,eat_all,2,32,32044,600,50
93.7696287077187,49.81353064865078,4.49997404561762,0.8086694827361857,eat_all,2,33,33044,600,50
95.19434223832558,50.64596412482035,4.721607555222033,0.8485597967932387,eat_all,2,34,34044,600,50
95.10043709895949,50.58876967799711,5.198005812395808,0.8238786916488896,eat_all,2,35,35044,600,50
93.76267244885267,49.98088537167707,4.572368736973218,0.8766557875846688,eat_all,2,36,36044,600,50
94.6398880475673,50.37425820928334,5.166706496869734,0.8283476726677902,eat_all,2,37,37044,600,50
94.7930560476098,50.45692365236117,5.48640476692799,0.8170420837099817,eat_all,2,38,38044,600,50
94.74363609151155,50.369610513416404,4.391745314678594,0.8116300802402729,eat_all,2,39,39044,600,50
94.77768134163213,50.58954542944094,4.876332655068847,0.8360776351266545,eat_all,2,40,40044,600,50
94.59959978088459,50.145995855324124,5.442740775909384,0.8335719446374885,eat_all,2,41,41044,600,50
94.29914057305163,50.15458981270743,4.821192789774835,0.8534666255299875,eat_all,2,42,42044,600,50
94.99296225541143,50.465357746322404,4.585923484669496,0.8325408782202455,eat_all,2,43,43044,600,50
94.90359463657283,50.69426937237104,4.342347888845882,0.8174266544161488,eat_all,2,44,44044,600,50
95.94705564727667,51.19835351556503,4.854622672962088,0.8207469973556296,eat_all,2,45,45044,600,50
95.35408894809535,50.682168477430636,5.332706236170642,0.8220557088000696,eat_all,2,46,46044,600,50
95.40578178985265,50.89408433370816,5.119211825954828,0.8441699677735592,eat_all,2,47,47044,600,50
94.04674535857008,50.051609518771265,4.244917970657066,0.8255539995087346,eat_all,2,48,48044,600,50
95.1687023279436,50.54391485470195,4.644752505107595,0.8267709890218523,eat_all,2,49,49044,600,50
116.17262914791142,60.46189601298629,4.326275256878933,0.845145366963093,eat_all,3,0,45,600,50
115.9572195745403,60.722360357499085,4.76052783359797,0.857182611522191,eat_all,3,1,1045,600,50
115.78099191552894,60.21190861971786,4.940121520400346,0.8290090576498954,eat_all,3,2,2045,600,50
115.79193722752036,60.27515433228565,4.440441778422516,0.801690310056687,eat_all,3,3,3045,600,50
115.12395360365218,60.07409504470953,4.847722042082798,0.842299902039251,eat_all,3,4,4045,600,50
115.55241523348603,60.4430243878969,5.1867682439486815,0.8175325683464397,eat_all,3,5,5045,600,50
115.88605161434307,60.742165549752706,4.793236978374024,0.8157193309580508,eat_all,3,6,6045,600,50
117.24064326605163,61.152854314809076,4.017177012456966,0.8136865463896813,eat_all,3,7,7045,600,50
117.22039920439072,61.329735731381426,4.828718591966457,0.8269476614665517,eat_all,3,8,8045,600,50
115.4733032967854,60.176581257637174,4.891887027867739,0.8195434472838535,eat_all,3,9,9045,600,50
116.54637593888424,61.23213028131994,6.11080837556067,0.8110047015020466,eat_all,3,10,10045,600,50
115.13037957904241,60.04460416072174,5.326611165382487,0.8353939686080022,eat_all,3,11,11045,600,50
115.72110720249972,60.27019639105514,4.841189629870207,0.8275093535085046,eat_all,3,12,12045,600,50
116.17099181476735,60.597371611016385,5.41318010085204,0.81600031051888,eat_all,3,13,13045,600,50
117.04752645991394,60.7991477860019,4.209551087366474,0.8267959193941381,eat_all,3,14,14045,600,50
116.5642669690889,60.753564148027095,4.774026391272944,0.8013544018199695,eat_all,3,15,15045,600,50
116.40113372272393,60.79011149526744,4.039638268401613,0.830525773591692,eat_all,3,16,16045,600,50
115.881955737181,60.28208448581473,4.113022385731469,0.8334586461016407,eat_all,3,17,17045,600,50
116.05953679253366,60.55837809316008,4.479568469732742,0.85790652854319,eat_all,3,18,18045,600,50
115.66428512253646,60.45783893013961,5.333582288430246,0.8322904729159536,eat_all,3,19,19045,600,50
115.98921756903003,60.738362663771504,4.974569353916762,0.8472333681023579,eat_all,3,20,20045,600,50
116.5717543588908,60.690132917359755,5.475772820528607,0.827002784802614,eat_all,3,21,21045,600,50
116.75659592001786,60.86034489386456,4.135360998507564,0.8198157439837829,eat_all,3,22,22045,600,50
116.80260467523027,60.9397453036744,4.810364799523415,0.8399956744381436,eat_all,3,23,23045,600,50
116.94460099393775,61.02469552130424,4.5084560504855204,0.7914974240532102,eat_all,3,24,24045,600,50
116.12100375108072,60.708758323851505,4.427687394338774,0.8484302987163787,eat_all,3,25,25045,600,50
115.47170658591119,60.33300428329156,4.722561014930272,0.8315079900415758,eat_all,3,26,26045,600,50
115.76053414941602,60.53848980359961,4.926234436255991,0.8076010277757731,eat_all,3,27,27045,600,50
116.26304845205244,60.75017969744563,4.397624989457677,0.856812247703522,eat_all,3,28,28045,600,50
115.93634719134256,60.526115505880504,5.131386542323394,0.7914097965096057,eat_all,3,29,29045,600,50
116.83379165920655,60.88020798568925,5.343037747289565,0.8400066631402907,eat_all,3,30,30045,600,50
116.89391348787468,61.0934193147722,5.364295303355116,0.8383638930460894,eat_all,3,31,31045,600,50
115.70499874804898,60.17016749725827,5.297168094590596,0.822765976523892,eat_all,3,32,32045,600,50
115.90485960219637,60.515620567341664,5.342612101609023,0.8698037630440151,eat_all,3,33,33045,600,50
116.27511338624721,60.86359512241947,4.077974702558639,0.8330987999819314,eat_all,3,34,34045,600,50
116.15230697719,60.563215968216,4.055716178140494,0.8622154355954027,eat_all,3,35,35045,600,50
115.90348490143384,60.36766403154591,4.438442448172118,0.862275585914467,eat_all,3,36,36045,600,50
114.76786725206938,59.7170646571469,5.384689160302601,0.8333874723071573,eat_all,3,37,37045,600,50
116.13182582328244,60.56746521002063,5.137861266784761,0.8187858313815288,eat_all,3,38,38045,600,50
117.9883187723167,61.46703976190381,4.5620187987356005,0.8377556054248118,eat_all,3,39,39045,600,50
117.13502134592311,61.17234470683691,4.149733610007543,0.8317820216201538,eat_all,3,40,40045,600,50
115.26547380831104,59.97338807906497,4.86009085454823,0.8493710008314889,eat_all,3,41,41045,600,50
117.04071917750112,61.353544015823836,4.645830011221153,0.8562773794770555,eat_all,3,42,42045,600,50
117.1440151250251,61.12494656762697,4.0721929999629065,0.8408842412605324,eat_all,3,43,43045,600,50
116.01166152036339,60.245861545794035,4.6994854022932255,0.8138694964844786,eat_all,3,44,44045,600,50
117.7983513057679,61.53303506680761,5.243197202631469,0.8320882098940381,eat_all,3,45,45045,600,50
116.99312307867153,61.13100647393215,4.326874175323315,0.8338232454778856,eat_all,3,46,46045,600,50
115.52690962069693,60.29243929137125,5.558550663055775,0.8178836009886801,eat_all,3,47,47045,600,50
116.40529707539156,60.77307005495264,5.2127157293203465,0.8502817747644317,eat_all,3,48,48045,600,50
116.3652702813131,60.86810924249484,4.669699207854158,0.8305163667907054,eat_all,3,49,49045,600,50
163.09541978076214,77.86323098473034,5.7626536701477455,0.7655810643771173,eat_all,4,0,46,600,50
164.22563183296438,78.06214255728423,5.989668405059249,0.8039635346417853,eat_all,4,1,1046,600,50
164.5597409840893,78.56017124242162,5.489133504993109,0.7950998511001923,eat_all,4,2,2046,600,50
163.93146568962158,77.87762044241289,5.550251328735246,0.8001898205180593,eat_all,4,3,3046,600,50
163.62644054553107,77.6186951205483,4.450725327307887,0.8227876803556408,eat_all,4,4,4046,600,50
163.9456056827586,78.33086060848753,4.8380097558300745,0.8248552252259245,eat_all,4,5,5046,600,50
163.11004147045583,77.35383171454279,5.328160788128151,0.7882958794410106,eat_all,4,6,6046,600,50
161.87324312140416,77.12429104924341,5.646657156485996,0.799882754075848,eat_all,4,7,7046,600,50
165.6690752444207,78.90353066033876,5.355886881776553,0.813910848375739,eat_all,4,8,8046,600,50
164.98866481693648,78.52364897942238,4.976504137411243,0.7960723627931318,eat_all,4,9,9046,600,50
164.16504545453486,78.10268620193168,5.031031388697482,0.8173664507476239,eat_all,4,10,10046,600,50
164.45012909977999,78.40841883689043,5.685838003108476,0.791933437915762,eat_all,4,11,11046,600,50
164.57102139315757,78.36894226708583,4.94367134176444,0.8085815624457997,eat_all,4,12,12046,600,50
165.2497924064116,78.98089849431312,5.231316016413082,0.8096013258817555,eat_all,4,13,13046,600,50
162.29304150147553,76.8772690596246,4.9570929393907806,0.7619536990637756,eat_all,4,14,14046,600,50
163.6202728204273,78.01788140369037,4.626124547021824,0.777608914751615,eat_all,4,15,15046,600,50
163.9795836697994,77.62974273218305,5.15044332296203,0.7634895675028025,eat_all,4,16,16046,600,50
162.6120120731405,77.2712151975899,5.518675823106549,0.7881237335764835,eat_all,4,17,17046,600,50
161.9341614801032,76.83009012753962,4.377302567019597,0.7862285199576551,eat_all,4,18,18046,600,50
163.75567439077386,77.74963084218426,5.25606448994624,0.775595977502325,eat_all,4,19,19046,600,50
163.22740222905045,78.07360576719577,5.776282690429971,0.7912384707067275,eat_all,4,20,20046,600,50
165.76105414168603,79.0050030774214,4.794379662100415,0.7836505474496737,eat_all,4,21,21046,600,50
165.738219199201,78.79206166929373,5.2900448588887565,0.7993080164369186,eat_all,4,22,22046,600,50
162.69730748647987,77.64857026035385,4.315107462467333,0.7652205672338641,eat_all,4,23,23046,600,50
163.04721486688453,77.39152193629937,5.417725644276241,0.773005745783964,eat_all,4,24,24046,600,50
162.87775691699642,77.22840812063836,4.921056699023371,0.8019572050432029,eat_all,4,25,25046,600,50
161.87990143108007,77.11418841838079,5.062891628088745,0.7993861555865444,eat_all,4,26,26046,600,50
162.3181909009588,77.3757230292325,5.310244524528709,0.816847280167323,eat_all,4,27,27046,600,50
163.12369496963817,77.71162443648743,4.398339017180575,0.7911110009623961,eat_all,4,28,28046,600,50
164.657391399084,78.66206151520251,4.813456498585001,0.7697148692658873,eat_all,4,29,29046,600,50
162.64154052101432,77.54260085513799,6.1369070112177635,0.8205794362760257,eat_all,4,30,30046,600,50
164.5146908624011,78.43093729679782,5.840341479118524,0.7849799031227926,eat_all,4,31,31046,600,50
163.7870026535326,77.64582608505373,5.1943358045907555,0.8101501714362757,eat_all,4,32,32046,600,50
166.00326839808957,79.27484467785628,4.724185659263682,0.7900205241068113,eat_all,4,33,33046,600,50
163.93548485445797,78.0344549354903,5.43389879065309,0.7794841122137962,eat_all,4,34,34046,600,50
165.07790132048183,78.75219984305868,4.170868009038457,0.7884022284899178,eat_all,4,35,35046,600,50
163.27613443613848,77.47421815475134,6.152262718520668,0.7975062534592976,eat_all,4,36,36046,600,50
162.95538435685697,77.45892727736484,4.410386123648649,0.7668836854361267,eat_all,4,37,37046,600,50
162.8131828632689,77.1680589891923,5.169723790049308,0.7922063155035018,eat_all,4,38,38046,600,50
163.62121272102175,77.55896204319106,4.678756210494077,0.8246510651826376,eat_all,4,39,39046,600,50
164.64856134430082,78.25022488704188,5.0351925866911635,0.7798656760326926,eat_all,4,40,40046,600,50
163.20665936847678,77.81467243808984,4.6659187049047395,0.7960410273099503,eat_all,4,41,41046,600,50
164.03062837099296,78.29611663057028,5.04208193449889,0.7900007230176536,eat_all,4,42,42046,600,50
165.20965687115262,78.76829436228049,5.474720736741757,0.8172314687621846,eat_all,4,43,43046,600,50
165.61528391163105,78.78781057163647,5.98142044369321,0.823684190671653,eat_all,4,44,44046,600,50
163.53124790352922,77.7410641918606,4.661679990182178,0.8415872072738096,eat_all,4,45,45046,600,50
163.89721335233213,78.2552733652216,5.419240985423028,0.759103762587628,eat_all,4,46,46046,600,50
165.1404404266457,78.78442597590806,5.833800587965866,0.8212511508212558,eat_all,4,47,47046,600,50
163.69348780198615,78.02968400109697,4.388993205992657,0.7622163437243336,eat_all,4,48,48046,600,50
165.91218625032025,78.72440356071665,5.291189643000596,0.800251134608939,eat_all,4,49,49046,600,50
192.93767323783587,84.93504633118921,4.795967718747236,0.7908634007503762,eat_all,5,0,47,600,50
190.82824565539354,84.2891701951276,5.896815918813796,0.8025427607334471,eat_all,5,1,1047,600,50
189.575220311594,83.4249284524714,5.628212467102321,0.78051565717969,eat_all,5,2,2047,600,50
195.1447313820679,86.98918027809418,4.616429346313744,0.8135163625097928,eat_all,5,3,3047,600,50
190.72980626713522,83.99819255866737,4.7603687107880654,0.8194281158247287,eat_all,5,4,4047,600,50
191.74517245624077,84.90150630506999,4.4750039358042635,0.7981549240841479,eat_all,5,5,5047,600,50
190.03515001341492,83.66194294296983,4.344948819573253,0.7956933462042216,eat_all,5,6,6047,600,50
192.28998671688805,85.21744496007621,4.79934951021819,0.8122166924486984,eat_all,5,7,7047,600,50
191.90290427322955,84.61995215491555,5.0977345246818855,0.8171263024470287,eat_all,5,8,8047,600,50
194.53425935150375,86.16357040575204,5.324765635585513,0.816603176179712,eat_all,5,9,9047,600,50
191.78339239026866,84.88557320257748,5.364130374955552,0.8119614224299566,eat_all,5,10,10047,600,50
191.2586039039179,84.47294236497306,4.442494265706351,0.8068550757442475,eat_all,5,11,11047,600,50
191.98852723267237,85.43461243963078,4.580601975859688,0.7921539169971257,eat_all,5,12,12047,600,50
191.27544715172007,85.03358631019898,4.643950436133899,0.8123955588191893,eat_all,5,13,13047,600,50
189.02627710494866,83.50660462209812,4.260994788524834,0.7978954098618586,eat_all,5,14,14047,600,50
192.54513962938248,85.11111139440472,3.9117323483652133,0.7907644055706318,eat_all,5,15,15047,600,50
192.99827886816382,85.17589652057138,4.467805504947568,0.8185167760903027,eat_all,5,16,16047,600,50
192.3171573732952,85.14902222934379,4.076721927522869,0.8237203709166241,eat_all,5,17,17047,600,50
191.58736115796293,84.9440395445032,5.539056057749579,0.8120628780082109,eat_all,5,18,18047,600,50
191.1834498721765,84.69596292880404,5.208034700897534,0.81427886264814,eat_all,5,19,19047,600,50
191.86509246570643,84.91683648969219,4.5586275690411275,0.7961045146530459,eat_all,5,20,20047,600,50
190.77063746852608,84.21149289386997,4.264845500575239,0.854672402812213,eat_all,5,21,21047,600,50
192.99972549217304,85.1372052542992,4.590400201240453,0.8418430960603536,eat_all,5,22,22047,600,50
193.59563058881665,85.55890868893988,4.822698195758422,0.8024093979241487,eat_all,5,23,23047,600,50
189.87288712960282,83.4900931166585,5.191754847754856,0.8043795908679552,eat_all,5,24,24047,600,50
194.21408760450467,86.20515900594918,4.792817430088121,0.8171764247669822,eat_all,5,25,25047,600,50
191.32854496313934,84.42430395678804,4.331344334398802,0.8039931299134331,eat_all,5,26,26047,600,50
190.71517802702996,84.23102506177065,4.750206205426974,0.8055372787087884,eat_all,5,27,27047,600,50
193.32595743902272,85.58357766800653,3.9902758495688575,0.7819388161385886,eat_all,5,28,28047,600,50
193.70702731315208,85.15310225268534,4.708092781897392,0.8042567064780926,eat_all,5,29,29047,600,50
191.76191096075016,84.85148703873935,4.69067323028972,0.8190575494346841,eat_all,5,30,30047,600,50
191.99012324567033,85.0486031219043,5.088216669569013,0.8167033657282016,eat_all,5,31,31047,600,50
191.6332098986973,84.49391817583825,5.732262403805659,0.8014997257409078,eat_all,5,32,32047,600,50
193.7490721039847,86.00061969966741,5.094928671839999,0.8157525006794627,eat_all,5,33,33047,600,50
191.5076263909875,84.8146071195852,5.492470504526698,0.8174099357320517,eat_all,5,34,34047,600,50
191.93946013120777,84.61660669452355,5.61120707495892,0.8144510931352327,eat_all,5,35,35047,600,50
191.15979288728718,84.23734862897354,4.360277530587254,0.832921131379868,eat_all,5,36,36047,600,50
192.5737728864937,85.2376007071574,5.20068315443142,0.8213951722164945,eat_all,5,37,37047,600,50
191.73065646165503,84.33683873358828,4.762594345518577,0.8476646973134528,eat_all,5,38,38047,600,50
191.07026577932598,84.3767464904805,5.137050789129316,0.8347515261143099,eat_all,5,39,39047,600,50
192.11245681970894,85.08563712341089,4.44819115025978,0.8013084346199977,eat_all,5,40,40047,600,50
189.38811591943366,83.6181973376263,5.001085091934773,0.7875214870109297,eat_all,5,41,41047,600,50
191.52832399116878,84.30098681777557,5.211730167774982,0.814775781704216,eat_all,5,42,42047,600,50
193.20277009097586,85.37615929293405,4.819699751915144,0.8093246580808702,eat_all,5,43,43047,600,50
191.68297112019533,84.33345309164825,4.78761903142752,0.7915020615484267,eat_all,5,44,44047,600,50
192.66068128683577,85.08614775501967,3.874086618485678,0.8251229366631045,eat_all,5,45,45047,600,50
191.19888627941523,84.62727567655294,4.059535478041293,0.8075072726271836,eat_all,5,46,46047,600,50
188.02202347942855,82.51648511400887,5.391701653965664,0.8047458017345861,eat_all,5,47,47047,600,50
191.7924339713908,84.94958670179702,3.6898033127523515,0.8295705198792737,eat_all,5,48,48047,600,50
188.57731139102182,82.72768485052246,5.6541102901295925,0.7913314258137244,eat_all,5,49,49047,600,50
233.33819146359005,100.22283978879628,4.442229513867006,0.7961230258934267,eat_all,6,0,48,600,50
233.85602274733552,101.81023891519742,4.173252158021267,0.7337974440402975,eat_all,6,1,1048,600,50
234.66443534162943,101.24672898404071,3.588077250398008,0.7490669689804557,eat_all,6,2,2048,600,50
232.92929075105266,100.37312971599077,3.786209219153271,0.8018260496649473,eat_all,6,3,3048,600,50
235.32479988516874,102.43665754320884,4.454490489698943,0.7531700334381284,eat_all,6,4,4048,600,50
232.11571636518147,99.39718931651343,4.501750845854905,0.7616796987331316,eat_all,6,5,5048,600,50
235.64632720685492,101.78382377118105,4.320133263079262,0.8177462563425552,eat_all,6,6,6048,600,50
234.613071192294,101.7477979941118,4.602460979929618,0.7677802827659094,eat_all,6,7,7048,600,50
235.0251512382633,101.8609294538796,4.084931911447157,0.7493307236900904,eat_all,6,8,8048,600,50
230.87410876012825,99.388848685039,4.354616872888278,0.7644157681897699,eat_all,6,9,9048,600,50
231.43958904873458,99.63719504782777,4.0838272194090735,0.755882526110555,eat_all,6,10,10048,600,50
234.62378032735822,100.90421840844894,5.224820529343245,0.7877416521304907,eat_all,6,11,11048,600,50
231.20370832418857,99.71065445255778,4.624205809958725,0.7636366022261855,eat_all,6,12,12048,600,50
233.27900079760568,100.54131459046424,4.437239175546447,0.7927468688780416,eat_all,6,13,13048,600,50
233.18508137372075,101.16435773967986,4.786336809924994,0.7398948167596391,eat_all,6,14,14048,600,50
231.17412662663847,98.90606858492275,4.929267387780399,0.8088398981301962,eat_all,6,15,15048,600,50
232.61306291759476,100.0290015064487,4.875958267529765,0.782679552471615,eat_all,6,16,16048,600,50
232.0507947587296,100.00517005402305,4.088385440609894,0.780527280773081,eat_all,6,17,17048,600,50
234.0017501719839,100.83840051399204,5.079225274112591,0.7805258152917511,eat_all,6,18,18048,600,50
232.27425273544577,99.58333099301984,4.966811755157512,0.7988114698589934,eat_all,6,19,19048,600,50
232.11318845793522,100.11160447466777,4.585799986221269,0.8139746942211218,eat_all,6,20,20048,600,50
232.33858185379145,99.73226801484377,4.167303760123713,0.785969430834456,eat_all,6,21,21048,600,50
234.5048895567855,102.41129731809019,4.429002664946477,0.7825794469908917,eat_all,6,22,22048,600,50
228.15084828214341,98.03335563621776,3.7194467857540685,0.7867660482866815,eat_all,6,23,23048,600,50
234.63538110946192,101.95728775065521,4.1967609550426985,0.7676483328684878,eat_all,6,24,24048,600,50
235.71152944282747,102.59215671709794,3.92199443272492,0.7578509402637746,eat_all,6,25,25048,600,50
234.15697950974433,100.56765834989085,4.7021147053874195,0.7830661608984552,eat_all,6,26,26048,600,50
231.98269127569532,100.30273191368423,4.687368573842627,0.7714318467639142,eat_all,6,27,27048,600,50
232.2136839024184,99.860693311267,4.577673511202708,0.7631762447823374,eat_all,6,28,28048,600,50
233.0994580165134,100.61408956899402,3.903215693207818,0.742204715526227,eat_all,6,29,29048,600,50
233.97292433837276,101.42659567326277,4.475954405332928,0.8196001792604435,eat_all,6,30,30048,600,50
234.93851971982593,101.04033326129955,4.510537602470888,0.7690107416389521,eat_all,6,31,31048,600,50
231.58237798466172,100.20224486017176,3.8182936554794207,0.7033818298978366,eat_all,6,32,32048,600,50
234.18751911834892,100.32891745149063,5.1063915306489776,0.7815799764041393,eat_all,6,33,33048,600,50
232.97119178564142,100.43835039536634,3.8396621715945,0.7796288638832892,eat_all,6,34,34048,600,50
234.38788293717357,101.00074204788059,4.620886751115172,0.7929401780286842,eat_all,6,35,35048,600,50
236.81279269942763,102.20495593898195,4.868511424042676,0.7987891329127992,eat_all,6,36,36048,600,50
233.58956320232616,100.6224927095899,4.752961766448625,0.8086975763122727,eat_all,6,37,37048,600,50
232.1336379084867,99.84599569314729,4.039208556942605,0.7800986229467732,eat_all,6,38,38048,600,50
232.27763586970175,100.35699699456787,5.023822979566419,0.7742865190427664,eat_all,6,39,39048,600,50
235.07628406080997,101.96021034068212,4.794157615874113,0.7657992835078999,eat_all,6,40,40048,600,50
230.84733142091045,99.7117525632821,3.8787987818289866,0.7486720163720679,eat_all,6,41,41048,600,50
230.2731436204211,99.28958289892057,3.8181093566851674,0.7787027138723585,eat_all,6,42,42048,600,50
233.97283331391765,100.73991799911731,4.476655981278043,0.7887207048230269,eat_all,6,43,43048,600,50
235.8532379251169,102.81672282706013,4.122139724541567,0.8295582069079661,eat_all,6,44,44048,600,50
234.09701513824538,101.5210244582131,4.400808114099167,0.7728164404652418,eat_all,6,45,45048,600,50
232.0843355803415,99.48567342304388,4.6849874195220425,0.8002566521676961,eat_all,6,46,46048,600,50
235.21540660179923,101.7170617775195,5.182766051977551,0.7757311341408206,eat_all,6,47,47048,600,50
232.3115602622685,100.70022310958133,3.8101454298890696,0.776249866467571,eat_all,6,48,48048,600,50
232.76034690874042,100.74000338117031,3.723797393843376,0.7635734939175716,eat_all,6,49,49048,600,50
253.6176330093889,109.41115016709215,4.214965736848887,0.7318800791165894,eat_all,7,0,49,600,50
255.05303168512273,110.20907361694272,5.436813688822591,0.7488415777573709,eat_all,7,1,1049,600,50
256.60285892366005,110.95640917456264,4.5011449623549264,0.733809342993726,eat_all,7,2,2049,600,50
254.61895878853235,109.71277346588322,4.530688838168135,0.7453884809396161,eat_all,7,3,3049,600,50
255.21087867244378,110.20948246805357,4.720981273974312,0.7570331732946934,eat_all,7,4,4049,600,50
254.529600278546,110.16009688294578,4.173240358356215,0.7477242449609192,eat_all,7,5,5049,600,50
254.5771247091696,111.01316996294607,4.141811077241003,0.7602126611417928,eat_all,7,6,6049,600,50
252.87175149581103,109.88646051461627,4.0005323865898745,0.7328691200522568,eat_all,7,7,7049,600,50
255.47998736440704,110.68131057142767,4.2818039290857905,0.71357450533832,eat_all,7,8,8049,600,50
256.82529857122273,112.21365933838301,3.766287651804376,0.7267872949714912,eat_all,7,9,9049,600,50
254.53666177216454,109.5309411932126,3.622240013580571,0.7513517214005869,eat_all,7,10,10049,600,50
255.29731255611702,111.11965447647857,4.192450561366088,0.7307416862067656,eat_all,7,11,11049,600,50
252.0833827496194,108.57979013054893,4.559488968541089,0.7680391540035949,eat_all,7,12,12049,600,50
256.2238068828175,111.0846606796106,4.276900552695413,0.7392525305999634,eat_all,7,13,13049,600,50
253.6534012974154,109.35421814112689,4.4814546488685485,0.7395211480880594,eat_all,7,14,14049,600,50
256.1196205666447,111.23738881883821,3.9913032032231106,0.7396423350205507,eat_all,7,15,15049,600,50
252.8477988115085,109.84968409122304,4.133390627865315,0.7306576959689665,eat_all,7,16,16049,600,50
253.00297379106595,108.99160187616027,4.086482022402928,0.730317441327539,eat_all,7,17,17049,600,50
254.63306972004332,110.49775404505566,4.410215800090693,0.7451835057187708,eat_all,7,18,18049,600,50
257.93627068738306,111.83054388751953,5.315758581747417,0.7639015961023424,eat_all,7,19,19049,600,50
255.07778612011535,109.71447176910497,3.7396363463104376,0.7435292575299175,eat_all,7,20,20049,600,50
253.8557113218006,109.49982738195904,3.8955678941400986,0.7211210965279415,eat_all,7,21,21049,600,50
256.07485183086254,111.17937556476666,3.887117988855262,0.7502073755359888,eat_all,7,22,22049,600,50
254.49503663084388,109.61811850728141,5.084865289964397,0.7611902534329691,eat_all,7,23,23049,600,50
253.2197584337886,109.40548018436161,3.9292079154722988,0.7308770183354917,eat_all,7,24,24049,600,50
252.7017027260463,109.16649409391613,3.8926025633587766,0.7637219879904953,eat_all,7,25,25049,600,50
253.17722991377747,109.91873427550158,3.4596137313794175,0.727695510505707,eat_all,7,26,26049,600,50
254.58513536886105,109.22550135891109,5.393711143312947,0.7653657194388293,eat_all,7,27,27049,600,50
253.75848010561302,110.08863386247558,4.488072447566471,0.756776533560333,eat_all,7,28,28049,600,50
252.9687511483533,109.13495779970695,4.486740504701422,0.7230176846400607,eat_all,7,29,29049,600,50
252.98033979875464,109.19011870465735,4.23886456804609,0.7245164213095637,eat_all,7,30,30049,600,50
251.47774329729833,108.49986330209076,3.778434222272297,0.7167413841583037,eat_all,7,31,31049,600,50
256.0677230936511,110.53745692401547,4.241705003091612,0.7250422977755833,eat_all,7,32,32049,600,50
253.82179422001911,109.25683278991092,4.1447419991144265,0.7035632406195873,eat_all,7,33,33049,600,50
251.67671161741904,109.64042350434566,4.023414446205943,0.706111415981486,eat_all,7,34,34049,600,50
254.19855223051823,109.59418386185267,4.792871050058002,0.7421487483547409,eat_all,7,35,35049,600,50
255.58777172311295,111.47026532191465,3.8603308997500814,0.7369408513261596,eat_all,7,36,36049,600,50
248.9273723815886,106.48234341389073,4.361456122108649,0.7253630010702017,eat_all,7,37,37049,600,50
254.38203106861909,110.4497551142673,3.8322740692549093,0.735641552297681,eat_all,7,38,38049,600,50
254.44900921894993,109.553297669085,5.139981693400023,0.7384883998433083,eat_all,7,39,39049,600,50
254.80786925659004,110.57316746144961,3.7509331079440225,0.7653676927215717,eat_all,7,40,40049,600,50
256.47021917613716,111.1230272235752,4.371494545381796,0.7455372771537583,eat_all,7,41,41049,600,50
255.6282980281744,111.11397165306835,3.727011334661217,0.7674238610405089,eat_all,7,42,42049,600,50
249.0956246647234,107.09927290267393,4.670212678135477,0.7556932238119721,eat_all,7,43,43049,600,50
257.47014757830317,112.30248270691801,4.424414967039857,0.7315909897771267,eat_all,7,44,44049,600,50
255.3208806629864,111.03013300017187,4.757795685134279,0.7185686875233577,eat_all,7,45,45049,600,50
256.14925537345874,111.51028128331264,4.198605694571772,0.7347950529523608,eat_all,7,46,46049,600,50
253.0653007205216,108.86106583660168,4.619917593292363,0.7317169928437447,eat_all,7,47,47049,600,50
254.0363361619545,109.73339617295285,4.41953278574079,0.7235574618824114,eat_all,7,48,48049,600,50
256.26773674371987,111.25719939761032,4.383679987042595,0.7620617722195103,eat_all,7,49,49049,600,50
187.8380077863188,74.89805994167644,4.1413006321936345,0.7794585982246771,eat_all,8,0,50,600,50
187.85209920938794,74.71421377806966,4.76331215917357,0.8210129247307366,eat_all,8,1,1050,600,50
188.53612299485678,75.18794853991949,4.22934427224688,0.8088058400045519,eat_all,8,2,2050,600,50
188.9687074574681,75.09973418235977,5.042771529845902,0.7909243952071427,eat_all,8,3,3050,600,50
188.9133262130643,75.2184269678361,5.272671386545949,0.8056700043205594,eat_all,8,4,4050,600,50
187.56509363074093,75.15739155482221,4.92046659862423,0.7979018288261926,eat_all,8,5,5050,600,50
192.90905956033515,77.0272773302854,4.408563429457618,0.8033504815709932,eat_all,8,6,6050,600,50
188.3147438516525,74.8588907823569,4.919995886268827,0.7524501215100107,eat_all,8,7,7050,600,50
188.22542071488488,74.93913038634264,4.839085103791249,0.8004388706880224,eat_all,8,8,8050,600,50
187.11709331148774,73.96744734630042,4.642719037399486,0.7869544093630803,eat_all,8,9,9050,600,50
191.35032000494868,76.17584158402535,4.475609722028393,0.7673968807488005,eat_all,8,10,10050,600,50
189.69775486018244,75.56067745572008,4.378388907328674,0.756544598490703,eat_all,8,11,11050,600,50
188.88453552938606,75.55218329595691,4.593169123819703,0.8132068039507752,eat_all,8,12,12050,600,50
186.68867633122454,74.4237715084996,3.9367269112555996,0.8008461547786186,eat_all,8,13,13050,600,50
189.42596065620097,75.27417767404506,4.338539635440149,0.7572735676765009,eat_all,8,14,14050,600,50
190.23430740392382,75.45967637458416,3.778226408796826,0.7924491544173844,eat_all,8,15,15050,600,50
188.80426752997437,75.44449712730321,4.1721184461610346,0.7935803147958298,eat_all,8,16,16050,600,50
189.50079272516,75.6345725511663,3.5101862193382427,0.7964007388163701,eat_all,8,17,17050,600,50
188.38689381756637,75.51366479867661,4.29551261369518,0.7929437183901682,eat_all,8,18,18050,600,50
189.971103292324,76.09753976349214,3.838143987170422,0.7755986763514551,eat_all,8,19,19050,600,50
188.64001319828873,74.87824153611568,5.0973888381856005,0.8318641944840832,eat_all,8,20,20050,600,50
190.39284997661085,75.94036057382559,4.749164749364169,0.7882915912180494,eat_all,8,21,21050,600,50
189.58789703981708,75.93026923428468,3.8655110162552884,0.7897677480378503,eat_all,8,22,22050,600,50
187.4176290979249,75.3700396329497,3.9246589938000556,0.798009943365896,eat_all,8,23,23050,600,50
188.5375452395575,75.33158181410856,4.578984451350605,0.7789434153919925,eat_all,8,24,24050,600,50
189.20188750003672,75.42877647867513,4.36124241794995,0.7773630634034023,eat_all,8,25,25050,600,50
187.22992449492756,74.80294394208738,3.4603612566836452,0.7589416337976782,eat_all,8,26,26050,600,50
193.01707716195597,76.84013043277874,3.9496600965740556,0.7974627711003774,eat_all,8,27,27050,600,50
187.11860546501666,74.52759186967471,4.652810097182329,0.7858959696414312,eat_all,8,28,28050,600,50
187.6519457256385,74.7503726692501,4.116937124280025,0.7921331359392758,eat_all,8,29,29050,600,50
191.4923846286189,76.3868001942943,4.175107002674198,0.8220533010066466,eat_all,8,30,30050,600,50
187.13873643741218,74.12132519362709,4.73093183270655,0.8154775655913401,eat_all,8,31,31050,600,50
190.78298383174706,76.23927319377292,3.581993875438419,0.7943792379310891,eat_all,8,32,32050,600,50
189.36368181314333,75.16825986476326,4.1242080355634645,0.7952102818907028,eat_all,8,33,33050,600,50
189.32057620389338,75.42121826919906,4.676319157809202,0.7899386750212699,eat_all,8,34,34050,600,50
189.78869835772525,75.7688832923659,4.031667127459029,0.7695919969484964,eat_all,8,35,35050,600,50
189.7179471209817,75.46226542499653,5.366571212749689,0.8104440379580613,eat_all,8,36,36050,600,50
187.31074310969944,74.67140481926236,4.665198064950695,0.7876599631098534,eat_all,8,37,37050,600,50
189.8576417140034,75.60756400252738,5.529901078554174,0.8013154148562924,eat_all,8,38,38050,600,50
189.65154275095878,75.9467731121099,4.138563577298567,0.7759152031149111,eat_all,8,39,39050,600,50
190.87446083159637,75.7752495687721,4.485373515324827,0.8056612709934703,eat_all,8,40,40050,600,50
189.10487026664464,75.33500714168537,3.980077370375062,0.7723229799826242,eat_all,8,41,41050,600,50
188.3652780122866,74.62998097904149,4.680729428663162,0.797250520208828,eat_all,8,42,42050,600,50
188.48874494578513,74.96819502181891,3.3111467461201847,0.7805115475239152,eat_all,8,43,43050,600,50
190.0403674835167,75.51927611795263,5.214068596469434,0.8030427535257691,eat_all,8,44,44050,600,50
187.91377832515764,74.51993042477665,4.449612017389673,0.7974764160746789,eat_all,8,45,45050,600,50
186.9325521857169,74.24360394450581,4.947439352598688,0.8095262209478207,eat_all,8,46,46050,600,50
187.38698415608013,74.61046517167921,4.064435828816265,0.7957568611978629,eat_all,8,47,47050,600,50
186.30739970484444,74.1735916952693,4.455961691958764,0.7827549609705517,eat_all,8,48,48050,600,50
190.85930456329356,76.25497547915923,4.202003069478646,0.7746669514805073,eat_all,8,49,49050,600,50
188.3039967237465,76.48861279856466,4.47106383912578,0.773338263117749,eat_all,9,0,51,600,50
187.59216869516973,76.42731751126182,4.665046652572436,0.7995267284734885,eat_all,9,1,1051,600,50
185.49547140881026,75.38742149081871,3.561905964477082,0.7830727685840193,eat_all,9,2,2051,600,50
187.7467257639859,76.0239089050424,3.947134651187176,0.804291549684344,eat_all,9,3,3051,600,50
186.36370550468905,75.77675646884177,3.8121278558819194,0.7953011124358526,eat_all,9,4,4051,600,50
188.10694454543517,76.00624885703077,5.044066607369644,0.8153893719811997,eat_all,9,5,5051,600,50
188.39932943238395,76.47351509112907,4.278925352656272,0.8093264327872978,eat_all,9,6,6051,600,50
188.6762706739599,76.62621149143662,4.373324861779246,0.7923633391700629,eat_all,9,7,7051,600,50
188.55713162011662,76.5542082432311,4.72990060184717,0.8231703716524337,eat_all,9,8,8051,600,50
188.43922393905763,76.94700771256684,3.6652608041585464,0.7787348794688468,eat_all,9,9,9051,600,50
190.70440438342723,77.90513340053784,3.9672804753968953,0.7892158481119441,eat_all,9,10,10051,600,50
187.8618202185624,76.22778319924002,4.127651278622603,0.8045071180037869,eat_all,9,11,11051,600,50
190.17818653263828,77.57351703313849,4.286646208419006,0.7906764576310887,eat_all,9,12,12051,600,50
187.95997951380997,76.7351871468496,4.060920651263324,0.7707362136098089,eat_all,9,13,13051,600,50
189.93045459702995,77.51191051345093,3.723388597932992,0.7727124814136298,eat_all,9,14,14051,600,50
187.72471166463112,76.56819574490531,4.421721260709394,0.7821417663013023,eat_all,9,15,15051,600,50
187.87852564539156,76.56355604261034,3.9575637032592432,0.8303733956460098,eat_all,9,16,16051,600,50
187.1666237662177,76.14539256648894,3.979075106874223,0.786054370276972,eat_all,9,17,17051,600,50
191.3539877266569,77.83017053285718,4.378093588397468,0.8230273619113792,eat_all,9,18,18051,600,50
188.89795541304767,76.98622742633225,3.5221637584918883,0.7733653259899594,eat_all,9,19,19051,600,50
189.88213336375284,77.43505531542169,4.100135976456381,0.8053695820273743,eat_all,9,20,20051,600,50
188.7410502601438,77.24798613057426,4.006783639268399,0.8092333087215511,eat_all,9,21,21051,600,50
190.75416104376256,77.7726125299252,4.514049615419364,0.8099890681902489,eat_all,9,22,22051,600,50
188.81174698579454,77.27448640086504,3.906183520477718,0.7908986787512362,eat_all,9,23,23051,600,50
189.24777612514163,76.84287793372944,3.5251394134644385,0.811363674155186,eat_all,9,24,24051,600,50
187.9823053040131,76.50666580052206,4.505881386432655,0.8080067631422221,eat_all,9,25,25051,600,50
189.8397713943624,77.72565713221842,3.9662742824676944,0.7821086050072034,eat_all,9,26,26051,600,50
189.74415410961788,77.33897336773914,4.08382092184896,0.7936517211492797,eat_all,9,27,27051,600,50
187.90970064994946,76.36554671462036,3.980311068578179,0.8173030758966016,eat_all,9,28,28051,600,50
185.9450221099879,75.32889949574957,3.736413482799452,0.7596563265654168,eat_all,9,29,29051,600,50
189.88268633597417,77.39216948993536,4.415178353019351,0.7996565814665468,eat_all,9,30,30051,600,50
188.9531733416285,76.4339644977206,4.46054127785284,0.8206304308226351,eat_all,9,31,31051,600,50
188.10128282855203,76.7212828367769,4.34043101800289,0.8328538672662867,eat_all,9,32,32051,600,50
187.6376224381212,76.23463093653962,3.50685198642515,0.775933529951204,eat_all,9,33,33051,600,50
186.97525337613317,75.93770789057376,4.493398192719947,0.8061615914261443,eat_all,9,34,34051,600,50
190.45857029869407,77.63871394438155,5.160477757511374,0.8122105065702844,eat_all,9,35,35051,600,50
190.26880690498012,77.9625584538925,3.9086756782643977,0.8033478495571403,eat_all,9,36,36051,600,50
188.99359096786384,77.32537942623559,4.366037230433406,0.8121684914755521,eat_all,9,37,37051,600,50
187.69364794044304,76.52177291184346,3.3341111859882573,0.7615244323179065,eat_all,9,38,38051,600,50
188.62079581101622,77.18662432779158,3.846719720114482,0.7758032516741498,eat_all,9,39,39051,600,50
189.95101706343215,76.86871408831773,4.4112920158464854,0.8138930381883881,eat_all,9,40,40051,600,50
187.23690896562823,76.61648990407159,3.476588100931795,0.803970798500537,eat_all,9,41,41051,600,50
187.38808038324342,76.82723674210722,4.233283182426505,0.7810612363924148,eat_all,9,42,42051,600,50
187.66305855909917,76.67996426874267,3.9848753253415587,0.7648932876243452,eat_all,9,43,43051,600,50
189.5887316672673,77.03536428921018,3.89587256101073,0.801578885019793,eat_all,9,44,44051,600,50
189.58054903335736,76.63466682295699,3.379362529874584,0.7902976333918204,eat_all,9,45,45051,600,50
190.79863061352623,77.47690358591068,3.9089135518837934,0.7935768657343601,eat_all,9,46,46051,600,50
190.30733263590923,77.34456705827932,3.861861099923613,0.7472825254524545,eat_all,9,47,47051,600,50
187.6924178587719,76.31451835824262,3.6037618039782946,0.7991098974171627,eat_all,9,48,48051,600,50
187.9430911224188,76.32605904795736,3.1626152673577512,0.7648460990801155,eat_all,9,49,49051,600,50
182.20647683955687,74.56730514489293,4.472004376416918,0.8062069034694483,eat_all,10,0,52,600,50
182.8608369981652,74.89846561468838,4.380506789642966,0.8241249328460502,eat_all,10,1,1052,600,50
179.0393537374862,73.05293592045369,3.7400275264892415,0.7938475395431928,eat_all,10,2,2052,600,50
181.51279629746782,74.54025081809807,4.086653411038432,0.7985150949014932,eat_all,10,3,3052,600,50
181.70811403786223,74.05903666830652,4.027972105234816,0.8125606963136882,eat_all,10,4,4052,600,50
179.74037769430475,73.5400529432485,3.2967831688933757,0.7996918472026789,eat_all,10,5,5052,600,50
183.79375674111984,75.41293285383396,4.084244111083334,0.817806743023423,eat_all,10,6,6052,600,50
182.1295745007014,74.50983268160381,4.302627185964918,0.8048382910903783,eat_all,10,7,7052,600,50
181.3676868172017,74.49216688218647,3.310275661600402,0.8070645425113694,eat_all,10,8,8052,600,50
180.94126906270793,73.96492012763353,4.325740311740165,0.8294559213214422,eat_all,10,9,9052,600,50
180.57682840612463,73.9212433853756,4.103523562710131,0.809469632628601,eat_all,10,10,10052,600,50
179.44795709259236,73.28561024280111,3.777528046062654,0.7860771692502285,eat_all,10,11,11052,600,50
181.16906562316467,73.8856885110468,4.089559048778016,0.8078445583942683,eat_all,10,12,12052,600,50
181.2995206225013,73.9689051932324,4.137846845299734,0.8259668703017613,eat_all,10,13,13052,600,50
180.48347303427718,73.8233602439349,4.535015161827635,0.8112184875682618,eat_all,10,14,14052,600,50
181.13552337921467,74.31582113268807,4.31717726871677,0.8046658982973673,eat_all,10,15,15052,600,50
179.62042179560441,73.38449501108595,3.7032345979530223,0.8175076967473984,eat_all,10,16,16052,600,50
183.7254453102215,75.23715434905252,3.8892623013991052,0.8019717796109177,eat_all,10,17,17052,600,50
182.13584609168458,74.48006717586304,4.912541924575778,0.8214631989305715,eat_all,10,18,18052,600,50
179.73243835663658,72.9419799987686,3.7234069654554975,0.8261548874250682,eat_all,10,19,19052,600,50
181.08922266867023,74.18130541273145,3.9153309815694057,0.8119068681196318,eat_all,10,20,20052,600,50
181.93331580899485,74.46652484003934,4.242459454625178,0.8164108402092504,eat_all,10,21,21052,600,50
180.9623298574309,74.25465256559367,3.9175661098565415,0.7953530071316857,eat_all,10,22,22052,600,50
181.6535462185269,74.23117959427898,3.7652498203382456,0.8185340084704397,eat_all,10,23,23052,600,50
181.60460955779288,74.8010579745963,4.011565127674161,0.8081516185704289,eat_all,10,24,24052,600,50
181.02773334523735,74.18646840767778,3.738999098506308,0.8178664428262831,eat_all,10,25,25052,600,50
178.60671184219768,73.26374757988137,4.097133743506596,0.8102813592399156,eat_all,10,26,26052,600,50
181.55896253431274,74.2835232114647,3.6883620994635837,0.784580303510721,eat_all,10,27,27052,600,50
180.55976421688567,73.47660232353633,4.133702141461824,0.8089967864512213,eat_all,10,28,28052,600,50
182.2662028462157,74.91557247978159,4.090489638440278,0.7996732353391829,eat_all,10,29,29052,600,50
182.644075922612,74.88043875608928,4.451273350410085,0.816111796512803,eat_all,10,30,30052,600,50
183.0661146200515,75.27685929292518,3.8252574484242503,0.8003814529029045,eat_all,10,31,31052,600,50
180.72912750719877,73.81491212509223,4.1975948263567116,0.8079092197498365,eat_all,10,32,32052,600,50
181.65901921474943,74.67466692313988,3.971100104318064,0.8068898112062257,eat_all,10,33,33052,600,50
181.6505582919719,74.2858784791902,4.472108375748699,0.8059812207454211,eat_all,10,34,34052,600,50
180.57302683669778,74.0466863276991,3.5856792538454947,0.7873044695934407,eat_all,10,35,35052,600,50
182.59001858427578,75.07165131924567,4.237020373445466,0.8251969836897379,eat_all,10,36,36052,600,50
180.10619095177643,73.45028986240145,3.822586914866268,0.7972714096062185,eat_all,10,37,37052,600,50
181.71933561330184,74.19282529011784,3.651146994826083,0.8021329308356829,eat_all,10,38,38052,600,50
179.30354699052222,73.14492548810813,3.6954696685715573,0.806026048271361,eat_all,10,39,39052,600,50
181.7512923088035,74.53278452982548,4.132534925354238,0.8142607879709722,eat_all,10,40,40052,600,50
181.6162263185561,74.41423581806589,3.6474560842799466,0.8128625540677987,eat_all,10,41,41052,600,50
180.2565241832686,73.69880749530432,3.8077078080799596,0.7686183091931134,eat_all,10,42,42052,600,50
182.3129988957504,74.82199019086477,3.843155165672275,0.783782573969973,eat_all,10,43,43052,600,50
179.6621068993504,73.6461725485576,3.7606439626279777,0.7720271136702868,eat_all,10,44,44052,600,50
179.94075120857892,73.40005686222891,3.891774146377893,0.7993204373410917,eat_all,10,45,45052,600,50
179.28461579743743,73.41123045927502,4.632945871444017,0.8106135865726115,eat_all,10,46,46052,600,50
183.85950900166046,75.15779934330357,4.429875496804535,0.8056634559017091,eat_all,10,47,47052,600,50
180.7840953426801,74.06351184020252,3.896954238486116,0.7848775464493309,eat_all,10,48,48052,600,50
181.50027419786804,74.53524963359028,4.745709897340683,0.8059399620838686,eat_all,10,49,49052,600,50
223.14037183285643,83.74967076183265,4.260650115397201,0.8106859636171901,eat_all,11,0,53,600,50
222.37217100256947,83.06899819572439,4.370624017608117,0.8200475959994276,eat_all,11,1,1053,600,50
222.0027637098544,82.82851754594363,4.630010105996618,0.7989383797617406,eat_all,11,2,2053,600,50
222.4110078459894,82.91207611313156,4.427194915274752,0.8126347898385786,eat_all,11,3,3053,600,50
218.9919341723811,81.61885194327597,4.931292667326549,0.8100782548990679,eat_all,11,4,4053,600,50
219.94618877988898,81.96984813296028,3.7947422749044026,0.8143318404664146,eat_all,11,5,5053,600,50
221.68213137818444,82.90965702651074,4.374564103263828,0.8175621563509254,eat_all,11,6,6053,600,50
219.0463147792362,81.63368149031821,3.1661009719000064,0.7859443800993432,eat_all,11,7,7053,600,50
220.8108871975584,82.5378585037564,3.937879861296555,0.8263625664366637,eat_all,11,8,8053,600,50
222.59422479948665,82.8913283315836,3.706446149452902,0.8248469403725973,eat_all,11,9,9053,600,50
219.98023632413845,81.9863355445028,3.858691270906922,0.8088842365524844,eat_all,11,10,10053,600,50
218.67440436607498,81.5749620752354,4.582422253142878,0.825717459101352,eat_all,11,11,11053,600,50
217.5864103519492,80.89698811989486,3.9564084366909715,0.8152655381346271,eat_all,11,12,12053,600,50
219.32238049292704,81.78996436601297,3.6421134697246798,0.8139906053236455,eat_all,11,13,13053,600,50
221.96643629117565,82.24310479250259,3.8672274956573442,0.8187216565705221,eat_all,11,14,14053,600,50
220.45299870714058,82.48863633677631,4.194883750773997,0.800789189753196,eat_all,11,15,15053,600,50
218.74496989755843,81.82821983866297,3.688405013210245,0.812622793025634,eat_all,11,16,16053,600,50
219.01062533325083,81.3910886799444,4.256397079034376,0.8024919136270219,eat_all,11,17,17053,600,50
219.91927596878637,81.82446920124363,4.506559210393864,0.8181293651546401,eat_all,11,18,18053,600,50
222.36210839460415,82.85327718235399,4.0017156944840035,0.8137877449330093,eat_all,11,19,19053,600,50
220.4681034344467,82.82760352650301,4.21286062118816,0.8143669853537794,eat_all,11,20,20053,600,50
221.2534831318839,82.45610683641547,4.0947390817069165,0.8158423774896784,eat_all,11,21,21053,600,50
220.82053859900287,82.42516396892226,4.151444698725048,0.8020717347676039,eat_all,11,22,22053,600,50
219.34873954051622,81.94643359263992,4.37062468326608,0.8283122680001046,eat_all,11,23,23053,600,50
223.12124895525133,83.7971023966107,3.998748384708708,0.81511478847129,eat_all,11,24,24053,600,50
219.08964883600453,81.26903719505476,4.241312585597016,0.8389839402450863,eat_all,11,25,25053,600,50
222.4760567077661,82.95562172792584,4.531162128682686,0.822677798262905,eat_all,11,26,26053,600,50
219.03772953304818,82.09827012321493,3.778500538192353,0.8042171951834964,eat_all,11,27,27053,600,50
221.3603857300769,82.04925097333874,4.4914605868315425,0.8056845602344372,eat_all,11,28,28053,600,50
218.48461444592763,81.22031893372058,4.104439684444091,0.8064524755435238,eat_all,11,29,29053,600,50
219.61042752318164,81.8173632991796,4.4798455682919345,0.8054517675632511,eat_all,11,30,30053,600,50
218.17476173578467,81.46590498388163,3.87381526639961,0.8129727003669398,eat_all,11,31,31053,600,50
223.2465021096779,83.54904383821149,4.2525548828168755,0.8153944874045376,eat_all,11,32,32053,600,50
220.89432473579998,81.89034401602166,4.097508899383978,0.8234431226394999,eat_all,11,33,33053,600,50
221.09093288393586,82.70031814409633,4.014144849109639,0.8151107888159693,eat_all,11,34,34053,600,50
220.99374162784218,82.71703787834964,4.294271368344841,0.8144677443848305,eat_all,11,35,35053,600,50
222.44222231591928,83.24488419855557,3.7818820828371598,0.7987954840360356,eat_all,11,36,36053,600,50
218.98110993638807,81.38282140828944,4.435376459579658,0.82581333511649,eat_all,11,37,37053,600,50
221.78487116925587,82.6419102463825,4.699517337841832,0.8173293196030637,eat_all,11,38,38053,600,50
219.70368318673002,81.64395900737725,3.8218925684728062,0.82942422378741,eat_all,11,39,39053,600,50
219.8519344603523,82.15936320379666,4.888583252679445,0.8104883196497742,eat_all,11,40,40053,600,50
217.86689533396466,80.82703146852546,3.7541929703284134,0.8229639427242541,eat_all,11,41,41053,600,50
220.0394009788439,81.8829282674306,3.968241539204802,0.7892112213587993,eat_all,11,42,42053,600,50
221.46056945855213,82.90915571338772,4.842740901559375,0.8096664998704171,eat_all,11,43,43053,600,50
219.16529483161892,81.69772366937747,3.8805915858646234,0.8182494172029072,eat_all,11,44,44053,600,50
221.61060555799807,82.62604422657489,4.217849569821955,0.8344609701609315,eat_all,11,45,45053,600,50
219.72124054716534,81.31994868930832,4.182440630106694,0.7947080882647806,eat_all,11,46,46053,600,50
220.77143762328288,83.12223290253286,5.0325015635693005,0.8138962960176993,eat_all,11,47,47053,600,50
220.80799307473097,82.97068374252729,3.6676158274079302,0.8290003339362852,eat_all,11,48,48053,600,50
219.80091603356558,82.40837603515479,3.563854103422791,0.8096009434677806,eat_all,11,49,49053,600,50
60.743598741970565,10.604534829771131,5.166659678964101,0.8478856636809157,eat_all,12,0,54,600,50
60.385930359491596,10.495410443905502,4.321047586143768,0.8678783872120253,eat_all,12,1,1054,600,50
61.25688996497877,10.818592273045272,4.439251759640301,0.8390035358543579,eat_all,12,2,2054,600,50
61.23240826904726,10.770524929733046,5.17324244546494,0.842963667018455,eat_all,12,3,3054,600,50
62.333688211922464,10.900638681896979,4.593957405643274,0.8554139293469241,eat_all,12,4,4054,600,50
61.533130183858404,10.818284999709693,5.45928009841769,0.838259471147758,eat_all,12,5,5054,600,50
61.858683597001075,10.797682222928874,4.494734588304732,0.8599812624874514,eat_all,12,6,6054,600,50
61.793644136237816,10.908372514999423,5.033224396969626,0.8539094507876811,eat_all,12,7,7054,600,50
62.4853098999271,11.034141700381559,5.598506530544996,0.852382481581355,eat_all,12,8,8054,600,50
60.4065797159299,10.656706799249445,4.606757640427127,0.8487353292436707,eat_all,12,9,9054,600,50
61.973131200249234,10.851404519458933,5.244420622676189,0.8797632688647884,eat_all,12,10,10054,600,50
60.61264805319884,10.631083633456058,4.697840041224669,0.846234837689275,eat_all,12,11,11054,600,50
62.088484494497166,10.87367021542855,5.266224259592282,0.8435612299133932,eat_all,12,12,12054,600,50
61.70556253318163,10.84789977195021,4.8195884923296894,0.8434839312493729,eat_all,12,13,13054,600,50
61.30145998395231,10.754909385009693,4.8071476451272215,0.869306054845639,eat_all,12,14,14054,600,50
61.827772915021015,10.892974093792235,4.601445187340287,0.8665111457836563,eat_all,12,15,15054,600,50
61.84656905782424,10.790733141745179,4.196955827083772,0.8716984900150724,eat_all,12,16,16054,600,50
61.360471063169506,10.679021944408927,4.98820748186437,0.8645367420922903,eat_all,12,17,17054,600,50
60.71181170390576,10.623659809464522,4.216591238474911,0.8456508926048674,eat_all,12,18,18054,600,50
61.56060328871239,10.839958992284773,5.201508383292683,0.8706394717707358,eat_all,12,19,19054,600,50
61.50357865918333,10.804312361672235,5.722140984494273,0.8419170563698511,eat_all,12,20,20054,600,50
61.294106305520195,10.671516166854756,4.838531310800725,0.8563106850315283,eat_all,12,21,21054,600,50
62.37143686949886,10.901161775485013,4.787393496806503,0.8601460960981953,eat_all,12,22,22054,600,50
60.067462560006796,10.509360911918918,4.709493664545544,0.8328442861333306,eat_all,12,23,23054,600,50
62.652061206351945,10.95684766633185,4.3982310462345335,0.8506275439756161,eat_all,12,24,24054,600,50
61.48990475441039,10.75752095467936,4.449643805081853,0.8713537897185896,eat_all,12,25,25054,600,50
63.22518781505871,11.101132778750033,5.13011413934307,0.8398560004542652,eat_all,12,26,26054,600,50
61.73263989715318,10.876466379725601,4.204534793697339,0.8850571415870441,eat_all,12,27,27054,600,50
61.70073398554294,10.824803401874572,5.5798504229088755,0.8254393373948957,eat_all,12,28,28054,600,50
61.638159503420056,10.78007444992821,4.305884218264989,0.8613799509778746,eat_all,12,29,29054,600,50
61.758381923689285,10.773528062068355,5.282672527359345,0.8503074454057643,eat_all,12,30,30054,600,50
61.761996854489894,10.807215718454785,3.9308474255750103,0.8454987310300822,eat_all,12,31,31054,600,50
62.96626937277567,11.124775003777767,5.206226832690415,0.8387878889525983,eat_all,12,32,32054,600,50
61.129181349741174,10.699992035241594,4.486219886780526,0.8752992076932831,eat_all,12,33,33054,600,50
60.65318884236875,10.679802549810452,4.141791878476285,0.8415997140977058,eat_all,12,34,34054,600,50
62.20377722776206,10.946412082381343,4.885155655936163,0.8708491803587771,eat_all,12,35,35054,600,50
62.33737437754422,10.88538018605391,5.384250349928782,0.8382568332538126,eat_all,12,36,36054,600,50
62.01387871686028,10.87103079084922,4.967729341591365,0.8483871017364596,eat_all,12,37,37054,600,50
62.02450000229978,10.902546705994883,4.925928111824594,0.8821495679064867,eat_all,12,38,38054,600,50
62.81807980526228,10.944927242946385,5.347783289464218,0.8500413808753295,eat_all,12,39,39054,600,50
62.6144290320963,10.878068285859936,5.172080598158503,0.848072058378355,eat_all,12,40,40054,600,50
61.14633748423839,10.629889480181019,4.701142786150995,0.8521647665147437,eat_all,12,41,41054,600,50
60.67006566106279,10.7184521197731,4.60084342019044,0.8614764813177633,eat_all,12,42,42054,600,50
61.6334047414821,10.808627652417764,4.79704219795924,0.8612142600223727,eat_all,12,43,43054,600,50
61.07234156289076,10.690370377964847,3.993938374532022,0.8390423175236987,eat_all,12,44,44054,600,50
61.429381730867014,10.764250738559987,5.501002857179868,0.8455570401496715,eat_all,12,45,45054,600,50
63.30647151683636,11.093724161254938,5.125195176687651,0.8655530339650372,eat_all,12,46,46054,600,50
63.103353837697505,10.991203946472003,6.404964637232446,0.8373373504122288,eat_all,12,47,47054,600,50
62.09615883844971,10.820064620775979,4.601798568727874,0.8338750711355581,eat_all,12,48,48054,600,50
61.60508790909831,10.751542565643993,4.967777194553867,0.8720703310791575,eat_all,12,49,49054,600,50
25.575007198612557,9.932893324719148,4.371657939682135,0.876764109684143,eat_bio,0,0,42,600,50
25.16994497918217,9.88735274066329,3.3919943233683534,0.8038142101896473,eat_bio,0,1,1042,600,50
25.579010117818818,10.01846371121112,3.8729775197380327,0.8098223370239358,eat_bio,0,2,2042,600,50
26.235295894342432,10.353202770121875,3.828512938012009,0.7965615608304869,eat_bio,0,3,3042,600,50
25.363770736807222,9.878182037060153,5.201526122106976,0.8730277029090452,eat_bio,0,4,4042,600,50
26.14182552350727,10.237542218256715,5.026361563398743,0.7980890085268866,eat_bio,0,5,5042,600,50
25.343505420459167,9.8560598548236,4.125637737793884,0.8131059626788832,eat_bio,0,6,6042,600,50
25.888706752500937,10.12406044287829,4.122103995269067,0.8770293952032027,eat_bio,0,7,7042,600,50
25.926481560369954,10.045691285041919,4.167915278695158,0.8818158761671164,eat_bio,0,8,8042,600,50
25.92626571673973,10.107317959963309,4.3576895557562425,0.7965898964587581,eat_bio,0,9,9042,600,50
26.553301575633167,10.470884813872804,4.879391273704202,0.865144991664906,eat_bio,0,10,10042,600,50
25.856769472578776,10.177562053975134,4.339139278913718,0.8434546433468467,eat_bio,0,11,11042,600,50
25.311411992051504,9.908926798343527,4.665851500310101,0.8748992632715915,eat_bio,0,12,12042,600,50
26.304350970824856,10.269491159910459,4.826982454343121,0.8782673391601297,eat_bio,0,13,13042,600,50
25.93187880254783,10.22662162484152,4.0501589739686965,0.8071791745912822,eat_bio,0,14,14042,600,50
25.773368259586242,10.082380117958731,3.9398395217442284,0.889553392565616,eat_bio,0,15,15042,600,50
25.710080630839922,10.100537477823861,4.324777525467161,0.8502393406762307,eat_bio,0,16,16042,600,50
25.626421038402356,10.13626148597415,3.933929804547335,0.8494028794147743,eat_bio,0,17,17042,600,50
25.56994186353118,10.033764585631676,3.901675936968253,0.9190127587110364,eat_bio,0,18,18042,600,50
25.45374608298767,9.900942215452444,4.344052226855805,0.8808640252207536,eat_bio,0,19,19042,600,50
25.390816693757582,9.95994979423042,3.761833553910294,0.8233712891903698,eat_bio,0,20,20042,600,50
25.84534578228723,10.161752137628207,4.3819268974685555,0.8160904976408349,eat_bio,0,21,21042,600,50
26.416368912437555,10.399606074967382,4.909453044605221,0.8007910911088251,eat_bio,0,22,22042,600,50
26.055349590493712,10.215098722518997,4.500078706691753,0.8639814553674757,eat_bio,0,23,23042,600,50
26.952728647510526,10.548555241200637,4.748182235208879,0.8410346830324087,eat_bio,0,24,24042,600,50
25.986989253776283,10.112047646162836,5.2251656536234234,0.8369612986003674,eat_bio,0,25,25042,600,50
25.085222789525556,9.73871520274361,3.607322649329731,0.8455703596507836,eat_bio,0,26,26042,600,50
25.354992473107462,9.968904875620172,4.129110411215337,0.8587044771943766,eat_bio,0,27,27042,600,50
26.161295211114947,10.335862563797745,4.373765055220978,0.8742163746953133,eat_bio,0,28,28042,600,50
25.4496399491625,9.967298002823343,4.6426749971310235,0.8927564432343328,eat_bio,0,29,29042,600,50
25.119644106347156,9.772088679814397,3.884788444079791,0.9020317770723312,eat_bio,0,30,30042,600,50
26.238072623089472,10.264823305996952,4.951332689848712,0.8057164767013113,eat_bio,0,31,31042,600,50
25.72697108352682,10.106157362768975,4.5868689844586426,0.8606659595591541,eat_bio,0,32,32042,600,50
24.93525529492845,9.65310837181717,4.245290574524712,0.8816517282916305,eat_bio,0,33,33042,600,50
25.383631651403412,9.91011600555537,4.5389221632574746,0.9618221318679995,eat_bio,0,34,34042,600,50
25.834992056049515,10.116746684377715,4.867276848531043,0.8976537083446747,eat_bio,0,35,35042,600,50
25.78724764606648,10.020894403929915,4.440978041586008,0.8870751689228964,eat_bio,0,36,36042,600,50
25.81148725145881,10.109215239163445,4.115563444583052,0.8845112726321324,eat_bio,0,37,37042,600,50
25.758075607469642,10.094914273735233,4.569944142006006,0.8220549285668156,eat_bio,0,38,38042,600,50
26.158373989697672,10.223656224188424,4.713286561917794,0.8168587660433332,eat_bio,0,39,39042,600,50
26.002944024652027,10.259350498364638,4.583593955137947,0.7892748340837576,eat_bio,0,40,40042,600,50
25.529264869304154,9.921838693445967,3.6409323463929075,0.9045941610681766,eat_bio,0,41,41042,600,50
25.41751777669692,9.855760174780583,4.760589164691682,0.8618624326739978,eat_bio,0,42,42042,600,50
25.633143849285627,10.004068726753282,4.735547832287328,0.8940721481860538,eat_bio,0,43,43042,600,50
25.899013219305843,10.065185442869392,4.651465351429931,0.8681476421686284,eat_bio,0,44,44042,600,50
25.928982579212278,10.165678352345386,5.096522333119253,0.7988243156721677,eat_bio,0,45,45042,600,50
25.6419369020751,10.050920948524412,3.9305867047646017,0.8874720388572876,eat_bio,0,46,46042,600,50
26.721327849657467,10.531300470695937,4.384648301396163,0.7914048014213022,eat_bio,0,47,47042,600,50
26.026647636545164,10.152701983614756,4.35827812160978,0.8058690583239814,eat_bio,0,48,48042,600,50
26.049063198455094,10.235527402407973,4.447987337399543,0.8303259760687366,eat_bio,0,49,49042,600,50
67.25067780071693,33.33638142691557,5.201497586132387,0.8483563648100428,eat_bio,1,0,43,600,50
68.13304236318233,34.08643996188085,5.178399840561928,0.8371994358767489,eat_bio,1,1,1043,600,50
67.780307237683,34.12880933842566,5.024347428111219,0.81921606460502,eat_bio,1,2,2043,600,50
67.91579654973461,33.878948439512214,4.133093300345969,0.8315577404313078,eat_bio,1,3,3043,600,50
67.55015301689357,33.74715088080902,4.798345312844981,0.8237473594304902,eat_bio,1,4,4043,600,50
67.63068052268352,33.66389776804214,5.221448325114851,0.8240087395033304,eat_bio,1,5,5043,600,50
67.55090973094553,33.70179850384831,4.8731605647965806,0.8459718652420001,eat_bio,1,6,6043,600,50
66.45596219840901,32.29390761105219,5.1071178544224605,0.8335252951555983,eat_bio,1,7,7043,600,50
67.00389676087786,33.03207718152714,4.298375997689097,0.837804641888629,eat_bio,1,8,8043,600,50
67.21998874916827,33.26291278512903,3.8806667472133856,0.8398238699190739,eat_bio,1,9,9043,600,50
67.60777229820937,33.95194563764704,3.7430430511636086,0.8374404533285131,eat_bio,1,10,10043,600,50
67.8665661852622,34.156866584887794,4.946344206143228,0.8410819684451901,eat_bio,1,11,11043,600,50
66.2131646325488,32.660240241046154,5.160159816215877,0.8227739993134884,eat_bio,1,12,12043,600,50
66.41454748705014,32.20923542079428,5.1232332397154385,0.8525812072287844,eat_bio,1,13,13043,600,50
66.60101034646716,32.77202822694897,4.536312856352785,0.8367075340661925,eat_bio,1,14,14043,600,50
67.73332762358196,33.89778549200944,4.373806538698824,0.8267230572204507,eat_bio,1,15,15043,600,50
68.50012297133217,34.4654383644279,4.993136501977715,0.8238798264686504,eat_bio,1,16,16043,600,50
65.9646655834189,32.00303403225552,4.775085001981321,0.8491835821352505,eat_bio,1,17,17043,600,50
67.74559130563772,33.578127493680626,4.749913068933587,0.8345966956405519,eat_bio,1,18,18043,600,50
67.14209165602811,33.324040667565875,5.010597719642897,0.8225803532144083,eat_bio,1,19,19043,600,50
68.0004608020265,34.07787599511298,4.702705916897634,0.8441805304677901,eat_bio,1,20,20043,600,50
67.95638295371513,33.87510283301664,5.441086882955929,0.8261171157032086,eat_bio,1,21,21043,600,50
67.46340067309477,33.67384915551323,4.697922236351977,0.8291578100343932,eat_bio,1,22,22043,600,50
68.98579677084744,34.91306684518871,3.8962287100330877,0.8483194831819274,eat_bio,1,23,23043,600,50
67.11182573911644,33.23224032527583,5.470200114015877,0.8423711464637771,eat_bio,1,24,24043,600,50
66.67287773178084,32.89497534154098,3.9808156448001797,0.8383641321197146,eat_bio,1,25,25043,600,50
67.5938778925585,33.617980701034,4.548402351842507,0.8425627569362651,eat_bio,1,26,26043,600,50
68.07443126906499,34.218081765136915,4.488578765880855,0.8532751075782958,eat_bio,1,27,27043,600,50
67.05845866231223,32.83657079299056,5.2969319814764875,0.8570129539020206,eat_bio,1,28,28043,600,50
67.61583945299846,34.08903521734471,5.428147385026636,0.8393853597606629,eat_bio,1,29,29043,600,50
68.19699023400385,34.19145017358585,4.265684166696979,0.8319626857831441,eat_bio,1,30,30043,600,50
66.03951323522942,32.1741258169869,4.017975979612677,0.8318996766285938,eat_bio,1,31,31043,600,50
66.84136669498817,32.97803297361138,5.759108256251928,0.8404985660533809,eat_bio,1,32,32043,600,50
68.21888466567849,34.029249833557316,4.929891742320747,0.8329736711249522,eat_bio,1,33,33043,600,50
66.3375023640774,32.40011746927472,4.399094400347935,0.8276928926726675,eat_bio,1,34,34043,600,50
67.38127509629497,33.717923925690236,5.208628767552539,0.8505697315562125,eat_bio,1,35,35043,600,50
68.04888526039383,34.27629102495956,5.462370883403705,0.8429398821296115,eat_bio,1,36,36043,600,50
67.2951821133355,33.291298010302796,4.72383660068089,0.834432990724258,eat_bio,1,37,37043,600,50
67.07366477806369,33.23294906881385,5.69257344214768,0.8451998979562466,eat_bio,1,38,38043,600,50
67.34600083348212,33.40536445201041,4.607001744879212,0.8583800260413806,eat_bio,1,39,39043,600,50
66.29575141807555,32.19969460717497,4.610224125655037,0.8287270941926168,eat_bio,1,40,40043,600,50
68.20070360575092,34.2315465581745,4.222636580192494,0.8498749514366037,eat_bio,1,41,41043,600,50
68.12522278167103,34.05133782060424,4.558755406168529,0.8538197469508113,eat_bio,1,42,42043,600,50
66.90408291843882,32.93426301728972,5.33221657759688,0.8409947328810423,eat_bio,1,43,43043,600,50
66.73746945794707,33.06177893202123,5.013010914296305,0.8655305608386381,eat_bio,1,44,44043,600,50
67.68548246645597,33.76555429375144,4.356102517084816,0.8313904996329411,eat_bio,1,45,45043,600,50
68.09626228958116,34.29004342781155,4.304592890699426,0.8325435655580969,eat_bio,1,46,46043,600,50
67.1227143396319,33.049619242309646,5.556481170650541,0.8595818535487606,eat_bio,1,47,47043,600,50
67.85500950598971,34.006910460916274,4.729911216457849,0.8420445842014214,eat_bio,1,48,48043,600,50
67.20613659697119,33.46683666701358,4.852202442973195,0.8302704996571644,eat_bio,1,49,49043,600,50
55.25754347972859,32.35325753293995,3.8302881068974264,0.9107051445395575,eat_bio,2,0,44,600,50
54.865676748147045,32.1990266071099,4.142634981335159,0.9172181670742905,eat_bio,2,1,1044,600,50
55.65698355161767,32.77290826107347,3.95183325623628,0.893077409974057,eat_bio,2,2,2044,600,50
55.17038887143801,32.43377181979396,4.188157276587576,0.8999508560061568,eat_bio,2,3,3044,600,50
55.35031855667096,32.75311040561967,4.3850741995296465,0.9250662728761394,eat_bio,2,4,4044,600,50
55.30432038248887,32.59287352946991,4.346014884487625,0.9006393949601798,eat_bio,2,5,5044,600,50
55.97813610221122,33.02155048267897,4.228718921780955,0.8704793757972457,eat_bio,2,6,6044,600,50
55.99522837027186,33.06382878608509,4.150719980186864,0.8983290277071246,eat_bio,2,7,7044,600,50
54.84148361706536,32.247391641719155,4.279518608183804,0.9155111236196483,eat_bio,2,8,8044,600,50
55.168985498679056,32.460435149010415,3.7527200578424202,0.8618617989207518,eat_bio,2,9,9044,600,50
55.49063015110105,32.79805961872443,4.276638820907533,0.9281889540118206,eat_bio,2,10,10044,600,50
55.41271168088754,32.65861573074621,3.894650961803146,0.9008092869157261,eat_bio,2,11,11044,600,50
55.33345029583951,32.63929723235493,3.8705242781669003,0.8662820538837813,eat_bio,2,12,12044,600,50
55.41971579351033,32.65393518132571,4.282574663905093,0.9289629043487728,eat_bio,2,13,13044,600,50
54.64848699080937,32.26529676057171,3.935717440432837,0.8863977431754211,eat_bio,2,14,14044,600,50
55.76977715360111,32.8107953357612,3.900982629648089,0.8834333407689419,eat_bio,2,15,15044,600,50
55.414595023991254,32.700197642911824,4.563422459698127,0.9246969380717582,eat_bio,2,16,16044,600,50
55.226774699656254,32.42058822182602,3.5207860008241805,0.9131536785205832,eat_bio,2,17,17044,600,50
55.80250923341055,32.93853928126757,3.7506957774939056,0.8823465898700109,eat_bio,2,18,18044,600,50
55.608871706073316,32.85442418857416,4.387285885123736,0.911518865701094,eat_bio,2,19,19044,600,50
55.26032030604488,32.549089415713325,4.481275687169524,0.926044833097207,eat_bio,2,20,20044,600,50
55.45027428381905,32.73069170926053,4.329555491239763,0.8706538236113923,eat_bio,2,21,21044,600,50
55.50073182527517,32.70904650489081,4.061299382590306,0.9003705768967725,eat_bio,2,22,22044,600,50
55.84358193925728,32.94813609082924,4.010007533930305,0.8704534635208324,eat_bio,2,23,23044,600,50
54.79093411062395,32.34984063168522,3.910138292156127,0.8939348286969973,eat_bio,2,24,24044,600,50
55.001333337722286,32.48525254817777,3.958830896862398,0.915827557900059,eat_bio,2,25,25044,600,50
55.418163621879366,32.67735887887052,3.860005787842711,0.9088452397208776,eat_bio,2,26,26044,600,50
54.92203085475826,32.44626623629518,4.377734630298723,0.889931410060524,eat_bio,2,27,27044,600,50
55.22263545407602,32.379469003937395,3.835290304749522,0.8850466406724079,eat_bio,2,28,28044,600,50
55.50649316233892,32.778122798660114,4.399208627207426,0.9122672279476329,eat_bio,2,29,29044,600,50
55.575475839017614,32.917998824047196,3.8821123381667464,0.870069392607331,eat_bio,2,30,30044,600,50
55.14281934398283,32.24146227818132,3.9477077890138017,0.904694124726673,eat_bio,2,31,31044,600,50
55.347016663987766,32.550658504441316,3.701734309511068,0.9205013672631249,eat_bio,2,32,32044,600,50
54.643592278429665,32.168686651501346,3.729882881745617,0.8701982788250415,eat_bio,2,33,33044,600,50
55.096024009156764,32.27988329754904,3.89230558147448,0.895696857053393,eat_bio,2,34,34044,600,50
55.28824566316069,32.47422583592997,4.201263769021997,0.875925446876771,eat_bio,2,35,35044,600,50
54.66362844397682,32.29239524462879,3.7778670748862435,0.9120399048170433,eat_bio,2,36,36044,600,50
55.29136483166526,32.54829113673224,4.185093141687171,0.9046833200452488,eat_bio,2,37,37044,600,50
55.37266967814553,32.584391349801756,4.407434393472151,0.8561677495952429,eat_bio,2,38,38044,600,50
55.265453874891435,32.66270659094209,3.6526156550391375,0.8585319218903388,eat_bio,2,39,39044,600,50
55.30265420870657,32.64050672798199,4.009609599915143,0.9005262788272889,eat_bio,2,40,40044,600,50
55.29649471588464,32.42798699347378,4.373350067560417,0.8760903712922758,eat_bio,2,41,41044,600,50
54.98088486591798,32.37063265647102,3.974807102360173,0.9262101991022671,eat_bio,2,42,42044,600,50
55.48915110038283,32.70732692322458,3.8049665581980867,0.9082767570392669,eat_bio,2,43,43044,600,50
55.3930987471919,32.768150134632826,3.628349675252333,0.8836466004391195,eat_bio,2,44,44044,600,50
55.73848606449798,32.72361791048485,4.01253011138481,0.913529817177816,eat_bio,2,45,45044,600,50
55.575739313738694,32.78889388458017,4.317619858600611,0.8797490642575438,eat_bio,2,46,46044,600,50
55.74431140756591,32.783987975962575,4.164468387355333,0.9096491693080312,eat_bio,2,47,47044,600,50
54.95359877712622,32.31507423208783,3.559188411454798,0.8873327932343272,eat_bio,2,48,48044,600,50
55.33765519409762,32.570308472797564,3.8368866589816792,0.8844532833226261,eat_bio,2,49,49044,600,50
72.68306654195818,41.22538901793657,3.979917261872257,0.9029473800166675,eat_bio,3,0,45,600,50
72.78462135236359,41.78161414724095,4.340287737648858,0.9040328886022667,eat_bio,3,1,1045,600,50
72.72436383990656,41.65359516900602,4.470466111892832,0.9206108635164337,eat_bio,3,2,2045,600,50
73.15741030881435,41.980994951801975,4.070495414482566,0.8924859206480379,eat_bio,3,3,3045,600,50
72.76900494114228,41.606880758443275,4.416398813950589,0.9005478292505193,eat_bio,3,4,4045,600,50
72.51865217469486,41.559556299451636,4.6826078809506555,0.9101667995345439,eat_bio,3,5,5045,600,50
73.0192970777237,42.05309611725831,4.354395280835519,0.9042908493295523,eat_bio,3,6,6045,600,50
73.55727343521498,42.11514776827057,3.726355520842817,0.9216571439877805,eat_bio,3,7,7045,600,50
73.1052916281031,41.87034799427518,4.407040885248128,0.9186130940059002,eat_bio,3,8,8045,600,50
72.79805632673715,41.78997525047757,4.439965565220865,0.92972193073029,eat_bio,3,9,9045,600,50
73.12952071994526,42.07869420871261,5.414998446834403,0.918797556642355,eat_bio,3,10,10045,600,50
72.70150670559657,41.71088576024288,4.790548067793337,0.8999269149105167,eat_bio,3,11,11045,600,50
72.84886103454296,41.62182725639465,4.381920698580593,0.8858381380467175,eat_bio,3,12,12045,600,50
73.39914637544776,42.136647206551636,4.87632397017228,0.8990910877606442,eat_bio,3,13,13045,600,50
73.28891053012795,41.93862959067592,3.878605207235452,0.925333183376645,eat_bio,3,14,14045,600,50
72.99157387850042,41.71035370024951,4.351877559550606,0.9019524095186137,eat_bio,3,15,15045,600,50
73.0484295788088,41.63293176021835,3.7366804272723217,0.9033377846026575,eat_bio,3,16,16045,600,50
72.57643928894554,41.296118732612065,3.7907411323999525,0.9181120231168383,eat_bio,3,17,17045,600,50
72.83623706842383,41.660301993904795,4.0856364394744356,0.9094643700794519,eat_bio,3,18,18045,600,50
72.69448697993342,41.727108356467035,4.792393147381919,0.9271889476474303,eat_bio,3,19,19045,600,50
73.38458701555193,42.148331679245466,4.521841768487085,0.8930119877933672,eat_bio,3,20,20045,600,50
72.6866554599055,41.51905011160526,4.908642417877796,0.9208462896123726,eat_bio,3,21,21045,600,50
73.2509087776819,41.82061548925626,3.8096648305541434,0.8885857101052723,eat_bio,3,22,22045,600,50
73.30395866909849,41.938662595137195,4.365200321527276,0.9237214095181546,eat_bio,3,23,23045,600,50
73.30488132458505,42.014776977379164,4.137708030729084,0.9174968568429118,eat_bio,3,24,24045,600,50
73.24793163016987,41.983231902660776,4.070235759713871,0.9137904270638264,eat_bio,3,25,25045,600,50
72.90488962318788,41.91352470083215,4.297572462950275,0.8952313665098878,eat_bio,3,26,26045,600,50
72.68925922985983,41.743732181260995,4.470621792693866,0.9004951142536308,eat_bio,3,27,27045,600,50
73.28731661524726,42.085087961805996,4.03727941007479,0.91772777769951,eat_bio,3,28,28045,600,50
72.8153297166426,41.67761830257586,4.645547227279944,0.901764863003217,eat_bio,3,29,29045,600,50
73.26831106067267,41.874196352444514,4.836131745720698,0.8933964738898004,eat_bio,3,30,30045,600,50
73.45080143985453,42.13194524836774,4.851598033120836,0.8997343618275015,eat_bio,3,31,31045,600,50
72.94987739065611,41.795615456349076,4.7678178594659935,0.8962551574590034,eat_bio,3,32,32045,600,50
72.80319913615652,41.63600446154448,4.822464005992971,0.9251150844037486,eat_bio,3,33,33045,600,50
72.94879572616807,41.81025597441055,3.76535768660734,0.919923325672503,eat_bio,3,34,34045,600,50
73.07773842353063,41.88983819643051,3.7379985135375664,0.9198766935588087,eat_bio,3,35,35045,600,50
72.86052571967384,41.66990096766535,4.068031330288567,0.9153703487280925,eat_bio,3,36,36045,600,50
72.4413719989405,41.666879720245404,4.810405337506765,0.9037165334486973,eat_bio,3,37,37045,600,50
72.8724216488153,41.68463336015903,4.657191527308951,0.9021758619706925,eat_bio,3,38,38045,600,50
73.5689889347941,41.88266860013899,4.204165933594919,0.8954147134569281,eat_bio,3,39,39045,600,50
73.18232645180238,41.8241545920685,3.85275124884156,0.9273730154136596,eat_bio,3,40,40045,600,50
72.82888421641012,41.61351761972037,4.404174389785463,0.9166405478779079,eat_bio,3,41,41045,600,50
73.41338529685954,41.970436177577255,4.261937327988266,0.9131658094000267,eat_bio,3,42,42045,600,50
73.7752946317294,42.145146850315825,3.772497969809873,0.9143445221297591,eat_bio,3,43,43045,600,50
72.85878370705993,41.509257648933115,4.289501714112877,0.9145547925720366,eat_bio,3,44,44045,600,50
73.80582824362513,42.17965322427161,4.762129126425274,0.878495388320931,eat_bio,3,45,45045,600,50
73.19576710764724,41.82238858352444,3.988528462185754,0.9278591261612613,eat_bio,3,46,46045,600,50
72.62399340023825,41.50109445642057,4.966218185045548,0.9032150344583068,eat_bio,3,47,47045,600,50
73.22928281465056,42.02728412524252,4.6998363798721865,0.8253510464132712,eat_bio,3,48,48045,600,50
73.06886556675299,41.88237710147502,4.261068507103011,0.916698643378318,eat_bio,3,49,49045,600,50
116.94840474800415,59.51492870345165,5.347454605860644,0.7794017090823123,eat_bio,4,0,46,600,50
117.32087006894314,59.477462553346435,5.585648791625785,0.8168375828034211,eat_bio,4,1,1046,600,50
117.53066154268384,59.651158458142575,5.089808159727254,0.7847841516131645,eat_bio,4,2,2046,600,50
117.3751329968006,59.758824575752946,5.151188497398875,0.7382072943196818,eat_bio,4,3,3046,600,50
116.84112643547061,59.01334501843007,4.153425935259775,0.7778559128340261,eat_bio,4,4,4046,600,50
118.19367617732088,60.206994045581936,4.5074756054477145,0.7887731267845893,eat_bio,4,5,5046,600,50
116.70299357701155,59.09287830941504,4.953929896272933,0.7458824611089356,eat_bio,4,6,6046,600,50
116.45061942109263,59.20240040683834,5.116481768289527,0.8048905645496036,eat_bio,4,7,7046,600,50
118.45393533348621,60.27395095084051,4.966994553336443,0.7686608619184304,eat_bio,4,8,8046,600,50
118.03000598755654,59.93041705034563,4.6783749344328855,0.7682381463913247,eat_bio,4,9,9046,600,50
117.78000524548715,59.829283283386616,4.657985079745799,0.7898589552757412,eat_bio,4,10,10046,600,50
118.37146808270018,60.30314426484899,5.286624808334179,0.7960136701116195,eat_bio,4,11,11046,600,50
117.97816203020612,59.97950542334162,4.638837679907243,0.8001427193679861,eat_bio,4,12,12046,600,50
118.05491329032552,60.31355018416163,4.857485982176924,0.773464783463057,eat_bio,4,13,13046,600,50
117.11754272901604,59.1778475078949,4.58286606558135,0.7766611072634433,eat_bio,4,14,14046,600,50
117.5657835192718,59.599603056203165,4.357374228011295,0.7818499525898781,eat_bio,4,15,15046,600,50
117.13411388644701,59.33778367942821,4.767125985659187,0.7680316171100408,eat_bio,4,16,16046,600,50
116.82461493213194,59.33215763529089,5.104869606102421,0.7454472721551957,eat_bio,4,17,17046,600,50
117.0474017442124,59.48951082276622,4.098793793107573,0.7984542532054155,eat_bio,4,18,18046,600,50
117.47616383763095,59.75358473222792,4.851082658727032,0.7475090219889904,eat_bio,4,19,19046,600,50
117.26827037302918,59.86883198812237,5.3072007195060795,0.7652280713305196,eat_bio,4,20,20046,600,50
118.4745731371741,60.186648346506075,4.452556141717837,0.7914767101216327,eat_bio,4,21,21046,600,50
117.81355447592223,59.756107734624464,4.897789322095765,0.7958288129642869,eat_bio,4,22,22046,600,50
117.16039245190541,59.60434986274934,4.013555176439553,0.7395703072159447,eat_bio,4,23,23046,600,50
117.3826034941667,59.74816065504108,5.023332594946902,0.7922853081845788,eat_bio,4,24,24046,600,50
117.09631975864832,59.28429650374486,4.585752870623353,0.7569615618473223,eat_bio,4,25,25046,600,50
116.8719744114485,59.40465118744364,4.748824928242299,0.8158411360882157,eat_bio,4,26,26046,600,50
116.26497117284926,58.97936723250633,4.886788897568755,0.8151083581136357,eat_bio,4,27,27046,600,50
117.57044936215847,59.95342756456076,4.131585868862849,0.7850071697547816,eat_bio,4,28,28046,600,50
118.88414728029363,60.71679915992665,4.527289879682559,0.7597621100366858,eat_bio,4,29,29046,600,50
117.80699209094234,60.061372859804464,5.627727927025484,0.8232405172554179,eat_bio,4,30,30046,600,50
117.69278270773611,59.989963848279594,5.366643287715323,0.7906019662664516,eat_bio,4,31,31046,600,50
117.18536737057791,59.391495878865655,4.733824251771966,0.7896458437452314,eat_bio,4,32,32046,600,50
118.1990601437002,60.32056309265318,4.422981385706185,0.7665240384657157,eat_bio,4,33,33046,600,50
117.17365980300082,59.377075079740656,5.050397491548523,0.7519441847444205,eat_bio,4,34,34046,600,50
118.73145913128896,60.507601800399314,3.93516790320219,0.7780248943799949,eat_bio,4,35,35046,600,50
117.52996971397383,59.69932087425901,5.662289132048346,0.8163856943444788,eat_bio,4,36,36046,600,50
117.34778639518697,59.729624648059655,4.136326925309789,0.7739086455429292,eat_bio,4,37,37046,600,50
116.82172574297564,59.29685788185466,4.71877738769682,0.8225276112359478,eat_bio,4,38,38046,600,50
116.97227950796774,59.070735967120925,4.3758527070443,0.7938486065363729,eat_bio,4,39,39046,600,50
117.39374430455027,59.51453071306886,4.678976831753186,0.7685489954930576,eat_bio,4,40,40046,600,50
117.22402839166038,59.633992283231336,4.369638707508092,0.8168113428354765,eat_bio,4,41,41046,600,50
118.01730905882576,60.195331331363334,4.706368669510403,0.7613763056846173,eat_bio,4,42,42046,600,50
118.18142831053056,60.13569068585951,5.032304967983556,0.7843304234343386,eat_bio,4,43,43046,600,50
117.92683742536519,59.99835193448347,5.556000686193821,0.8178980978271839,eat_bio,4,44,44046,600,50
117.22706450781962,59.40407747742582,4.3800947490611035,0.8021090703171853,eat_bio,4,45,45046,600,50
117.84325155188621,59.99685952218067,5.0358927989338085,0.7576339256463569,eat_bio,4,46,46046,600,50
118.38988860901777,60.21732286388557,5.4205873239838755,0.7564269993274255,eat_bio,4,47,47046,600,50
117.21523508933838,59.5803214083601,4.133657905858997,0.7635734325751576,eat_bio,4,48,48046,600,50
118.56152775974329,60.085566587749476,4.913920805630907,0.78046282661008,eat_bio,4,49,49046,600,50
133.31438127014079,63.002460419568955,4.789581636143362,0.885771844323601,eat_bio,5,0,47,600,50
132.64236631808606,62.98902892334076,5.884340133938458,0.8448370015457259,eat_bio,5,1,1047,600,50
132.30986120953258,62.810688914652594,5.617545485147785,0.873828732386299,eat_bio,5,2,2047,600,50
133.5220261159675,63.337780901849065,4.639107627634011,0.8780135874021878,eat_bio,5,3,3047,600,50
133.1161574055077,63.07352757662194,4.794352384401153,0.8755912070656965,eat_bio,5,4,4047,600,50
132.46732306970162,62.815637148633606,4.522416047231774,0.8989105244511094,eat_bio,5,5,5047,600,50
132.4113692327612,62.68285365779318,4.350106108501602,0.8743460732066033,eat_bio,5,6,6047,600,50
133.6599560838566,63.60480934982914,4.805674089107168,0.8717060115145087,eat_bio,5,7,7047,600,50
133.7672980975283,63.489351257471185,5.073836142763092,0.856242659292849,eat_bio,5,8,8047,600,50
134.42457167661576,64.00747717252426,5.309113346048696,0.8809503315943322,eat_bio,5,9,9047,600,50
132.77945736631534,63.12953421122394,5.343110652108472,0.8792063002778757,eat_bio,5,10,10047,600,50
133.87094976551012,63.45872951200568,4.459962000118635,0.8872759531625428,eat_bio,5,11,11047,600,50
132.57387151816832,63.213836778048,4.601662500675049,0.8482541097922004,eat_bio,5,12,12047,600,50
132.43349644858927,62.94753700483153,4.661166656886504,0.8618772702961408,eat_bio,5,13,13047,600,50
131.51408068514215,62.47152351448522,4.2896230515034315,0.8901438416314802,eat_bio,5,14,14047,600,50
132.62411975863088,62.884852629622046,3.9185902511553414,0.8508026974854092,eat_bio,5,15,15047,600,50
133.25144899176343,63.13000446479279,4.4872643765134175,0.879735120374305,eat_bio,5,16,16047,600,50
132.20207140093555,62.74766773667712,4.108873138461267,0.8551762784899463,eat_bio,5,17,17047,600,50
132.38480627484608,62.83721920048249,5.561012804514775,0.9022013614134176,eat_bio,5,18,18047,600,50
133.0028698897844,63.30717961257543,5.218443442476006,0.890969687643459,eat_bio,5,19,19047,600,50
132.15774792298356,62.530663177702955,4.598369802829921,0.8579710257257066,eat_bio,5,20,20047,600,50
132.915621156017,63.18785865591573,4.279933977823996,0.8912716279634884,eat_bio,5,21,21047,600,50
133.0347768619327,63.090337197914955,4.601325859068976,0.8492237289641983,eat_bio,5,22,22047,600,50
133.1922504721241,62.91201370840595,4.8325539150977015,0.8718713266270235,eat_bio,5,23,23047,600,50
132.1436415304757,62.56904996220069,5.176999285570644,0.8884907179464611,eat_bio,5,24,24047,600,50
133.73379238107896,63.66955885013877,4.824048872686903,0.8853297945959575,eat_bio,5,25,25047,600,50
132.27408879653518,62.727830417697945,4.34203269913269,0.8812281070526984,eat_bio,5,26,26047,600,50
131.42071422915032,62.101966525211814,4.737309390383366,0.8593700333542106,eat_bio,5,27,27047,600,50
132.99753760398195,62.9262129201161,3.9893419459459607,0.8295527599131309,eat_bio,5,28,28047,600,50
134.15510138222385,63.49241368213815,4.719732606224181,0.8762377959504206,eat_bio,5,29,29047,600,50
132.57431805794064,62.96289195067898,4.7126166781283105,0.8441414377218608,eat_bio,5,30,30047,600,50
132.6536967333489,63.161338953186316,5.113700256265061,0.892551764213756,eat_bio,5,31,31047,600,50
131.9493546617842,62.705039746397865,5.745813676904042,0.8522463724834921,eat_bio,5,32,32047,600,50
133.08685995595062,63.32409724408497,5.1015829139720354,0.8719236246583668,eat_bio,5,33,33047,600,50
133.07749991291857,63.39593786526022,5.4854358960965435,0.8879300281522472,eat_bio,5,34,34047,600,50
132.53549173242837,62.873952376626626,5.585289523018114,0.8831145843730654,eat_bio,5,35,35047,600,50
133.07306316493703,63.287037004295435,4.366899718080408,0.888823802122339,eat_bio,5,36,36047,600,50
132.73443945534552,62.93733213520321,5.2326985880444585,0.861971038372592,eat_bio,5,37,37047,600,50
132.5384531915858,62.81561291731009,4.732261692771725,0.9020134906355063,eat_bio,5,38,38047,600,50
132.98354417295735,63.10580529140018,5.154524964908596,0.9002680310541795,eat_bio,5,39,39047,600,50
132.50045648703684,62.89801676284543,4.460352632663316,0.8631323242757174,eat_bio,5,40,40047,600,50
132.1307926540632,62.53141969795544,5.015867827554922,0.8368207898335864,eat_bio,5,41,41047,600,50
133.2303617757985,63.30043016496084,5.185995610994109,0.9014747174138819,eat_bio,5,42,42047,600,50
132.76101460253025,63.16688472526209,4.821667128814376,0.8717552400327184,eat_bio,5,43,43047,600,50
131.97097204358423,62.259279659044175,4.768165536132767,0.8488321218047634,eat_bio,5,44,44047,600,50
132.52249276847942,62.45187533269995,3.8833750138304324,0.881864763683254,eat_bio,5,45,45047,600,50
132.20624013352798,62.53739546303697,4.123914372065657,0.8264326663140403,eat_bio,5,46,46047,600,50
131.54737835722904,62.53012256778375,5.367681622913775,0.9027939368775979,eat_bio,5,47,47047,600,50
132.2053031818201,62.70253419076301,3.6910776820921374,0.861404956396898,eat_bio,5,48,48047,600,50
131.16650772037653,62.143623082403735,5.593728148576908,0.8419830688019749,eat_bio,5,49,49047,600,50
189.25911277506617,78.93571284065148,4.623425928498412,0.7432330898681527,eat_bio,6,0,48,600,50
187.45656757253886,78.7606582176897,4.320153060127129,0.711361269305327,eat_bio,6,1,1048,600,50
188.87378276325003,79.06593568234508,3.709640949324739,0.749407685368777,eat_bio,6,2,2048,600,50
189.0587676990355,79.47312552325292,3.9152633013248748,0.7232248568857118,eat_bio,6,3,3048,600,50
189.45386025617498,79.56976354996615,4.649222820647813,0.7240399448768146,eat_bio,6,4,4048,600,50
189.00583041956784,78.77710889465304,4.693734368246049,0.7237632165742897,eat_bio,6,5,5048,600,50
190.74199871632678,79.98539346742824,4.475267548886017,0.7503870584129201,eat_bio,6,6,6048,600,50
188.656904361619,78.97392752112823,4.801710606385444,0.7271654641382039,eat_bio,6,7,7048,600,50
189.39576553377833,79.62537621180677,4.231493237708024,0.7367879231415377,eat_bio,6,8,8048,600,50
189.83101204941417,79.67938507008023,4.530758202797909,0.7482016911316571,eat_bio,6,9,9048,600,50
186.722848169993,77.77235885941755,4.229239547487901,0.7400536269976519,eat_bio,6,10,10048,600,50
188.5420037188413,78.21041353744005,5.421999201114378,0.73280372730806,eat_bio,6,11,11048,600,50
187.9707418807186,78.78638997731343,4.79952504785263,0.7416022490904509,eat_bio,6,12,12048,600,50
187.97638500550772,78.53628814320545,4.597515722350191,0.7542676181807045,eat_bio,6,13,13048,600,50
189.69324550112788,79.73935957510506,4.985384397485857,0.7094247545364885,eat_bio,6,14,14048,600,50
186.7956494734239,77.41658639011948,5.108712818064015,0.7368430358234204,eat_bio,6,15,15048,600,50
188.58217643746522,78.34720450034519,5.080296036666836,0.7249174695691439,eat_bio,6,16,16048,600,50
188.10437336942968,78.71285119359058,4.2334036641072625,0.7519142905559567,eat_bio,6,17,17048,600,50
190.71370434807093,79.94364639871844,5.284824902819834,0.7264548655780053,eat_bio,6,18,18048,600,50
190.16939237048317,79.56757613129517,5.1499583479334445,0.7457677193008877,eat_bio,6,19,19048,600,50
187.80120218869394,78.28431048945741,4.764941470972527,0.7491855425143429,eat_bio,6,20,20048,600,50
188.05021684655165,77.91924443531191,4.338813536341387,0.7637277521706275,eat_bio,6,21,21048,600,50
188.10050245186395,78.93158753302568,4.57008959417692,0.7499176279970264,eat_bio,6,22,22048,600,50
186.94078811464993,77.87180843486162,3.851974663567137,0.7265843258954494,eat_bio,6,23,23048,600,50
189.1746090407739,79.31489849787533,4.370133096701984,0.7797596079879046,eat_bio,6,24,24048,600,50
188.82148925089547,79.13568103860055,4.09682997047635,0.7491631380194492,eat_bio,6,25,25048,600,50
188.98559497028774,78.76378566285631,4.870003403020138,0.7029250692364779,eat_bio,6,26,26048,600,50
188.30598856191585,78.75396168731383,4.84324761170308,0.7517999007198919,eat_bio,6,27,27048,600,50
188.60119685663506,78.8271542004496,4.786533604165386,0.7371243651855878,eat_bio,6,28,28048,600,50
186.8038966761352,77.85190744379345,4.019072163108122,0.714375593998857,eat_bio,6,29,29048,600,50
188.45249403847282,78.74713420211467,4.67263004819799,0.7706167918846087,eat_bio,6,30,30048,600,50
189.12372148605988,78.67773621173258,4.6773646215775155,0.760434005656605,eat_bio,6,31,31048,600,50
185.08635088596895,77.29038468732894,3.9479968986532326,0.7155700591417433,eat_bio,6,32,32048,600,50
190.0078092391384,79.540363387976,5.3246831137395185,0.7541019039892383,eat_bio,6,33,33048,600,50
188.73660756457622,79.12859324439475,3.9520795737396264,0.7168662978374989,eat_bio,6,34,34048,600,50
189.85825359779457,79.4277523171437,4.791662298637955,0.723617364819711,eat_bio,6,35,35048,600,50
190.9382315604823,79.8336624588841,5.05826507266701,0.7050451604947585,eat_bio,6,36,36048,600,50
190.31987450403244,79.72107996039205,4.944491748517514,0.7371866352078502,eat_bio,6,37,37048,600,50
188.194212969129,78.24315875066092,4.188774550183198,0.7415673996620575,eat_bio,6,38,38048,600,50
187.97012959047277,78.46253222826748,5.192031712238191,0.7301121493655955,eat_bio,6,39,39048,600,50
190.64000805490375,79.92587039881334,4.986941066419962,0.7699012063853443,eat_bio,6,40,40048,600,50
188.16214340367517,78.88751290447061,3.979660117284546,0.7223875485940734,eat_bio,6,41,41048,600,50
187.0554917999605,78.08750075362623,3.94723893886722,0.7332191425492469,eat_bio,6,42,42048,600,50
189.38493963163768,79.32852096110788,4.648024443630134,0.7343400086144876,eat_bio,6,43,43048,600,50
189.19521028690707,79.3178365979553,4.265438943608707,0.7667881771742252,eat_bio,6,44,44048,600,50
188.84380873329877,79.22704466282458,4.568006696652102,0.7647818278164571,eat_bio,6,45,45048,600,50
189.34824968048858,79.19479019666079,4.87424493936173,0.7465291102717818,eat_bio,6,46,46048,600,50
189.16752769088734,79.25246883870989,5.384645670242932,0.7721812574327327,eat_bio,6,47,47048,600,50
185.77285096082372,77.25914259428518,3.9331223751762954,0.725301167678033,eat_bio,6,48,48048,600,50
188.12760422898415,78.82540934908666,3.863653886238029,0.733302274968034,eat_bio,6,49,49048,600,50
196.53853541867448,78.78742889328429,4.3114109351984915,0.7413356455974536,eat_bio,7,0,49,600,50
197.5973046438673,79.02086943135342,5.606791930673144,0.7684391755737154,eat_bio,7,1,1049,600,50
196.1581018402803,78.4120951764414,4.6386679409859655,0.702480016004065,eat_bio,7,2,2049,600,50
197.22777850398995,79.07267476646207,4.675622700020188,0.74602799981554,eat_bio,7,3,3049,600,50
198.09510086899834,79.54972422274815,4.849420735451957,0.7413219676945018,eat_bio,7,4,4049,600,50
197.53578522596132,79.16218500625928,4.293565044929848,0.7189907157541254,eat_bio,7,5,5049,600,50
197.35659799425798,79.48180506423105,4.249989339577446,0.7474798867155027,eat_bio,7,6,6049,600,50
196.37380242961885,78.81997409855506,4.121916900689252,0.7294479288437158,eat_bio,7,7,7049,600,50
196.9636275838481,79.0899597350487,4.4248283397416905,0.7270093187098745,eat_bio,7,8,8049,600,50
195.34912220001223,78.6478824373061,3.86496861629207,0.7363965213885492,eat_bio,7,9,9049,600,50
196.54152781121735,78.51209157720352,3.728502763477325,0.7660358601045568,eat_bio,7,10,10049,600,50
198.0105672850921,79.88665550172351,4.318992027880261,0.7283641499817366,eat_bio,7,11,11049,600,50
196.4924888210832,78.50145513429509,4.711753175303879,0.7461601322027416,eat_bio,7,12,12049,600,50
197.12802684363862,79.03442266390338,4.39142007609184,0.7273266797959632,eat_bio,7,13,13049,600,50
197.6366120693058,79.05742948367818,4.631855197234846,0.7511499470631422,eat_bio,7,14,14049,600,50
198.94634696025312,79.97467670780435,4.137565384793677,0.7111892695690603,eat_bio,7,15,15049,600,50
196.8551123204967,79.00167253454417,4.252580687934777,0.7443374508158525,eat_bio,7,16,16049,600,50
196.0919269691328,78.59812395155309,4.210998548472651,0.7303162725278605,eat_bio,7,17,17049,600,50
198.671774453394,79.82939456688882,4.52736979827294,0.7893506394485781,eat_bio,7,18,18049,600,50
197.31701758220643,79.1047887511656,5.441148542395199,0.7554792250244908,eat_bio,7,19,19049,600,50
197.09361708305676,78.77424488758207,3.8399287395550936,0.7410942528180825,eat_bio,7,20,20049,600,50
196.4774906971368,78.51970371759657,3.979958004878473,0.7431935336579297,eat_bio,7,21,21049,600,50
196.96908594917863,79.26109262064918,4.0146165841671415,0.723609458080259,eat_bio,7,22,22049,600,50
199.50024347719747,79.9120841245822,5.225722247299095,0.7375461361008127,eat_bio,7,23,23049,600,50
197.33200664838134,79.3268918061003,4.033994457310166,0.756205791667394,eat_bio,7,24,24049,600,50
196.81097857916907,79.01179904707018,3.985953637445969,0.7696814219335832,eat_bio,7,25,25049,600,50
197.3855113540664,79.34396518876684,3.562611709078106,0.7455832803370044,eat_bio,7,26,26049,600,50
197.73553641092286,78.9896325510848,5.584135406842864,0.7474556053431375,eat_bio,7,27,27049,600,50
197.25432903559636,79.48564076894567,4.626453406486347,0.7537085075477976,eat_bio,7,28,28049,600,50
195.48277328513768,78.28055599219574,4.601376522209582,0.7649010523944925,eat_bio,7,29,29049,600,50
197.78858517656184,79.33977171162924,4.347078953077603,0.7321091252852837,eat_bio,7,30,30049,600,50
195.04837712870818,78.21604377053042,3.8669551989322435,0.728317540569082,eat_bio,7,31,31049,600,50
197.052094122599,78.7786370173732,4.360200481855181,0.7435237711824355,eat_bio,7,32,32049,600,50
195.69052840839743,78.23947499786729,4.266472622620465,0.7439701526187317,eat_bio,7,33,33049,600,50
194.66813368815983,78.41547337081563,4.135467041837071,0.7378421790434904,eat_bio,7,34,34049,600,50
197.44065404006724,79.06153925765726,4.9281054141917355,0.7460648480316073,eat_bio,7,35,35049,600,50
197.03330730168068,79.42243388416642,3.9674114752982623,0.7254173905189868,eat_bio,7,36,36049,600,50
193.91303777736536,77.2401312886814,4.49753722647647,0.7558512774525352,eat_bio,7,37,37049,600,50
197.8720808075113,79.49130074631088,3.9304955125641055,0.7100399680494214,eat_bio,7,38,38049,600,50
197.43807834062795,78.94173371086185,5.2649697209915995,0.7416050269540186,eat_bio,7,39,39049,600,50
196.0864838695267,78.750350760034,3.839464196534722,0.7354497802646874,eat_bio,7,40,40049,600,50
198.49291175805607,79.88221845784983,4.523349798515113,0.7625703693931768,eat_bio,7,41,41049,600,50
196.12381004333008,78.64807059912849,3.8374999411850914,0.7295292834414346,eat_bio,7,42,42049,600,50
194.56910158868578,77.9210627044261,4.819499700921686,0.7555926298809864,eat_bio,7,43,43049,600,50
199.25011581363057,80.46121612272945,4.575361078730319,0.7374764693731581,eat_bio,7,44,44049,600,50
197.48869209272777,79.58874498636195,4.890334146899765,0.7150457547438778,eat_bio,7,45,45049,600,50
197.16894782535778,79.32028327583102,4.322548449205355,0.7449489177475777,eat_bio,7,46,46049,600,50
196.2785957906144,78.08547739921568,4.7906624687247445,0.7435445769266553,eat_bio,7,47,47049,600,50
196.3091351329632,78.48428147163399,4.531138690778061,0.7110377976984212,eat_bio,7,48,48049,600,50
199.69609935818738,80.30855349498447,4.533965594003504,0.7287869796797314,eat_bio,7,49,49049,600,50
160.95505524278346,63.703252602577265,4.007545661232303,0.7431791872343073,eat_bio,8,0,50,600,50
160.0710225567964,63.29560157128816,4.604342543368508,0.7581091549539518,eat_bio,8,1,1050,600,50
159.32579242262142,63.16471391845258,4.10628337776427,0.7719949545784266,eat_bio,8,2,2050,600,50
160.64335015652134,63.773506905436534,4.832023736009777,0.7565841594678472,eat_bio,8,3,3050,600,50
161.52654670228767,63.793206139360194,5.059730005050091,0.772446039795203,eat_bio,8,4,4050,600,50
160.4574869107406,63.86884924090531,4.695786815556939,0.7453520336795949,eat_bio,8,5,5050,600,50
161.79912325984012,64.04778045256772,4.269836166631819,0.7848160454722519,eat_bio,8,6,6050,600,50
159.71331270926058,63.40650232841522,4.727693950264586,0.7182886283199176,eat_bio,8,7,7050,600,50
160.46895950986598,63.50592532447218,4.638995176435645,0.770485778714875,eat_bio,8,8,8050,600,50
160.7423274277121,63.72662120503492,4.424462456227348,0.7266036722342168,eat_bio,8,9,9050,600,50
162.09919118073404,64.27587130727206,4.300639313104786,0.7495839170076353,eat_bio,8,10,10050,600,50
159.08310573593118,62.743924303095746,4.22927521077208,0.7525221479182436,eat_bio,8,11,11050,600,50
159.46552728495777,63.3843576330032,4.414198410143899,0.7345015818660257,eat_bio,8,12,12050,600,50
159.7733489871229,63.56123415513261,3.8037309572239786,0.7060543751211819,eat_bio,8,13,13050,600,50
161.2531489230322,63.83485601937714,4.187578307149344,0.7507132295739055,eat_bio,8,14,14050,600,50
161.12523841133356,63.631948703509906,3.689234352174585,0.7776370096241291,eat_bio,8,15,15050,600,50
160.96021115045642,63.99155394818417,4.036164957544824,0.7469298491134994,eat_bio,8,16,16050,600,50
159.57759314782567,63.1902694465102,3.427180186562319,0.7661391521134847,eat_bio,8,17,17050,600,50
160.46875916208768,63.85489688683952,4.16896334507349,0.6973370088988367,eat_bio,8,18,18050,600,50
158.11360420016524,62.36819658816355,3.7518556840242647,0.7510296877190585,eat_bio,8,19,19050,600,50
159.28581794733958,62.92902928658197,4.865539293862568,0.7313502402315656,eat_bio,8,20,20050,600,50
159.00437335946128,62.6878010029927,4.595693825990773,0.7676165778718465,eat_bio,8,21,21050,600,50
160.09921399282092,63.37666544982084,3.7501828745062755,0.7882848863031356,eat_bio,8,22,22050,600,50
159.7842585330004,63.51110942839274,3.8015330262179123,0.7340718506197471,eat_bio,8,23,23050,600,50
158.60342741379745,62.86821889141088,4.425824444182389,0.6936352698386463,eat_bio,8,24,24050,600,50
160.36452437951547,63.33716041925709,4.256714678400293,0.7640213444144222,eat_bio,8,25,25050,600,50
159.28159320040083,62.93258329505812,3.3753518507006954,0.7548669277447255,eat_bio,8,26,26050,600,50
161.81912440545509,64.07375334796711,3.8275078682531225,0.7784865311203262,eat_bio,8,27,27050,600,50
160.93954313737052,63.884981620243906,4.485632606162743,0.7778243006851694,eat_bio,8,28,28050,600,50
159.25487782657353,63.00492446812592,3.9966993437885976,0.7339029845565541,eat_bio,8,29,29050,600,50
160.11103134763331,63.571363803358736,4.035484600307977,0.7499118922039679,eat_bio,8,30,30050,600,50
158.97862379194268,62.81620374582244,4.5090148057640125,0.7483602890791855,eat_bio,8,31,31050,600,50
160.22933905107377,63.472913825035995,3.497177294308141,0.7498449741601074,eat_bio,8,32,32050,600,50
161.34631393975724,63.84920280078405,3.9943042478930195,0.733623292947758,eat_bio,8,33,33050,600,50
161.32358315292043,64.02419528058617,4.4933335731114585,0.7635401489636947,eat_bio,8,34,34050,600,50
159.99521881625998,63.47494223710399,3.9261637347350806,0.7671449867922493,eat_bio,8,35,35050,600,50
161.94250008057776,64.26284166769801,5.121057942184433,0.7020345877171298,eat_bio,8,36,36050,600,50
161.0462446781365,63.77913405043534,4.504853566187145,0.7455963233834222,eat_bio,8,37,37050,600,50
161.47288509400107,64.06601774379406,5.253956268259927,0.7304293448819478,eat_bio,8,38,38050,600,50
159.01187136074765,63.01239534601345,4.040717856359393,0.7608723874471905,eat_bio,8,39,39050,600,50
160.23560128307196,63.472792886035165,4.317512687757778,0.7707790823875167,eat_bio,8,40,40050,600,50
160.63621687998935,63.60696018523012,3.8529746131847227,0.7458544966725189,eat_bio,8,41,41050,600,50
160.82794406337698,63.50625305768041,4.49584395204482,0.757011800529705,eat_bio,8,42,42050,600,50
159.7783348050763,62.99424167265574,3.2467545221892102,0.760208035205406,eat_bio,8,43,43050,600,50
161.2654571143227,64.01845261218833,4.936077367341421,0.7447195498208408,eat_bio,8,44,44050,600,50
160.4538382731872,63.60412939433271,4.283177556760359,0.7461695023763973,eat_bio,8,45,45050,600,50
159.45534335385457,63.17116381270026,4.748580661110233,0.7557243020390241,eat_bio,8,46,46050,600,50
159.67157124321767,62.9779166954031,3.9451485539096613,0.7599104078620718,eat_bio,8,47,47050,600,50
156.9898812215441,62.18946301720413,4.312027923392607,0.7170366079803957,eat_bio,8,48,48050,600,50
160.07456462081416,63.288502371519584,4.042939969609834,0.7745099809476519,eat_bio,8,49,49050,600,50
156.467430037108,65.0215682656124,4.505214454927077,0.8051503460629847,eat_bio,9,0,51,600,50
155.82480011584613,65.10026504390356,4.673500037466401,0.7993608906301396,eat_bio,9,1,1051,600,50
154.34508614602953,64.41961129906416,3.605576367943456,0.7615217271658148,eat_bio,9,2,2051,600,50
156.7140063712474,65.30065604431806,3.9553597243002505,0.8054230358734061,eat_bio,9,3,3051,600,50
153.87602047412622,63.960306852174206,3.8541035695141375,0.7982273491446702,eat_bio,9,4,4051,600,50
158.6036708984782,66.22153354936002,5.021899094959588,0.7647942200431289,eat_bio,9,5,5051,600,50
156.79789944215923,65.21681947104133,4.278984173387912,0.7984118086162492,eat_bio,9,6,6051,600,50
156.985780065525,65.71500986837657,4.398464784853029,0.7726796640993762,eat_bio,9,7,7051,600,50
159.11775216255987,66.58469539382149,4.712266047063207,0.8067980582166643,eat_bio,9,8,8051,600,50
155.81623460375522,64.88688815569526,3.7226864913297693,0.8018547769760624,eat_bio,9,9,9051,600,50
157.19542527793007,65.51220226947741,4.001026945393207,0.7675035177160694,eat_bio,9,10,10051,600,50
156.68664572779662,65.54008812068115,4.167727464128076,0.7498434652250894,eat_bio,9,11,11051,600,50
156.91714880692257,65.49377345703832,4.349383819448754,0.7713936228082634,eat_bio,9,12,12051,600,50
156.3402961470582,65.28352519896137,4.097378215813701,0.7544985059156579,eat_bio,9,13,13051,600,50
156.35646588076628,65.12370791454062,3.759836410404438,0.7698573006777495,eat_bio,9,14,14051,600,50
156.56249405637587,65.33021227576616,4.410833177910571,0.7983661889597267,eat_bio,9,15,15051,600,50
158.5120356401194,66.36502826052961,3.9576748272996705,0.8073964969361196,eat_bio,9,16,16051,600,50
155.1026669352107,64.23012067405969,3.9804815848985027,0.7971947934924233,eat_bio,9,17,17051,600,50
159.56268286385423,66.73446493649399,4.4106554599831185,0.8024569566379508,eat_bio,9,18,18051,600,50
157.6587451234019,65.8223196480236,3.55267388542529,0.7917397749386405,eat_bio,9,19,19051,600,50
157.86522008834297,65.99899861816714,4.130753155497729,0.7991103893275782,eat_bio,9,20,20051,600,50
156.19424655714823,65.39227404011294,4.015832033167636,0.7956147646015822,eat_bio,9,21,21051,600,50
158.7120524447934,66.29609736403118,4.521552868255606,0.7746984670623449,eat_bio,9,22,22051,600,50
157.83077111304053,65.96669026005664,3.923056789570642,0.7880682186216831,eat_bio,9,23,23051,600,50
156.76622063052605,65.3006261010449,3.5425583650345778,0.7805146844522645,eat_bio,9,24,24051,600,50
156.53824721389225,65.30635619163907,4.535578317403719,0.7992811181254816,eat_bio,9,25,25051,600,50
157.30649391917862,65.67924813939597,3.9780271274598733,0.7785433288587431,eat_bio,9,26,26051,600,50
155.73364885767003,64.74111414544463,4.114354924554124,0.7598883338196915,eat_bio,9,27,27051,600,50
156.84517163474052,65.51274507824085,3.9820891755003767,0.7732195074711644,eat_bio,9,28,28051,600,50
155.05425572335935,64.40695848086165,3.7395411929073954,0.7996003764012992,eat_bio,9,29,29051,600,50
158.15170314005027,66.05262616230358,4.463630394626654,0.8095913736060372,eat_bio,9,30,30051,600,50
157.36699946865957,65.7039674909014,4.47445927209893,0.8047217176208579,eat_bio,9,31,31051,600,50
157.34541031664273,65.99000317478547,4.332557037984664,0.7614385398414559,eat_bio,9,32,32051,600,50
155.53647277900566,64.68592116503925,3.5544566736909085,0.8197906484491208,eat_bio,9,33,33051,600,50
156.36355810622732,65.23097911465715,4.515235864632699,0.7879444759745864,eat_bio,9,34,34051,600,50
158.0827190680036,66.15070531654384,5.17113172126204,0.788268187503913,eat_bio,9,35,35051,600,50
158.35396950091675,66.38333081749659,3.9223394652828936,0.773046912977431,eat_bio,9,36,36051,600,50
155.70866738608782,64.82111525754073,4.415394524045978,0.8030208297518125,eat_bio,9,37,37051,600,50
154.36343358706523,64.30099455437191,3.368706092766684,0.8088685336215666,eat_bio,9,38,38051,600,50
157.11906945539963,65.64044286601293,3.871487941043955,0.7875112648697333,eat_bio,9,39,39051,600,50
157.37942566477992,65.4445426305774,4.420561811751138,0.7767102279700342,eat_bio,9,40,40051,600,50
155.91053708322494,65.20065353328842,3.4888655520004836,0.7924012909115465,eat_bio,9,41,41051,600,50
154.5469589312571,64.51096302206248,4.291176561788318,0.7730815790668722,eat_bio,9,42,42051,600,50
156.07197314826712,65.04799419898755,4.014525373598804,0.7623683697014079,eat_bio,9,43,43051,600,50
156.6024980235764,65.13810493428564,3.9167022295612903,0.7968201111633106,eat_bio,9,44,44051,600,50
156.50577143892082,64.8801632620225,3.3956793114940855,0.7971304296154036,eat_bio,9,45,45051,600,50
157.66608950485508,65.52517915315022,3.9226517193018036,0.7883956441262703,eat_bio,9,46,46051,600,50
156.29707662739494,64.82181641486085,3.884016416553601,0.8061540711829158,eat_bio,9,47,47051,600,50
154.451999724955,64.24971219006706,3.6096757015213874,0.7804709856004524,eat_bio,9,48,48051,600,50
154.5433678293502,64.4314560512801,3.205457671255975,0.7824472996799556,eat_bio,9,49,49051,600,50
164.72709289960255,65.56891190954607,4.52951182905426,0.8410905326792175,eat_bio,10,0,52,600,50
165.2481888533562,65.51203162390465,4.451080618034114,0.8038090600695081,eat_bio,10,1,1052,600,50
161.36849846473726,63.80332485009834,3.798731621663539,0.8180656957378215,eat_bio,10,2,2052,600,50
163.01841114558727,65.0235050642623,4.199667177542082,0.8139254642130378,eat_bio,10,3,3052,600,50
161.71510719671514,63.74332633056238,4.093649220338576,0.802701657251324,eat_bio,10,4,4052,600,50
162.51169431064494,64.6090187544116,3.34776780158956,0.7943837598944413,eat_bio,10,5,5052,600,50
165.2674806158643,65.89139999291973,4.1489707007747985,0.8058301040810546,eat_bio,10,6,6052,600,50
163.47644491442495,65.18703993022969,4.387197085491779,0.7660117846850127,eat_bio,10,7,7052,600,50
160.3475755455707,63.60742983723696,3.3985444464791743,0.8192939777557614,eat_bio,10,8,8052,600,50
163.44911279304574,65.08184008786911,4.384906907463648,0.8371292705796906,eat_bio,10,9,9052,600,50
160.4380791735519,63.870812651478644,4.184734598392704,0.7914382788755714,eat_bio,10,10,10052,600,50
159.67740134630134,62.90364896904002,3.854354987027931,0.7852237518146737,eat_bio,10,11,11052,600,50
164.24144517142489,65.16112006001445,4.122554860279892,0.7818568135555244,eat_bio,10,12,12052,600,50
164.92296066743563,65.52975188987418,4.180572117802383,0.7627718226294695,eat_bio,10,13,13052,600,50
164.44547225931944,65.68992567877763,4.603376303921205,0.791876349893828,eat_bio,10,14,14052,600,50
165.0111293430957,66.2227788864228,4.386546351814516,0.7974160198523947,eat_bio,10,15,15052,600,50
163.10169360853735,64.89073106978033,3.74280794506845,0.7929741872340367,eat_bio,10,16,16052,600,50
163.09985599647578,65.24748516063136,3.983512502238481,0.7977373922910937,eat_bio,10,17,17052,600,50
164.55013356713104,65.79895580367794,4.953151696115685,0.7891159362695984,eat_bio,10,18,18052,600,50
162.54671133188776,64.56339246177491,3.764314455668625,0.7910153242178378,eat_bio,10,19,19052,600,50
162.7356164138141,64.66993415331152,3.9854145671919365,0.8479965477152458,eat_bio,10,20,20052,600,50
163.74520966194004,64.79053115094915,4.326425905219616,0.8058423192338108,eat_bio,10,21,21052,600,50
162.87058209660947,64.59097659489483,3.9873984659836554,0.8250526403213583,eat_bio,10,22,22052,600,50
163.2223453814904,64.72699742592694,3.803741659817668,0.7851997535302871,eat_bio,10,23,23052,600,50
163.07764356546883,65.14455215735529,4.114272309183779,0.8043489296276011,eat_bio,10,24,24052,600,50
166.77240036803855,66.89595431669008,3.808032551330267,0.8240915652941856,eat_bio,10,25,25052,600,50
164.64917761633725,65.86639248462582,4.141734172747069,0.8388941824883682,eat_bio,10,26,26052,600,50
162.1736246614178,64.20169917028247,3.7724743385985606,0.8326377222597057,eat_bio,10,27,27052,600,50
161.24581059902505,63.81734875643408,4.189281701639399,0.7745544903703743,eat_bio,10,28,28052,600,50
164.11036560038076,65.39711919959497,4.163892318362218,0.7967742244106271,eat_bio,10,29,29052,600,50
164.66632069104452,65.5315540523664,4.540666467008207,0.8151011639564949,eat_bio,10,30,30052,600,50
164.05492319934123,65.34102719360911,3.8861860818929728,0.8185717604113544,eat_bio,10,31,31052,600,50
163.854109015201,65.43595877101588,4.238103241240944,0.7968260621200491,eat_bio,10,32,32052,600,50
162.15353121267265,64.45378211038923,4.023002952807931,0.8206768030514,eat_bio,10,33,33052,600,50
164.66482052134486,65.63707435981092,4.500277322919699,0.779323232559648,eat_bio,10,34,34052,600,50
160.83932873356807,63.65474172765058,3.6618330131470764,0.7968598047620121,eat_bio,10,35,35052,600,50
165.58116195108113,66.32611669565894,4.279349772117974,0.827795372895331,eat_bio,10,36,36052,600,50
164.40859126309013,65.31846753042977,3.8422152911046825,0.835522530806581,eat_bio,10,37,37052,600,50
162.8984288680005,64.57616270337095,3.7109975935209167,0.8173506564972269,eat_bio,10,38,38052,600,50
159.91712816055025,63.368395769987195,3.7796736305617125,0.7951409267020587,eat_bio,10,39,39052,600,50
162.47397069007602,64.75748210369498,4.203799856594639,0.7999504382743022,eat_bio,10,40,40052,600,50
163.54047393394544,65.09975690502816,3.735169212929697,0.7911778436128918,eat_bio,10,41,41052,600,50
158.38412867616123,62.68881621840366,3.8904305299064488,0.7996235404744947,eat_bio,10,42,42052,600,50
164.45741942060624,65.31451518896135,3.9051127747514465,0.7941604241964666,eat_bio,10,43,43052,600,50
163.20567575297937,64.84411937306683,3.809503198173922,0.8169176328593724,eat_bio,10,44,44052,600,50
160.05947819919325,63.08050291180177,3.9425330894865165,0.7974849619985792,eat_bio,10,45,45052,600,50
163.8630480849721,65.62205885681871,4.7021168215826545,0.8137080739338526,eat_bio,10,46,46052,600,50
164.9758675676777,65.73259905809165,4.471222164939168,0.7560494755562697,eat_bio,10,47,47052,600,50
161.51832764124615,64.24148363625733,3.9553098882089666,0.8045633241054972,eat_bio,10,48,48052,600,50
165.51846796706613,66.49412025328246,4.802622606330008,0.7909694025813301,eat_bio,10,49,49052,600,50
179.25809903594845,61.82626926730348,4.316424255341481,0.7779775586554194,eat_bio,11,0,53,600,50
179.76929608632872,61.98397626574804,4.448623556284147,0.7927048138561206,eat_bio,11,1,1053,600,50
179.97866573943676,62.05142582013533,4.695026636356502,0.761217034048232,eat_bio,11,2,2053,600,50
177.59869827075417,60.93192852959988,4.490182273614782,0.8050739443011524,eat_bio,11,3,3053,600,50
179.2614824214144,61.73207163865528,4.987151901911501,0.8090724452020703,eat_bio,11,4,4053,600,50
178.0034181790972,61.13374077244785,3.8580381654947233,0.7712243131506739,eat_bio,11,5,5053,600,50
178.0709009595183,61.35120504809345,4.437894594528672,0.7688096507304681,eat_bio,11,6,6053,600,50
174.23142753394524,59.87261062958566,3.214871797623415,0.7776247202296419,eat_bio,11,7,7053,600,50
179.69173210272174,62.11269437198936,4.006140557622919,0.8354732806784924,eat_bio,11,8,8053,600,50
180.69641573206428,62.2097819163085,3.7504507385527504,0.7938606003007512,eat_bio,11,9,9053,600,50
179.12263695162503,61.37230802372669,3.914014552486844,0.7874746349144673,eat_bio,11,10,10053,600,50
175.798942733352,60.447387390070084,4.650754162882802,0.7820203156662855,eat_bio,11,11,11053,600,50
175.15270317381348,59.82097077712173,4.04395899903579,0.8119082412179546,eat_bio,11,12,12053,600,50
174.78555083187476,59.866056077645226,3.704470897901169,0.7694358198848441,eat_bio,11,13,13053,600,50
177.31666267321523,60.57034342542497,3.9490742869662387,0.7802871208246097,eat_bio,11,14,14053,600,50
178.0415630342514,61.303105080983016,4.253520163123313,0.774554761825914,eat_bio,11,15,15053,600,50
176.2162923740324,60.487360962987935,3.759744669397356,0.782580106321801,eat_bio,11,16,16053,600,50
177.19168527070724,60.820761249626294,4.3318835287945126,0.7690180119072438,eat_bio,11,17,17053,600,50
177.5048196292296,60.87620734909815,4.5757880979385055,0.7701189142944966,eat_bio,11,18,18053,600,50
180.92567435647277,62.03435939530292,4.096609209336258,0.7709967120319938,eat_bio,11,19,19053,600,50
177.56433729515663,61.36066427774717,4.262622562321897,0.7979988521993082,eat_bio,11,20,20053,600,50
177.67832894730768,60.65733911962908,4.161012907847073,0.7843360043431067,eat_bio,11,21,21053,600,50
177.74213824845924,61.043405444236946,4.194103789942106,0.796324891251837,eat_bio,11,22,22053,600,50
177.6242037616177,60.7985594028547,4.439586621898295,0.8130118091453598,eat_bio,11,23,23053,600,50
179.81092099618752,62.02455593494621,3.9981401168051898,0.7953157023232856,eat_bio,11,24,24053,600,50
178.58734597241167,61.10401555406813,4.289376988757332,0.8380990036959597,eat_bio,11,25,25053,600,50
179.13226743412304,61.34558898547471,4.562269800743841,0.8039921823805656,eat_bio,11,26,26053,600,50
175.99078806693763,60.377409593347764,3.8262755659470282,0.7971404407563175,eat_bio,11,27,27053,600,50
179.05994855130166,61.08035386118146,4.564253688481899,0.8307852628948227,eat_bio,11,28,28053,600,50
176.6784691985033,60.20857833731724,4.165618175287415,0.7847655928447715,eat_bio,11,29,29053,600,50
177.31440594416273,60.67625710502991,4.549791368997419,0.8242803319931236,eat_bio,11,30,30053,600,50
174.8181848240114,59.59673800361361,3.891392766034289,0.8353322480104006,eat_bio,11,31,31053,600,50
180.82440664543498,62.504859206169904,4.31871726575948,0.7892043687490345,eat_bio,11,32,32053,600,50
178.78347591803268,61.15194736713204,4.156930978384955,0.8252261023950573,eat_bio,11,33,33053,600,50
178.2490665194308,60.63679273497977,4.095308200824776,0.843380685856036,eat_bio,11,34,34053,600,50
179.81131389853007,61.818072873879,4.350591810285433,0.8246515398875667,eat_bio,11,35,35053,600,50
180.16103885245073,61.9665796723392,3.8168819432180503,0.8169453770839225,eat_bio,11,36,36053,600,50
177.14113700050189,60.918305269363415,4.482111592933504,0.7782285993659468,eat_bio,11,37,37053,600,50
179.11452337843187,61.337422288779976,4.699404327373751,0.7908655186092358,eat_bio,11,38,38053,600,50
176.61023960852546,60.26362455995267,3.863777224953667,0.8316271183086196,eat_bio,11,39,39053,600,50
176.4733986487935,60.95628679044991,4.933737668461972,0.7719759082467614,eat_bio,11,40,40053,600,50
176.68611164496724,60.382056571584236,3.8397577879969877,0.8034797678119177,eat_bio,11,41,41053,600,50
175.99684463404634,60.25217925538925,4.048166162894124,0.7747631046381318,eat_bio,11,42,42053,600,50
180.07942233511974,62.06545572698935,4.894941430383203,0.797421356467016,eat_bio,11,43,43053,600,50
177.5177712520771,60.76459008884905,3.9412102466545775,0.818136313406607,eat_bio,11,44,44053,600,50
178.5676710626156,61.105100621858355,4.2925046768866535,0.7763934154670575,eat_bio,11,45,45053,600,50
177.18946261418512,60.52417980560433,4.220522608505845,0.798895570850308,eat_bio,11,46,46053,600,50
179.02073016960438,61.74172512578197,5.122704164452418,0.8146497731403629,eat_bio,11,47,47053,600,50
178.54309566208437,61.458101250819624,3.6974116172525524,0.7855371093576113,eat_bio,11,48,48053,600,50
176.28696039876922,60.6206951813233,3.6014048342918854,0.8029425066578325,eat_bio,11,49,49053,600,50
178.42101028369575,32.38414881786536,5.0173579353300015,0.6650890356463233,eat_bio,12,0,54,600,50
173.92234646985816,30.74776326317315,4.236684345382004,0.7084760546254978,eat_bio,12,1,1054,600,50
176.5601299241941,31.40312622963756,4.347794694890604,0.7251708886622367,eat_bio,12,2,2054,600,50
176.82536501481735,31.824970414521104,5.057749820791073,0.6729807847123611,eat_bio,12,3,3054,600,50
178.65435458805945,31.916956756806865,4.510742310459749,0.6765296249540349,eat_bio,12,4,4054,600,50
176.24412981646387,31.477694599374654,5.320037077498987,0.6705996928700795,eat_bio,12,5,5054,600,50
180.3293567111828,31.919122515012305,4.38299939082919,0.677959107500091,eat_bio,12,6,6054,600,50
178.67342726293438,32.00510894663791,4.943534105137709,0.696083859609924,eat_bio,12,7,7054,600,50
178.7115176166255,32.082380437759376,5.483399213864899,0.672375511287606,eat_bio,12,8,8054,600,50
173.64652107846956,30.768235874808035,4.571720775687708,0.6996955921692539,eat_bio,12,9,9054,600,50
179.60568738235872,31.926017304514883,5.13820174737472,0.6963641327035262,eat_bio,12,10,10054,600,50
177.40872853750506,31.739485441118752,4.621519438994608,0.6946755230947818,eat_bio,12,11,11054,600,50
177.06413126569132,31.418311895521814,5.133895527595295,0.6689195997620492,eat_bio,12,12,12054,600,50
178.9667971661212,31.64581404735247,4.730956817391384,0.6700987457509402,eat_bio,12,13,13054,600,50
179.46414991441875,32.559249727423584,4.691841204602848,0.702562920881168,eat_bio,12,14,14054,600,50
177.53781658108096,31.691701230493138,4.506587871291995,0.6849780388013429,eat_bio,12,15,15054,600,50
178.00252739208054,31.46604602931866,4.132486706515035,0.6610739825518857,eat_bio,12,16,16054,600,50
182.19455104544173,32.67420231056684,4.917456513237953,0.6843386161017138,eat_bio,12,17,17054,600,50
176.97836791069003,31.46088567630496,4.155737943067976,0.6914508566589956,eat_bio,12,18,18054,600,50
178.39151415242802,31.702518981658113,5.0791816728514885,0.6894052902441055,eat_bio,12,19,19054,600,50
179.1741122947503,31.90985274529299,5.604921934427909,0.6828203746335874,eat_bio,12,20,20054,600,50
176.24388827658666,31.794930228846123,4.715022430589548,0.6826801219182607,eat_bio,12,21,21054,600,50
183.93470037657,33.155787494607104,4.746974932188971,0.6918979139401403,eat_bio,12,22,22054,600,50
174.996118945979,31.15371170545278,4.5954543783123025,0.6971026599213114,eat_bio,12,23,23054,600,50
181.66445478039756,32.66482874007495,4.328488384983115,0.6535810274185485,eat_bio,12,24,24054,600,50
178.80984760979274,32.33090670755344,4.3641176823122265,0.686593948208677,eat_bio,12,25,25054,600,50
183.1633016347997,33.1514562392036,5.01416154528069,0.6993242269643523,eat_bio,12,26,26054,600,50
180.14722121804425,31.7032309372108,4.139460731462435,0.716617889197874,eat_bio,12,27,27054,600,50
180.61213492424298,32.177993612604375,5.473263645372639,0.6750650236661004,eat_bio,12,28,28054,600,50
177.72061834697863,31.735639173095713,4.247251722028351,0.6836794225047281,eat_bio,12,29,29054,600,50
178.7210402910467,31.817146871265535,5.1401740545163435,0.6690496043053269,eat_bio,12,30,30054,600,50
178.0406081326397,31.971258087840766,3.8728607182530443,0.6695774927319988,eat_bio,12,31,31054,600,50
182.8435334895818,33.29601019363348,5.0753812301416,0.6868958879235935,eat_bio,12,32,32054,600,50
178.6127137836383,32.37895073199933,4.396155005994786,0.689414475720848,eat_bio,12,33,33054,600,50
174.8410816243489,31.140546193242447,4.070826145406079,0.6818307978893017,eat_bio,12,34,34054,600,50
180.65425843576722,32.829104460908,4.804904587832369,0.6766886391578063,eat_bio,12,35,35054,600,50
179.37223879884922,31.681896105940748,5.303748471208259,0.6717569305198354,eat_bio,12,36,36054,600,50
179.1538604180569,31.733753604392753,4.875828709961623,0.6649910775181918,eat_bio,12,37,37054,600,50
180.76247068740207,32.32872720731488,4.82537699296425,0.6579879155327635,eat_bio,12,38,38054,600,50
184.25830518327885,33.11162531619332,5.200213478078572,0.6970584597160273,eat_bio,12,39,39054,600,50
183.9426681117434,32.74087928749686,5.059116466910257,0.6678061054251062,eat_bio,12,40,40054,600,50
173.53186342555964,30.547216894453612,4.643607437209004,0.68400128551967,eat_bio,12,41,41054,600,50
177.79309688769132,32.29712841997042,4.5190901320156724,0.643736235194863,eat_bio,12,42,42054,600,50
180.97643503212907,32.752270066962666,4.694551223933964,0.6979672952837344,eat_bio,12,43,43054,600,50
179.61478612731068,32.41556548449614,3.9211179893483536,0.6501313267062778,eat_bio,12,44,44054,600,50
180.42080437088165,32.3974463658428,5.354830610604675,0.663235194594671,eat_bio,12,45,45054,600,50
180.76931317950337,32.42941780804052,5.0339878082248175,0.6868766017208227,eat_bio,12,46,46054,600,50
185.89893690252404,33.588413971820145,6.237799840271825,0.6700148867335953,eat_bio,12,47,47054,600,50
180.37575277996282,31.67600894096441,4.5292858595361265,0.6177694655948337,eat_bio,12,48,48054,600,50
181.66651785291157,32.74145509723467,4.916729685382036,0.6689352801062282,eat_bio,12,49,49054,600,50
43.6108120245556,19.525074724999858,4.199051587520405,0.7825742574231952,sl_eat_all_ssl_all,0,0,42,600,50
42.46882051808167,18.922211633334193,3.26176523788704,0.7519766588674616,sl_eat_all_ssl_all,0,1,1042,600,50
43.129788880310755,19.334210333369608,3.732896617423265,0.7386474401131256,sl_eat_all_ssl_all,0,2,2042,600,50
43.82895137906158,20.26193818849046,3.686438289195884,0.7596178597580557,sl_eat_all_ssl_all,0,3,3042,600,50
43.294734561158826,19.491027065693967,4.9923196570998405,0.7865538832860042,sl_eat_all_ssl_all,0,4,4042,600,50
43.70273200230303,19.78774701216343,4.824071682990231,0.7522923866855099,sl_eat_all_ssl_all,0,5,5042,600,50
43.20148885814235,19.194600688810056,3.964739811090387,0.7664927948118384,sl_eat_all_ssl_all,0,6,6042,600,50
43.41084939139212,19.54702017432544,3.9697701942647092,0.7670994861345556,sl_eat_all_ssl_all,0,7,7042,600,50
44.12312866169435,19.93320017445823,4.01547755651413,0.7609891849175737,sl_eat_all_ssl_all,0,8,8042,600,50
43.68220665583208,19.66364729432959,4.1970901534045915,0.7520522920878265,sl_eat_all_ssl_all,0,9,9042,600,50
44.16207168578867,20.41655558131185,4.698857443266298,0.7478066371915323,sl_eat_all_ssl_all,0,10,10042,600,50
43.51087682883519,19.84924579270601,4.1861474160040455,0.7834141464291571,sl_eat_all_ssl_all,0,11,11042,600,50
42.51818005233822,18.786785983164293,4.49589873156484,0.8026309274328295,sl_eat_all_ssl_all,0,12,12042,600,50
44.25970072967697,20.23160959632826,4.648900375612869,0.7686818823650551,sl_eat_all_ssl_all,0,13,13042,600,50
43.16076904936964,19.43490464647688,3.91053570747683,0.7542260743560357,sl_eat_all_ssl_all,0,14,14042,600,50
43.58850203962998,19.71182454155264,3.7797370978415477,0.7733642141371998,sl_eat_all_ssl_all,0,15,15042,600,50
43.26061445613557,19.504775183978015,4.154307127741214,0.7545949825681737,sl_eat_all_ssl_all,0,16,16042,600,50
43.04487431576847,19.432944323042964,3.7928032677394925,0.7609476311549405,sl_eat_all_ssl_all,0,17,17042,600,50
43.04799466747327,19.353469638640775,3.777066279660131,0.7554980261675122,sl_eat_all_ssl_all,0,18,18042,600,50
43.48932139656404,19.498011600156325,4.177102872757591,0.7616946556093727,sl_eat_all_ssl_all,0,19,19042,600,50
42.883531642282755,19.100113607643152,3.6222088512429655,0.7632819934974215,sl_eat_all_ssl_all,0,20,20042,600,50
43.463353887293295,19.720819669199333,4.214667624031235,0.7690713405761591,sl_eat_all_ssl_all,0,21,21042,600,50
43.93234825986902,20.060427610423666,4.719507378682819,0.7705410789465543,sl_eat_all_ssl_all,0,22,22042,600,50
43.29263713801465,19.288017766922678,4.335941123635786,0.7689463530431817,sl_eat_all_ssl_all,0,23,23042,600,50
45.09259352348928,21.03317782794908,4.565160390097489,0.7515005202788761,sl_eat_all_ssl_all,0,24,24042,600,50
43.83454885509567,19.80032818111126,5.021262903711928,0.7950825639938895,sl_eat_all_ssl_all,0,25,25042,600,50
42.91572674832534,18.981617388753904,3.464757237383011,0.7790722362038198,sl_eat_all_ssl_all,0,26,26042,600,50
42.72595195624993,19.0162395830428,3.9803085341801507,0.7796844797985973,sl_eat_all_ssl_all,0,27,27042,600,50
43.66325270730937,19.99790265904314,4.20759727875075,0.783701610043964,sl_eat_all_ssl_all,0,28,28042,600,50
42.80863627464105,18.91464788181818,4.475696872341048,0.7509582252489098,sl_eat_all_ssl_all,0,29,29042,600,50
42.85234508090593,18.782653504320834,3.7292499981023237,0.8159333200102313,sl_eat_all_ssl_all,0,30,30042,600,50
43.8614424061688,20.012074353541134,4.748190878927612,0.7483710205332113,sl_eat_all_ssl_all,0,31,31042,600,50
43.45240380309613,19.643402289254695,4.402095917997938,0.7723448239440285,sl_eat_all_ssl_all,0,32,32042,600,50
42.760920700660314,18.67247872004744,4.0748402049528725,0.7765425623201765,sl_eat_all_ssl_all,0,33,33042,600,50
42.82196838845918,19.0030423959795,4.368940604676046,0.7740306628956994,sl_eat_all_ssl_all,0,34,34042,600,50
43.17408514029428,19.349068936874325,4.678033028534171,0.7701412875052951,sl_eat_all_ssl_all,0,35,35042,600,50
43.69819505391965,19.61919276990992,4.272194561620108,0.7744774018386527,sl_eat_all_ssl_all,0,36,36042,600,50
43.49113199563094,19.51735896901492,3.9604505925487183,0.7672021974247574,sl_eat_all_ssl_all,0,37,37042,600,50
43.14598371115206,19.32966202133322,4.406487983317948,0.7403387563521466,sl_eat_all_ssl_all,0,38,38042,600,50
43.790345358805226,19.836803088849294,4.529535162205303,0.7565501738484499,sl_eat_all_ssl_all,0,39,39042,600,50
43.168020719758886,19.466909291309815,4.4175512178656495,0.7633757004337429,sl_eat_all_ssl_all,0,40,40042,600,50
43.232802748334116,19.161774106830254,3.5037029785048683,0.7839779692823193,sl_eat_all_ssl_all,0,41,41042,600,50
42.87672046446058,18.859661514714297,4.588231282497926,0.776390328902427,sl_eat_all_ssl_all,0,42,42042,600,50
43.05683302579281,19.14935234201118,4.567059571197369,0.7767666080809615,sl_eat_all_ssl_all,0,43,43042,600,50
43.74116036769748,19.703136298529824,4.470193925326207,0.7617638476663022,sl_eat_all_ssl_all,0,44,44042,600,50
43.767680353187544,19.960790514664605,4.911762204179646,0.7832555973248779,sl_eat_all_ssl_all,0,45,45042,600,50
43.35393944425489,19.61316747949526,3.795934573804802,0.7719992535710781,sl_eat_all_ssl_all,0,46,46042,600,50
44.083650625697636,20.272520036045854,4.214709632209293,0.748480512737603,sl_eat_all_ssl_all,0,47,47042,600,50
43.73587690277216,19.762688953145513,4.203557632571303,0.7576728651078461,sl_eat_all_ssl_all,0,48,48042,600,50
43.64936077188312,19.797110115959974,4.293297265701296,0.7512958630643738,sl_eat_all_ssl_all,0,49,49042,600,50
69.25748083692261,38.85311741907275,5.089673455268338,0.914194941523844,sl_eat_all_ssl_all,1,0,43,600,50
69.60874940043549,39.33355186583858,5.014471313171575,0.901437493748017,sl_eat_all_ssl_all,1,1,1043,600,50
69.52860649382461,39.27114815989607,4.881097875037511,0.8874998899359706,sl_eat_all_ssl_all,1,2,2043,600,50
69.5874239913512,39.07215968485729,4.032481681758005,0.8872496211965656,sl_eat_all_ssl_all,1,3,3043,600,50
69.38130866507306,39.17582116348287,4.679361835724577,0.8990146398672895,sl_eat_all_ssl_all,1,4,4043,600,50
69.43639151347864,39.050285228219686,5.068269838318953,0.904400778777976,sl_eat_all_ssl_all,1,5,5043,600,50
69.0569277973829,38.76676004485651,4.736591134382759,0.9024895579775857,sl_eat_all_ssl_all,1,6,6043,600,50
68.7151843549528,38.227546959125505,4.988423831548563,0.9218578724581119,sl_eat_all_ssl_all,1,7,7043,600,50
69.0099319179188,38.57230821042447,4.187060729491256,0.9179062755238716,sl_eat_all_ssl_all,1,8,8043,600,50
69.57463500929823,39.092543515923595,3.7769563686487064,0.8994565569484984,sl_eat_all_ssl_all,1,9,9043,600,50
69.25042686531455,39.20638984011085,3.6355766666503735,0.9041250775219432,sl_eat_all_ssl_all,1,10,10043,600,50
69.30383729985643,38.99924178078977,4.827754686539253,0.9019925645670848,sl_eat_all_ssl_all,1,11,11043,600,50
68.82855862176667,38.48936242597148,5.0325630846568465,0.897628067491629,sl_eat_all_ssl_all,1,12,12043,600,50
68.8227484970252,38.20828666146837,5.006718156136638,0.9126751902425152,sl_eat_all_ssl_all,1,13,13043,600,50
68.76749572242134,38.295658757996236,4.428249299995115,0.8453742983336795,sl_eat_all_ssl_all,1,14,14043,600,50
69.71450245735976,39.35145600813236,4.253406364258622,0.824405718407762,sl_eat_all_ssl_all,1,15,15043,600,50
69.67880608132525,39.25401530477715,4.8297313211948785,0.9011943494694015,sl_eat_all_ssl_all,1,16,16043,600,50
68.28517662051823,37.84716924995119,4.651915943773663,0.9121300444698649,sl_eat_all_ssl_all,1,17,17043,600,50
69.51715003683628,38.963889764442534,4.666295694638087,0.8971562006835452,sl_eat_all_ssl_all,1,18,18043,600,50
68.98255862497064,38.63160038794031,4.865067577166653,0.8899033018256635,sl_eat_all_ssl_all,1,19,19043,600,50
69.72664893771642,39.525535979509336,4.579208829625369,0.8923066443662899,sl_eat_all_ssl_all,1,20,20043,600,50
69.51385289650017,39.02438061192391,5.284739387009961,0.8587978446277621,sl_eat_all_ssl_all,1,21,21043,600,50
69.62818971479001,39.14209204251923,4.6196347088323115,0.9076658671178546,sl_eat_all_ssl_all,1,22,22043,600,50
69.68293891559215,39.281123262785464,3.7745913768836648,0.9148739006349536,sl_eat_all_ssl_all,1,23,23043,600,50
69.14509803350857,38.725791444192396,5.35258401786564,0.9035983768707381,sl_eat_all_ssl_all,1,24,24043,600,50
69.23727281396654,38.79045768438908,3.9074575463547863,0.9029299443737271,sl_eat_all_ssl_all,1,25,25043,600,50
69.17549999149506,38.60067951929477,4.429797293727906,0.8503210551657681,sl_eat_all_ssl_all,1,26,26043,600,50
69.49089438461074,39.01627024387981,4.371569061932482,0.8908378594534689,sl_eat_all_ssl_all,1,27,27043,600,50
68.85177069912588,38.28271272200118,5.157279062965598,0.9146858094153009,sl_eat_all_ssl_all,1,28,28043,600,50
68.90054793185841,38.89280866855031,5.281144184730082,0.9094815119153555,sl_eat_all_ssl_all,1,29,29043,600,50
69.89868396607581,39.479520009620224,4.143263275115422,0.9011435665452879,sl_eat_all_ssl_all,1,30,30043,600,50
68.43857295186974,37.98647083661729,3.9157146797532763,0.8882240052362352,sl_eat_all_ssl_all,1,31,31043,600,50
69.18115190406795,38.866290572825875,5.609641502616224,0.9085808964991602,sl_eat_all_ssl_all,1,32,32043,600,50
69.7227008059627,39.154743398710075,4.788779734101019,0.8683097496956957,sl_eat_all_ssl_all,1,33,33043,600,50
68.94753382133446,38.4444161191193,4.269441581225928,0.89788191026223,sl_eat_all_ssl_all,1,34,34043,600,50
69.17778074075696,38.92293167320366,5.128394383229197,0.9049470534976543,sl_eat_all_ssl_all,1,35,35043,600,50
69.50402137834136,39.216314983054026,5.345545556455848,0.9106740660627306,sl_eat_all_ssl_all,1,36,36043,600,50
69.26917935386722,38.76275938898601,4.591002041301487,0.8798351612822799,sl_eat_all_ssl_all,1,37,37043,600,50
68.97683321935493,38.63257887036448,5.5446402337477005,0.8967627773191744,sl_eat_all_ssl_all,1,38,38043,600,50
69.15054821270894,38.69911012232277,4.491098795681853,0.9089049372235138,sl_eat_all_ssl_all,1,39,39043,600,50
68.83623210580721,38.17370456394457,4.497124583247574,0.8755075801900292,sl_eat_all_ssl_all,1,40,40043,600,50
69.85186732791456,39.52556518921122,4.12708708374105,0.9054411021960143,sl_eat_all_ssl_all,1,41,41043,600,50
69.69249682223919,39.153743609109554,4.451705652716262,0.9218073654854297,sl_eat_all_ssl_all,1,42,42043,600,50
69.41848386116195,38.93970282398793,5.199791375431899,0.8974394029014279,sl_eat_all_ssl_all,1,43,43043,600,50
68.68644599409093,38.46497555568267,4.890414406163526,0.9137242656620621,sl_eat_all_ssl_all,1,44,44043,600,50
69.09092113309411,38.785380544713256,4.221957353282022,0.9085904813954381,sl_eat_all_ssl_all,1,45,45043,600,50
69.6477313790397,39.35957037064888,4.2125600305132,0.9046046173630444,sl_eat_all_ssl_all,1,46,46043,600,50
69.49284605179291,38.8951949541644,5.436629910411965,0.9156270631043337,sl_eat_all_ssl_all,1,47,47043,600,50
69.31628436857031,39.04282257682568,4.610486777830708,0.9007675821406302,sl_eat_all_ssl_all,1,48,48043,600,50
69.6109396713039,39.44579964420729,4.727006393410186,0.8910461082923063,sl_eat_all_ssl_all,1,49,49043,600,50
82.88378423515113,46.88414691644246,4.6193802211274235,0.799654217660619,sl_eat_all_ssl_all,2,0,44,600,50
83.44493051900425,47.52678449966634,5.111922741640621,0.8332967402469709,sl_eat_all_ssl_all,2,1,1044,600,50
83.30188144594659,47.37841482347375,4.811574776323595,0.7924991192733936,sl_eat_all_ssl_all,2,2,2044,600,50
83.10297640532481,47.157397329577336,5.206264392163131,0.8107970219600972,sl_eat_all_ssl_all,2,3,3044,600,50
83.55512706253205,47.59898641961299,5.42122557034006,0.8116471906673605,sl_eat_all_ssl_all,2,4,4044,600,50
83.21128872479864,47.33842522808969,5.4339754885465625,0.808152593677765,sl_eat_all_ssl_all,2,5,5044,600,50
84.08186270168616,48.00219630934562,5.17133566174647,0.7967848618407672,sl_eat_all_ssl_all,2,6,6044,600,50
84.31551684978511,48.25243020910146,5.069174039022062,0.7786915446068696,sl_eat_all_ssl_all,2,7,7044,600,50
83.30210916316346,47.616986238314475,5.309387847790988,0.8097308161085268,sl_eat_all_ssl_all,2,8,8044,600,50
82.9868232736877,46.99952786063911,4.504406573844729,0.8014660893100183,sl_eat_all_ssl_all,2,9,9044,600,50
83.76605965507093,47.868271090109296,5.278998150724417,0.826306641448862,sl_eat_all_ssl_all,2,10,10044,600,50
83.82660875542716,47.96038239401613,4.733196048018365,0.8037098800407569,sl_eat_all_ssl_all,2,11,11044,600,50
83.2515600110175,47.54839373015809,4.7075261172853144,0.8291618822643073,sl_eat_all_ssl_all,2,12,12044,600,50
83.32405327823753,47.28248215880956,5.2735191450558565,0.7872286187765674,sl_eat_all_ssl_all,2,13,13044,600,50
82.52545107094166,46.96304149400566,4.801390929201623,0.8060426461910151,sl_eat_all_ssl_all,2,14,14044,600,50
83.45525709726283,47.42141383785362,4.686407085672174,0.8221319041778722,sl_eat_all_ssl_all,2,15,15044,600,50
83.6331561812532,47.763988787010106,5.7367447755260335,0.8047154472517452,sl_eat_all_ssl_all,2,16,16044,600,50
83.2262387802507,47.365605556727445,4.159265373877467,0.8096381938459197,sl_eat_all_ssl_all,2,17,17044,600,50
83.61378520991785,47.7089683058104,4.506337062500783,0.827001228194408,sl_eat_all_ssl_all,2,18,18044,600,50
84.38050935556201,48.39201500191143,5.46517578664488,0.8231886831232259,sl_eat_all_ssl_all,2,19,19044,600,50
83.83191661758966,47.96788091527436,5.682913847754778,0.8063384171164716,sl_eat_all_ssl_all,2,20,20044,600,50
83.71876993284097,48.03818891426442,5.391500280675822,0.8026383391436136,sl_eat_all_ssl_all,2,21,21044,600,50
84.26928316791374,48.22271711532999,4.994720947217174,0.8112321740962061,sl_eat_all_ssl_all,2,22,22044,600,50
84.07333988449427,48.14654815889488,4.840502166973959,0.7908543465168298,sl_eat_all_ssl_all,2,23,23044,600,50
83.5224356078875,47.84109484411382,4.796534042070035,0.7780463557269796,sl_eat_all_ssl_all,2,24,24044,600,50
82.54451649432481,46.6790988669294,4.79759429078958,0.8034102394501487,sl_eat_all_ssl_all,2,25,25044,600,50
83.46328264365211,47.4309317042336,4.673979421428559,0.7861345779765412,sl_eat_all_ssl_all,2,26,26044,600,50
83.093292904544,47.42929282764507,5.482360410303252,0.8124348038533787,sl_eat_all_ssl_all,2,27,27044,600,50
83.51369817611632,47.79367958531615,4.644683879711595,0.7937997964475423,sl_eat_all_ssl_all,2,28,28044,600,50
83.42857388791597,47.81464845331566,5.513798884598315,0.8280515958733556,sl_eat_all_ssl_all,2,29,29044,600,50
83.4024559230106,47.65819192155299,4.656833613814791,0.8174290637948156,sl_eat_all_ssl_all,2,30,30044,600,50
82.70676522163419,46.74152591019352,4.791162365648253,0.8049120778005442,sl_eat_all_ssl_all,2,31,31044,600,50
83.56133440071325,47.52769986896707,4.415601062361218,0.7864155075494532,sl_eat_all_ssl_all,2,32,32044,600,50
82.61266248058806,47.10274586194446,4.506302777263779,0.7888860185842519,sl_eat_all_ssl_all,2,33,33044,600,50
83.5654504510937,47.64257166306974,4.754730243047563,0.8025147287555414,sl_eat_all_ssl_all,2,34,34044,600,50
83.57546892435143,47.68942816396615,5.217221274846602,0.7666136052272915,sl_eat_all_ssl_all,2,35,35044,600,50
82.87793160265932,47.388165820847,4.589457987783498,0.8356268306775545,sl_eat_all_ssl_all,2,36,36044,600,50
83.32424053783339,47.42162203442995,5.181933687555093,0.798485244910018,sl_eat_all_ssl_all,2,37,37044,600,50
82.97269016432669,47.12760455943799,5.4829884681133905,0.799083212123709,sl_eat_all_ssl_all,2,38,38044,600,50
83.40654036530816,47.46658587758011,4.362491630494443,0.7847393119821195,sl_eat_all_ssl_all,2,39,39044,600,50
83.35025789210023,47.64877925283619,4.864458263183459,0.8424287043357657,sl_eat_all_ssl_all,2,40,40044,600,50
83.41892357998455,47.40877722881958,5.458693190210129,0.7769066068697988,sl_eat_all_ssl_all,2,41,41044,600,50
83.14047325116026,47.300707563854075,4.838043387878666,0.8216107144949989,sl_eat_all_ssl_all,2,42,42044,600,50
83.21317103344248,47.34568346850344,4.562940185500505,0.8207431271241283,sl_eat_all_ssl_all,2,43,43044,600,50
83.62981140998941,47.90538045843961,4.353606815749221,0.8147773089955411,sl_eat_all_ssl_all,2,44,44044,600,50
83.96039207752024,47.84961844067465,4.904141790736552,0.7849370027889881,sl_eat_all_ssl_all,2,45,45044,600,50
84.15788374297301,48.16970680858239,5.338786422495901,0.7940549683473836,sl_eat_all_ssl_all,2,46,46044,600,50
83.82349032189997,47.88017650121167,5.1194645309240405,0.7853918781380201,sl_eat_all_ssl_all,2,47,47044,600,50
82.5588672626285,46.91593116650445,4.262855926045332,0.8156893212302052,sl_eat_all_ssl_all,2,48,48044,600,50
83.88172397777944,47.80209619884549,4.651495031349455,0.779450521927656,sl_eat_all_ssl_all,2,49,49044,600,50
105.57945425492521,59.6697670485847,4.4845811707291015,0.8140895673635404,sl_eat_all_ssl_all,3,0,45,600,50
107.10698904517538,61.17374636795974,4.9570575194890525,0.8171881107896347,sl_eat_all_ssl_all,3,1,1045,600,50
106.22692040572701,60.21567307603355,5.146055418149761,0.7820786527416629,sl_eat_all_ssl_all,3,2,2045,600,50
106.32338383954655,60.35154173654689,4.6105941240640185,0.8310773863960442,sl_eat_all_ssl_all,3,3,3045,600,50
105.43693863414327,59.66519305780923,5.052454043042632,0.8019384666646736,sl_eat_all_ssl_all,3,4,4045,600,50
106.7076800493303,60.97535568810889,5.4271800569622615,0.8034752838700836,sl_eat_all_ssl_all,3,5,5045,600,50
107.35620421325457,61.54488442798194,4.969255515045573,0.7906712145506687,sl_eat_all_ssl_all,3,6,6045,600,50
106.55356202357709,60.31889033980443,4.150222522154476,0.7944512328342284,sl_eat_all_ssl_all,3,7,7045,600,50
107.18142058791246,61.01088846791142,5.040796818261884,0.8338396242946627,sl_eat_all_ssl_all,3,8,8045,600,50
106.02645494163016,60.02779055094399,5.11151483329546,0.767599184958456,sl_eat_all_ssl_all,3,9,9045,600,50
107.38046059826189,61.50950743320974,6.4164255653626565,0.8128624996506485,sl_eat_all_ssl_all,3,10,10045,600,50
105.65336307962946,59.97504071332273,5.561590780100198,0.8119463677510522,sl_eat_all_ssl_all,3,11,11045,600,50
106.28248917416471,60.366958036277694,5.028652927931537,0.7789211924408139,sl_eat_all_ssl_all,3,12,12045,600,50
106.89907424118208,61.00988835948225,5.641736279087755,0.8175190676215708,sl_eat_all_ssl_all,3,13,13045,600,50
107.07943961546135,60.6814020598079,4.3508595339642175,0.7994656002771352,sl_eat_all_ssl_all,3,14,14045,600,50
105.88507310877493,59.80204575290366,4.964519037182017,0.7825978643837792,sl_eat_all_ssl_all,3,15,15045,600,50
105.99423247100994,59.897417161441155,4.173726750191649,0.8075540496396654,sl_eat_all_ssl_all,3,16,16045,600,50
105.6891128593055,59.528396795922006,4.265964561311326,0.7878193389166777,sl_eat_all_ssl_all,3,17,17045,600,50
106.12604014084644,60.193993606959125,4.659173547806948,0.7962326949371439,sl_eat_all_ssl_all,3,18,18045,600,50
106.81601437220505,60.91460241774976,5.586592945891612,0.789816255735418,sl_eat_all_ssl_all,3,19,19045,600,50
106.5207192256389,60.60343758536701,5.1882291985341,0.8075799492246929,sl_eat_all_ssl_all,3,20,20045,600,50
106.48225317853525,60.47587295311082,5.726109324733776,0.7963033231713083,sl_eat_all_ssl_all,3,21,21045,600,50
106.43547753810114,60.301294873855284,4.268206065717954,0.7728403094731309,sl_eat_all_ssl_all,3,22,22045,600,50
106.80139201661807,60.70508566439326,4.985394069017734,0.8084615441669328,sl_eat_all_ssl_all,3,23,23045,600,50
107.01574725870019,60.98363374211695,4.690108420817622,0.7839565112680316,sl_eat_all_ssl_all,3,24,24045,600,50
106.05540881870495,59.98077660372698,4.600548246712881,0.8022841474044615,sl_eat_all_ssl_all,3,25,25045,600,50
106.56153880575764,60.56191220099676,4.91190091223898,0.823491238539891,sl_eat_all_ssl_all,3,26,26045,600,50
106.33793427697601,60.441056016182195,5.14776116247374,0.7925537602534531,sl_eat_all_ssl_all,3,27,27045,600,50
106.10890611361745,59.98314601063566,4.557010911884683,0.8229650202670239,sl_eat_all_ssl_all,3,28,28045,600,50
106.66385086619975,60.69759841315234,5.360513232345968,0.7964979856606866,sl_eat_all_ssl_all,3,29,29045,600,50
106.32233591179198,60.104991869930736,5.5687446969525105,0.8135704654341664,sl_eat_all_ssl_all,3,30,30045,600,50
107.42757636329762,61.32277230600365,5.648441157722833,0.8101798355506883,sl_eat_all_ssl_all,3,31,31045,600,50
105.51979132848277,59.34189182602124,5.534531323285259,0.8329390227602934,sl_eat_all_ssl_all,3,32,32045,600,50
106.15253822907691,60.178345490702874,5.625027154360601,0.824041429781215,sl_eat_all_ssl_all,3,33,33045,600,50
107.22428029025559,61.15442123504814,4.217316922206362,0.811118801943955,sl_eat_all_ssl_all,3,34,34045,600,50
106.38566558959108,60.2943327398786,4.189625950839598,0.7766276301199335,sl_eat_all_ssl_all,3,35,35045,600,50
106.26000575213958,60.21791105659493,4.5898004588087,0.8331971714321231,sl_eat_all_ssl_all,3,36,36045,600,50
106.44535136147933,60.449538564647376,5.62329124510373,0.7672853592246904,sl_eat_all_ssl_all,3,37,37045,600,50
106.30570415678727,60.41958977515071,5.366270760181601,0.8222109584788067,sl_eat_all_ssl_all,3,38,38045,600,50
106.87375383410925,60.54196542810665,4.749873023001771,0.8066145115974083,sl_eat_all_ssl_all,3,39,39045,600,50
106.52980232181359,60.16170212064792,4.30908739131881,0.8126075924019466,sl_eat_all_ssl_all,3,40,40045,600,50
105.3122572688509,59.346236349346974,5.041455915987107,0.8233040760035302,sl_eat_all_ssl_all,3,41,41045,600,50
107.29633529042036,61.23636049040072,4.859456311236248,0.7808628870180824,sl_eat_all_ssl_all,3,42,42045,600,50
106.86705859272685,60.767303606367655,4.209604020877755,0.8340585725222727,sl_eat_all_ssl_all,3,43,43045,600,50
106.13600511037866,60.00204924544582,4.864146118156054,0.7984809782658626,sl_eat_all_ssl_all,3,44,44045,600,50
106.60223194630456,60.26254675874648,5.475348000345055,0.8212242883082682,sl_eat_all_ssl_all,3,45,45045,600,50
106.0620395005148,59.928710784656495,4.498982179197805,0.8110369189114429,sl_eat_all_ssl_all,3,46,46045,600,50
106.14353689046743,60.3828819669621,5.7927002438392385,0.8106276355827365,sl_eat_all_ssl_all,3,47,47045,600,50
107.80062972176212,61.690243044839484,5.437048854128098,0.7979833139841561,sl_eat_all_ssl_all,3,48,48045,600,50
106.33167011165793,60.280006647091234,4.873419534668159,0.8167027423962108,sl_eat_all_ssl_all,3,49,49045,600,50
134.0360243931399,68.36680893071474,5.8834058119529855,0.782248672178205,sl_eat_all_ssl_all,4,0,46,600,50
134.07540282691727,68.2223352269506,6.068409296910255,0.8201486886894729,sl_eat_all_ssl_all,4,1,1046,600,50
134.28568186409552,68.27994912965912,5.540863200278924,0.8024632709578915,sl_eat_all_ssl_all,4,2,2046,600,50
133.80507407633303,67.93143401611303,5.664441507755535,0.8039822999897271,sl_eat_all_ssl_all,4,3,3046,600,50
131.8343091127048,65.92325791988077,4.445492140846623,0.7759084931917851,sl_eat_all_ssl_all,4,4,4046,600,50
133.74279840559018,67.8156570279899,4.889354141404948,0.8511569715513337,sl_eat_all_ssl_all,4,5,5046,600,50
133.05458373749786,66.97232047476832,5.363451653342172,0.7837237611682403,sl_eat_all_ssl_all,4,6,6046,600,50
132.9657297151379,67.48091490658572,5.568626639726997,0.8082439755514349,sl_eat_all_ssl_all,4,7,7046,600,50
135.0006096049146,68.6539477082833,5.387687596221415,0.8031928981015664,sl_eat_all_ssl_all,4,8,8046,600,50
133.65489817837334,67.46882664079192,5.059682966573853,0.780315791325599,sl_eat_all_ssl_all,4,9,9046,600,50
133.97699523329356,67.90010178700165,5.079525375157611,0.7804319052347701,sl_eat_all_ssl_all,4,10,10046,600,50
134.44367866041958,68.89055382784802,5.779092241813129,0.8054522793921521,sl_eat_all_ssl_all,4,11,11046,600,50
134.74434823376248,68.60658804249061,4.98899735771224,0.7931322675618788,sl_eat_all_ssl_all,4,12,12046,600,50
134.60440456086837,68.73873496280477,5.234681217732059,0.7780429272356124,sl_eat_all_ssl_all,4,13,13046,600,50
133.98214026308312,68.33949375678543,4.952694494115171,0.7778473122465799,sl_eat_all_ssl_all,4,14,14046,600,50
134.34366587611797,68.41430081895926,4.683415403237433,0.8117566711741796,sl_eat_all_ssl_all,4,15,15046,600,50
134.06677293437176,68.06268766441055,5.170146962939842,0.8031758182865125,sl_eat_all_ssl_all,4,16,16046,600,50
132.2029219923551,66.95468647509405,5.551169480505556,0.7775996544368937,sl_eat_all_ssl_all,4,17,17046,600,50
132.24458753073262,66.60673124705592,4.365110447661011,0.8001746435439093,sl_eat_all_ssl_all,4,18,18046,600,50
133.4089166227856,67.71209875489073,5.2339734026867415,0.7486500552454812,sl_eat_all_ssl_all,4,19,19046,600,50
134.4838918574459,68.92861589972561,5.824892949276262,0.823039626869923,sl_eat_all_ssl_all,4,20,20046,600,50
135.89809630597503,69.42612133756369,4.826145066668086,0.8316640594261575,sl_eat_all_ssl_all,4,21,21046,600,50
133.7935516304332,67.39161402336222,5.268439955899907,0.8332699669777757,sl_eat_all_ssl_all,4,22,22046,600,50
133.23518938403038,67.47025627853552,4.271491183616054,0.7689741945647033,sl_eat_all_ssl_all,4,23,23046,600,50
134.45022159580475,68.62540774880112,5.462561068017479,0.7942143796626951,sl_eat_all_ssl_all,4,24,24046,600,50
133.03928035179828,67.1475612709594,4.963932865416124,0.7913847649297245,sl_eat_all_ssl_all,4,25,25046,600,50
134.48179948350287,69.17754660245741,5.119353052435629,0.7859720685525824,sl_eat_all_ssl_all,4,26,26046,600,50
132.76825385613722,67.27245024039584,5.309201120933033,0.8180276782977762,sl_eat_all_ssl_all,4,27,27046,600,50
133.7212230942619,68.01904845132078,4.395430435875189,0.8512857455094428,sl_eat_all_ssl_all,4,28,28046,600,50
134.9597422561533,69.06016750573096,4.8691701719557035,0.7772053207378149,sl_eat_all_ssl_all,4,29,29046,600,50
133.44383308539327,68.10088266735755,6.187558227281421,0.864058230546499,sl_eat_all_ssl_all,4,30,30046,600,50
134.36779832124554,68.36549108036064,5.854388282667985,0.8131526681540574,sl_eat_all_ssl_all,4,31,31046,600,50
133.6038833181899,67.57844498913353,5.105953154716921,0.7908830113216891,sl_eat_all_ssl_all,4,32,32046,600,50
135.0840960062186,68.78605094953204,4.7379989557157245,0.8455510106496023,sl_eat_all_ssl_all,4,33,33046,600,50
132.96460393953734,67.08235179968929,5.507278252515786,0.8224474098531015,sl_eat_all_ssl_all,4,34,34046,600,50
133.7519505728882,67.59522098813922,4.1850058326818145,0.8319226750688751,sl_eat_all_ssl_all,4,35,35046,600,50
135.19970710952614,69.4943660811786,6.221023819356586,0.828137360714558,sl_eat_all_ssl_all,4,36,36046,600,50
132.88363319965836,67.23679572875227,4.4652248989900905,0.825779425005081,sl_eat_all_ssl_all,4,37,37046,600,50
133.35952220831786,67.20186847287353,5.121268821220221,0.8450825208573095,sl_eat_all_ssl_all,4,38,38046,600,50
133.49202686435692,67.51956565096089,4.725619335054874,0.8027681336609209,sl_eat_all_ssl_all,4,39,39046,600,50
133.5214417324181,67.20602391449344,5.067331237664387,0.8152298223104865,sl_eat_all_ssl_all,4,40,40046,600,50
133.0308426778709,67.29385980380107,4.723630515855579,0.8580116472092533,sl_eat_all_ssl_all,4,41,41046,600,50
134.45433460327135,68.76051416972206,5.089954954316978,0.779130581784292,sl_eat_all_ssl_all,4,42,42046,600,50
134.85520239250778,68.83379953294326,5.492623371966799,0.7916484661382016,sl_eat_all_ssl_all,4,43,43046,600,50
136.1241399566535,69.88636379617547,6.029643595505021,0.8136304053126364,sl_eat_all_ssl_all,4,44,44046,600,50
133.63165912386955,67.80536496550337,4.691369064355634,0.8387566065775391,sl_eat_all_ssl_all,4,45,45046,600,50
133.9522561790911,68.00187970419506,5.462048029911215,0.8351061018825598,sl_eat_all_ssl_all,4,46,46046,600,50
136.44844869661958,70.28866967878994,5.955109859399747,0.7858544551871799,sl_eat_all_ssl_all,4,47,47046,600,50
133.29550489728683,67.24400147900269,4.431266667624722,0.7598225820250973,sl_eat_all_ssl_all,4,48,48046,600,50
135.81267897130274,69.43093491622385,5.332443506873771,0.7595987026050669,sl_eat_all_ssl_all,4,49,49046,600,50
167.1862474925074,77.25927570147131,5.03842674818809,0.7586693722559615,sl_eat_all_ssl_all,5,0,47,600,50
165.6212050673153,76.44167210981726,6.256670200060333,0.799903685239425,sl_eat_all_ssl_all,5,1,1047,600,50
164.03861964818225,75.21684928093568,5.920328901743803,0.7717066696309486,sl_eat_all_ssl_all,5,2,2047,600,50
167.37887211559607,76.78839129019389,4.839289414366778,0.789414875077238,sl_eat_all_ssl_all,5,3,3047,600,50
167.0478232719437,77.55467124751763,5.0349715771015475,0.8188302209150295,sl_eat_all_ssl_all,5,4,4047,600,50
165.54889123681772,76.03772137136887,4.715224976013034,0.7619322637188153,sl_eat_all_ssl_all,5,5,5047,600,50
163.76222306501006,74.11181609447017,4.5517703772156235,0.8083421786975988,sl_eat_all_ssl_all,5,6,6047,600,50
166.4517809710122,76.6957469273945,5.040727743826043,0.7528152186345385,sl_eat_all_ssl_all,5,7,7047,600,50
167.12457185442264,77.83524688511413,5.327068791257009,0.7606722933555081,sl_eat_all_ssl_all,5,8,8047,600,50
169.35035798891013,78.9056648705408,5.6049270560433095,0.8128715298232269,sl_eat_all_ssl_all,5,9,9047,600,50
165.11582121693957,75.51971579880995,5.655414384841969,0.8104206672764492,sl_eat_all_ssl_all,5,10,10047,600,50
165.24613931170532,75.92787059217667,4.635782959499294,0.7967259563152259,sl_eat_all_ssl_all,5,11,11047,600,50
163.83063200447006,74.66936497897818,4.8128120730462065,0.7929870143812506,sl_eat_all_ssl_all,5,12,12047,600,50
163.92743654758485,74.33645498985639,4.87842181308869,0.8199153124657677,sl_eat_all_ssl_all,5,13,13047,600,50
164.73525675094552,75.80770020579743,4.450375217333304,0.806551997123845,sl_eat_all_ssl_all,5,14,14047,600,50
166.67998657673087,77.09285936587892,4.080607317898637,0.7801714131851016,sl_eat_all_ssl_all,5,15,15047,600,50
165.35756453037638,75.4536511565028,4.680645921914016,0.8147261392685717,sl_eat_all_ssl_all,5,16,16047,600,50
166.09867626284785,76.10947772466685,4.287593128981114,0.8008953403463615,sl_eat_all_ssl_all,5,17,17047,600,50
165.76090422193016,76.4523702376757,5.885258428410181,0.8275353158998733,sl_eat_all_ssl_all,5,18,18047,600,50
166.59357541948668,77.13144778460422,5.478450916057616,0.8032939905396084,sl_eat_all_ssl_all,5,19,19047,600,50
164.50197850845953,74.7938197878702,4.816501278218299,0.773613296602353,sl_eat_all_ssl_all,5,20,20047,600,50
166.85147997772856,77.45201446475531,4.476951132167594,0.8059702954570055,sl_eat_all_ssl_all,5,21,21047,600,50
168.97791121431646,78.6901343393282,4.837787378107575,0.792266985900143,sl_eat_all_ssl_all,5,22,22047,600,50
167.15474352797617,76.9129332253128,5.047196418502133,0.8048573752549109,sl_eat_all_ssl_all,5,23,23047,600,50
164.78381818246976,75.7392664252626,5.4714329117616884,0.7698628204931202,sl_eat_all_ssl_all,5,24,24047,600,50
168.96624449896336,78.9315943623981,5.057085143948973,0.7979947170643092,sl_eat_all_ssl_all,5,25,25047,600,50
165.76347865410105,76.14212094485974,4.541542638750443,0.813915540849135,sl_eat_all_ssl_all,5,26,26047,600,50
165.34793464606435,75.78916081218095,4.992588728493509,0.8073019998933961,sl_eat_all_ssl_all,5,27,27047,600,50
166.06910990602674,75.94768407438572,4.142843369795171,0.7742475238895059,sl_eat_all_ssl_all,5,28,28047,600,50
168.45387655684578,78.17021571022414,4.942344142482114,0.7948107597544369,sl_eat_all_ssl_all,5,29,29047,600,50
165.88895584326863,76.34442148858749,4.910231487119818,0.8010634795814138,sl_eat_all_ssl_all,5,30,30047,600,50
166.39800331045015,76.98343683841453,5.377303263516433,0.812385254083941,sl_eat_all_ssl_all,5,31,31047,600,50
166.74402878216506,77.36165794024691,6.050625916929102,0.8149779068717787,sl_eat_all_ssl_all,5,32,32047,600,50
167.45041771589675,77.15426008411816,5.355491880060756,0.7926517922589706,sl_eat_all_ssl_all,5,33,33047,600,50
166.1303479538962,76.88991576801362,5.789188787432111,0.8056993764894896,sl_eat_all_ssl_all,5,34,34047,600,50
167.55585337984235,77.84360393344934,5.929145573494136,0.7601703784650379,sl_eat_all_ssl_all,5,35,35047,600,50
166.38647881124993,76.84741823027598,4.5697911420547905,0.8001756493603406,sl_eat_all_ssl_all,5,36,36047,600,50
166.90524207116368,76.91370218940713,5.489689166313541,0.8081617609871177,sl_eat_all_ssl_all,5,37,37047,600,50
167.82045206899303,78.08540792038768,4.965312310892929,0.7918307593690881,sl_eat_all_ssl_all,5,38,38047,600,50
167.3030842806325,78.13506582967464,5.410002764132789,0.8059011562596943,sl_eat_all_ssl_all,5,39,39047,600,50
165.0199904001336,75.40487623353651,4.674171128579356,0.8013352418174163,sl_eat_all_ssl_all,5,40,40047,600,50
165.06605257798037,75.82199708802047,5.302082162766688,0.7705459462755041,sl_eat_all_ssl_all,5,41,41047,600,50
167.90800425177238,78.53900448582486,5.4998091340243755,0.8421578788429601,sl_eat_all_ssl_all,5,42,42047,600,50
167.50439626448994,77.37329569131118,5.042811530334526,0.7875518266523837,sl_eat_all_ssl_all,5,43,43047,600,50
165.88986031652064,75.75749746067683,5.0340487531101665,0.7870224649815925,sl_eat_all_ssl_all,5,44,44047,600,50
164.5167274438493,74.5205171006362,4.035829179183761,0.8184115376409627,sl_eat_all_ssl_all,5,45,45047,600,50
163.74515407143994,74.53432438456252,4.301145194556583,0.7668091143832942,sl_eat_all_ssl_all,5,46,46047,600,50
165.2319817806721,76.97711373405835,5.6728489630060706,0.8115048435811245,sl_eat_all_ssl_all,5,47,47047,600,50
165.04368769722797,75.25913987059123,3.8415287518657277,0.7959027370434303,sl_eat_all_ssl_all,5,48,48047,600,50
163.73691284465016,75.22166822231733,5.971885285112261,0.789510160652132,sl_eat_all_ssl_all,5,49,49047,600,50
188.2302163855013,83.18648124914333,4.72472015715615,0.7083327694313362,sl_eat_all_ssl_all,6,0,48,600,50
183.58006672949122,79.10763394295844,4.433612259595531,0.7184433853668377,sl_eat_all_ssl_all,6,1,1048,600,50
188.07108012663178,82.11691512373696,3.807211585750264,0.7311256069852219,sl_eat_all_ssl_all,6,2,2048,600,50
187.89309881599806,82.84945302658417,4.013398884428711,0.7150253579795275,sl_eat_all_ssl_all,6,3,3048,600,50
185.02602932840213,80.73894131459025,4.719338359731946,0.6963671664205083,sl_eat_all_ssl_all,6,4,4048,600,50
184.8223654101478,80.526371976124,4.8348255202555706,0.693003604151709,sl_eat_all_ssl_all,6,5,5048,600,50
188.31223377631886,83.34799159831333,4.624560849965691,0.7228996479869775,sl_eat_all_ssl_all,6,6,6048,600,50
188.57201503008707,84.12884104045062,4.937958633723923,0.7327780453067282,sl_eat_all_ssl_all,6,7,7048,600,50
184.23558946789856,79.6625641606257,4.3259532922071315,0.7341081764450179,sl_eat_all_ssl_all,6,8,8048,600,50
186.13760988098795,82.4446692739596,4.635625826646754,0.7216494181277853,sl_eat_all_ssl_all,6,9,9048,600,50
183.58732867796064,79.66441234726062,4.3293395137036415,0.7241638763003636,sl_eat_all_ssl_all,6,10,10048,600,50
186.13111702693445,81.90748301478709,5.603828631541215,0.750169285333568,sl_eat_all_ssl_all,6,11,11048,600,50
184.86688626030542,81.62336671624347,4.922721647543949,0.7034825976571446,sl_eat_all_ssl_all,6,12,12048,600,50
183.43584749967872,79.33360936959316,4.708271822790429,0.7604746992895973,sl_eat_all_ssl_all,6,13,13048,600,50
184.36501799439938,80.33334407747702,5.168472667547282,0.713333053833723,sl_eat_all_ssl_all,6,14,14048,600,50
186.28460382736947,81.80065271972597,5.244818516129584,0.7149526210352011,sl_eat_all_ssl_all,6,15,15048,600,50
184.4187727251524,80.17642127238985,5.232687709493074,0.7203521357457885,sl_eat_all_ssl_all,6,16,16048,600,50
184.48738499184657,80.9438308815994,4.3315992222458615,0.7514708190611037,sl_eat_all_ssl_all,6,17,17048,600,50
188.4276636494775,83.84123967827978,5.429105037570906,0.6919618961242074,sl_eat_all_ssl_all,6,18,18048,600,50
189.13992560216292,84.61215020756316,5.340403272052623,0.6987689121894529,sl_eat_all_ssl_all,6,19,19048,600,50
186.71969789296196,82.8656786509035,4.873866632185495,0.7511316939161994,sl_eat_all_ssl_all,6,20,20048,600,50
185.19407557615335,81.222366530091,4.4470674533184855,0.743707609274067,sl_eat_all_ssl_all,6,21,21048,600,50
185.81335243524973,81.22106215861005,4.691613409976159,0.7306712728253153,sl_eat_all_ssl_all,6,22,22048,600,50
180.55878895557424,77.63809325190331,3.9270529504828926,0.7186300683106606,sl_eat_all_ssl_all,6,23,23048,600,50
185.3012552407842,80.85554439173461,4.483882452392697,0.7700735442798496,sl_eat_all_ssl_all,6,24,24048,600,50
186.9073857443119,82.17367835748281,4.200380615236969,0.71289662355143,sl_eat_all_ssl_all,6,25,25048,600,50
185.57915625588726,81.13262397346377,4.98664234401598,0.7240508558301625,sl_eat_all_ssl_all,6,26,26048,600,50
182.752581995618,78.49855528307191,4.983630344174631,0.737388618871772,sl_eat_all_ssl_all,6,27,27048,600,50
185.2849225814111,81.40696645882814,4.902759814820526,0.7176611045814781,sl_eat_all_ssl_all,6,28,28048,600,50
184.17861497474473,79.58197468928167,4.130709573311574,0.7069184730148448,sl_eat_all_ssl_all,6,29,29048,600,50
187.73423928585626,82.18136735786749,4.805650984031761,0.731588970664669,sl_eat_all_ssl_all,6,30,30048,600,50
188.3792817975694,83.634147730292,4.815464363150113,0.6948567698427808,sl_eat_all_ssl_all,6,31,31048,600,50
180.13449222313938,76.76322439684071,4.037596029695266,0.7315385432726627,sl_eat_all_ssl_all,6,32,32048,600,50
188.6214489689134,84.19191391154713,5.499120535974549,0.741409583298044,sl_eat_all_ssl_all,6,33,33048,600,50
185.8861706869594,81.19142202837875,4.0371958793473075,0.6925772332491381,sl_eat_all_ssl_all,6,34,34048,600,50
188.8890190791122,83.92619520975711,4.898042838817544,0.6977334811278213,sl_eat_all_ssl_all,6,35,35048,600,50
189.46000058383785,84.7123043923549,5.215011726591145,0.6965571812455175,sl_eat_all_ssl_all,6,36,36048,600,50
189.39200651934368,85.31601690169408,5.108606611047279,0.6645651171047475,sl_eat_all_ssl_all,6,37,37048,600,50
186.11149844069664,81.69337415411115,4.305328970321854,0.6805559441489175,sl_eat_all_ssl_all,6,38,38048,600,50
185.5275989454649,81.45897172630511,5.387017093223922,0.7441490822719022,sl_eat_all_ssl_all,6,39,39048,600,50
188.0549082730283,83.6801939642978,5.165073776415046,0.7133660735398809,sl_eat_all_ssl_all,6,40,40048,600,50
182.31531956694727,79.01025831520948,4.072083397795609,0.7006206590565084,sl_eat_all_ssl_all,6,41,41048,600,50
182.49736232933546,78.87219962923665,4.050254763900483,0.726640311034066,sl_eat_all_ssl_all,6,42,42048,600,50
186.7586138160394,81.62023692818349,4.78761498250281,0.7548737385517525,sl_eat_all_ssl_all,6,43,43048,600,50
188.1888423559054,83.20327201481142,4.354575192561387,0.7568090181197842,sl_eat_all_ssl_all,6,44,44048,600,50
186.5836003437442,82.49319218071103,4.69245314664802,0.735623794287155,sl_eat_all_ssl_all,6,45,45048,600,50
185.18492882078547,81.38747532172479,5.014793688434431,0.7237137278600911,sl_eat_all_ssl_all,6,46,46048,600,50
187.63851204978388,82.51055937721972,5.565953958356292,0.7692479675862054,sl_eat_all_ssl_all,6,47,47048,600,50
184.03640763336392,79.51030503356328,4.030843177462161,0.7285720526861801,sl_eat_all_ssl_all,6,48,48048,600,50
184.30684983665475,80.27115346319388,3.9586476428207567,0.731401916043425,sl_eat_all_ssl_all,6,49,49048,600,50
207.6543747816154,90.46912688329667,4.466710028917551,0.7116170707183289,sl_eat_all_ssl_all,7,0,49,600,50
208.59958230201215,91.97453624237801,5.918195728201874,0.7127922813300465,sl_eat_all_ssl_all,7,1,1049,600,50
208.3984470621418,90.64197306029138,4.817208607989709,0.6894272347341551,sl_eat_all_ssl_all,7,2,2049,600,50
207.02115625932228,89.19835624572929,4.854978376315491,0.6985097627734025,sl_eat_all_ssl_all,7,3,3049,600,50
209.86293961652376,92.53591957275533,5.0940476659504474,0.6964134117858132,sl_eat_all_ssl_all,7,4,4049,600,50
206.05047170228843,89.17496233008208,4.471517946807971,0.6849232803393173,sl_eat_all_ssl_all,7,5,5049,600,50
208.30826896350536,91.37044232412643,4.3989982081674555,0.6872819536611402,sl_eat_all_ssl_all,7,6,6049,600,50
204.2812041606807,88.34389682349574,4.238245366724761,0.7206839185382998,sl_eat_all_ssl_all,7,7,7049,600,50
206.4038769311001,89.12477197563231,4.611703898177596,0.7072171882893479,sl_eat_all_ssl_all,7,8,8049,600,50
205.16622840188754,88.1289723882434,3.9947585350888275,0.7116533132879304,sl_eat_all_ssl_all,7,9,9049,600,50
209.64192953909836,91.63253097265918,3.8362605315689775,0.679532903823937,sl_eat_all_ssl_all,7,10,10049,600,50
204.81583170181256,87.71819572282206,4.4873215258678405,0.7078866221481774,sl_eat_all_ssl_all,7,11,11049,600,50
207.023577584444,89.84032205405558,4.901443323920993,0.6889999892507006,sl_eat_all_ssl_all,7,12,12049,600,50
207.5532930112437,90.76660482481523,4.546508086968645,0.7068922387853748,sl_eat_all_ssl_all,7,13,13049,600,50
207.23512455250926,90.04961485235408,4.804883528635505,0.7321943151765571,sl_eat_all_ssl_all,7,14,14049,600,50
206.74999455418362,89.42784012318525,4.2638976991414665,0.6903820631934886,sl_eat_all_ssl_all,7,15,15049,600,50
204.94427171228818,88.07026472227905,4.416543917144106,0.6713314301931147,sl_eat_all_ssl_all,7,16,16049,600,50
204.80651077513127,87.84977257834544,4.35940276591783,0.6964798655685126,sl_eat_all_ssl_all,7,17,17049,600,50
209.45185372392248,92.32096247411495,4.729235850389818,0.7158300753583008,sl_eat_all_ssl_all,7,18,18049,600,50
212.56809263483476,94.9139529343727,5.745410744315722,0.6876551250620783,sl_eat_all_ssl_all,7,19,19049,600,50
207.2864073006556,89.44034500714572,3.963007989550937,0.7382082653789425,sl_eat_all_ssl_all,7,20,20049,600,50
207.56474468629295,90.00157553423945,4.115045033723048,0.6573943283792256,sl_eat_all_ssl_all,7,21,21049,600,50
206.61769505190833,89.22310513660823,4.139858803285929,0.7031819243382513,sl_eat_all_ssl_all,7,22,22049,600,50
209.61255318873046,92.40373104997397,5.5301382121011295,0.7277296774412628,sl_eat_all_ssl_all,7,23,23049,600,50
205.9195890177823,89.13070775747698,4.169708060496411,0.682193042700373,sl_eat_all_ssl_all,7,24,24049,600,50
206.18175704689315,89.0993039946384,4.143037983483204,0.72871329912782,sl_eat_all_ssl_all,7,25,25049,600,50
206.5628001347482,89.56578793175004,3.6753449482394394,0.7097081484047474,sl_eat_all_ssl_all,7,26,26049,600,50
209.97471685636873,92.48769008819382,5.8504292581565664,0.712149510469332,sl_eat_all_ssl_all,7,27,27049,600,50
207.95356935531538,91.22814977833126,4.819742239600958,0.6976475283496689,sl_eat_all_ssl_all,7,28,28049,600,50
205.32749244101458,88.4222103005958,4.796285855077192,0.6913681870455534,sl_eat_all_ssl_all,7,29,29049,600,50
206.21946723954872,89.09558511733043,4.508139705586813,0.7045042158893619,sl_eat_all_ssl_all,7,30,30049,600,50
205.3532061358842,88.55657140542979,3.992103407944195,0.6775291578483831,sl_eat_all_ssl_all,7,31,31049,600,50
207.40595953549686,89.76766470321195,4.5171190081419725,0.6797298921047326,sl_eat_all_ssl_all,7,32,32049,600,50
204.51944462886055,87.61239457636444,4.446305994745338,0.6843464807379747,sl_eat_all_ssl_all,7,33,33049,600,50
203.03342870378108,86.45680756447105,4.295655887008443,0.6830148072917545,sl_eat_all_ssl_all,7,34,34049,600,50
208.418772882689,90.97570969232919,5.137698170667107,0.6961218106861747,sl_eat_all_ssl_all,7,35,35049,600,50
207.1760784803477,89.49800133320379,4.109629201298432,0.6967359397531669,sl_eat_all_ssl_all,7,36,36049,600,50
203.41669851043636,86.87417818538775,4.682396522254377,0.7226753012751168,sl_eat_all_ssl_all,7,37,37049,600,50
207.20273953660524,90.07704314525407,4.089121532193646,0.7139901082035499,sl_eat_all_ssl_all,7,38,38049,600,50
210.04578101554355,92.82275342690312,5.639256204736759,0.692529236508655,sl_eat_all_ssl_all,7,39,39049,600,50
205.68723413691498,88.65131845417714,3.996269797089237,0.7246073473330582,sl_eat_all_ssl_all,7,40,40049,600,50
208.51038046483922,89.89002461556747,4.724548058348441,0.7153036762748081,sl_eat_all_ssl_all,7,41,41049,600,50
206.47048600628887,89.23791810736276,3.9641429533846195,0.712993599098368,sl_eat_all_ssl_all,7,42,42049,600,50
203.56240924406998,87.38543839463267,5.056834801359388,0.7400685510746726,sl_eat_all_ssl_all,7,43,43049,600,50
209.36971019707494,91.77559690751748,4.74136103835016,0.6986666126382571,sl_eat_all_ssl_all,7,44,44049,600,50
207.52264432635172,90.34039018815069,5.1263272750398325,0.7133848503278899,sl_eat_all_ssl_all,7,45,45049,600,50
208.62006101765448,90.76213779702987,4.509332936418325,0.6984038309522204,sl_eat_all_ssl_all,7,46,46049,600,50
205.99755510876784,88.43219989054501,4.967208101745575,0.7012086439162845,sl_eat_all_ssl_all,7,47,47049,600,50
206.01717767609915,89.65437842550102,4.698515020145779,0.6486121574409424,sl_eat_all_ssl_all,7,48,48049,600,50
210.93099727579101,92.78473431878554,4.736329348610333,0.6849388749851656,sl_eat_all_ssl_all,7,49,49049,600,50
155.4794635139733,65.60675078186037,4.096914411622715,0.7405885306329121,sl_eat_all_ssl_all,8,0,50,600,50
156.4512872016831,66.98351154961557,4.681675515895429,0.7217791228301068,sl_eat_all_ssl_all,8,1,1050,600,50
155.75887091905182,65.89863610595218,4.092997879012265,0.7364760743048337,sl_eat_all_ssl_all,8,2,2050,600,50
155.74667502645053,66.0040125463409,4.926945876493136,0.7496968741504191,sl_eat_all_ssl_all,8,3,3050,600,50
156.1090168394908,66.27324163351867,5.132138716236986,0.7606324699126914,sl_eat_all_ssl_all,8,4,4050,600,50
154.75922344447187,65.6438684769418,4.771477701786576,0.7374757778092684,sl_eat_all_ssl_all,8,5,5050,600,50
157.18849007096253,66.76730810182423,4.343049525605312,0.7475595517745695,sl_eat_all_ssl_all,8,6,6050,600,50
156.2230409692985,66.67327380894682,4.828382593921518,0.7116940701410752,sl_eat_all_ssl_all,8,7,7050,600,50
155.7262957060351,66.33694471918523,4.7769302122378,0.7614381233249333,sl_eat_all_ssl_all,8,8,8050,600,50
156.13228003945363,66.69818528250555,4.53186948024462,0.7120405395793921,sl_eat_all_ssl_all,8,9,9050,600,50
156.29036907847114,66.42167726104586,4.418303252827234,0.7269338967386088,sl_eat_all_ssl_all,8,10,10050,600,50
153.66675017790809,64.47705070094604,4.319896404042067,0.7200807526808928,sl_eat_all_ssl_all,8,11,11050,600,50
154.19196025903798,65.25659666373959,4.51073545091434,0.7492763561730948,sl_eat_all_ssl_all,8,12,12050,600,50
156.42961563808143,66.64774770751394,3.8657306472767314,0.7325518087502312,sl_eat_all_ssl_all,8,13,13050,600,50
156.52637309847466,66.57172838537237,4.264334654209292,0.7244245624929063,sl_eat_all_ssl_all,8,14,14050,600,50
156.43830699632178,66.24349906536295,3.7168415951878084,0.7411732763212007,sl_eat_all_ssl_all,8,15,15050,600,50
154.5678169146538,65.28312763518582,4.130201094031582,0.7442207978274009,sl_eat_all_ssl_all,8,16,16050,600,50
154.9620471200127,65.45281328069791,3.4448907546249967,0.7246550789415335,sl_eat_all_ssl_all,8,17,17050,600,50
154.768402900616,65.59854745831238,4.218440730590869,0.7200824408279085,sl_eat_all_ssl_all,8,18,18050,600,50
154.27553568035012,65.07373436638716,3.826440611743948,0.7542063088217879,sl_eat_all_ssl_all,8,19,19050,600,50
156.15025293841356,66.58185397716846,4.980036925172411,0.7523303481288004,sl_eat_all_ssl_all,8,20,20050,600,50
154.2565054583372,64.92021650030215,4.648337972599287,0.7335986278719052,sl_eat_all_ssl_all,8,21,21050,600,50
155.25858322066568,65.52138333853978,3.8481310854458592,0.7573524088725907,sl_eat_all_ssl_all,8,22,22050,600,50
153.5255911543557,64.51183789770303,3.8771004469846058,0.7374688491941603,sl_eat_all_ssl_all,8,23,23050,600,50
155.5436313360673,65.92408796836581,4.499294172746604,0.7192884235210162,sl_eat_all_ssl_all,8,24,24050,600,50
153.64303594421764,64.96654916610304,4.36501111043336,0.7671134240503651,sl_eat_all_ssl_all,8,25,25050,600,50
153.89321944836763,64.52821539267026,3.403227779695657,0.727325300176669,sl_eat_all_ssl_all,8,26,26050,600,50
156.68575899455976,66.30002203052902,3.890643336986423,0.7583263721711876,sl_eat_all_ssl_all,8,27,27050,600,50
155.09266532640697,66.2166668813485,4.584523980730339,0.7641940330337595,sl_eat_all_ssl_all,8,28,28050,600,50
153.54146239215413,64.4964668961475,4.070535071688427,0.7020532533221697,sl_eat_all_ssl_all,8,29,29050,600,50
155.82888229882323,66.12584820199258,4.09156502220328,0.7650324209942048,sl_eat_all_ssl_all,8,30,30050,600,50
155.22629034476435,65.87846478600414,4.622064599333731,0.7333741718660423,sl_eat_all_ssl_all,8,31,31050,600,50
156.69441290856076,65.98489132103961,3.5417171987283025,0.7490574594165834,sl_eat_all_ssl_all,8,32,32050,600,50
155.776020646578,66.04333570994422,4.054759618846583,0.7646147416500721,sl_eat_all_ssl_all,8,33,33050,600,50
154.77770073515208,65.43469248207174,4.5678391190716585,0.7264973465852628,sl_eat_all_ssl_all,8,34,34050,600,50
156.06948380378836,66.29084255431181,3.9863727885287066,0.7161145818839858,sl_eat_all_ssl_all,8,35,35050,600,50
155.61448682244946,66.21740656644481,5.236432452212184,0.7315502835272918,sl_eat_all_ssl_all,8,36,36050,600,50
156.30353937746867,66.57561317893257,4.5815676477219895,0.7410499530357955,sl_eat_all_ssl_all,8,37,37050,600,50
157.89691881762718,68.00292811595752,5.44390528786495,0.7384119993543312,sl_eat_all_ssl_all,8,38,38050,600,50
154.00251535963534,64.87570863072699,4.151295080820441,0.7274949047079494,sl_eat_all_ssl_all,8,39,39050,600,50
157.77933923734003,67.47317138228598,4.385927401786174,0.7399333057197037,sl_eat_all_ssl_all,8,40,40050,600,50
156.50833029775592,66.65174240014892,3.901276199585357,0.7267778402603051,sl_eat_all_ssl_all,8,41,41050,600,50
155.9774000017082,66.12304629551048,4.5881459496323735,0.7574154131694113,sl_eat_all_ssl_all,8,42,42050,600,50
155.1139822691207,65.54449184471291,3.279512431562072,0.7303099574000855,sl_eat_all_ssl_all,8,43,43050,600,50
157.3499016156144,67.38588373482148,5.050773091722262,0.7517505130436575,sl_eat_all_ssl_all,8,44,44050,600,50
155.4388624631395,65.92998099282025,4.347080379369275,0.7418570829414224,sl_eat_all_ssl_all,8,45,45050,600,50
155.74974083956607,66.01010777781464,4.880124221167282,0.7290193038043153,sl_eat_all_ssl_all,8,46,46050,600,50
153.45595028237275,64.5588615033992,3.9872746104732766,0.7437477921441787,sl_eat_all_ssl_all,8,47,47050,600,50
154.40330525011686,65.68102295727543,4.377398939497569,0.7232397777064217,sl_eat_all_ssl_all,8,48,48050,600,50
155.77407400159402,66.14730105194131,4.111418479705293,0.7340002032060566,sl_eat_all_ssl_all,8,49,49050,600,50
181.6845355583193,79.27675585511803,4.173856154656198,0.6607757483573595,sl_eat_all_ssl_all,9,0,51,600,50
180.08063788348804,78.20599440134276,4.2764123571359995,0.6283671991667535,sl_eat_all_ssl_all,9,1,1051,600,50
179.43484387365322,78.07872973372142,3.329636825875507,0.6619038951260808,sl_eat_all_ssl_all,9,2,2051,600,50
182.60284103957392,80.0243283340737,3.603429868494849,0.6609885985874178,sl_eat_all_ssl_all,9,3,3051,600,50
178.25332949796933,77.48202845403563,3.5590519604252964,0.6675046689635069,sl_eat_all_ssl_all,9,4,4051,600,50
183.84179008358012,80.65633631399055,4.604338904576507,0.6714706759058143,sl_eat_all_ssl_all,9,5,5051,600,50
181.54000742137578,79.61171062699216,3.953218715731138,0.6759950429929762,sl_eat_all_ssl_all,9,6,6051,600,50
183.65433587034633,80.75130823626435,4.023627093064098,0.653409344806881,sl_eat_all_ssl_all,9,7,7051,600,50
179.75040024678717,78.51271290770576,4.331024704327315,0.6457724760517402,sl_eat_all_ssl_all,9,8,8051,600,50
179.34282902269524,78.18905618503368,3.4127540486543477,0.7296954180418693,sl_eat_all_ssl_all,9,9,9051,600,50
182.03995245563965,79.56045181339888,3.7000573650074196,0.6536370282428301,sl_eat_all_ssl_all,9,10,10051,600,50
181.467263989447,79.55917272204864,3.8400326325116017,0.6564512945619223,sl_eat_all_ssl_all,9,11,11051,600,50
182.28567205612853,79.71697324621891,4.010786034626627,0.6755937628226729,sl_eat_all_ssl_all,9,12,12051,600,50
178.4903280683645,77.43881336707557,3.7852028091990166,0.6707545711315536,sl_eat_all_ssl_all,9,13,13051,600,50
180.81959970227769,79.04918865346204,3.480999943564387,0.6747601879690087,sl_eat_all_ssl_all,9,14,14051,600,50
180.11538245112268,78.43744335929769,4.049650551273309,0.6664635544697671,sl_eat_all_ssl_all,9,15,15051,600,50
179.23749061148212,77.69039209829589,3.6848171855430096,0.6937214794452997,sl_eat_all_ssl_all,9,16,16051,600,50
181.49198855217207,79.28201373445815,3.6953474190986433,0.6414504946494509,sl_eat_all_ssl_all,9,17,17051,600,50
183.98802661095678,80.71658040423168,4.040350372392407,0.6931987617093818,sl_eat_all_ssl_all,9,18,18051,600,50
181.21885116867517,79.2635007150639,3.2792242244937895,0.6932562777824465,sl_eat_all_ssl_all,9,19,19051,600,50
180.6518362524525,78.93478352586192,3.792029315439219,0.678723856560187,sl_eat_all_ssl_all,9,20,20051,600,50
180.90646913466853,79.1226984520281,3.6847689111829176,0.6790459564865744,sl_eat_all_ssl_all,9,21,21051,600,50
182.7020666082972,80.10597764343578,4.1187344912121056,0.6727781143101393,sl_eat_all_ssl_all,9,22,22051,600,50
180.23430219162265,78.65549173872716,3.622551937988387,0.6854735000654337,sl_eat_all_ssl_all,9,23,23051,600,50
183.54687022633604,80.25295036127066,3.3106547099858026,0.6662686413690719,sl_eat_all_ssl_all,9,24,24051,600,50
179.72476555596091,78.16667412107748,4.152682697128805,0.6940391586520918,sl_eat_all_ssl_all,9,25,25051,600,50
181.17542691695348,78.96109486110868,3.6959655303105996,0.6492240676418245,sl_eat_all_ssl_all,9,26,26051,600,50
180.36067506866712,78.33490554026605,3.7955924517773796,0.6784295253602161,sl_eat_all_ssl_all,9,27,27051,600,50
181.39303435675225,79.06476791483968,3.6646978165395643,0.6949941038878005,sl_eat_all_ssl_all,9,28,28051,600,50
179.04530284993203,77.60317505728547,3.528452237666324,0.674500139074454,sl_eat_all_ssl_all,9,29,29051,600,50
182.30386170389338,79.94295539081254,4.037270287114304,0.6962026618433285,sl_eat_all_ssl_all,9,30,30051,600,50
181.65507779359868,79.7117235939779,4.108698421949468,0.6844343267760032,sl_eat_all_ssl_all,9,31,31051,600,50
181.21846333774016,79.29132895496942,3.9936549282886555,0.6921912904930158,sl_eat_all_ssl_all,9,32,32051,600,50
180.23592920873855,78.3209876711377,3.2966382663822906,0.6699484423209365,sl_eat_all_ssl_all,9,33,33051,600,50
178.47598233440928,77.10491367098528,4.152941104937527,0.6837545063227165,sl_eat_all_ssl_all,9,34,34051,600,50
182.77285366669815,79.72556507526939,4.634562699134841,0.6656889903129891,sl_eat_all_ssl_all,9,35,35051,600,50
181.36017637853126,79.37306282191443,3.6297751033342522,0.6666858352881376,sl_eat_all_ssl_all,9,36,36051,600,50
178.9541450626103,77.92298880108812,3.986983794555644,0.6763184161811625,sl_eat_all_ssl_all,9,37,37051,600,50
179.74164413850926,78.59523185239357,3.1411092393309583,0.661409701751871,sl_eat_all_ssl_all,9,38,38051,600,50
178.36980574624414,77.87601043254178,3.565782932858825,0.6957686771126206,sl_eat_all_ssl_all,9,39,39051,600,50
183.78059034755884,80.72957123252661,4.063101922114405,0.684465895973118,sl_eat_all_ssl_all,9,40,40051,600,50
179.00767556729463,77.81039336010848,3.213349379022795,0.6747974628423157,sl_eat_all_ssl_all,9,41,41051,600,50
180.24561804125688,78.79218304512247,3.9183960246908836,0.678655933515472,sl_eat_all_ssl_all,9,42,42051,600,50
180.95323983809888,79.32921604688869,3.690518228172194,0.6705147639991715,sl_eat_all_ssl_all,9,43,43051,600,50
183.99777460380284,81.10830796825,3.624353719541652,0.6437673098575968,sl_eat_all_ssl_all,9,44,44051,600,50
183.38419797606127,80.24656334200866,3.1758662005764995,0.6502308541139015,sl_eat_all_ssl_all,9,45,45051,600,50
181.47058768472004,79.00674665326453,3.60143552174802,0.6538771703145716,sl_eat_all_ssl_all,9,46,46051,600,50
183.915327963006,80.64376442396042,3.5864569636337396,0.659938875983394,sl_eat_all_ssl_all,9,47,47051,600,50
182.56562576426032,79.58564201621462,3.3564597017524167,0.6896631195719735,sl_eat_all_ssl_all,9,48,48051,600,50
183.29532737347267,80.42608587218984,2.931466671678228,0.6961140958913349,sl_eat_all_ssl_all,9,49,49051,600,50
157.75530316295945,59.97474410591485,4.086450821024095,0.7432689165771582,sl_eat_all_ssl_all,10,0,52,600,50
158.22837564304973,60.320533638261374,4.0302206750992955,0.7972472621327178,sl_eat_all_ssl_all,10,1,1052,600,50
153.8183507432366,58.70307930793195,3.4751632192514355,0.7552111459590582,sl_eat_all_ssl_all,10,2,2052,600,50
157.83216694484778,60.780189840352115,3.777690519094623,0.7501879103303982,sl_eat_all_ssl_all,10,3,3052,600,50
158.3880861159749,60.93505393611664,3.7103597106314234,0.7476517487420626,sl_eat_all_ssl_all,10,4,4052,600,50
156.17725463432495,59.40647632726582,3.126094087027794,0.8109674555540287,sl_eat_all_ssl_all,10,5,5052,600,50
158.35854673378392,60.80111267199909,3.7972552767117866,0.7595123971096241,sl_eat_all_ssl_all,10,6,6052,600,50
157.0811570091792,59.55949040485136,3.9942815014716384,0.76833453584649,sl_eat_all_ssl_all,10,7,7052,600,50
156.64451310594308,60.27227191933645,3.131098071594713,0.7539203108564552,sl_eat_all_ssl_all,10,8,8052,600,50
155.33650071686586,59.103366309821965,3.9801474677837825,0.7638073545913637,sl_eat_all_ssl_all,10,9,9052,600,50
156.70824990489749,59.5879786048071,3.829845433057598,0.7416487631058445,sl_eat_all_ssl_all,10,10,10052,600,50
154.8645760994448,59.507376632452065,3.5559993747533816,0.7744235736297045,sl_eat_all_ssl_all,10,11,11052,600,50
155.5866655593387,59.37680286684795,3.7388195127671233,0.7899173838655644,sl_eat_all_ssl_all,10,12,12052,600,50
157.96107344543648,60.085662549022935,3.7980188180164403,0.7456934280284465,sl_eat_all_ssl_all,10,13,13052,600,50
157.28143151195093,59.98885246849602,4.183883215004659,0.7496625265799656,sl_eat_all_ssl_all,10,14,14052,600,50
158.09516831419637,60.12449882556999,3.936889113017231,0.777243736431815,sl_eat_all_ssl_all,10,15,15052,600,50
156.65214271553947,60.27015212716212,3.4643253500511895,0.747428247983003,sl_eat_all_ssl_all,10,16,16052,600,50
158.97788243403522,61.36611819855572,3.6336710413709823,0.7119830961471668,sl_eat_all_ssl_all,10,17,17052,600,50
157.50973041556742,59.77773547737645,4.41893030141484,0.7633415295407441,sl_eat_all_ssl_all,10,18,18052,600,50
156.2964270793976,59.96822373859291,3.463359652358828,0.7547529800321645,sl_eat_all_ssl_all,10,19,19052,600,50
159.33564236417473,62.01704101470646,3.6398728330254295,0.7330367643318807,sl_eat_all_ssl_all,10,20,20052,600,50
157.0811442598447,60.099585644618315,3.9592012311894837,0.79101206310059,sl_eat_all_ssl_all,10,21,21052,600,50
157.22327977930405,60.41536008518845,3.6599341293590744,0.760106664544199,sl_eat_all_ssl_all,10,22,22052,600,50
156.4752508216198,59.64283977687231,3.490000881788552,0.7469475880616409,sl_eat_all_ssl_all,10,23,23052,600,50
156.65208258735228,60.05011510153238,3.735811442588785,0.7616665426493439,sl_eat_all_ssl_all,10,24,24052,600,50
156.1940422145578,58.647548374009865,3.5021529566321514,0.7525569485682493,sl_eat_all_ssl_all,10,25,25052,600,50
155.1469567878991,58.92057465252984,3.786654518555387,0.743737661867108,sl_eat_all_ssl_all,10,26,26052,600,50
156.06705347182685,60.001267891347425,3.4381741296461685,0.7374615591206936,sl_eat_all_ssl_all,10,27,27052,600,50
156.9986298275646,60.00660039581136,3.832443061621246,0.7752621037527263,sl_eat_all_ssl_all,10,28,28052,600,50
157.71467693143435,60.5931286425891,3.7568229845940238,0.751112287921563,sl_eat_all_ssl_all,10,29,29052,600,50
156.05137747998654,59.35131994586262,4.143405768709038,0.7445212536859899,sl_eat_all_ssl_all,10,30,30052,600,50
158.23804232606966,60.75858501185768,3.5229372136546346,0.7150631099133379,sl_eat_all_ssl_all,10,31,31052,600,50
157.27451280704463,60.449538658037255,3.8549065917678464,0.7444170092192707,sl_eat_all_ssl_all,10,32,32052,600,50
158.54145275482983,61.03471482491547,3.6961655236762643,0.7589529106125867,sl_eat_all_ssl_all,10,33,33052,600,50
159.48161614850022,61.276863576336694,4.080523312838588,0.7559834162842578,sl_eat_all_ssl_all,10,34,34052,600,50
157.15083506281758,60.67919717143375,3.397869850953191,0.7673845705515978,sl_eat_all_ssl_all,10,35,35052,600,50
159.08887381214825,60.597808832278666,3.853334685815118,0.7919436757679957,sl_eat_all_ssl_all,10,36,36052,600,50
154.55953148002712,58.003938613761555,3.5365283528230056,0.7522845826026642,sl_eat_all_ssl_all,10,37,37052,600,50
159.11215633931442,61.72353090539823,3.4071871688860313,0.7520955373054129,sl_eat_all_ssl_all,10,38,38052,600,50
154.92721865802523,59.413019991547415,3.4565361415802824,0.7654680363318412,sl_eat_all_ssl_all,10,39,39052,600,50
158.7901014254295,60.94426167892521,3.866438696898191,0.7687351384374279,sl_eat_all_ssl_all,10,40,40052,600,50
158.04486410646987,61.14767899246955,3.416021037365706,0.7487885032531748,sl_eat_all_ssl_all,10,41,41052,600,50
157.738639176436,61.83554986703977,3.554373629215818,0.7533443727357627,sl_eat_all_ssl_all,10,42,42052,600,50
157.82984269631325,60.03211365161265,3.581372650345918,0.7279280358767707,sl_eat_all_ssl_all,10,43,43052,600,50
154.57910643692367,58.66027550118219,3.4839922296894246,0.7427276541092559,sl_eat_all_ssl_all,10,44,44052,600,50
156.49636177091915,59.49670569047738,3.5826345705480915,0.7267617620110138,sl_eat_all_ssl_all,10,45,45052,600,50
156.75453701344054,59.87930709744124,4.265555265089794,0.7683319735132557,sl_eat_all_ssl_all,10,46,46052,600,50
160.14553390394093,61.1060839819343,4.060029972435502,0.746686731759337,sl_eat_all_ssl_all,10,47,47052,600,50
157.16929900754104,60.80742671251678,3.618161205105862,0.7335571819539178,sl_eat_all_ssl_all,10,48,48052,600,50
157.05802352283217,59.811211238220764,4.343426177975368,0.7495737186811843,sl_eat_all_ssl_all,10,49,49052,600,50
61.46163747976017,11.807534357714601,3.83692104739677,0.7780571103399037,sl_eat_all_ssl_all,11,0,53,600,50
61.695585826659105,11.913461335358795,4.009738703009625,0.8010043870764537,sl_eat_all_ssl_all,11,1,1053,600,50
62.012051122925115,12.006563586162857,4.17009220863423,0.7905948127436699,sl_eat_all_ssl_all,11,2,2053,600,50
61.51272762805099,11.925144611450392,4.0535808727625495,0.7865273289098884,sl_eat_all_ssl_all,11,3,3053,600,50
61.2815036807756,11.931776495500086,4.417866853248363,0.8198486968658314,sl_eat_all_ssl_all,11,4,4053,600,50
61.03605744380705,11.821657804590647,3.474725281972915,0.8323529822596551,sl_eat_all_ssl_all,11,5,5053,600,50
61.24008372180919,11.901814128124803,3.9837107659891413,0.7763111717166098,sl_eat_all_ssl_all,11,6,6053,600,50
62.39929854703788,12.145900956810124,2.9314482856282504,0.7803527618544235,sl_eat_all_ssl_all,11,7,7053,600,50
62.529240278825796,12.148430556920777,3.6438076014128593,0.7904377400084756,sl_eat_all_ssl_all,11,8,8053,600,50
60.945307457458895,11.883302483818332,3.359119456613856,0.8095397618276202,sl_eat_all_ssl_all,11,9,9053,600,50
61.184719642375775,11.987809181716052,3.5674945211753593,0.7788193918752155,sl_eat_all_ssl_all,11,10,10053,600,50
61.27955108508918,11.915843209299204,4.146698714846012,0.7960417178798486,sl_eat_all_ssl_all,11,11,11053,600,50
62.933392867459084,12.242392961400054,3.6581935324996353,0.8031204715859455,sl_eat_all_ssl_all,11,12,12053,600,50
62.76967849476975,12.176516778572628,3.3525513527043893,0.8012089931319549,sl_eat_all_ssl_all,11,13,13053,600,50
61.910861139080666,12.077047225100197,3.5758238724491673,0.794520627881306,sl_eat_all_ssl_all,11,14,14053,600,50
60.820870543526866,11.81011937643291,3.847770321577064,0.7845007835432039,sl_eat_all_ssl_all,11,15,15053,600,50
61.31480299416549,11.94492813422533,3.4291258774915025,0.807412065939262,sl_eat_all_ssl_all,11,16,16053,600,50
61.647821165401275,12.145631163412041,3.9022018449608598,0.7939852919591843,sl_eat_all_ssl_all,11,17,17053,600,50
61.58607722591597,11.977027082035569,4.1362551162147145,0.8051346149550558,sl_eat_all_ssl_all,11,18,18053,600,50
60.931760285792095,11.839574364884738,3.695845358726005,0.8012760930974538,sl_eat_all_ssl_all,11,19,19053,600,50
62.62867459736677,12.162712953806556,3.837441007855205,0.7845340193772357,sl_eat_all_ssl_all,11,20,20053,600,50
61.4462373730064,11.802133800492415,3.7748258338847815,0.8056723799375798,sl_eat_all_ssl_all,11,21,21053,600,50
62.10723198393201,12.066263068386451,3.7799258384037926,0.7962062260975328,sl_eat_all_ssl_all,11,22,22053,600,50
63.11921308920161,12.318842080030768,4.00616095567236,0.8085546776982124,sl_eat_all_ssl_all,11,23,23053,600,50
61.392176500995895,11.899190784048374,3.6444436774104982,0.8240957271593388,sl_eat_all_ssl_all,11,24,24053,600,50
61.30306566690286,11.961014741456397,3.801430297565375,0.7916053738532489,sl_eat_all_ssl_all,11,25,25053,600,50
62.70589511481874,12.100651995114303,4.097241230334585,0.788858151588548,sl_eat_all_ssl_all,11,26,26053,600,50
60.98943093884077,11.905990316147284,3.4522573209504612,0.7984487094817603,sl_eat_all_ssl_all,11,27,27053,600,50
61.87687520158822,12.048280310418175,4.096270088049115,0.8077516834604113,sl_eat_all_ssl_all,11,28,28053,600,50
60.795259091567935,11.777151724660435,3.784256941330639,0.8076733492436077,sl_eat_all_ssl_all,11,29,29053,600,50
61.49101851714374,12.000135324101382,4.087978840479769,0.7762170898228393,sl_eat_all_ssl_all,11,30,30053,600,50
61.72582751513123,11.96402921004791,3.5766409599013964,0.7901200176922413,sl_eat_all_ssl_all,11,31,31053,600,50
61.22865070417087,11.881470457173691,3.894172717649694,0.8187900194745144,sl_eat_all_ssl_all,11,32,32053,600,50
59.90984165119351,11.608382436749693,3.773244525110757,0.8288155416037271,sl_eat_all_ssl_all,11,33,33053,600,50
60.65808482006804,11.833327544731182,3.773192750598422,0.8250239471707868,sl_eat_all_ssl_all,11,34,34053,600,50
61.47117958507761,11.896171035821851,3.874793551044423,0.8051877383655185,sl_eat_all_ssl_all,11,35,35053,600,50
62.18593008560542,11.987954132682768,3.512104595795769,0.7906991943121273,sl_eat_all_ssl_all,11,36,36053,600,50
59.97285286605405,11.625826568993427,3.990138643514183,0.8168307464704162,sl_eat_all_ssl_all,11,37,37053,600,50
60.28391438646868,11.676039159253454,4.228359250146957,0.793450639919995,sl_eat_all_ssl_all,11,38,38053,600,50
63.51167714915481,12.31453361857422,3.521490596345627,0.770866219467744,sl_eat_all_ssl_all,11,39,39053,600,50
61.690531148013434,11.957292401991978,4.373955952782522,0.7707985277512168,sl_eat_all_ssl_all,11,40,40053,600,50
62.99242654980216,12.280538178402537,3.4389359173529637,0.8280766344640632,sl_eat_all_ssl_all,11,41,41053,600,50
61.5083336455559,12.01178128831745,3.6513545649035177,0.7888938803075961,sl_eat_all_ssl_all,11,42,42053,600,50
61.680399093498494,11.956689018176322,4.368847612066449,0.8042691407292821,sl_eat_all_ssl_all,11,43,43053,600,50
60.957783962880434,11.851763142610238,3.5672012714785715,0.7840235980405913,sl_eat_all_ssl_all,11,44,44053,600,50
60.57596358165785,11.786327362635502,3.8587076788022996,0.8188852814206896,sl_eat_all_ssl_all,11,45,45053,600,50
62.25322271174574,12.086258320792977,3.829557038651406,0.8164995490517816,sl_eat_all_ssl_all,11,46,46053,600,50
60.255536810660956,11.703485040461997,4.441684727901703,0.7973953896925144,sl_eat_all_ssl_all,11,47,47053,600,50
61.647956153646014,11.935224711285626,3.393087750701605,0.8162079576841116,sl_eat_all_ssl_all,11,48,48053,600,50
61.76560934264347,11.950319812193717,3.3339863080488388,0.8047428735786777,sl_eat_all_ssl_all,11,49,49053,600,50
11.09106492962493,2.59129828718035,3.9414853767913876,0.762534223415503,sl_eat_all_ssl_all,12,0,54,600,50
11.075867350657084,2.6002500332061564,3.4651576321667887,0.7582291201686029,sl_eat_all_ssl_all,12,1,1054,600,50
11.394504205202852,2.6407595791274643,3.623608823872385,0.7685679967803798,sl_eat_all_ssl_all,12,2,2054,600,50
10.935857243886248,2.573674132922504,4.037665267668707,0.7634975193986315,sl_eat_all_ssl_all,12,3,3054,600,50
11.265739889102267,2.6158981829188077,3.7245688691480576,0.782388509016314,sl_eat_all_ssl_all,12,4,4054,600,50
11.37210530637456,2.637501810339648,4.194227690247402,0.7344481457140846,sl_eat_all_ssl_all,12,5,5054,600,50
10.998978679237078,2.5788561841654993,3.5823393915338335,0.7581911474698513,sl_eat_all_ssl_all,12,6,6054,600,50
10.942611861964444,2.5688238778410017,4.004763692496592,0.7744716567369296,sl_eat_all_ssl_all,12,7,7054,600,50
11.088385233517107,2.5926515780475463,4.246093858831757,0.7698421626491255,sl_eat_all_ssl_all,12,8,8054,600,50
11.470991421077006,2.6568997233207416,3.7185555153944514,0.7667548092263508,sl_eat_all_ssl_all,12,9,9054,600,50
11.147404573317262,2.5980309448007106,4.076395276865185,0.7912463079156161,sl_eat_all_ssl_all,12,10,10054,600,50
10.869519956969906,2.5630538949561665,3.7937382328833142,0.769740807482781,sl_eat_all_ssl_all,12,11,11054,600,50
11.046060659296081,2.580934256243542,4.017754421975015,0.7923679934627417,sl_eat_all_ssl_all,12,12,12054,600,50
11.465388438588144,2.642374130753678,3.8704840396571787,0.7753070482918089,sl_eat_all_ssl_all,12,13,13054,600,50
11.518622409953048,2.6578861735187895,3.8593581857949135,0.767542689303989,sl_eat_all_ssl_all,12,14,14054,600,50
10.812559614886322,2.5523424555734118,3.6835090681390388,0.7816432044309407,sl_eat_all_ssl_all,12,15,15054,600,50
11.066222402633095,2.5835629894172065,3.3843493246231966,0.7827158272252804,sl_eat_all_ssl_all,12,16,16054,600,50
11.329525803745073,2.6206622372777066,4.000014566836323,0.7815732285326427,sl_eat_all_ssl_all,12,17,17054,600,50
11.153576807249788,2.5960218795945895,3.4190396678014134,0.783763341713039,sl_eat_all_ssl_all,12,18,18054,600,50
10.951258954942574,2.5663473002226125,4.02787684433464,0.7901464786722284,sl_eat_all_ssl_all,12,19,19054,600,50
11.018282259824902,2.582329415158791,4.35749318861591,0.7602008782988954,sl_eat_all_ssl_all,12,20,20054,600,50
11.430416973470516,2.6388399050797275,3.8349134022206686,0.7643568890065642,sl_eat_all_ssl_all,12,21,21054,600,50
11.007433617149486,2.573811266300736,3.7190509505009386,0.7843087972066849,sl_eat_all_ssl_all,12,22,22054,600,50
11.453005404780606,2.6479544204297767,3.7531459403143126,0.7680504761092124,sl_eat_all_ssl_all,12,23,23054,600,50
11.248359651910778,2.6105299530143573,3.5234646089663273,0.788095519891304,sl_eat_all_ssl_all,12,24,24054,600,50
11.11352202467554,2.591628494238237,3.5403967392642004,0.7869039568362851,sl_eat_all_ssl_all,12,25,25054,600,50
11.019976957933531,2.574792616147551,4.017779326807727,0.7588858333983672,sl_eat_all_ssl_all,12,26,26054,600,50
11.065268440464061,2.588663199839753,3.3985569633514596,0.7735618253792944,sl_eat_all_ssl_all,12,27,27054,600,50
10.937201943112841,2.567478510640656,4.365034772019781,0.7913157359211109,sl_eat_all_ssl_all,12,28,28054,600,50
11.457126357892314,2.6448507820113236,3.5041344391020073,0.7851166627951833,sl_eat_all_ssl_all,12,29,29054,600,50
11.557842243220641,2.657180140592785,4.098212721353847,0.7770592282896414,sl_eat_all_ssl_all,12,30,30054,600,50
11.289131625287723,2.613174387571031,3.2691538953262995,0.7277114211963343,sl_eat_all_ssl_all,12,31,31054,600,50
11.05151672462585,2.5812211160382708,4.026450469701362,0.7764293992635417,sl_eat_all_ssl_all,12,32,32054,600,50
11.7106166736896,2.6874601204799946,3.581688968939023,0.7824899987037609,sl_eat_all_ssl_all,12,33,33054,600,50
11.502761320119737,2.658598517585304,3.352081941489518,0.7673752635760602,sl_eat_all_ssl_all,12,34,34054,600,50
10.918418299844667,2.5668382828022556,3.901612374212882,0.7747327160023476,sl_eat_all_ssl_all,12,35,35054,600,50
10.996962237612157,2.5795195001627076,4.131191028532914,0.7672226571103882,sl_eat_all_ssl_all,12,36,36054,600,50
10.761910273579012,2.5381202625524306,3.928632857597544,0.7615440722083557,sl_eat_all_ssl_all,12,37,37054,600,50
11.539832415587412,2.649582721720714,3.8576315615834003,0.7627323395089676,sl_eat_all_ssl_all,12,38,38054,600,50
11.100501945935434,2.5894554580653093,4.084850772895063,0.795624121257768,sl_eat_all_ssl_all,12,39,39054,600,50
10.6762444183547,2.526239266667838,4.116371910531882,0.7597424907290876,sl_eat_all_ssl_all,12,40,40054,600,50
11.639089485515022,2.6716514529229323,3.762664249445557,0.7854851625147801,sl_eat_all_ssl_all,12,41,41054,600,50
11.325500534143904,2.6273014245968205,3.6385318702267764,0.7685403499093675,sl_eat_all_ssl_all,12,42,42054,600,50
11.241803646718685,2.613688917001025,3.828993377023685,0.7620337757917555,sl_eat_all_ssl_all,12,43,43054,600,50
11.398582540542451,2.6405067566300957,3.2519770677905337,0.7540158954787811,sl_eat_all_ssl_all,12,44,44054,600,50
11.37929617138288,2.630202888860258,4.243353337995536,0.7941968705675598,sl_eat_all_ssl_all,12,45,45054,600,50
11.011193445189074,2.577460737916967,4.032449933387243,0.7862199269428958,sl_eat_all_ssl_all,12,46,46054,600,50
10.74324472651523,2.540037877256148,4.76169851805655,0.777103869181261,sl_eat_all_ssl_all,12,47,47054,600,50
11.254517164187806,2.606045022664336,3.6952509326343317,0.7743008046063415,sl_eat_all_ssl_all,12,48,48054,600,50
11.212383508347981,2.6041494398255898,3.880497897924168,0.7477204611306358,sl_eat_all_ssl_all,12,49,49054,600,50
17.146484940524054,6.416481891014087,4.40831977821686,0.9783622916833451,sl_eat_bio_ssl_all,0,0,42,600,50
17.257853515387062,6.584892104945648,3.4246766844878063,0.8214919357613608,sl_eat_bio_ssl_all,0,1,1042,600,50
17.130725614561687,6.436074482002922,3.904843203911642,0.8793216346792363,sl_eat_bio_ssl_all,0,2,2042,600,50
17.74427308454133,6.66222152697661,3.8614465540295555,0.8207030084234741,sl_eat_bio_ssl_all,0,3,3042,600,50
17.148392785751334,6.4690833800170084,5.259108282549096,0.8962719358245741,sl_eat_bio_ssl_all,0,4,4042,600,50
17.477700126781865,6.502781493667183,5.075244179732974,0.8249304530034853,sl_eat_bio_ssl_all,0,5,5042,600,50
17.099926283631557,6.437593688057533,4.158203881856969,0.9054702554855977,sl_eat_bio_ssl_all,0,6,6042,600,50
17.340195325673665,6.496337950231731,4.153150615557447,0.973299863797707,sl_eat_bio_ssl_all,0,7,7042,600,50
17.37601247845215,6.476696612447818,4.200777219248615,0.9521842687416079,sl_eat_bio_ssl_all,0,8,8042,600,50
17.424469308173954,6.5041915923136235,4.3955640468683495,0.8560289972205499,sl_eat_bio_ssl_all,0,9,9042,600,50
17.727704982107003,6.585179282424428,4.924948465970839,0.883876212252414,sl_eat_bio_ssl_all,0,10,10042,600,50
17.372822688251574,6.529317838403361,4.387110122449265,0.8959278587257102,sl_eat_bio_ssl_all,0,11,11042,600,50
16.9744320021781,6.4084302069744465,4.70807292134464,0.9437509234983376,sl_eat_bio_ssl_all,0,12,12042,600,50
17.608923688771153,6.551155499557254,4.8757918483013,0.9671925784499693,sl_eat_bio_ssl_all,0,13,13042,600,50
17.462048760126926,6.559820721059386,4.091644310259711,0.8788618864152486,sl_eat_bio_ssl_all,0,14,14042,600,50
17.27281501827506,6.47698180469162,3.9749890824127703,0.8923469664349014,sl_eat_bio_ssl_all,0,15,15042,600,50
17.417631648712558,6.5671918127896625,4.366838281534194,0.8801746111176941,sl_eat_bio_ssl_all,0,16,16042,600,50
17.367098395793057,6.577709183155831,3.9725885272499637,0.8777038696863148,sl_eat_bio_ssl_all,0,17,17042,600,50
17.157209298245668,6.471546660476427,3.936448779985609,0.8795980113220029,sl_eat_bio_ssl_all,0,18,18042,600,50
17.12936222780121,6.435199189462514,4.386245919061574,0.9668911282290239,sl_eat_bio_ssl_all,0,19,19042,600,50
17.106694442694902,6.454565425227123,3.799713497041741,0.8840570166483728,sl_eat_bio_ssl_all,0,20,20042,600,50
17.507673324455574,6.589043418667778,4.4330143600359975,0.874372737201505,sl_eat_bio_ssl_all,0,21,21042,600,50
17.686502300624444,6.5904349485057505,4.956846947831008,0.8554950475458767,sl_eat_bio_ssl_all,0,22,22042,600,50
17.43757411340281,6.50988770945476,4.540583011097411,0.8856738173951001,sl_eat_bio_ssl_all,0,23,23042,600,50
17.865377870143742,6.564550942362908,4.786715927591647,0.8934549619589948,sl_eat_bio_ssl_all,0,24,24042,600,50
17.236184326538034,6.403829242587883,5.275770225872435,0.8900991143589071,sl_eat_bio_ssl_all,0,25,25042,600,50
17.016081396626724,6.420405953757014,3.635494540977392,0.8932531240968608,sl_eat_bio_ssl_all,0,26,26042,600,50
17.07599409815166,6.455635211046984,4.162912096851064,0.9634706423073396,sl_eat_bio_ssl_all,0,27,27042,600,50
17.47784077127292,6.535769323601098,4.421029184907806,0.9509690037674936,sl_eat_bio_ssl_all,0,28,28042,600,50
17.073519021817265,6.410960930120789,4.691814281790758,0.9513195965282648,sl_eat_bio_ssl_all,0,29,29042,600,50
16.97705994775825,6.427910628401926,3.9152208630287157,0.9573144099135862,sl_eat_bio_ssl_all,0,30,30042,600,50
17.51070219617489,6.5313242411881465,5.012948922185037,0.8788087123375193,sl_eat_bio_ssl_all,0,31,31042,600,50
17.385859224126094,6.543377849433109,4.635029632767456,0.9010010580128563,sl_eat_bio_ssl_all,0,32,32042,600,50
16.76320699610835,6.33568114560104,4.276104316740146,0.9676008225002073,sl_eat_bio_ssl_all,0,33,33042,600,50
17.064099006243243,6.4301292619524055,4.577037712713228,0.9776357233305785,sl_eat_bio_ssl_all,0,34,34042,600,50
17.31249059020104,6.488999088535175,4.895282509094043,0.9769430710529117,sl_eat_bio_ssl_all,0,35,35042,600,50
17.269061830215772,6.455473618444944,4.486147824952492,0.960128069514249,sl_eat_bio_ssl_all,0,36,36042,600,50
17.352633483875834,6.520194308670688,4.151718207049562,0.9484814530104522,sl_eat_bio_ssl_all,0,37,37042,600,50
17.337657532772678,6.516756944843941,4.616755090306614,0.9175667468800907,sl_eat_bio_ssl_all,0,38,38042,600,50
17.520686374337938,6.527315915043894,4.757964141354567,0.906483874294647,sl_eat_bio_ssl_all,0,39,39042,600,50
17.57229092867382,6.620976087307478,4.621367630139035,0.8876821616265665,sl_eat_bio_ssl_all,0,40,40042,600,50
17.032858867075745,6.380547649144163,3.656572023030654,0.9792212154403528,sl_eat_bio_ssl_all,0,41,41042,600,50
17.002693082084196,6.377116668172541,4.81246413688762,0.8894258442887495,sl_eat_bio_ssl_all,0,42,42042,600,50
17.24320836373437,6.4831480141978775,4.769993973921361,0.9326054333827225,sl_eat_bio_ssl_all,0,43,43042,600,50
17.244045604668745,6.4132371805909685,4.689428273363617,0.9199562035536332,sl_eat_bio_ssl_all,0,44,44042,600,50
17.472492065163358,6.551184750262617,5.153328747844712,0.9422742438986305,sl_eat_bio_ssl_all,0,45,45042,600,50
17.338884450763857,6.536675986245832,3.962291318368984,0.9632877788194041,sl_eat_bio_ssl_all,0,46,46042,600,50
17.918842894510824,6.658942588718594,4.419685090688292,0.8034933119444243,sl_eat_bio_ssl_all,0,47,47042,600,50
17.46020194751206,6.5199611316585235,4.4047160076149465,0.8689959432820311,sl_eat_bio_ssl_all,0,48,48042,600,50
17.546781309909854,6.580120126090094,4.4961231156540515,0.9195799055740361,sl_eat_bio_ssl_all,0,49,49042,600,50
61.54980763797642,29.82797800189964,4.780397599616521,0.9159414428982007,sl_eat_bio_ssl_all,1,0,43,600,50
61.91374856690631,30.042255837026946,4.717877006367255,0.888683752566483,sl_eat_bio_ssl_all,1,1,1043,600,50
61.69809759666619,29.912876255935405,4.607463206486565,0.8832399289676195,sl_eat_bio_ssl_all,1,2,2043,600,50
62.2622182980001,30.079249727345548,3.859829077932484,0.8755972113291681,sl_eat_bio_ssl_all,1,3,3043,600,50
61.54455755815755,29.841645781227832,4.401592448014313,0.8783732690455361,sl_eat_bio_ssl_all,1,4,4043,600,50
61.73092740523914,29.891058387822124,4.773600639159717,0.8924308373648367,sl_eat_bio_ssl_all,1,5,5043,600,50
61.53515935379605,29.740856425089383,4.474363659494396,0.8848975780772372,sl_eat_bio_ssl_all,1,6,6043,600,50
61.11535301280874,29.577129677535964,4.692093319555017,0.8921600680657061,sl_eat_bio_ssl_all,1,7,7043,600,50
61.355442017741574,29.602534914012438,3.9925741052424186,0.8913217773320667,sl_eat_bio_ssl_all,1,8,8043,600,50
61.974505523144686,30.06007964738206,3.611448580441777,0.892547638564025,sl_eat_bio_ssl_all,1,9,9043,600,50
61.60071419431478,29.874885811289147,3.4651088175160303,0.883013393652013,sl_eat_bio_ssl_all,1,10,10043,600,50
61.69982665113945,29.77938718523662,4.554464410319539,0.8876854526719011,sl_eat_bio_ssl_all,1,11,11043,600,50
61.01844109756673,29.434620291373967,4.7544061993538245,0.8784736683290278,sl_eat_bio_ssl_all,1,12,12043,600,50
61.1741069150109,29.444000680218622,4.701558077524934,0.894685833378498,sl_eat_bio_ssl_all,1,13,13043,600,50
61.49742467970058,29.782530324936,4.205035553784277,0.8753790119408527,sl_eat_bio_ssl_all,1,14,14043,600,50
62.16535462643307,30.068051526887725,4.040139352307839,0.8821207270314027,sl_eat_bio_ssl_all,1,15,15043,600,50
62.29234185854809,30.146803922048537,4.558457606021097,0.8707603924602774,sl_eat_bio_ssl_all,1,16,16043,600,50
60.93432453410775,29.357185376496947,4.401018611931021,0.8850969514104889,sl_eat_bio_ssl_all,1,17,17043,600,50
62.16346498871874,30.095928478025446,4.4061647797595915,0.8736083438165256,sl_eat_bio_ssl_all,1,18,18043,600,50
61.458307065188485,29.79329193207186,4.5699892641941595,0.8774784413141404,sl_eat_bio_ssl_all,1,19,19043,600,50
62.1334113722906,30.124483518005007,4.327625612151279,0.8855927785745525,sl_eat_bio_ssl_all,1,20,20043,600,50
62.347780901445525,30.272622803243806,4.9625136932440475,0.8810873641284986,sl_eat_bio_ssl_all,1,21,21043,600,50
62.01692640532109,30.0530951870902,4.370586322673243,0.9053925112890875,sl_eat_bio_ssl_all,1,22,22043,600,50
62.41354664347138,30.146911535968137,3.6162797421539508,0.8824745823801786,sl_eat_bio_ssl_all,1,23,23043,600,50
61.50252687346751,29.80513214194234,4.992955440788744,0.8813741607883692,sl_eat_bio_ssl_all,1,24,24043,600,50
61.62137419517812,29.910055093790735,3.74335696705787,0.8822312662969395,sl_eat_bio_ssl_all,1,25,25043,600,50
61.79466008722827,29.730829967032662,4.212024233012417,0.8858414459093711,sl_eat_bio_ssl_all,1,26,26043,600,50
62.0899845525887,30.008419684678266,4.1494545952194075,0.8871293890952312,sl_eat_bio_ssl_all,1,27,27043,600,50
61.37110174936797,29.584999380932246,4.838095749816526,0.8853441120040809,sl_eat_bio_ssl_all,1,28,28043,600,50
61.23083308728815,29.664854838176577,4.919568974100334,0.9034606549343648,sl_eat_bio_ssl_all,1,29,29043,600,50
62.523097387757545,30.318930451690637,3.9485197240832353,0.8855695056362665,sl_eat_bio_ssl_all,1,30,30043,600,50
61.165967841646314,29.60973561585634,3.7449445393818768,0.8802852468437841,sl_eat_bio_ssl_all,1,31,31043,600,50
61.50467528287408,29.727702521866856,5.240688105458324,0.8945964830731293,sl_eat_bio_ssl_all,1,32,32043,600,50
62.247489776942665,30.11185885599501,4.528310706982134,0.8852218717087794,sl_eat_bio_ssl_all,1,33,33043,600,50
61.437176267951436,29.78076523940779,4.069968181385721,0.8801085660876158,sl_eat_bio_ssl_all,1,34,34043,600,50
61.59195078223329,29.88344450950551,4.812142047134473,0.8880377406518412,sl_eat_bio_ssl_all,1,35,35043,600,50
61.971244838761564,30.017557528521213,4.996880243931995,0.8865411808980651,sl_eat_bio_ssl_all,1,36,36043,600,50
61.75065950913826,29.86934584748627,4.331033570193725,0.8793006031327207,sl_eat_bio_ssl_all,1,37,37043,600,50
61.32649433834182,29.603309158304146,5.1709894347797025,0.8947574558499815,sl_eat_bio_ssl_all,1,38,38043,600,50
61.54521462787487,29.710203916542778,4.271678825808246,0.8991731453430442,sl_eat_bio_ssl_all,1,39,39043,600,50
61.30029338579568,29.621581490820866,4.259729569199693,0.8871077436134112,sl_eat_bio_ssl_all,1,40,40043,600,50
62.542453890839894,30.37328576064073,3.924162102513079,0.8693099273666283,sl_eat_bio_ssl_all,1,41,41043,600,50
62.130369689169356,30.08530369323131,4.217344024997068,0.8898475874571717,sl_eat_bio_ssl_all,1,42,42043,600,50
61.83117584640794,30.010111854216333,4.862186155783276,0.8814759138795243,sl_eat_bio_ssl_all,1,43,43043,600,50
60.99588689616134,29.560551066773932,4.591286568392728,0.8803208400457937,sl_eat_bio_ssl_all,1,44,44043,600,50
61.74698128924919,29.90492164954984,4.021446086874558,0.8766571520000748,sl_eat_bio_ssl_all,1,45,45043,600,50
62.09570069854741,30.0772200104671,3.994673351181363,0.8824997138400249,sl_eat_bio_ssl_all,1,46,46043,600,50
62.15396679734775,30.196715962071668,5.089116765908518,0.8868214543862336,sl_eat_bio_ssl_all,1,47,47043,600,50
61.84697749061042,29.923315233532062,4.344022633667714,0.8815971659309862,sl_eat_bio_ssl_all,1,48,48043,600,50
61.58313489988099,29.89649771350794,4.441197444111128,0.8823530394488459,sl_eat_bio_ssl_all,1,49,49043,600,50
102.47285523972434,55.63587688790218,4.685025714634399,0.7993880921270412,sl_eat_bio_ssl_all,2,0,44,600,50
102.64631775305864,56.22191022155351,5.189801125153019,0.8207828680797021,sl_eat_bio_ssl_all,2,1,1044,600,50
102.62731502221803,55.77746955166061,4.887989782123459,0.7614910514352924,sl_eat_bio_ssl_all,2,2,2044,600,50
102.10896627508622,55.286768842831684,5.279784359313502,0.803630520589045,sl_eat_bio_ssl_all,2,3,3044,600,50
102.77026495752797,56.07494023314193,5.558367193857002,0.8103783579843817,sl_eat_bio_ssl_all,2,4,4044,600,50
103.10752814216443,56.40287864768075,5.539111358060104,0.8120114896008914,sl_eat_bio_ssl_all,2,5,5044,600,50
103.43622514271566,56.6202565085735,5.259823162481822,0.7831554627505357,sl_eat_bio_ssl_all,2,6,6044,600,50
103.9633242160864,57.14366063486288,5.169183246291344,0.779541366688521,sl_eat_bio_ssl_all,2,7,7044,600,50
102.437758053939,56.07131681671859,5.414560899145214,0.8010544174911957,sl_eat_bio_ssl_all,2,8,8044,600,50
101.90114691727614,55.15533290152093,4.591547550999003,0.8155659793729748,sl_eat_bio_ssl_all,2,9,9044,600,50
103.02830788169942,56.37182427201034,5.378671444559244,0.813550117051196,sl_eat_bio_ssl_all,2,10,10044,600,50
103.12044600901,56.58822024409207,4.8236105374361635,0.8056248311704272,sl_eat_bio_ssl_all,2,11,11044,600,50
102.50271647490399,56.05708308989663,4.766523864040883,0.8069898127599326,sl_eat_bio_ssl_all,2,12,12044,600,50
102.39868222775935,55.56084711207591,5.3971429359509635,0.8291147502479325,sl_eat_bio_ssl_all,2,13,13044,600,50
101.43934029808956,55.16069523672205,4.917478452873083,0.7641689796775272,sl_eat_bio_ssl_all,2,14,14044,600,50
102.50689953257881,55.648311068327146,4.772139111196484,0.779806944846339,sl_eat_bio_ssl_all,2,15,15044,600,50
102.83663563430468,56.2768818538304,5.859102383443947,0.8135876372307435,sl_eat_bio_ssl_all,2,16,16044,600,50
102.48314505751233,55.83269654659554,4.21897355876059,0.8079446822318133,sl_eat_bio_ssl_all,2,17,17044,600,50
102.87503389668409,56.167195352091866,4.568804824063521,0.7971912657198403,sl_eat_bio_ssl_all,2,18,18044,600,50
103.80117866236954,57.03317158962283,5.577195249425141,0.8013072166798233,sl_eat_bio_ssl_all,2,19,19044,600,50
103.20582749783784,56.658099999204055,5.79387592337029,0.8317899559725432,sl_eat_bio_ssl_all,2,20,20044,600,50
102.8704635202133,56.46356723426262,5.536650414392796,0.8061286943585932,sl_eat_bio_ssl_all,2,21,21044,600,50
103.63272320621041,56.96095412287059,5.081533420656695,0.8123318722202477,sl_eat_bio_ssl_all,2,22,22044,600,50
103.39199945644062,56.72138690850056,4.924296949117696,0.8063165932831087,sl_eat_bio_ssl_all,2,23,23044,600,50
102.66073872941993,56.44166115513241,4.9061370540097675,0.8009761186765945,sl_eat_bio_ssl_all,2,24,24044,600,50
101.32325548749576,54.619588224195915,4.899494444908673,0.8131037581082193,sl_eat_bio_ssl_all,2,25,25044,600,50
102.26306102534875,55.36715580854515,4.751604157865084,0.7752091814011202,sl_eat_bio_ssl_all,2,26,26044,600,50
101.79932844561962,55.418686130681756,5.63163973992578,0.8286550509228696,sl_eat_bio_ssl_all,2,27,27044,600,50
103.10714072170407,56.677514340502924,4.71860520073041,0.7936813625721473,sl_eat_bio_ssl_all,2,28,28044,600,50
102.89420140258837,56.54071045131564,5.6489431365524325,0.8299440342730889,sl_eat_bio_ssl_all,2,29,29044,600,50
102.62485628964644,56.138511050858796,4.7655730471039615,0.8191927627380451,sl_eat_bio_ssl_all,2,30,30044,600,50
101.67347522677986,54.76794301719545,4.8791291359028355,0.8136916385165215,sl_eat_bio_ssl_all,2,31,31044,600,50
102.51796675081523,55.55591013227766,4.489658841775691,0.805564376046323,sl_eat_bio_ssl_all,2,32,32044,600,50
101.61585163458244,55.279871642656964,4.592873011173241,0.7980961106091045,sl_eat_bio_ssl_all,2,33,33044,600,50
103.10403358942246,56.43016782592662,4.822065016718622,0.8148597270588589,sl_eat_bio_ssl_all,2,34,34044,600,50
103.30168615177277,56.695180392671105,5.313369642336342,0.7815100963646823,sl_eat_bio_ssl_all,2,35,35044,600,50
101.96130407554509,55.70886321122357,4.6751990719925915,0.8457869166895302,sl_eat_bio_ssl_all,2,36,36044,600,50
102.62721624566744,56.04429958333932,5.287511101394402,0.810453570590951,sl_eat_bio_ssl_all,2,37,37044,600,50
102.3236337804989,55.57764084885007,5.605958354285877,0.7960670395823157,sl_eat_bio_ssl_all,2,38,38044,600,50
102.32755644345168,55.604671386208494,4.4682601898693495,0.8147793840410958,sl_eat_bio_ssl_all,2,39,39044,600,50
102.19949594739415,55.68216368025656,4.970202429721386,0.8104555688675557,sl_eat_bio_ssl_all,2,40,40044,600,50
102.5597214113356,55.81452553302259,5.575235821582159,0.7826427993624986,sl_eat_bio_ssl_all,2,41,41044,600,50
102.14487559580637,55.57206511062071,4.925333669200135,0.8058479818567041,sl_eat_bio_ssl_all,2,42,42044,600,50
102.3653937191563,55.67185118256206,4.665375933195113,0.8127567046216825,sl_eat_bio_ssl_all,2,43,43044,600,50
103.00918691165013,56.553223131848526,4.424985499472318,0.8071045283139295,sl_eat_bio_ssl_all,2,44,44044,600,50
103.79535143116364,56.875521084652135,4.936442855515911,0.8054425650443864,sl_eat_bio_ssl_all,2,45,45044,600,50
103.22069298424967,56.25325437044723,5.45423892800397,0.8045423701719866,sl_eat_bio_ssl_all,2,46,46044,600,50
103.52398648363388,56.87128849649073,5.219594819741341,0.7801163792278426,sl_eat_bio_ssl_all,2,47,47044,600,50
101.6672586850327,55.373796192578844,4.321964000189097,0.7797286181232953,sl_eat_bio_ssl_all,2,48,48044,600,50
102.87813028300204,56.093956853397906,4.732527329110143,0.8112819835929439,sl_eat_bio_ssl_all,2,49,49044,600,50
133.49241986060528,71.4397796288476,4.456958881452376,0.8206724468624114,sl_eat_bio_ssl_all,3,0,45,600,50
134.16387179027336,72.38018685901417,4.936980827929595,0.828980700633608,sl_eat_bio_ssl_all,3,1,1045,600,50
133.42896979285067,71.23040111877717,5.139401326081289,0.8155492483396716,sl_eat_bio_ssl_all,3,2,2045,600,50
133.38722504923348,71.4169898997678,4.5965666808569035,0.7955166277204622,sl_eat_bio_ssl_all,3,3,3045,600,50
132.87920935898737,71.26907052339003,5.043430838799189,0.8223819775598269,sl_eat_bio_ssl_all,3,4,4045,600,50
133.40634088194406,71.7656349729428,5.392457603066159,0.7650971691386024,sl_eat_bio_ssl_all,3,5,5045,600,50
134.0669196805489,72.30787620863954,4.962565935036726,0.7854708273643467,sl_eat_bio_ssl_all,3,6,6045,600,50
134.87223011522627,72.47656475393381,4.127267479060637,0.8131264496686137,sl_eat_bio_ssl_all,3,7,7045,600,50
134.94847464077438,72.74072809520432,4.998593622443216,0.7888002267305559,sl_eat_bio_ssl_all,3,8,8045,600,50
132.92683439489045,70.8541326597064,5.064161119551003,0.7823037999036986,sl_eat_bio_ssl_all,3,9,9045,600,50
134.4012609529567,72.73090738759197,6.3977447646546475,0.8169324642503998,sl_eat_bio_ssl_all,3,10,10045,600,50
132.99144620501696,71.32706147020045,5.550748593088991,0.8056170903526144,sl_eat_bio_ssl_all,3,11,11045,600,50
133.7923529460753,71.78438841564915,5.019224049106904,0.7836106350501917,sl_eat_bio_ssl_all,3,12,12045,600,50
134.3323188663353,72.2890549344345,5.6276785275756085,0.7953446639649883,sl_eat_bio_ssl_all,3,13,13045,600,50
134.49751214602531,71.83214489041109,4.33744502758514,0.8152499095444886,sl_eat_bio_ssl_all,3,14,14045,600,50
134.18340682492916,72.02453284699496,4.945479795025037,0.7764767949843893,sl_eat_bio_ssl_all,3,15,15045,600,50
134.06248760211383,72.08897374099791,4.159931670755096,0.8139450967000474,sl_eat_bio_ssl_all,3,16,16045,600,50
133.06948548269267,70.81695407018147,4.253518275107033,0.8131011047870202,sl_eat_bio_ssl_all,3,17,17045,600,50
133.6722350547855,71.70442119238903,4.63585862704473,0.8155540374905558,sl_eat_bio_ssl_all,3,18,18045,600,50
134.08562146915816,72.18882374141529,5.566845836651326,0.8047639833039101,sl_eat_bio_ssl_all,3,19,19045,600,50
134.16735587768048,72.25478082673213,5.160283865251003,0.7803393430976139,sl_eat_bio_ssl_all,3,20,20045,600,50
134.20767964802775,72.05024637438365,5.706596902454675,0.7849084371974826,sl_eat_bio_ssl_all,3,21,21045,600,50
134.31778737764483,72.21508389842774,4.269089403446373,0.8043852086018367,sl_eat_bio_ssl_all,3,22,22045,600,50
134.36458364867838,72.18546479289923,4.969593569393029,0.7471460411979997,sl_eat_bio_ssl_all,3,23,23045,600,50
134.62357836848432,72.36534876724185,4.673187776799085,0.8144594819582034,sl_eat_bio_ssl_all,3,24,24045,600,50
133.30094404908294,71.37813250905984,4.575701366585261,0.8039863937966967,sl_eat_bio_ssl_all,3,25,25045,600,50
133.453533052445,71.57086043592736,4.896105197547189,0.8174891660782885,sl_eat_bio_ssl_all,3,26,26045,600,50
133.71121007243912,71.93021947955384,5.105142334034965,0.8048340244923358,sl_eat_bio_ssl_all,3,27,27045,600,50
133.28305524461555,71.28761744710442,4.547952306161764,0.7932366214988376,sl_eat_bio_ssl_all,3,28,28045,600,50
133.9709030410795,72.09754733642579,5.331639019484833,0.7907844423095324,sl_eat_bio_ssl_all,3,29,29045,600,50
134.14352539931576,71.74107506925107,5.516287304301069,0.8219873185163872,sl_eat_bio_ssl_all,3,30,30045,600,50
134.81678571079988,72.66393772783438,5.585391511697456,0.7755476124964562,sl_eat_bio_ssl_all,3,31,31045,600,50
133.3189574832067,71.0725766009703,5.518977421314149,0.8070730239429308,sl_eat_bio_ssl_all,3,32,32045,600,50
133.7157154471246,71.60933203240793,5.562819625128343,0.8283289135557134,sl_eat_bio_ssl_all,3,33,33045,600,50
134.11339025843316,72.25908770723333,4.201171294090053,0.7840821570671286,sl_eat_bio_ssl_all,3,34,34045,600,50
133.97576848181308,71.84920857584422,4.174425254758809,0.8209381369049644,sl_eat_bio_ssl_all,3,35,35045,600,50
133.40142372622316,71.37020306394624,4.58046467340596,0.8339634020221226,sl_eat_bio_ssl_all,3,36,36045,600,50
132.57211584725735,70.69665611521246,5.619501330529197,0.8095563207499646,sl_eat_bio_ssl_all,3,37,37045,600,50
133.90600743243576,71.9871198467813,5.342231700903668,0.7883167393574266,sl_eat_bio_ssl_all,3,38,38045,600,50
135.32702231184862,72.73850512304597,4.700578917324104,0.7971230990894138,sl_eat_bio_ssl_all,3,39,39045,600,50
134.54032095399114,72.20147020822245,4.2701250876944545,0.8130918615353846,sl_eat_bio_ssl_all,3,40,40045,600,50
132.74369809343784,70.8115550243079,5.043874167510402,0.8379275567032225,sl_eat_bio_ssl_all,3,41,41045,600,50
135.3286060417823,73.4483915673247,4.804835197369075,0.8148156641445403,sl_eat_bio_ssl_all,3,42,42045,600,50
134.8259312423828,72.52112940930519,4.189336052628486,0.8304904970227215,sl_eat_bio_ssl_all,3,43,43045,600,50
133.56928426285762,71.27659017930236,4.860354639665373,0.7969730458575436,sl_eat_bio_ssl_all,3,44,44045,600,50
135.2532397233871,72.8650808759655,5.435726074483454,0.7717448991065874,sl_eat_bio_ssl_all,3,45,45045,600,50
134.4520602953054,72.3718980581338,4.46063177566396,0.8332104897800541,sl_eat_bio_ssl_all,3,46,46045,600,50
133.56023234907417,71.78918788438061,5.807398626758966,0.7495087026727505,sl_eat_bio_ssl_all,3,47,47045,600,50
134.70710973819138,72.51496134189314,5.4213122659446515,0.8020564184900835,sl_eat_bio_ssl_all,3,48,48045,600,50
134.0393023645578,72.12474651025006,4.826038627535668,0.815783905911134,sl_eat_bio_ssl_all,3,49,49045,600,50
190.58262309543113,94.48504124006074,5.765980217113757,0.7390993529928841,sl_eat_bio_ssl_all,4,0,46,600,50
193.23109000558907,96.42293183292065,6.104900321457517,0.7787283163188737,sl_eat_bio_ssl_all,4,1,1046,600,50
192.79920544269405,96.46739121724362,5.455380547661984,0.7466553200646169,sl_eat_bio_ssl_all,4,2,2046,600,50
192.23468273024108,95.70273893741634,5.581518767860984,0.7227602321986193,sl_eat_bio_ssl_all,4,3,3046,600,50
190.56458436559228,93.89196707998194,4.448783060636849,0.7491829679117428,sl_eat_bio_ssl_all,4,4,4046,600,50
192.58822566223805,96.3738953613166,4.867778666653248,0.7571193035128753,sl_eat_bio_ssl_all,4,5,5046,600,50
190.77451937192058,94.30598890997891,5.295903961382363,0.72772006978407,sl_eat_bio_ssl_all,4,6,6046,600,50
190.22167050981776,94.43012439237715,5.532808626232775,0.7589738424984372,sl_eat_bio_ssl_all,4,7,7046,600,50
193.32351081614908,96.41605892679775,5.309830108489555,0.689142293036366,sl_eat_bio_ssl_all,4,8,8046,600,50
193.49358456252375,96.82245399080404,5.061007560040046,0.7371850646108458,sl_eat_bio_ssl_all,4,9,9046,600,50
192.0138806306975,95.26712782371463,5.001406388821268,0.7614766107118563,sl_eat_bio_ssl_all,4,10,10046,600,50
193.44184486706627,96.93155432872285,5.712368583011931,0.7350751186389074,sl_eat_bio_ssl_all,4,11,11046,600,50
193.48613743517808,96.88303108238264,4.952356844813024,0.6972060955880148,sl_eat_bio_ssl_all,4,12,12046,600,50
192.8826770856781,96.01688469050065,5.233618834007326,0.7335378679969201,sl_eat_bio_ssl_all,4,13,13046,600,50
191.2213586080305,94.99257944575065,4.960827885251543,0.7158843027627653,sl_eat_bio_ssl_all,4,14,14046,600,50
192.20765860729716,95.79585021532722,4.649449478975246,0.7220491220530356,sl_eat_bio_ssl_all,4,15,15046,600,50
192.52279449913655,95.5654572901173,5.152824465795145,0.7040779822499461,sl_eat_bio_ssl_all,4,16,16046,600,50
189.93296444197873,93.80416744110308,5.531893303239547,0.7254806661836412,sl_eat_bio_ssl_all,4,17,17046,600,50
189.91929164874404,93.83566864101999,4.493514887473229,0.7455209343510585,sl_eat_bio_ssl_all,4,18,18046,600,50
191.9163108013213,95.19374414323734,5.241356661218642,0.7105374706326972,sl_eat_bio_ssl_all,4,19,19046,600,50
191.75302974009767,95.93646748071671,5.7625641628515,0.7621091457279038,sl_eat_bio_ssl_all,4,20,20046,600,50
194.65844418368616,97.90920651691094,4.768445990903565,0.7267337933464082,sl_eat_bio_ssl_all,4,21,21046,600,50
192.97885292956448,95.98958890068984,5.2853620101212755,0.7397373352362832,sl_eat_bio_ssl_all,4,22,22046,600,50
190.92409982468138,94.98012750039732,4.268224488021746,0.7282776762899406,sl_eat_bio_ssl_all,4,23,23046,600,50
192.41831354436937,96.17327674541565,5.432474343588448,0.7483694538296771,sl_eat_bio_ssl_all,4,24,24046,600,50
191.15832988795944,94.70790435637299,4.926084656661815,0.7458421415635291,sl_eat_bio_ssl_all,4,25,25046,600,50
192.42053195587627,96.76479547270645,5.082603886844902,0.7559876226401284,sl_eat_bio_ssl_all,4,26,26046,600,50
190.4845365064728,94.69163978821672,5.2899081160659644,0.7583056722734892,sl_eat_bio_ssl_all,4,27,27046,600,50
192.25285730373344,96.02827151520928,4.452029350584059,0.7786429522411354,sl_eat_bio_ssl_all,4,28,28046,600,50
194.06081964132636,97.65325568062259,4.820843980931396,0.7741096881344576,sl_eat_bio_ssl_all,4,29,29046,600,50
192.07916727646315,96.2175314973855,6.058126317597469,0.78853047252749,sl_eat_bio_ssl_all,4,30,30046,600,50
193.19232072953338,96.53406399287243,5.817970355034483,0.7709150587887205,sl_eat_bio_ssl_all,4,31,31046,600,50
191.6631209497158,94.72782858493304,5.085405285183359,0.742576681389917,sl_eat_bio_ssl_all,4,32,32046,600,50
194.60572869685686,97.81283944614276,4.7041681701415365,0.7571144283775963,sl_eat_bio_ssl_all,4,33,33046,600,50
191.2610726775673,94.87941119485414,5.46415902941032,0.7584288761049102,sl_eat_bio_ssl_all,4,34,34046,600,50
194.13089625555418,97.60895650342474,4.172761802200355,0.7739549900067684,sl_eat_bio_ssl_all,4,35,35046,600,50
192.64848606089407,96.07670046423739,6.112704303915656,0.7640537965501728,sl_eat_bio_ssl_all,4,36,36046,600,50
191.00972901488936,95.17955846115382,4.407681420750689,0.7049993836947019,sl_eat_bio_ssl_all,4,37,37046,600,50
191.3269932507014,94.94660101791621,5.0834720459938545,0.7682592342410601,sl_eat_bio_ssl_all,4,38,38046,600,50
192.29841740994195,95.90799113667639,4.709123592349554,0.7373766442955657,sl_eat_bio_ssl_all,4,39,39046,600,50
192.1391094439975,95.42548688540792,5.054103120900518,0.7190088250590279,sl_eat_bio_ssl_all,4,40,40046,600,50
191.75614919399376,95.70649485045864,4.725566233195618,0.781846701595038,sl_eat_bio_ssl_all,4,41,41046,600,50
193.35081711710072,97.0577998305321,5.079786509089939,0.7487837577410146,sl_eat_bio_ssl_all,4,42,42046,600,50
193.8961415709067,97.34286872814623,5.395672959192311,0.7063786674101654,sl_eat_bio_ssl_all,4,43,43046,600,50
194.54814908933966,97.57666644744018,6.025176065534496,0.7534320996136945,sl_eat_bio_ssl_all,4,44,44046,600,50
191.82864660351328,95.64324535268483,4.692564724568121,0.7362065399106379,sl_eat_bio_ssl_all,4,45,45046,600,50
192.64842525817076,96.24810973280337,5.473711465422414,0.7278576259425791,sl_eat_bio_ssl_all,4,46,46046,600,50
194.63911435542636,97.80040382400317,5.853552952518254,0.7652956934769817,sl_eat_bio_ssl_all,4,47,47046,600,50
191.4792520221087,95.10790055602894,4.417293611495296,0.7376504037975523,sl_eat_bio_ssl_all,4,48,48046,600,50
195.11753766928663,97.62741821277282,5.295070470231273,0.7145136651000278,sl_eat_bio_ssl_all,4,49,49046,600,50
254.90268332251227,120.14933582762028,4.6391929738445405,0.7122223580376927,sl_eat_bio_ssl_all,5,0,47,600,50
253.5223408803181,119.7785808249584,5.706475013830927,0.7094824934867374,sl_eat_bio_ssl_all,5,1,1047,600,50
251.44963203338514,117.70804301871982,5.414299844321566,0.6998476360846482,sl_eat_bio_ssl_all,5,2,2047,600,50
255.80410529446073,121.99653979270582,4.4926383261247365,0.7390965845147635,sl_eat_bio_ssl_all,5,3,3047,600,50
255.12223589874623,120.89644626494245,4.646287719445939,0.7334723727630073,sl_eat_bio_ssl_all,5,4,4047,600,50
254.01968868318022,120.40882033929557,4.367346226265895,0.7258016833962022,sl_eat_bio_ssl_all,5,5,5047,600,50
252.0089917086564,118.4209583450428,4.250614615688009,0.7225834492459776,sl_eat_bio_ssl_all,5,6,6047,600,50
253.85699186909628,120.25776973786436,4.659162480903637,0.7118489979986633,sl_eat_bio_ssl_all,5,7,7047,600,50
255.2369333246958,121.13661326953508,4.945903382556914,0.7320760566759089,sl_eat_bio_ssl_all,5,8,8047,600,50
257.1254947397682,122.06580317178721,5.138182232676563,0.7374396759906902,sl_eat_bio_ssl_all,5,9,9047,600,50
252.25970557884736,117.62423792148832,5.174990862371553,0.7479872674475144,sl_eat_bio_ssl_all,5,10,10047,600,50
253.58996900287997,119.70376926806317,4.302411381770274,0.7412699716644282,sl_eat_bio_ssl_all,5,11,11047,600,50
252.54453796149207,119.19258904019178,4.421968342193271,0.7297020870930535,sl_eat_bio_ssl_all,5,12,12047,600,50
253.3006032110613,119.96444293115417,4.512775984022893,0.7277109834697598,sl_eat_bio_ssl_all,5,13,13047,600,50
251.72795944315928,118.46079394264417,4.146348137767062,0.7189851849480771,sl_eat_bio_ssl_all,5,14,14047,600,50
254.22340748803566,120.18844134913512,3.821342611111628,0.7047911439052582,sl_eat_bio_ssl_all,5,15,15047,600,50
254.55756960741738,120.15435578718754,4.341506227816173,0.7310861524076742,sl_eat_bio_ssl_all,5,16,16047,600,50
254.48902802128148,120.76842672365997,3.9753695072936956,0.7219719833240477,sl_eat_bio_ssl_all,5,17,17047,600,50
253.38120745172202,119.79899717505516,5.371739668591149,0.750621693447701,sl_eat_bio_ssl_all,5,18,18047,600,50
253.04133083711628,119.09413992324204,5.019869078869351,0.7374813518687968,sl_eat_bio_ssl_all,5,19,19047,600,50
253.10922737913137,119.21063375466433,4.431679798839474,0.7243565422164879,sl_eat_bio_ssl_all,5,20,20047,600,50
254.43509240182775,120.40333277759775,4.164894958663671,0.7346107681807212,sl_eat_bio_ssl_all,5,21,21047,600,50
256.71760311344514,122.25785525440203,4.460481799203648,0.7221924406764575,sl_eat_bio_ssl_all,5,22,22047,600,50
255.96945784407768,121.68825482990418,4.672811680550515,0.7111562307034834,sl_eat_bio_ssl_all,5,23,23047,600,50
252.02854638927957,118.40892409677019,5.047108230845284,0.7221608537919589,sl_eat_bio_ssl_all,5,24,24047,600,50
256.3008696781935,122.24697226760652,4.6482793289399975,0.7443676114889426,sl_eat_bio_ssl_all,5,25,25047,600,50
254.03839351329475,119.95885859564191,4.241239357743352,0.7526233110663032,sl_eat_bio_ssl_all,5,26,26047,600,50
254.3357895282948,119.99539543641971,4.629151223629273,0.7515621537876047,sl_eat_bio_ssl_all,5,27,27047,600,50
254.97475445241741,120.67830820663247,3.884809317121957,0.7287550889780667,sl_eat_bio_ssl_all,5,28,28047,600,50
256.8171743014262,121.83497558557636,4.606880300249607,0.7205745605354089,sl_eat_bio_ssl_all,5,29,29047,600,50
253.46352679547712,119.64677710599668,4.556021455104272,0.7270578215871315,sl_eat_bio_ssl_all,5,30,30047,600,50
253.8187761077671,120.04216731326433,4.94341952519512,0.7524950653311959,sl_eat_bio_ssl_all,5,31,31047,600,50
254.21363097802788,119.69407600054939,5.533366085907694,0.7537766192866594,sl_eat_bio_ssl_all,5,32,32047,600,50
255.3799489815956,120.52914033400906,4.974746187653678,0.7425738338761682,sl_eat_bio_ssl_all,5,33,33047,600,50
253.2828232353461,118.81718951189528,5.294333973586649,0.7272169164487088,sl_eat_bio_ssl_all,5,34,34047,600,50
255.2015848710771,120.40899860903255,5.452396928302253,0.7421704097933152,sl_eat_bio_ssl_all,5,35,35047,600,50
253.8566394538913,119.80586893277396,4.235382461458029,0.7559505403315937,sl_eat_bio_ssl_all,5,36,36047,600,50
255.13913831206386,120.8488274040925,5.0738455095118535,0.7286206559001094,sl_eat_bio_ssl_all,5,37,37047,600,50
255.16732606348498,120.33837007906234,4.575832471632162,0.7368495746702124,sl_eat_bio_ssl_all,5,38,38047,600,50
254.22096983879845,120.11115579940176,4.981431509053929,0.7228832607953788,sl_eat_bio_ssl_all,5,39,39047,600,50
254.24104684907658,120.41981757514228,4.3136307220246985,0.7018744290600767,sl_eat_bio_ssl_all,5,40,40047,600,50
252.4911577535483,119.6491680124673,4.824377407419526,0.6920970252063502,sl_eat_bio_ssl_all,5,41,41047,600,50
255.98863972587918,121.62378238005991,5.061817709520996,0.734090336560212,sl_eat_bio_ssl_all,5,42,42047,600,50
255.62077170842767,120.95345883834271,4.648271908925969,0.7479110754619464,sl_eat_bio_ssl_all,5,43,43047,600,50
253.46320957921972,119.12698088776229,4.677573721837607,0.7298361118065841,sl_eat_bio_ssl_all,5,44,44047,600,50
254.4157350420378,120.18421841205017,3.7860790767357386,0.7201377556903527,sl_eat_bio_ssl_all,5,45,45047,600,50
251.88821008708797,118.55106013788964,3.9573308719095204,0.7505439663490889,sl_eat_bio_ssl_all,5,46,46047,600,50
251.6673774644453,118.02547397783928,5.244619489433521,0.7407750577323367,sl_eat_bio_ssl_all,5,47,47047,600,50
253.0738872371219,119.23812103169861,3.599315806953295,0.7461940782540613,sl_eat_bio_ssl_all,5,48,48047,600,50
250.51772799774008,116.72472849397626,5.488451248263435,0.728192822965595,sl_eat_bio_ssl_all,5,49,49047,600,50
312.12735357564645,149.8283681637595,4.090133653521467,0.617659644062978,sl_eat_bio_ssl_all,6,0,48,600,50
305.75266438443117,144.73000929917404,3.8651297246328284,0.6151607778991085,sl_eat_bio_ssl_all,6,1,1048,600,50
311.6053796527777,149.8875771877819,3.3557187289736508,0.628276953130383,sl_eat_bio_ssl_all,6,2,2048,600,50
312.1596952339462,150.37287004438326,3.5439713011286957,0.6636483203636319,sl_eat_bio_ssl_all,6,3,3048,600,50
309.3272851284333,147.264555006786,4.114070464330846,0.5896267103272379,sl_eat_bio_ssl_all,6,4,4048,600,50
310.9552919888711,148.0129542696675,4.150774132332632,0.5989786328680908,sl_eat_bio_ssl_all,6,5,5048,600,50
312.52303665741493,149.80586303082669,3.996614525074732,0.6295338294941761,sl_eat_bio_ssl_all,6,6,6048,600,50
311.7095089483071,149.4052395471429,4.235278735606892,0.6205667701698427,sl_eat_bio_ssl_all,6,7,7048,600,50
309.5969351271711,147.0144702563701,3.8070219904798783,0.6291654623595673,sl_eat_bio_ssl_all,6,8,8048,600,50
309.28856279273333,148.10994643374454,4.03717578368651,0.6375311346663797,sl_eat_bio_ssl_all,6,9,9048,600,50
306.4110128711482,144.46360741435342,3.7926510135160756,0.6527544009127552,sl_eat_bio_ssl_all,6,10,10048,600,50
310.7751280979136,147.4078958020369,4.812512336019546,0.6409967815739962,sl_eat_bio_ssl_all,6,11,11048,600,50
307.46163431274425,146.00230271090268,4.22525361392254,0.6122816027742315,sl_eat_bio_ssl_all,6,12,12048,600,50
309.3163445604062,146.16347240629457,4.108987298515364,0.6678234954864173,sl_eat_bio_ssl_all,6,13,13048,600,50
307.68529857050737,146.080102764023,4.3924522498085246,0.5788076318941553,sl_eat_bio_ssl_all,6,14,14048,600,50
308.8095483657471,146.2040249374658,4.512617796028549,0.6293312744807442,sl_eat_bio_ssl_all,6,15,15048,600,50
309.38010890121654,146.71991274919222,4.517951453409018,0.6316224048257754,sl_eat_bio_ssl_all,6,16,16048,600,50
307.19873365959114,145.73669457812812,3.80045158258889,0.6426580807614455,sl_eat_bio_ssl_all,6,17,17048,600,50
310.55641713769523,147.71400747699627,4.638833611650113,0.6363150799002806,sl_eat_bio_ssl_all,6,18,18048,600,50
311.57480024689164,149.09165215314027,4.548955635272355,0.6454386312503394,sl_eat_bio_ssl_all,6,19,19048,600,50
309.6524623311156,147.3969358824859,4.243809332958828,0.6532824941174826,sl_eat_bio_ssl_all,6,20,20048,600,50
310.0827067921225,147.5136115421519,3.9066341791924475,0.6512701708006261,sl_eat_bio_ssl_all,6,21,21048,600,50
308.4929043179548,146.9147631621825,4.100866803549027,0.6441674059161361,sl_eat_bio_ssl_all,6,22,22048,600,50
302.2116337633304,141.63572386531757,3.477515856120749,0.6147505845523512,sl_eat_bio_ssl_all,6,23,23048,600,50
309.59186683196026,147.70857440347157,3.8844134974090676,0.6252013476974215,sl_eat_bio_ssl_all,6,24,24048,600,50
311.24276538632444,149.2891787566041,3.6392231981397236,0.6098371125110009,sl_eat_bio_ssl_all,6,25,25048,600,50
311.1934144820876,148.31899388692133,4.318677757732945,0.6439368583612322,sl_eat_bio_ssl_all,6,26,26048,600,50
306.4284870176917,144.18849871172557,4.318689074133923,0.6425488496928606,sl_eat_bio_ssl_all,6,27,27048,600,50
310.4660212900891,148.3006032733769,4.215911426258138,0.6087607147301946,sl_eat_bio_ssl_all,6,28,28048,600,50
308.911141395792,145.86945947414813,3.641524209691273,0.6300290846596128,sl_eat_bio_ssl_all,6,29,29048,600,50
311.8097159324435,149.74157199242123,4.117457240572459,0.6378178874384269,sl_eat_bio_ssl_all,6,30,30048,600,50
310.21229976440713,147.42426045662293,4.159443530791249,0.6120247267837768,sl_eat_bio_ssl_all,6,31,31048,600,50
303.482867563781,141.93011463152763,3.5634509356265993,0.6188656726401515,sl_eat_bio_ssl_all,6,32,32048,600,50
313.5065057764949,149.90890344615275,4.6372035855200435,0.6108618293481763,sl_eat_bio_ssl_all,6,33,33048,600,50
308.17606515520356,146.0908207420496,3.5595409695365863,0.6216366208779978,sl_eat_bio_ssl_all,6,34,34048,600,50
312.5668401736842,150.1330970996277,4.286123142374186,0.6244637297279634,sl_eat_bio_ssl_all,6,35,35048,600,50
313.5352332575901,150.3976962356953,4.4432524616402755,0.6198881440997533,sl_eat_bio_ssl_all,6,36,36048,600,50
312.02260248116016,149.87421918989955,4.380290691152816,0.6557042730674716,sl_eat_bio_ssl_all,6,37,37048,600,50
308.5669142552768,146.47668629120025,3.747359740740203,0.6290537288352847,sl_eat_bio_ssl_all,6,38,38048,600,50
308.80636395329634,146.49056877881864,4.619220471078211,0.6347289898604438,sl_eat_bio_ssl_all,6,39,39048,600,50
311.90175535701957,149.7576751303562,4.442156856136009,0.6429252670335559,sl_eat_bio_ssl_all,6,40,40048,600,50
304.52856164725637,143.61569712610918,3.5907218365173406,0.6377610055880787,sl_eat_bio_ssl_all,6,41,41048,600,50
306.6659707564961,144.54645235445614,3.5784882751641867,0.636918092467109,sl_eat_bio_ssl_all,6,42,42048,600,50
313.91319788689077,150.92924629323767,4.133895887837122,0.6119318547677659,sl_eat_bio_ssl_all,6,43,43048,600,50
310.7526044357073,148.80621767502745,3.859741781091426,0.6440838422299615,sl_eat_bio_ssl_all,6,44,44048,600,50
312.01531347947764,150.39371176712675,4.077036852221235,0.629688585991659,sl_eat_bio_ssl_all,6,45,45048,600,50
310.7775250327869,148.72272104208298,4.306863664737165,0.6307962718882953,sl_eat_bio_ssl_all,6,46,46048,600,50
311.52565794798045,149.1581979283284,4.754234033320854,0.630640091368331,sl_eat_bio_ssl_all,6,47,47048,600,50
305.0784201429151,144.08939411740178,3.5391027451043535,0.5946233819094666,sl_eat_bio_ssl_all,6,48,48048,600,50
310.2450500957864,148.99765299246667,3.4752153714355547,0.6359500590601703,sl_eat_bio_ssl_all,6,49,49048,600,50
337.353060556307,162.1703669538752,3.704511594330714,0.5827482679027995,sl_eat_bio_ssl_all,7,0,49,600,50
338.40730890695716,163.47499793319633,4.571000505882204,0.5747022163779602,sl_eat_bio_ssl_all,7,1,1049,600,50
338.05503327533535,161.46783676243484,3.9461317288899567,0.5758152121646379,sl_eat_bio_ssl_all,7,2,2049,600,50
339.43768143748565,163.5198940695612,3.9313922014202176,0.57344755462151,sl_eat_bio_ssl_all,7,3,3049,600,50
341.4178670150626,165.49167886275163,4.021232668894293,0.5727575893039675,sl_eat_bio_ssl_all,7,4,4049,600,50
339.1070516315598,163.63546125316768,3.6250638844976657,0.5844750576668227,sl_eat_bio_ssl_all,7,5,5049,600,50
338.0773512713928,163.35718707338953,3.589760333090998,0.5704587625100983,sl_eat_bio_ssl_all,7,6,6049,600,50
332.74803069549813,158.9346608681341,3.4989069007878464,0.557233899544258,sl_eat_bio_ssl_all,7,7,7049,600,50
337.37776652734806,162.8571340158546,3.750158134030691,0.5746323863303757,sl_eat_bio_ssl_all,7,8,8049,600,50
334.99061881312133,159.51349044283788,3.31471797414883,0.5858446587760666,sl_eat_bio_ssl_all,7,9,9049,600,50
335.7774583929021,160.6874278679271,3.241873749135951,0.585570653202534,sl_eat_bio_ssl_all,7,10,10049,600,50
335.5620143792002,160.85917222911044,3.659896328521244,0.5754951950635685,sl_eat_bio_ssl_all,7,11,11049,600,50
337.19152925427517,161.89605022351458,3.935739992762785,0.5677630600349981,sl_eat_bio_ssl_all,7,12,12049,600,50
340.9832224881255,165.18375168659966,3.6781774992347454,0.5807426762139151,sl_eat_bio_ssl_all,7,13,13049,600,50
339.9097504135706,164.35212889094484,3.9026142674013347,0.5724910598481859,sl_eat_bio_ssl_all,7,14,14049,600,50
337.6784687192193,162.95180389917587,3.47094039796853,0.5420947496702074,sl_eat_bio_ssl_all,7,15,15049,600,50
335.66835355084663,162.29440301716002,3.6068416531643392,0.5340246904986915,sl_eat_bio_ssl_all,7,16,16049,600,50
333.4043965890632,159.2185348157721,3.5810072059968983,0.5662475941738483,sl_eat_bio_ssl_all,7,17,17049,600,50
338.0199788585219,161.44101900712693,3.863225399239638,0.5833103701877188,sl_eat_bio_ssl_all,7,18,18049,600,50
342.7272677669991,166.98856638208056,4.464807263383972,0.5607322690465473,sl_eat_bio_ssl_all,7,19,19049,600,50
339.2995594424249,164.21050007882567,3.3134200385994177,0.5701081981739202,sl_eat_bio_ssl_all,7,20,20049,600,50
338.72286181218533,162.91978000221627,3.4437616541249625,0.5423062855305626,sl_eat_bio_ssl_all,7,21,21049,600,50
338.2360015427579,163.1065742659901,3.4194504296135353,0.5582570470386978,sl_eat_bio_ssl_all,7,22,22049,600,50
343.5371348821226,167.61988568954533,4.309748959805893,0.5988639879252369,sl_eat_bio_ssl_all,7,23,23049,600,50
336.12250792803576,161.29830216434453,3.473286609547121,0.5545876973720044,sl_eat_bio_ssl_all,7,24,24049,600,50
336.6462707420533,162.20138456609908,3.454919145043593,0.5746048935611014,sl_eat_bio_ssl_all,7,25,25049,600,50
337.2796835882542,163.45902236979094,3.077775360692571,0.5905265061729148,sl_eat_bio_ssl_all,7,26,26049,600,50
341.0819121656031,165.4048372758233,4.576492192537506,0.5898630709564594,sl_eat_bio_ssl_all,7,27,27049,600,50
337.84612497551296,162.88877767712603,3.901533181514814,0.5835950742478961,sl_eat_bio_ssl_all,7,28,28049,600,50
332.5880178782169,157.76240129724064,3.9014850346139687,0.5603270418918932,sl_eat_bio_ssl_all,7,29,29049,600,50
336.69936520524305,160.62610341210376,3.6918732649726045,0.5763656322605095,sl_eat_bio_ssl_all,7,30,30049,600,50
333.19457549822977,158.23055944804594,3.3267029260093386,0.5503134275333779,sl_eat_bio_ssl_all,7,31,31049,600,50
339.1854062463377,163.16500105695488,3.6979775173678346,0.5584026909121574,sl_eat_bio_ssl_all,7,32,32049,600,50
336.45548921729954,160.47784898227266,3.6418372629664866,0.5627228282220584,sl_eat_bio_ssl_all,7,33,33049,600,50
333.52717857226986,160.1759314187497,3.555878775610763,0.5736751616641188,sl_eat_bio_ssl_all,7,34,34049,600,50
339.0713170647829,164.0402409720295,4.08575653517119,0.5502622766039942,sl_eat_bio_ssl_all,7,35,35049,600,50
335.064645028394,160.8217238459335,3.4078450797629682,0.5539437046561555,sl_eat_bio_ssl_all,7,36,36049,600,50
334.5195518127843,160.52667726475735,3.776991120155472,0.5627590701819797,sl_eat_bio_ssl_all,7,37,37049,600,50
337.77876922873753,163.6089424909808,3.363556784435692,0.5722542523092131,sl_eat_bio_ssl_all,7,38,38049,600,50
342.5962933808027,166.02807706352982,4.343598992244495,0.5951406070973466,sl_eat_bio_ssl_all,7,39,39049,600,50
335.49397604668917,160.63446833082,3.290908201036325,0.5683907601538497,sl_eat_bio_ssl_all,7,40,40049,600,50
340.6047094758494,165.52003396790496,3.8018104407607938,0.5690218033556704,sl_eat_bio_ssl_all,7,41,41049,600,50
335.38925793810995,160.27242740605257,3.27682260464904,0.5708708573509903,sl_eat_bio_ssl_all,7,42,42049,600,50
333.3359111749798,159.32602719224195,3.9925543282632803,0.5752454495233804,sl_eat_bio_ssl_all,7,43,43049,600,50
342.592348897309,166.41116971565074,3.892178660105927,0.5614795958054094,sl_eat_bio_ssl_all,7,44,44049,600,50
337.9907912335407,163.48486816037402,4.0660631410677155,0.5483152684535147,sl_eat_bio_ssl_all,7,45,45049,600,50
339.53893164496833,165.3166987802513,3.6576962683776295,0.5674777098551935,sl_eat_bio_ssl_all,7,46,46049,600,50
334.17942292611093,158.59772447398845,3.9862963510791696,0.5783599928981864,sl_eat_bio_ssl_all,7,47,47049,600,50
340.76205762432494,164.99063952476683,3.805713094763562,0.5665185636171988,sl_eat_bio_ssl_all,7,48,48049,600,50
342.8967438165456,167.4170430546588,3.8011037464758157,0.5908870320282235,sl_eat_bio_ssl_all,7,49,49049,600,50
293.3800273711378,123.13578517444789,3.4750853994651836,0.6866711463935574,sl_eat_bio_ssl_all,8,0,50,600,50
294.71420363479166,124.17541921498234,3.930471972662724,0.6538314459557175,sl_eat_bio_ssl_all,8,1,1050,600,50
296.04424461136523,125.3198251761785,3.5376503588642105,0.6737212961849457,sl_eat_bio_ssl_all,8,2,2050,600,50
294.16706157125856,123.53302342477473,4.164414375545764,0.6893805788016352,sl_eat_bio_ssl_all,8,3,3050,600,50
293.9142295229012,122.93315464479517,4.3190126331212495,0.7131313234952413,sl_eat_bio_ssl_all,8,4,4050,600,50
293.1414886670371,123.60190022553815,3.9901259788802705,0.6385384793529082,sl_eat_bio_ssl_all,8,5,5050,600,50
297.7332014224612,126.37323587910625,3.6776333943436104,0.7206874082919572,sl_eat_bio_ssl_all,8,6,6050,600,50
293.075872619837,123.24469313129264,3.9990401668880304,0.6681924055108993,sl_eat_bio_ssl_all,8,7,7050,600,50
292.96994868468187,123.1478281803569,3.9885754531914506,0.6940445976850536,sl_eat_bio_ssl_all,8,8,8050,600,50
296.70429468044574,125.07315580952762,3.8021402002734828,0.6629506575119619,sl_eat_bio_ssl_all,8,9,9050,600,50
296.67805860087844,125.8749295617095,3.7533109714912407,0.6589234750528994,sl_eat_bio_ssl_all,8,10,10050,600,50
293.6922808466952,123.50555507845144,3.644738436460685,0.6698121961782965,sl_eat_bio_ssl_all,8,11,11050,600,50
293.17039448403796,123.59159665082753,3.7658785140944078,0.6974926775679723,sl_eat_bio_ssl_all,8,12,12050,600,50
295.02388412898284,124.56317639003518,3.3029533128913036,0.6431526845313437,sl_eat_bio_ssl_all,8,13,13050,600,50
297.04024025878397,125.38873137037545,3.59209478668487,0.6618459946156264,sl_eat_bio_ssl_all,8,14,14050,600,50
296.5751837224234,125.22783354019171,3.261160260911264,0.6876842181109759,sl_eat_bio_ssl_all,8,15,15050,600,50
290.42239880450444,120.96084915884899,3.5536681447937877,0.7018562944238456,sl_eat_bio_ssl_all,8,16,16050,600,50
292.1498875113607,121.90772763730968,3.0096505869309977,0.7066117105489419,sl_eat_bio_ssl_all,8,17,17050,600,50
291.0989417603978,121.94051934305058,3.599204734321191,0.6590649256174336,sl_eat_bio_ssl_all,8,18,18050,600,50
289.9455944928824,121.58617853054594,3.289192421880289,0.6731281460064433,sl_eat_bio_ssl_all,8,19,19050,600,50
295.7605082226217,125.01647490053513,4.141756577302058,0.694875283827081,sl_eat_bio_ssl_all,8,20,20050,600,50
293.11896351198914,122.66075164550178,3.925710428980136,0.6893104346832534,sl_eat_bio_ssl_all,8,21,21050,600,50
291.9972313777225,123.07895266144428,3.281480124785378,0.7046801981497953,sl_eat_bio_ssl_all,8,22,22050,600,50
291.956542973706,122.1784320366506,3.330342710764321,0.6851554819452904,sl_eat_bio_ssl_all,8,23,23050,600,50
293.0506522647221,122.8782541339469,3.8187799880884037,0.7094976273756195,sl_eat_bio_ssl_all,8,24,24050,600,50
295.23668183274003,125.11312125596113,3.6666872763808827,0.6519665878723944,sl_eat_bio_ssl_all,8,25,25050,600,50
292.9254533882025,122.37714047358817,2.999903933822508,0.6960376810151538,sl_eat_bio_ssl_all,8,26,26050,600,50
297.0810915724634,125.15490622300639,3.3664444877971746,0.7112642650030591,sl_eat_bio_ssl_all,8,27,27050,600,50
295.92310553116147,125.68130391641968,3.849278681435714,0.6914484202373723,sl_eat_bio_ssl_all,8,28,28050,600,50
293.35658838453014,123.4073978463048,3.4828795034902447,0.6712281643338287,sl_eat_bio_ssl_all,8,29,29050,600,50
291.3942648856196,122.10415022718787,3.4957583503747003,0.6800617735046889,sl_eat_bio_ssl_all,8,30,30050,600,50
294.1736948914498,123.26460067371805,3.927608519212245,0.6539450812716633,sl_eat_bio_ssl_all,8,31,31050,600,50
293.78064046018335,123.51280747240902,3.1064414720538114,0.6844436949237885,sl_eat_bio_ssl_all,8,32,32050,600,50
294.2146195365503,123.05338696177608,3.4943314329830515,0.6796073877300172,sl_eat_bio_ssl_all,8,33,33050,600,50
294.47429357660155,124.34188093154879,3.8631528512517948,0.7105609572243158,sl_eat_bio_ssl_all,8,34,34050,600,50
293.15538336905587,124.42611371837823,3.4005510808931234,0.6721153475195685,sl_eat_bio_ssl_all,8,35,35050,600,50
296.92583652619766,125.5928124018914,4.427882481660895,0.6850605095847134,sl_eat_bio_ssl_all,8,36,36050,600,50
294.39427570962806,124.31479424188962,3.873709810373171,0.7098238922870637,sl_eat_bio_ssl_all,8,37,37050,600,50
296.7454888382249,125.70159198831448,4.4571273490538825,0.6922806395249937,sl_eat_bio_ssl_all,8,38,38050,600,50
292.14276962693515,123.39063369271562,3.5049205685396987,0.6868323421774406,sl_eat_bio_ssl_all,8,39,39050,600,50
296.165334840829,124.4305567493961,3.75995104875252,0.6552851914612344,sl_eat_bio_ssl_all,8,40,40050,600,50
296.3223474053274,125.25805437557806,3.397371936330282,0.6860205240664055,sl_eat_bio_ssl_all,8,41,41050,600,50
296.95178970500604,125.0282784914927,3.9002839846882216,0.6966634451080135,sl_eat_bio_ssl_all,8,42,42050,600,50
294.17917725952566,123.08875905054849,2.901312898174345,0.7014959600465421,sl_eat_bio_ssl_all,8,43,43050,600,50
296.38141171844666,124.99722264759139,4.215304079255767,0.6653617018897917,sl_eat_bio_ssl_all,8,44,44050,600,50
295.7633835853766,124.57571240070725,3.715851756060474,0.6915327104589967,sl_eat_bio_ssl_all,8,45,45050,600,50
293.1628904826197,123.32105706772163,4.043507034381397,0.6853068342066944,sl_eat_bio_ssl_all,8,46,46050,600,50
295.62099982052894,124.7617699556346,3.4172052603208902,0.7082270823809284,sl_eat_bio_ssl_all,8,47,47050,600,50
290.7051739867435,122.7557615206172,3.678062436098038,0.6766695920675168,sl_eat_bio_ssl_all,8,48,48050,600,50
294.9837177161539,124.96722749057214,3.5400779194247245,0.6642225058391161,sl_eat_bio_ssl_all,8,49,49050,600,50
302.7838761600538,129.34335008601633,3.5569220302780056,0.6018160931733837,sl_eat_bio_ssl_all,9,0,51,600,50
302.10151991076594,128.72088278788675,3.6204420851854486,0.5565585243483511,sl_eat_bio_ssl_all,9,1,1051,600,50
299.75696012028783,128.49576549737782,2.8742541767395045,0.5632646752408113,sl_eat_bio_ssl_all,9,2,2051,600,50
301.3181677517423,128.14475824774183,3.1361291041594357,0.5799789925088159,sl_eat_bio_ssl_all,9,3,3051,600,50
295.67127752526767,126.46603810124432,3.0441656038913547,0.5633372909845289,sl_eat_bio_ssl_all,9,4,4051,600,50
305.9791350778916,132.76908881284956,3.824577758961687,0.5812241681336058,sl_eat_bio_ssl_all,9,5,5051,600,50
304.96372987558,131.79603277410106,3.3303474399160957,0.5771513728525808,sl_eat_bio_ssl_all,9,6,6051,600,50
302.9009777708938,130.97871989341195,3.458248226173385,0.5972642965405666,sl_eat_bio_ssl_all,9,7,7051,600,50
305.1593071697377,132.30020544095413,3.566072349703172,0.558299484794435,sl_eat_bio_ssl_all,9,8,8051,600,50
299.8909595258053,129.30319408025102,2.959890614568041,0.5555007668936128,sl_eat_bio_ssl_all,9,9,9051,600,50
300.4530637855191,128.56785626548802,3.130920168600659,0.5582432612727984,sl_eat_bio_ssl_all,9,10,10051,600,50
302.6048641470779,130.46948454867922,3.3165904398592705,0.5824257341960459,sl_eat_bio_ssl_all,9,11,11051,600,50
300.7044900141319,129.39093086014904,3.398986310014717,0.5628703105025207,sl_eat_bio_ssl_all,9,12,12051,600,50
298.8535737272754,129.18153031062977,3.201745612167265,0.5639603847665623,sl_eat_bio_ssl_all,9,13,13051,600,50
301.16911136473135,128.62309638214876,2.995900788631143,0.5579282944144098,sl_eat_bio_ssl_all,9,14,14051,600,50
299.86428777927347,128.29300693760206,3.464329170949074,0.5780582915026019,sl_eat_bio_ssl_all,9,15,15051,600,50
302.6760422000567,130.36176436752706,3.1144697170730473,0.5834679186251146,sl_eat_bio_ssl_all,9,16,16051,600,50
300.2995918744583,129.20064352236795,3.1752952936050467,0.5819988992830999,sl_eat_bio_ssl_all,9,17,17051,600,50
306.13165989195244,132.70128082393876,3.429280253098733,0.6149994904560306,sl_eat_bio_ssl_all,9,18,18051,600,50
299.6151285644942,128.44652903505008,2.8321963056052386,0.5525018261711234,sl_eat_bio_ssl_all,9,19,19051,600,50
300.82747219942553,129.42756469251086,3.228166985914649,0.565106740870263,sl_eat_bio_ssl_all,9,20,20051,600,50
300.6732768918236,129.58826558015727,3.171246740627792,0.5744189476922861,sl_eat_bio_ssl_all,9,21,21051,600,50
301.4714006165024,129.9192267098703,3.4879542277683426,0.5968767226950786,sl_eat_bio_ssl_all,9,22,22051,600,50
300.3791232350446,127.72780604913467,3.1415782219425035,0.5500729494590529,sl_eat_bio_ssl_all,9,23,23051,600,50
296.7664082538645,126.28353021295088,2.846541364403594,0.5560572051210206,sl_eat_bio_ssl_all,9,24,24051,600,50
298.85349789540635,128.75978586105174,3.481773617286443,0.5568628786177916,sl_eat_bio_ssl_all,9,25,25051,600,50
298.882857613007,127.98089109238224,3.1866815343519064,0.570624672372177,sl_eat_bio_ssl_all,9,26,26051,600,50
302.9409966400342,130.51169078796173,3.219707053321686,0.5754995925803674,sl_eat_bio_ssl_all,9,27,27051,600,50
302.1908691018203,129.7644025136189,3.161996165377957,0.5851554654312927,sl_eat_bio_ssl_all,9,28,28051,600,50
298.6990042699908,126.83964910359508,3.0151180320009656,0.5579846747892557,sl_eat_bio_ssl_all,9,29,29051,600,50
303.54425660621035,131.8599952385801,3.445174011991759,0.5772135305223145,sl_eat_bio_ssl_all,9,30,30051,600,50
301.72147896017515,130.08005206680772,3.4542656841789703,0.5785721746148085,sl_eat_bio_ssl_all,9,31,31051,600,50
302.77496793256,131.29624298316813,3.381934856618617,0.5585916130411104,sl_eat_bio_ssl_all,9,32,32051,600,50
298.1697290634279,126.16216932540536,2.862011452465424,0.5673892996815957,sl_eat_bio_ssl_all,9,33,33051,600,50
302.08578784052713,130.4706057823861,3.491979637682361,0.5681769264384947,sl_eat_bio_ssl_all,9,34,34051,600,50
305.4037217811375,132.98871343399864,3.839088448071656,0.574453830676468,sl_eat_bio_ssl_all,9,35,35051,600,50
301.32768152521805,129.91891013203784,3.096643312237813,0.5576429371672936,sl_eat_bio_ssl_all,9,36,36051,600,50
299.6243822661696,129.0343119307441,3.3736938040994486,0.6070389707417078,sl_eat_bio_ssl_all,9,37,37051,600,50
296.4700760485314,126.1921908612888,2.736608529725955,0.5649582242482948,sl_eat_bio_ssl_all,9,38,38051,600,50
298.82008677994247,129.30511423628127,3.0593784399741404,0.5730345316793264,sl_eat_bio_ssl_all,9,39,39051,600,50
303.12820513780633,130.6559581402812,3.3892491385443555,0.5873405636262479,sl_eat_bio_ssl_all,9,40,40051,600,50
299.5640329239494,129.3914499491107,2.82408314951036,0.5717388118315853,sl_eat_bio_ssl_all,9,41,41051,600,50
296.5953872955564,127.06682460334895,3.317577444226646,0.5693080489176485,sl_eat_bio_ssl_all,9,42,42051,600,50
299.7785495835665,127.86390198142877,3.1821092884339377,0.5562872668730825,sl_eat_bio_ssl_all,9,43,43051,600,50
301.8326995726731,129.6424414193391,3.147972438168144,0.5615621251590067,sl_eat_bio_ssl_all,9,44,44051,600,50
303.70776808233865,129.80801686270772,2.7810287141582224,0.5799934640444057,sl_eat_bio_ssl_all,9,45,45051,600,50
301.4110964032598,129.63569924618236,3.1195059018253444,0.5683847711271376,sl_eat_bio_ssl_all,9,46,46051,600,50
303.69486468742656,130.83688087796767,3.096896371669811,0.607513751299347,sl_eat_bio_ssl_all,9,47,47051,600,50
299.67919663782686,127.87088259660786,2.9259354430808044,0.5675606916549423,sl_eat_bio_ssl_all,9,48,48051,600,50
297.63846785003386,126.52694704424142,2.596543755428486,0.5572964916684479,sl_eat_bio_ssl_all,9,49,49051,600,50
275.1948793084305,106.78592923880491,3.4880692125549904,0.6414206610616141,sl_eat_bio_ssl_all,10,0,52,600,50
272.1429199610257,105.35532044399831,3.3946909458418624,0.6591885420305184,sl_eat_bio_ssl_all,10,1,1052,600,50
266.6547270875384,101.0100247252921,3.0612182707119397,0.6285100128751415,sl_eat_bio_ssl_all,10,2,2052,600,50
269.1324862563995,102.55086362501218,3.1913431880202103,0.6534132749008605,sl_eat_bio_ssl_all,10,3,3052,600,50
271.3023739780836,102.48985750326875,3.2216143936430965,0.6341052200671193,sl_eat_bio_ssl_all,10,4,4052,600,50
267.8320185468504,102.03503354664126,2.7110238923280776,0.6604776633549629,sl_eat_bio_ssl_all,10,5,5052,600,50
270.607371703208,103.11323630231438,3.260973835903153,0.6405486694483309,sl_eat_bio_ssl_all,10,6,6052,600,50
272.61536475297976,103.95556227419353,3.4074633875156555,0.6543532878745204,sl_eat_bio_ssl_all,10,7,7052,600,50
264.13803147010344,100.74848265818112,2.7516814852962486,0.6380036014010111,sl_eat_bio_ssl_all,10,8,8052,600,50
269.53602612628976,101.44800745911755,3.3791250587605166,0.6540912032225108,sl_eat_bio_ssl_all,10,9,9052,600,50
269.12106628498975,102.83241289462931,3.229108672810311,0.6728862871221353,sl_eat_bio_ssl_all,10,10,10052,600,50
268.8384481857046,102.81094647846248,3.077074889129254,0.6427135447308913,sl_eat_bio_ssl_all,10,11,11052,600,50
269.71956518931955,102.99904771443954,3.214364912263022,0.654011709607659,sl_eat_bio_ssl_all,10,12,12052,600,50
273.70151681083826,104.32569210258576,3.1781901722341677,0.6816677997197821,sl_eat_bio_ssl_all,10,13,13052,600,50
271.55033571648704,103.97825321348662,3.5306095356595146,0.6588687536459483,sl_eat_bio_ssl_all,10,14,14052,600,50
271.55384333725385,104.32158734463667,3.34926045772143,0.6524473737435271,sl_eat_bio_ssl_all,10,15,15052,600,50
273.0111517403439,104.19392250514319,3.040926112771303,0.6664940839655701,sl_eat_bio_ssl_all,10,16,16052,600,50
271.01188476159757,103.49481386440979,3.169355271256788,0.6743458125559555,sl_eat_bio_ssl_all,10,17,17052,600,50
273.3321250164177,104.54239452367867,3.6911554150880788,0.6626582785012815,sl_eat_bio_ssl_all,10,18,18052,600,50
268.64069366748794,101.30208035746058,2.994959272710958,0.6474952701163845,sl_eat_bio_ssl_all,10,19,19052,600,50
268.9496965505771,101.88334742040817,3.115680494326485,0.662676418335571,sl_eat_bio_ssl_all,10,20,20052,600,50
270.27890027845746,102.91269848678921,3.366960599913132,0.6753894060967747,sl_eat_bio_ssl_all,10,21,21052,600,50
269.6295586962303,102.43777074031075,3.1225391505089393,0.6594424432973857,sl_eat_bio_ssl_all,10,22,22052,600,50
269.75776149429134,102.29674062309677,2.9918238205635332,0.6524775879229812,sl_eat_bio_ssl_all,10,23,23052,600,50
269.63766106933673,103.25989485682094,3.1990500303038165,0.6725611714231816,sl_eat_bio_ssl_all,10,24,24052,600,50
272.3160195013973,102.73621683530028,3.0680892203401933,0.6524222103062859,sl_eat_bio_ssl_all,10,25,25052,600,50
268.0661269002922,101.93286671933065,3.2275835155563235,0.6498944005509121,sl_eat_bio_ssl_all,10,26,26052,600,50
269.4067215299511,102.56531112908164,2.9985420162383365,0.6498048164921041,sl_eat_bio_ssl_all,10,27,27052,600,50
268.8877964416819,101.51400730592918,3.315262051692657,0.6531979979580544,sl_eat_bio_ssl_all,10,28,28052,600,50
271.67222196095264,103.68429746187597,3.2984623424541732,0.6633293690603539,sl_eat_bio_ssl_all,10,29,29052,600,50
272.949104474773,104.13387101883993,3.479235184236236,0.6557129262119636,sl_eat_bio_ssl_all,10,30,30052,600,50
270.81305842499347,104.9887395128134,3.000325248804325,0.672457762502068,sl_eat_bio_ssl_all,10,31,31052,600,50
271.1003236709137,103.72921376214265,3.3001020536387653,0.6411077076821214,sl_eat_bio_ssl_all,10,32,32052,600,50
267.89325562715294,101.07281265612218,3.2178079651778777,0.6632207124298939,sl_eat_bio_ssl_all,10,33,33052,600,50
270.4771750947591,102.66782413183185,3.4525735531575403,0.6810876974375486,sl_eat_bio_ssl_all,10,34,34052,600,50
268.24141977724753,100.96479707213531,2.9415968668463104,0.633997604051477,sl_eat_bio_ssl_all,10,35,35052,600,50
275.1145751056154,106.8345265211216,3.2822231235170056,0.6404894525000515,sl_eat_bio_ssl_all,10,36,36052,600,50
271.70721921629365,103.23689737279234,3.0274649777067046,0.6636449776046687,sl_eat_bio_ssl_all,10,37,37052,600,50
270.859883872399,104.61062230440585,2.9464638507828207,0.6704781099659192,sl_eat_bio_ssl_all,10,38,38052,600,50
267.3656460301739,102.32206847825404,2.954907256617221,0.6483160945115496,sl_eat_bio_ssl_all,10,39,39052,600,50
268.7425142137915,102.40167939688101,3.2659723344109737,0.6553410484521758,sl_eat_bio_ssl_all,10,40,40052,600,50
270.53763141588155,103.11707401500479,2.9578562881792183,0.6607143021182378,sl_eat_bio_ssl_all,10,41,41052,600,50
263.233126695868,100.16840699244887,3.0557097814275638,0.6380894966016856,sl_eat_bio_ssl_all,10,42,42052,600,50
270.51983078875355,102.56877307410291,3.0576969384565875,0.6481165852303967,sl_eat_bio_ssl_all,10,43,43052,600,50
269.0579315859921,101.02243398217963,3.060594573090541,0.6353031848456032,sl_eat_bio_ssl_all,10,44,44052,600,50
268.7410330658598,100.97131521134739,3.1030218874340263,0.6555510281788419,sl_eat_bio_ssl_all,10,45,45052,600,50
270.5803593924056,103.73392647031987,3.5739318956491997,0.6442387899579528,sl_eat_bio_ssl_all,10,46,46052,600,50
273.1053537805008,105.83600276043998,3.455334851615494,0.6887264997547828,sl_eat_bio_ssl_all,10,47,47052,600,50
270.67412288312966,103.79968799485074,3.1439955531021506,0.6450741111853058,sl_eat_bio_ssl_all,10,48,48052,600,50
272.5224434734334,103.34599977064072,3.6086442118158235,0.6711357154573622,sl_eat_bio_ssl_all,10,49,49052,600,50
245.89070016595616,64.09418933958705,3.5049036324466565,0.7281403873070527,sl_eat_bio_ssl_all,11,0,53,600,50
244.64374402483185,62.32588029792128,3.6655016725187086,0.7062844251350214,sl_eat_bio_ssl_all,11,1,1053,600,50
241.44989441569106,61.38627504457179,3.797444126603115,0.6981569451488854,sl_eat_bio_ssl_all,11,2,2053,600,50
247.36087413772395,64.39028260446554,3.7163413714449915,0.7399825479486115,sl_eat_bio_ssl_all,11,3,3053,600,50
245.3194555491328,63.892990131797916,3.982051947991047,0.7381357599585745,sl_eat_bio_ssl_all,11,4,4053,600,50
242.67170921883172,61.791010996770765,3.2480393356338517,0.7099785096403008,sl_eat_bio_ssl_all,11,5,5053,600,50
246.65691734346734,65.19593556770977,3.600513764530648,0.6904819148000059,sl_eat_bio_ssl_all,11,6,6053,600,50
241.49608090620634,63.10629281615175,2.7102450621006065,0.6644434401218534,sl_eat_bio_ssl_all,11,7,7053,600,50
242.95646033170507,62.101799995238494,3.292792251288329,0.6959407878048273,sl_eat_bio_ssl_all,11,8,8053,600,50
246.1254097018413,64.46293359646903,3.1202465529543133,0.7037761562828784,sl_eat_bio_ssl_all,11,9,9053,600,50
244.14330646860705,63.37401330747539,3.261398484540823,0.7254334513493,sl_eat_bio_ssl_all,11,10,10053,600,50
242.47282983076533,63.16781214568202,3.7519175037523884,0.6954693232734002,sl_eat_bio_ssl_all,11,11,11053,600,50
242.66595525569855,61.78999912058779,3.341087527929747,0.7260753856445779,sl_eat_bio_ssl_all,11,12,12053,600,50
241.5018646783837,61.930839962552774,3.1059858539489107,0.6850857062688196,sl_eat_bio_ssl_all,11,13,13053,600,50
240.3794184766391,59.76058926784248,3.2603501203666143,0.7076030167854327,sl_eat_bio_ssl_all,11,14,14053,600,50
242.0287724051269,61.79054224191534,3.509935835712354,0.7075690087719851,sl_eat_bio_ssl_all,11,15,15053,600,50
242.00244561596986,62.51259339588403,3.0920637345216786,0.6985053985566821,sl_eat_bio_ssl_all,11,16,16053,600,50
241.48894394960072,62.35764154185481,3.525387053404542,0.685462376437317,sl_eat_bio_ssl_all,11,17,17053,600,50
240.91251115493242,60.57672874090198,3.7332025986656356,0.7126950625612263,sl_eat_bio_ssl_all,11,18,18053,600,50
244.31069821291513,61.85101980261757,3.354371957670569,0.6982421012524096,sl_eat_bio_ssl_all,11,19,19053,600,50
244.35539787227603,63.53696098398621,3.5330619570559345,0.7054328896139939,sl_eat_bio_ssl_all,11,20,20053,600,50
244.75098007409875,62.545293826058895,3.44148672726325,0.7477995645027065,sl_eat_bio_ssl_all,11,21,21053,600,50
241.03730416744506,61.0236316348093,3.512661007606703,0.7263086217316753,sl_eat_bio_ssl_all,11,22,22053,600,50
243.44557717962215,62.04810029895428,3.6350779955697345,0.722419749650949,sl_eat_bio_ssl_all,11,23,23053,600,50
243.87319150876158,63.03131792383837,3.3594605598780687,0.7322224091125387,sl_eat_bio_ssl_all,11,24,24053,600,50
244.79479930578458,63.98438643710866,3.525376014908271,0.7391319659057818,sl_eat_bio_ssl_all,11,25,25053,600,50
247.12053373074227,63.560268178710814,3.7031391342253657,0.728971923013328,sl_eat_bio_ssl_all,11,26,26053,600,50
245.53711418280776,64.50098460515753,3.236604139285899,0.7010913596817923,sl_eat_bio_ssl_all,11,27,27053,600,50
245.44905901101924,62.841703495091316,3.749473651681465,0.6971383224828275,sl_eat_bio_ssl_all,11,28,28053,600,50
241.97448988636165,61.88864185730681,3.481970079669289,0.7012788061693286,sl_eat_bio_ssl_all,11,29,29053,600,50
243.26439317732058,61.78807368615815,3.7491800690531183,0.6973522164821835,sl_eat_bio_ssl_all,11,30,30053,600,50
243.0300598792827,61.821518711537756,3.289632785490532,0.6924460870782662,sl_eat_bio_ssl_all,11,31,31053,600,50
247.1757862616911,64.58422641324039,3.5078751655887346,0.7366729735230985,sl_eat_bio_ssl_all,11,32,32053,600,50
242.44446204502412,60.94680928630766,3.4560188370990685,0.715329419028204,sl_eat_bio_ssl_all,11,33,33053,600,50
244.2231206736211,63.04692639507636,3.401230519140603,0.737562523665866,sl_eat_bio_ssl_all,11,34,34053,600,50
247.44017710562207,65.50285344718813,3.524765257709712,0.7223195838726217,sl_eat_bio_ssl_all,11,35,35053,600,50
247.6767514213864,63.954357085768024,3.245585115166895,0.6841316271886654,sl_eat_bio_ssl_all,11,36,36053,600,50
241.9517539947546,62.215729203610366,3.6126015212184344,0.6774591609920412,sl_eat_bio_ssl_all,11,37,37053,600,50
246.22627335853295,63.759003567558544,3.865372320852151,0.7115477318593068,sl_eat_bio_ssl_all,11,38,38053,600,50
243.97548313188506,62.42419401732696,3.2375065558821308,0.7075513720310572,sl_eat_bio_ssl_all,11,39,39053,600,50
241.64246250201938,62.647476880664335,4.01464079718779,0.6652569149764405,sl_eat_bio_ssl_all,11,40,40053,600,50
242.7150956476392,63.21774258707213,3.1608482104622575,0.7059032536760805,sl_eat_bio_ssl_all,11,41,41053,600,50
239.0967008709909,60.20906792995602,3.3398467038966695,0.7135796648721938,sl_eat_bio_ssl_all,11,42,42053,600,50
246.8612562705794,64.7714374874489,3.950058037102065,0.6947860196679677,sl_eat_bio_ssl_all,11,43,43053,600,50
243.1174157038222,62.62902168652823,3.279258265144673,0.7318358761911352,sl_eat_bio_ssl_all,11,44,44053,600,50
240.26106607804712,60.280704894220094,3.45536045850021,0.6914027952421803,sl_eat_bio_ssl_all,11,45,45053,600,50
241.86733467325004,61.367182186497885,3.4518475771605166,0.7014935978812076,sl_eat_bio_ssl_all,11,46,46053,600,50
243.5987941836391,63.74512614707169,4.041905429058742,0.6730526767938034,sl_eat_bio_ssl_all,11,47,47053,600,50
242.5341840534392,61.954447053728614,3.090332651903931,0.7230811339330876,sl_eat_bio_ssl_all,11,48,48053,600,50
240.8256037265396,60.67734151176538,3.076037874278387,0.7103475674407755,sl_eat_bio_ssl_all,11,49,49053,600,50
183.33681609157222,67.62895997949435,3.8164973220888956,0.7123675647397267,sl_eat_bio_ssl_all,12,0,54,600,50
179.7161884058883,65.06649904268568,3.2025080076928334,0.7165178669549515,sl_eat_bio_ssl_all,12,1,1054,600,50
182.3097895968753,65.92237505299597,3.319749521511234,0.7212581939620885,sl_eat_bio_ssl_all,12,2,2054,600,50
182.5871999254302,67.16593621655421,3.7772761450739454,0.6962964283519323,sl_eat_bio_ssl_all,12,3,3054,600,50
184.26061840805642,67.7817848778036,3.490621352375239,0.7406429770511384,sl_eat_bio_ssl_all,12,4,4054,600,50
181.31826764452748,65.48026743375087,3.972423041058096,0.7215613501363072,sl_eat_bio_ssl_all,12,5,5054,600,50
182.85246332012952,66.68340519608275,3.3594805254251887,0.6933527502335421,sl_eat_bio_ssl_all,12,6,6054,600,50
184.36826067099233,67.99857024347553,3.741440469738677,0.7421411109420613,sl_eat_bio_ssl_all,12,7,7054,600,50
183.35513141336307,66.31203167636396,4.015613502905988,0.7014568150968132,sl_eat_bio_ssl_all,12,8,8054,600,50
181.95899702225816,66.49228347438388,3.481583551840006,0.7171342626950636,sl_eat_bio_ssl_all,12,9,9054,600,50
182.29945248720415,65.8343631602929,3.78005975094506,0.7433348700638536,sl_eat_bio_ssl_all,12,10,10054,600,50
182.96326464913764,66.70517403735512,3.521314039981591,0.7050625379469466,sl_eat_bio_ssl_all,12,11,11054,600,50
184.64640430111916,67.90160143853016,3.861580540651769,0.717377617393465,sl_eat_bio_ssl_all,12,12,12054,600,50
184.98832376278028,68.59074851690771,3.603538064765528,0.7364629105587921,sl_eat_bio_ssl_all,12,13,13054,600,50
181.80244598104557,66.00857681619311,3.5108185503751472,0.7574549226250941,sl_eat_bio_ssl_all,12,14,14054,600,50
182.75929203154044,66.64436467961808,3.4750072727698513,0.7444720937472343,sl_eat_bio_ssl_all,12,15,15054,600,50
182.9137409533561,66.96280991717472,3.191494166285527,0.7077528181734618,sl_eat_bio_ssl_all,12,16,16054,600,50
184.191543459041,67.43360010855938,3.689477233664518,0.7100145142719452,sl_eat_bio_ssl_all,12,17,17054,600,50
183.586379109731,66.99185162320744,3.2200599984095315,0.7286079538143758,sl_eat_bio_ssl_all,12,18,18054,600,50
185.3603490428527,68.22826857752969,3.880454828644833,0.7355493432432563,sl_eat_bio_ssl_all,12,19,19054,600,50
184.05692196430957,68.62944491153618,4.160544776793835,0.706729285342508,sl_eat_bio_ssl_all,12,20,20054,600,50
183.51356885038754,67.50272614028658,3.628708848122187,0.7429118512259302,sl_eat_bio_ssl_all,12,21,21054,600,50
185.3289907959173,68.83860916183939,3.5631288123958504,0.7225792415433203,sl_eat_bio_ssl_all,12,22,22054,600,50
180.10451073836674,65.2017394915121,3.4542747323820597,0.7390966628401946,sl_eat_bio_ssl_all,12,23,23054,600,50
183.8019725816938,68.04814087820338,3.285448308146342,0.7371579618875647,sl_eat_bio_ssl_all,12,24,24054,600,50
182.85323408251685,66.87443608802717,3.3100776137942236,0.7188116856274132,sl_eat_bio_ssl_all,12,25,25054,600,50
184.3185694693541,68.39796311775203,3.7715864909112202,0.7211587766049572,sl_eat_bio_ssl_all,12,26,26054,600,50
183.64874296983004,67.02279691332978,3.264538345226301,0.7320107333689305,sl_eat_bio_ssl_all,12,27,27054,600,50
183.9823843368945,67.38163752487475,4.069376708116404,0.714270877267905,sl_eat_bio_ssl_all,12,28,28054,600,50
181.80617159237318,65.87557710333867,3.25040563644733,0.7308849440583274,sl_eat_bio_ssl_all,12,29,29054,600,50
184.723923463323,67.8764210071078,3.9032964207220666,0.7274920757257878,sl_eat_bio_ssl_all,12,30,30054,600,50
180.82098348006878,64.19492471974085,3.0027257779516057,0.7060247389973695,sl_eat_bio_ssl_all,12,31,31054,600,50
186.64463198660886,70.11731770869984,3.8239647343661933,0.7287113059107301,sl_eat_bio_ssl_all,12,32,32054,600,50
178.1157375604634,62.43357319359615,3.344783997890025,0.7405630990935552,sl_eat_bio_ssl_all,12,33,33054,600,50
182.24454444552936,66.28599064964526,3.1777732962883753,0.7288957051106661,sl_eat_bio_ssl_all,12,34,34054,600,50
183.4975227214198,66.89965115708443,3.678953091547257,0.7179204701924814,sl_eat_bio_ssl_all,12,35,35054,600,50
181.99332923718748,66.21178329844383,3.9254851203951655,0.7058441719367303,sl_eat_bio_ssl_all,12,36,36054,600,50
185.69877380895892,69.4766485437722,3.677539773753561,0.7177659138142496,sl_eat_bio_ssl_all,12,37,37054,600,50
184.2187055904727,66.36636088743411,3.6792607455823143,0.7061666712327768,sl_eat_bio_ssl_all,12,38,38054,600,50
184.9906723648985,67.61397050722705,3.8711042792915484,0.764380595609592,sl_eat_bio_ssl_all,12,39,39054,600,50
184.46957116932617,67.91717133825992,3.8088978590414317,0.6940695911784092,sl_eat_bio_ssl_all,12,40,40054,600,50
182.52344254376084,66.9117984352517,3.48134382919822,0.7304230687804127,sl_eat_bio_ssl_all,12,41,41054,600,50
181.93086754483537,66.03483903895588,3.438298044614347,0.7040418441944692,sl_eat_bio_ssl_all,12,42,42054,600,50
182.61747465510336,66.69440324317797,3.565183018928369,0.7351368070782204,sl_eat_bio_ssl_all,12,43,43054,600,50
177.46468589437077,63.36032362870508,3.0011745758985495,0.7167855631325639,sl_eat_bio_ssl_all,12,44,44054,600,50
185.1204380794899,67.05602821131741,4.089898866774236,0.7480708263657652,sl_eat_bio_ssl_all,12,45,45054,600,50
182.92106862102077,67.1715481808609,3.7738990375121246,0.713186031496474,sl_eat_bio_ssl_all,12,46,46054,600,50
187.044950021836,69.05107649597957,4.469424333450021,0.743941603197386,sl_eat_bio_ssl_all,12,47,47054,600,50
185.40627842000714,68.06422012514746,3.512603833420326,0.7440593040157383,sl_eat_bio_ssl_all,12,48,48054,600,50
184.04444964285142,66.8615039161908,3.6748495660462774,0.7448787871335807,sl_eat_bio_ssl_all,12,49,49054,600,50
10.401151711924305,2.7865905221756133,4.516453222780911,0.9880199557488367,random_init_eat_seed42,0,0,42,600,50
9.58298700693869,2.666552466778338,3.393302572419146,0.9723440306147044,random_init_eat_seed42,0,1,1042,600,50
9.990343375925281,2.7196124278845475,3.934659578083575,0.9439649700518757,random_init_eat_seed42,0,2,2042,600,50
10.573818767131733,2.843104906452589,3.832897986483784,0.9711096386780549,random_init_eat_seed42,0,3,3042,600,50
10.296897811069991,2.786661263843393,5.627838943185886,0.9877717686435256,random_init_eat_seed42,0,4,4042,600,50
10.123165154195977,2.7394386204134107,5.253194436093157,0.9679652680729545,random_init_eat_seed42,0,5,5042,600,50
10.212199733473255,2.7564302788826955,4.203027393350275,0.9865186055294111,random_init_eat_seed42,0,6,6042,600,50
9.670007253349056,2.6806146085550564,4.200232616352067,0.9703003492313652,random_init_eat_seed42,0,7,7042,600,50
10.583286252036874,2.81397613316486,4.244518381378243,0.9553154607684426,random_init_eat_seed42,0,8,8042,600,50
10.20560816070187,2.76374446375818,4.488323611900332,0.9887982433116413,random_init_eat_seed42,0,9,9042,600,50
10.347745714118664,2.787763675691429,5.041364883853263,0.988264879616177,random_init_eat_seed42,0,10,10042,600,50
10.169998895101125,2.78726499319037,4.465063874838952,0.9762521964793581,random_init_eat_seed42,0,11,11042,600,50
9.419484865902746,2.6435889520259352,4.862579521775753,0.9249071819018603,random_init_eat_seed42,0,12,12042,600,50
10.526424898142317,2.8303642158135354,5.070964190804116,0.9859892149189703,random_init_eat_seed42,0,13,13042,600,50
9.700366392034221,2.688929055459362,4.107199906052621,0.9356193246967506,random_init_eat_seed42,0,14,14042,600,50
10.194613794326443,2.782525796135112,3.960321807459167,0.9831295591351719,random_init_eat_seed42,0,15,15042,600,50
9.727792759380609,2.678871689590855,4.4466628320240495,0.9870612351306521,random_init_eat_seed42,0,16,16042,600,50
10.4411315061092,2.8203442602120097,4.018434045201155,0.904420347239201,random_init_eat_seed42,0,17,17042,600,50
10.299367098794743,2.798350782053998,4.0132639458320645,0.9812136865308387,random_init_eat_seed42,0,18,18042,600,50
10.45092087184625,2.8036245460251084,4.485404896257023,0.9784819229277444,random_init_eat_seed42,0,19,19042,600,50
10.234061447283576,2.7725740626502753,3.7932721695173073,0.9574734919492787,random_init_eat_seed42,0,20,20042,600,50
10.250293210927596,2.8009464105925628,4.497718100795297,0.9464283098501829,random_init_eat_seed42,0,21,21042,600,50
10.169383732632305,2.777729268029654,5.056541246672756,0.9096154465120184,random_init_eat_seed42,0,22,22042,600,50
9.674556892192324,2.671429404506903,4.601349882624681,0.9551249797879793,random_init_eat_seed42,0,23,23042,600,50
10.934655929639694,2.90139065801605,4.842615249791967,0.9763221265006543,random_init_eat_seed42,0,24,24042,600,50
10.242075023220089,2.7686217441951326,5.427334208282119,0.9395105521479783,random_init_eat_seed42,0,25,25042,600,50
10.236924427461476,2.7809950971330966,3.706230849552907,0.9699393170255359,random_init_eat_seed42,0,26,26042,600,50
9.976230277675944,2.7275427955365896,4.243235407821897,0.9781543693461,random_init_eat_seed42,0,27,27042,600,50
10.49328870942845,2.834242014321586,4.414546406691588,0.967459642094546,random_init_eat_seed42,0,28,28042,600,50
9.793528155641951,2.691936401287672,4.852991712559944,0.9587314257740059,random_init_eat_seed42,0,29,29042,600,50
9.566729083774936,2.6395853022136886,3.9614483382367602,0.9582583528502673,random_init_eat_seed42,0,30,30042,600,50
10.202694425755157,2.7881048647296023,5.22314500519981,0.9482695558375142,random_init_eat_seed42,0,31,31042,600,50
10.06616553652922,2.7416712605439897,4.785174182878182,0.9457731167927441,random_init_eat_seed42,0,32,32042,600,50
9.83321009311393,2.691354542374643,4.383648980342514,0.9689039789461973,random_init_eat_seed42,0,33,33042,600,50
9.922697039282525,2.7333526514051907,4.730978110065221,0.9858869063103853,random_init_eat_seed42,0,34,34042,600,50
9.821325426161247,2.7264283247307333,5.01267033846382,0.9835985796232384,random_init_eat_seed42,0,35,35042,600,50
10.297283164170114,2.7815999648995295,4.659694567528924,0.9871574060440803,random_init_eat_seed42,0,36,36042,600,50
9.973279143493746,2.7289010686377755,4.2115122659332185,0.9041103754894518,random_init_eat_seed42,0,37,37042,600,50
9.798794900559704,2.7099682727592675,4.727624977712262,0.9370210097772388,random_init_eat_seed42,0,38,38042,600,50
10.055578267418309,2.741801653143187,4.854065516308929,0.9727821089441886,random_init_eat_seed42,0,39,39042,600,50
9.92342411788872,2.7351268552237276,4.772782542133967,0.9794796237007303,random_init_eat_seed42,0,40,40042,600,50
9.962853530091442,2.729137804185479,3.6072701809292917,0.9169307100353358,random_init_eat_seed42,0,41,41042,600,50
9.387069679886162,2.6335983780307193,5.008501200965202,0.9810654198892932,random_init_eat_seed42,0,42,42042,600,50
9.500982516206546,2.6478057709653444,4.862059684788856,0.9786109373387454,random_init_eat_seed42,0,43,43042,600,50
10.162028681198572,2.761703279486988,4.851490475049816,0.939526569788843,random_init_eat_seed42,0,44,44042,600,50
10.53568661592947,2.835576165261398,5.358641538355876,0.9884617403457833,random_init_eat_seed42,0,45,45042,600,50
10.26282922499097,2.7898713467032734,3.96376717932635,0.980232215602981,random_init_eat_seed42,0,46,46042,600,50
9.901931626958781,2.7328525795518495,4.451739224532588,0.922555946217672,random_init_eat_seed42,0,47,47042,600,50
10.259493878458656,2.782994987103677,4.538830701268263,0.9781356174154139,random_init_eat_seed42,0,48,48042,600,50
9.773162153157669,2.7178811272629364,4.592256669865941,0.9168960626473173,random_init_eat_seed42,0,49,49042,600,50
10.625388490820061,2.862803781051805,5.740658253938822,0.9883488168928176,random_init_eat_seed42,1,0,43,600,50
10.987777149257582,2.9451036931669923,5.584098521160874,0.9415487620916352,random_init_eat_seed42,1,1,1043,600,50
11.815209808598302,3.0838657493926718,5.433165152725667,0.9883978062385756,random_init_eat_seed42,1,2,2043,600,50
10.718364009758066,2.8965707390604742,4.315902322379513,0.9672524099866227,random_init_eat_seed42,1,3,3043,600,50
11.215163587590476,2.962059835973313,5.256040394736127,0.9494589419936789,random_init_eat_seed42,1,4,4043,600,50
11.155635037051933,2.951510739536842,5.767317770632385,0.9599420823937104,random_init_eat_seed42,1,5,5043,600,50
10.969635645927577,2.9389889348271896,5.29411783426601,0.9428763996512555,random_init_eat_seed42,1,6,6043,600,50
10.9646909215978,2.9316835800652417,5.6141483192455155,0.9784455629749601,random_init_eat_seed42,1,7,7043,600,50
10.8793552627929,2.8852129361886045,4.6072047090986326,0.9633749681192771,random_init_eat_seed42,1,8,8043,600,50
11.551059459990345,3.0561454762953946,4.063097794296384,0.9833753694577787,random_init_eat_seed42,1,9,9043,600,50
10.583667946173971,2.848091450044091,3.950189998001414,0.907421664826748,random_init_eat_seed42,1,10,10043,600,50
11.059872920993463,2.9497083310274372,5.37482579797803,0.9920748017793732,random_init_eat_seed42,1,11,11043,600,50
10.117300012959612,2.7990947493351137,5.722068740114157,0.9921309736128008,random_init_eat_seed42,1,12,12043,600,50
10.581559675949205,2.8534430733361966,5.670417930043539,0.9921994159657966,random_init_eat_seed42,1,13,13043,600,50
10.808913439021458,2.9261646196873756,4.803795225410467,0.925796020991624,random_init_eat_seed42,1,14,14043,600,50
11.398068798265781,3.022722449174019,4.6432311284495,0.9027676435378348,random_init_eat_seed42,1,15,15043,600,50
11.864330305162168,3.0966657001013482,5.401615858415587,0.9834357275252724,random_init_eat_seed42,1,16,16043,600,50
9.906348101871293,2.754508012401193,5.196655237631834,0.9870924954239783,random_init_eat_seed42,1,17,17043,600,50
11.057642468045774,2.961051885636943,5.169471054637938,0.8949692000747456,random_init_eat_seed42,1,18,18043,600,50
11.049153257787951,2.9285527076433078,5.499798858157002,0.9807420348658106,random_init_eat_seed42,1,19,19043,600,50
11.32412934023569,2.999149875095996,5.049489070937524,0.9039001099720947,random_init_eat_seed42,1,20,20043,600,50
11.184518110487327,3.0241539580653143,6.03845120603467,0.902410793397223,random_init_eat_seed42,1,21,21043,600,50
10.546622240463757,2.864694399867507,5.038851333763938,0.9912706170302126,random_init_eat_seed42,1,22,22043,600,50
11.333281404357956,3.0053059810605824,4.018200445355762,0.9191732096592343,random_init_eat_seed42,1,23,23043,600,50
11.401219063322491,2.9943316492877163,6.142123824784233,0.9630565586462234,random_init_eat_seed42,1,24,24043,600,50
11.011935463528653,2.95969523143346,4.235168959247844,0.9840493952979665,random_init_eat_seed42,1,25,25043,600,50
10.901844753733428,2.918874815159376,4.873426155659846,0.9120273927634515,random_init_eat_seed42,1,26,26043,600,50
11.036987691250685,2.9597635812173966,4.757150856683508,0.9660921012490992,random_init_eat_seed42,1,27,27043,600,50
11.184185630696431,2.9624048925009707,5.824529145975662,0.9903584391073077,random_init_eat_seed42,1,28,28043,600,50
10.925807386669948,2.8937614324200847,6.02069435467409,0.9881241258545487,random_init_eat_seed42,1,29,29043,600,50
11.447398896480793,3.028050862055281,4.4788106664108,0.9351658511297449,random_init_eat_seed42,1,30,30043,600,50
11.307909001092577,2.9998677686127233,4.272119038079042,0.9196152690006464,random_init_eat_seed42,1,31,31043,600,50
10.606686985770652,2.8600404320913495,6.4882870722605475,0.9904679990049503,random_init_eat_seed42,1,32,32043,600,50
11.068386814592749,2.9588752904396842,5.277138588166825,0.9371188491306214,random_init_eat_seed42,1,33,33043,600,50
10.676769031243929,2.8965256900910847,4.691236380720033,0.9719710502588154,random_init_eat_seed42,1,34,34043,600,50
10.191493675634003,2.81064479450864,5.844206901396514,0.9816835944896536,random_init_eat_seed42,1,35,35043,600,50
11.126529410731218,2.9774384739771604,5.96002412312341,0.9720937269389329,random_init_eat_seed42,1,36,36043,600,50
11.230846660536749,2.977296106159194,5.0614091618359955,0.9876682035689219,random_init_eat_seed42,1,37,37043,600,50
11.231270185883284,2.9739628684454176,6.266986995819305,0.9892729763887171,random_init_eat_seed42,1,38,38043,600,50
10.388290668786016,2.8169481102842866,4.924895244333212,0.988062960333183,random_init_eat_seed42,1,39,39043,600,50
10.633438406753658,2.8608104096600044,4.996419117858651,0.9871580813253269,random_init_eat_seed42,1,40,40043,600,50
11.372721230164474,3.04835556312225,4.4575057055294725,0.912169215222483,random_init_eat_seed42,1,41,41043,600,50
11.470638063428842,3.0234141222850375,4.869693059356085,0.9153353970138145,random_init_eat_seed42,1,42,42043,600,50
11.207661745699932,2.983217240488032,5.920938035192479,0.9503255801114701,random_init_eat_seed42,1,43,43043,600,50
11.192509078586676,2.984096743417917,5.525289903880828,0.9358717126853987,random_init_eat_seed42,1,44,44043,600,50
11.034921822312858,2.9405201774768686,4.596652254930937,0.9214099440427624,random_init_eat_seed42,1,45,45043,600,50
11.613522540911474,3.0457971712584504,4.605300080222039,0.9734392384313735,random_init_eat_seed42,1,46,46043,600,50
11.353776611998287,3.034675284273402,6.171141939219934,0.9705001923346763,random_init_eat_seed42,1,47,47043,600,50
11.080370396519557,2.957629474420948,5.10615985062338,0.9734536565934627,random_init_eat_seed42,1,48,48043,600,50
11.261229270016308,2.9619113940873474,5.331483672795566,0.9895310551131609,random_init_eat_seed42,1,49,49043,600,50
11.145538900042485,3.102342881417614,4.767442806977846,0.9520543792707846,random_init_eat_seed42,2,0,44,600,50
10.853164112987551,2.9790133531893828,5.309669505718208,0.9901338635979501,random_init_eat_seed42,2,1,1044,600,50
11.456387775718422,3.1274556730097376,4.961141125346865,0.9285622502090083,random_init_eat_seed42,2,2,2044,600,50
11.528793771068706,3.1276637759576675,5.4241355754077025,0.9705240138506117,random_init_eat_seed42,2,3,3044,600,50
10.79076911430888,2.985650554926997,5.720444677871531,0.9788350413546363,random_init_eat_seed42,2,4,4044,600,50
11.594342143594965,3.1264781978307936,5.642709456675731,0.991443013007629,random_init_eat_seed42,2,5,5044,600,50
11.200619558922805,3.081056875660808,5.304458967437061,0.9788470704801151,random_init_eat_seed42,2,6,6044,600,50
11.354699847447923,3.1010496149970157,5.148371375774244,0.970435634175369,random_init_eat_seed42,2,7,7044,600,50
11.563750435377015,3.110285574381598,5.555978167461826,0.9853329424837932,random_init_eat_seed42,2,8,8044,600,50
11.267004686575468,3.0949500342464784,4.699810164472445,0.9112812649778832,random_init_eat_seed42,2,9,9044,600,50
11.747926403310759,3.1601089230293145,5.464897864596454,0.9697198482402914,random_init_eat_seed42,2,10,10044,600,50
11.387395480650323,3.080951631099327,4.842315963003739,0.9841057558650279,random_init_eat_seed42,2,11,11044,600,50
11.632507348094792,3.1256613183662116,4.792813904903711,0.9918672136724135,random_init_eat_seed42,2,12,12044,600,50
10.756868184831728,2.982897221583745,5.4789168585135775,0.9849837470952518,random_init_eat_seed42,2,13,13044,600,50
11.688791608374933,3.1645374103998525,5.024656168908749,0.9911529028538751,random_init_eat_seed42,2,14,14044,600,50
11.524857701644114,3.156705056465731,4.749368437867521,0.966425027789796,random_init_eat_seed42,2,15,15044,600,50
11.09724460501341,3.048229569908263,6.050282819665833,0.9715768258905866,random_init_eat_seed42,2,16,16044,600,50
11.348057501703211,3.095972621673304,4.271999644845723,0.9835520587655566,random_init_eat_seed42,2,17,17044,600,50
11.870842151203657,3.209255586225534,4.682796714413179,0.9854124994632592,random_init_eat_seed42,2,18,18044,600,50
11.867544419005728,3.159343679050337,5.751723461411622,0.9899097602230466,random_init_eat_seed42,2,19,19044,600,50
11.409806878364467,3.087625573419532,6.053499002563623,0.9879543450299678,random_init_eat_seed42,2,20,20044,600,50
11.332585158070025,3.119299513102907,5.660310112178412,0.980152003192423,random_init_eat_seed42,2,21,21044,600,50
12.085958072722587,3.192526501333223,5.112730870044422,0.9888248811946914,random_init_eat_seed42,2,22,22044,600,50
11.848581940507303,3.2157784257158,4.965565646737027,0.9817237093840537,random_init_eat_seed42,2,23,23044,600,50
12.251566261600424,3.2309576022957605,5.039839369231998,0.9913574224369517,random_init_eat_seed42,2,24,24044,600,50
11.290399887624226,3.0859706449388358,5.006159998424431,0.9886446942287239,random_init_eat_seed42,2,25,25044,600,50
11.305880416121568,3.0790951847661185,4.851728504913474,0.9758607849641251,random_init_eat_seed42,2,26,26044,600,50
12.107814128881994,3.238045346389862,5.687732318698822,0.9798205762205182,random_init_eat_seed42,2,27,27044,600,50
11.942336028485022,3.2212206716797724,4.806669159949423,0.9580327887608855,random_init_eat_seed42,2,28,28044,600,50
11.40509693468328,3.145934193558757,5.853847445097047,0.9846110899364661,random_init_eat_seed42,2,29,29044,600,50
11.467094891312195,3.1212303890723727,4.821513909612601,0.9827497747173595,random_init_eat_seed42,2,30,30044,600,50
11.297629395549407,3.1172780148019865,4.992443268316863,0.9878733888579324,random_init_eat_seed42,2,31,31044,600,50
11.628441775599931,3.165087052429793,4.547900442649074,0.9890518207462335,random_init_eat_seed42,2,32,32044,600,50
11.427327624970543,3.136379200864783,4.672615307880126,0.9638512038071987,random_init_eat_seed42,2,33,33044,600,50
11.795672642213106,3.128276268704224,4.890520886011025,0.9871199584368341,random_init_eat_seed42,2,34,34044,600,50
11.42043190478154,3.1098284613792364,5.445422523476232,0.9909656573537614,random_init_eat_seed42,2,35,35044,600,50
11.06288708399349,3.0105221409197793,4.818343660994952,0.9877147554282205,random_init_eat_seed42,2,36,36044,600,50
10.829712281404142,2.968526567390403,5.41107168534776,0.9449460715184438,random_init_eat_seed42,2,37,37044,600,50
10.868239863496237,3.0535740404158576,5.749298607731125,0.9784340518127042,random_init_eat_seed42,2,38,38044,600,50
11.383961426358832,3.1223020371278682,4.508239249124952,0.9652675427405788,random_init_eat_seed42,2,39,39044,600,50
11.77121841803629,3.1925294940538107,5.037114909778122,0.9886134987697959,random_init_eat_seed42,2,40,40044,600,50
11.537957923203281,3.112883730350091,5.747514374934689,0.9829828769922271,random_init_eat_seed42,2,41,41044,600,50
11.492156264239647,3.096679814659294,4.984984188562449,0.9871797305115054,random_init_eat_seed42,2,42,42044,600,50
11.982534883759739,3.227138079602831,4.7096395210514315,0.9784955894023172,random_init_eat_seed42,2,43,43044,600,50
11.774244917720136,3.161980159942097,4.488521311068379,0.9786712957827497,random_init_eat_seed42,2,44,44044,600,50
10.740636387289161,2.986290346538386,5.027291856859909,0.9277108268645069,random_init_eat_seed42,2,45,45044,600,50
11.341892729978108,3.1032447797153204,5.57949855496605,0.9845471202622665,random_init_eat_seed42,2,46,46044,600,50
12.21705387534594,3.251954032258024,5.270426950662591,0.9826862231623157,random_init_eat_seed42,2,47,47044,600,50
11.24795001517721,3.0669298210680735,4.399430937266381,0.9815239670724131,random_init_eat_seed42,2,48,48044,600,50
12.294536690985415,3.244145448920916,4.789837416356051,0.9846410806096474,random_init_eat_seed42,2,49,49044,600,50
11.446104325245914,3.2412046185945003,4.458785685446625,0.9831137734035215,random_init_eat_seed42,3,0,45,600,50
11.219925293847016,3.127273717437487,4.89821242201756,0.9901878698667124,random_init_eat_seed42,3,1,1045,600,50
11.693668235946589,3.269828539197272,5.188823354727204,0.9799271713000222,random_init_eat_seed42,3,2,2045,600,50
11.703919973292885,3.3016386480541255,4.61487438571161,0.9565753236458239,random_init_eat_seed42,3,3,3045,600,50
11.28318316856391,3.1883633593559355,5.094506177249764,0.9919274516025162,random_init_eat_seed42,3,4,4045,600,50
11.92547543280508,3.2859385143980036,5.398971653957367,0.9894390505561906,random_init_eat_seed42,3,5,5045,600,50
11.16743564434106,3.1126478328860903,4.944530606888438,0.988583734369078,random_init_eat_seed42,3,6,6045,600,50
11.489744634459646,3.257157415641992,4.076678619398409,0.9483074244667133,random_init_eat_seed42,3,7,7045,600,50
11.614860492832582,3.268457782429892,4.952224104228925,0.9662999442286454,random_init_eat_seed42,3,8,8045,600,50
10.998418311125707,3.144854559979657,5.12799517830912,0.978086521413036,random_init_eat_seed42,3,9,9045,600,50
11.82592798852106,3.2947404273206153,6.41662136808067,0.9921171494836223,random_init_eat_seed42,3,10,10045,600,50
11.568693078674182,3.2322556783332237,5.574365059711203,0.988467004642696,random_init_eat_seed42,3,11,11045,600,50
11.537293281927642,3.237167107008041,4.973558721926912,0.9856073269619945,random_init_eat_seed42,3,12,12045,600,50
11.687037973745705,3.2305219877793925,5.632451564003743,0.9832961816085473,random_init_eat_seed42,3,13,13045,600,50
11.172787811595594,3.2050795890934505,4.242580977191053,0.9764151963032177,random_init_eat_seed42,3,14,14045,600,50
11.545133389703466,3.2562556698315808,4.929656260291427,0.9639824552372073,random_init_eat_seed42,3,15,15045,600,50
11.46493100195913,3.219423093400157,4.157614269241479,0.9866540458828951,random_init_eat_seed42,3,16,16045,600,50
12.412965866888804,3.4588932128506067,4.216386640218862,0.9687656263433604,random_init_eat_seed42,3,17,17045,600,50
12.169742533314956,3.3702467886350043,4.572341614949643,0.9594226340641896,random_init_eat_seed42,3,18,18045,600,50
11.167456002091361,3.1497544139290143,5.55390733793272,0.9884691352934617,random_init_eat_seed42,3,19,19045,600,50
11.460508876029033,3.2239585928458157,5.198245486842848,0.8988131353461029,random_init_eat_seed42,3,20,20045,600,50
12.044929615519742,3.3457073288827606,5.701247470005961,0.9786783256589769,random_init_eat_seed42,3,21,21045,600,50
12.150581161143037,3.3686219726485778,4.262770527347299,0.9788482435485468,random_init_eat_seed42,3,22,22045,600,50
10.987139096362235,3.1307508706165255,4.935149943475904,0.9854723823685925,random_init_eat_seed42,3,23,23045,600,50
11.982932235860769,3.3367043703495205,4.594119018574823,0.9806130546679801,random_init_eat_seed42,3,24,24045,600,50
10.667706748294405,3.0795418026296657,4.584858829772309,0.9765812048613292,random_init_eat_seed42,3,25,25045,600,50
11.473631250989637,3.1983693447870976,4.9291258439557035,0.9793485826045956,random_init_eat_seed42,3,26,26045,600,50
11.622766389279064,3.253681145651743,5.111737467177563,0.957244594628967,random_init_eat_seed42,3,27,27045,600,50
11.333194694705604,3.2286702727175336,4.547429712499488,0.9804796790239945,random_init_eat_seed42,3,28,28045,600,50
11.975843332902839,3.289454027412502,5.290003770352782,0.9701983148072155,random_init_eat_seed42,3,29,29045,600,50
10.965378777876882,3.1616248261411037,5.544902118377414,0.98369515683179,random_init_eat_seed42,3,30,30045,600,50
11.289568778997177,3.180643931251733,5.589554253513491,0.984027350557429,random_init_eat_seed42,3,31,31045,600,50
11.380611511038387,3.242602261633828,5.533807519781675,0.9781091167224198,random_init_eat_seed42,3,32,32045,600,50
11.730227880294326,3.2565689289852986,5.546054069632418,0.9807870662679299,random_init_eat_seed42,3,33,33045,600,50
11.161864944216212,3.1366089317270403,4.14019350881954,0.9745358525392895,random_init_eat_seed42,3,34,34045,600,50
11.739530774461373,3.266275716023376,4.165748882196431,0.9853419491836993,random_init_eat_seed42,3,35,35045,600,50
11.347870919060098,3.1992068498132022,4.588862214788693,0.9503794106547503,random_init_eat_seed42,3,36,36045,600,50
11.96007457784432,3.326854312244305,5.578521484561342,0.9897105203932284,random_init_eat_seed42,3,37,37045,600,50
12.119031611725038,3.3369173278489708,5.272581395669433,0.9811116033552036,random_init_eat_seed42,3,38,38045,600,50
11.09711780677236,3.151891718145057,4.6848642020531255,0.9855451528370176,random_init_eat_seed42,3,39,39045,600,50
11.648474983651475,3.2655016425341477,4.270012504247837,0.9847742531835963,random_init_eat_seed42,3,40,40045,600,50
11.486247974260392,3.2391462542388467,5.0493293065457,0.9773448117418237,random_init_eat_seed42,3,41,41045,600,50
11.699037605326835,3.2669476204528345,4.805423806245992,0.915262613297298,random_init_eat_seed42,3,42,42045,600,50
11.418437969965792,3.214075715351143,4.181859296420142,0.9850090125791686,random_init_eat_seed42,3,43,43045,600,50
11.763987134981837,3.277711071043675,4.833532018975318,0.9614114701369034,random_init_eat_seed42,3,44,44045,600,50
11.54459547167387,3.2880254558075386,5.4393516755080205,0.9845939277456299,random_init_eat_seed42,3,45,45045,600,50
11.840786094132877,3.32785110765627,4.397130009117976,0.9552828316712407,random_init_eat_seed42,3,46,46045,600,50
11.779265412577443,3.2747387339455485,5.767571635917767,0.9442162613616747,random_init_eat_seed42,3,47,47045,600,50
12.043624143290762,3.2972008458503734,5.387798962420895,0.9827882965777057,random_init_eat_seed42,3,48,48045,600,50
11.373664773169896,3.21334936017306,4.867625552885902,0.9806514271828559,random_init_eat_seed42,3,49,49045,600,50
11.363082555620585,3.2474220899463555,5.772884420441747,0.9810685464237755,random_init_eat_seed42,4,0,46,600,50
11.491453449977394,3.2953002373783575,5.8606742545846044,0.9857335516465401,random_init_eat_seed42,4,1,1046,600,50
12.135918241704179,3.43375869516549,5.337970462425833,0.9850192590285631,random_init_eat_seed42,4,2,2046,600,50
12.404923127849557,3.481924357129784,5.494599895699431,0.9849126943848233,random_init_eat_seed42,4,3,3046,600,50
12.200378500879722,3.5167363565237606,4.333577735398706,0.9636956395436374,random_init_eat_seed42,4,4,4046,600,50
11.486535189431896,3.3304469963871206,4.669714768035089,0.970168308629565,random_init_eat_seed42,4,5,5046,600,50
11.258033806416263,3.2427604634274467,5.21839539856266,0.9857329995643574,random_init_eat_seed42,4,6,6046,600,50
11.724303389304186,3.338062338506655,5.453418933288368,0.9864730069705263,random_init_eat_seed42,4,7,7046,600,50
11.580001677831264,3.3050919407082806,5.143055228269021,0.9891456835223851,random_init_eat_seed42,4,8,8046,600,50
11.616352284794317,3.3469936427083677,4.866330290325373,0.9873123995759625,random_init_eat_seed42,4,9,9046,600,50
11.529314623725856,3.3063424754029906,4.947883513950393,0.9891615063383556,random_init_eat_seed42,4,10,10046,600,50
12.48818477827161,3.5044445240124977,5.62106363466449,0.9703821906888926,random_init_eat_seed42,4,11,11046,600,50
12.086474172264246,3.4044283500042467,4.895958508407673,0.9743318851294196,random_init_eat_seed42,4,12,12046,600,50
11.416582905785324,3.2956330409436885,5.191692043410727,0.9800088412001842,random_init_eat_seed42,4,13,13046,600,50
12.389541788967472,3.475186788311809,4.802435346182125,0.9866372906843388,random_init_eat_seed42,4,14,14046,600,50
11.941524476082222,3.4003068884104835,4.502507902570455,0.9819922663811363,random_init_eat_seed42,4,15,15046,600,50
11.838551992082781,3.392485570381628,5.019978844695021,0.9816680211670434,random_init_eat_seed42,4,16,16046,600,50
11.507938951937065,3.312143342587942,5.373985206975482,0.9869260766482899,random_init_eat_seed42,4,17,17046,600,50
11.737700940120426,3.3877044701600614,4.294808743170904,0.971220948919967,random_init_eat_seed42,4,18,18046,600,50
11.442908160861913,3.282509059996941,5.128875326356141,0.9800341352122087,random_init_eat_seed42,4,19,19046,600,50
11.754406268598066,3.3626628873049538,5.5965669464394425,0.9628146303771578,random_init_eat_seed42,4,20,20046,600,50
11.809526018871262,3.3783446202406138,4.651492508100584,0.9794651080135509,random_init_eat_seed42,4,21,21046,600,50
11.486011285334017,3.3153976978505613,5.124865389668396,0.9884450486219778,random_init_eat_seed42,4,22,22046,600,50
11.529155180831944,3.3172602778791838,4.168579009177222,0.9496556426633251,random_init_eat_seed42,4,23,23046,600,50
11.980268939201949,3.3601473024183712,5.319545732112084,0.9896376718439136,random_init_eat_seed42,4,24,24046,600,50
12.311496857681547,3.477804232982398,4.885634953694457,0.9660249553310546,random_init_eat_seed42,4,25,25046,600,50
11.190559297624288,3.2237907272545203,5.021278079513064,0.979485948080065,random_init_eat_seed42,4,26,26046,600,50
11.972779506186525,3.4119243439363816,5.206810260472381,0.9415765259868627,random_init_eat_seed42,4,27,27046,600,50
11.419443276084195,3.269758872230858,4.33587111764783,0.9849502869538543,random_init_eat_seed42,4,28,28046,600,50
12.118856505313326,3.417979220040137,4.708982582686896,0.9799714986915362,random_init_eat_seed42,4,29,29046,600,50
11.556638876930252,3.3199924043084352,6.028756589257548,0.9759018325568535,random_init_eat_seed42,4,30,30046,600,50
11.477530096024255,3.2904572609581177,5.7673980382701995,0.9867250071147515,random_init_eat_seed42,4,31,31046,600,50
11.174241253961597,3.27807045707325,5.060093050894611,0.9839444334757623,random_init_eat_seed42,4,32,32046,600,50
12.178101627423256,3.4103976227001516,4.5682704731133255,0.9801113576047806,random_init_eat_seed42,4,33,33046,600,50
12.428898546184975,3.5076844866974577,5.278992627011197,0.9705878531497479,random_init_eat_seed42,4,34,34046,600,50
12.102502681130558,3.467518273014858,4.07915675515189,0.9703144942498213,random_init_eat_seed42,4,35,35046,600,50
11.703652253399781,3.332694070042352,5.972896024083107,0.97440984928947,random_init_eat_seed42,4,36,36046,600,50
11.207101761364722,3.242027337458392,4.361048879706345,0.9866601343977177,random_init_eat_seed42,4,37,37046,600,50
12.748183695087462,3.560518319253759,4.98486506264434,0.9611083496326682,random_init_eat_seed42,4,38,38046,600,50
12.403764215908597,3.4708182272052084,4.540391244297359,0.9764956133180702,random_init_eat_seed42,4,39,39046,600,50
11.441213094047521,3.3105245934579317,4.94681229181465,0.981469081293918,random_init_eat_seed42,4,40,40046,600,50
11.970860040283297,3.410306321225154,4.625259778824798,0.9834019061839856,random_init_eat_seed42,4,41,41046,600,50
11.477506879060146,3.273034943826529,5.011553193598879,0.9818901175307598,random_init_eat_seed42,4,42,42046,600,50
12.313689935170396,3.437144861528195,5.3352911466864485,0.9920286442557265,random_init_eat_seed42,4,43,43046,600,50
11.332337719899977,3.2322791032823432,5.933888726315224,0.9789376661621644,random_init_eat_seed42,4,44,44046,600,50
11.745581239943144,3.3443118585003324,4.590910821394856,0.9873265605989822,random_init_eat_seed42,4,45,45046,600,50
12.170019681361989,3.441382833809879,5.344673764947911,0.9877198992302109,random_init_eat_seed42,4,46,46046,600,50
12.434678379201793,3.476244673179156,5.707251369680291,0.9749217013223295,random_init_eat_seed42,4,47,47046,600,50
12.188012287786263,3.4377237618096235,4.242129359061628,0.9794535718688566,random_init_eat_seed42,4,48,48046,600,50
11.804843889552302,3.3632940209416553,5.120991404069805,0.9331754394669778,random_init_eat_seed42,4,49,49046,600,50
12.12919632734757,3.503864239426083,5.111934067636501,0.9813159117033285,random_init_eat_seed42,5,0,47,600,50
10.942477136995832,3.238369686844965,6.267320410236909,0.9895795458822102,random_init_eat_seed42,5,1,1047,600,50
11.300504071660384,3.3569489000887165,6.027082092935154,0.9679494224946804,random_init_eat_seed42,5,2,2047,600,50
12.160115846114444,3.551167239076022,4.783570587241809,0.9873949175941791,random_init_eat_seed42,5,3,3047,600,50
11.8018594000966,3.4325604039278135,4.988061876402075,0.9894173118253684,random_init_eat_seed42,5,4,4047,600,50
11.634333731307292,3.3748097881260435,4.699020036927933,0.9815357755576357,random_init_eat_seed42,5,5,5047,600,50
11.619335618321738,3.4398410864609277,4.518258226659796,0.9848149847327876,random_init_eat_seed42,5,6,6047,600,50
11.608549557714591,3.4137383967437596,5.106027708546354,0.9874335132818575,random_init_eat_seed42,5,7,7047,600,50
11.507942820018984,3.344784063538678,5.2724563161024225,0.9820541444793914,random_init_eat_seed42,5,8,8047,600,50
11.798913717884002,3.3971496709738123,5.582815599956666,0.9867682517314071,random_init_eat_seed42,5,9,9047,600,50
11.587272473779263,3.442736795466842,5.8164778176044765,0.9656715115973611,random_init_eat_seed42,5,10,10047,600,50
12.260120175141497,3.510225603867556,4.667579309469824,0.9869103783968878,random_init_eat_seed42,5,11,11047,600,50
11.188225799836811,3.3535945820559636,4.790343107627126,0.9691252410823117,random_init_eat_seed42,5,12,12047,600,50
11.152621617186236,3.323001390736522,4.809549488969903,0.9887647699540899,random_init_eat_seed42,5,13,13047,600,50
11.79335350754963,3.3954198051528683,4.461232490641903,0.9879845462755286,random_init_eat_seed42,5,14,14047,600,50
12.100461001160632,3.494089223371218,4.0565320573545485,0.9864267103573796,random_init_eat_seed42,5,15,15047,600,50
11.475846344231838,3.4194032391862867,4.667749628622164,0.9890860812424593,random_init_eat_seed42,5,16,16047,600,50
11.26045628603157,3.3037372065120065,4.245810343863116,0.9766136847445752,random_init_eat_seed42,5,17,17047,600,50
11.341222357349356,3.325386475283972,5.929232101385393,0.9903305167346828,random_init_eat_seed42,5,18,18047,600,50
12.35950012250017,3.546663991646185,5.570504015419007,0.982225510329181,random_init_eat_seed42,5,19,19047,600,50
12.11814698236146,3.5088826315770985,4.77204298458058,0.9838265447557134,random_init_eat_seed42,5,20,20047,600,50
11.72487259210392,3.40789943913442,4.506409832965915,0.9880961358618878,random_init_eat_seed42,5,21,21047,600,50
11.536494091497168,3.353597006327913,4.767053114891422,0.9862895651214725,random_init_eat_seed42,5,22,22047,600,50
11.920962836974494,3.444949097555332,5.006023136589008,0.9898677991693408,random_init_eat_seed42,5,23,23047,600,50
12.314301566940333,3.57900159007337,5.417027921619178,0.9382206322216786,random_init_eat_seed42,5,24,24047,600,50
11.427372720784692,3.312351810845007,5.02895145253339,0.9854388033649768,random_init_eat_seed42,5,25,25047,600,50
11.194608500336226,3.2906065664696107,4.512851942736255,0.9873910486362754,random_init_eat_seed42,5,26,26047,600,50
11.066812616404125,3.2934531340803432,5.028454951421793,0.9853340601829785,random_init_eat_seed42,5,27,27047,600,50
11.67469992102171,3.4550425389285326,4.084551253162557,0.9897531677062812,random_init_eat_seed42,5,28,28047,600,50
11.41643313143562,3.4000615801153122,4.9353633485926585,0.988288361557203,random_init_eat_seed42,5,29,29047,600,50
11.557401754687264,3.356317091591993,4.861872718968161,0.9668893748829561,random_init_eat_seed42,5,30,30047,600,50
11.077509279893459,3.2475066700844044,5.336372685073663,0.9899385690000667,random_init_eat_seed42,5,31,31047,600,50
10.964522777341978,3.1967201730068595,6.118312420080495,0.9887314045530617,random_init_eat_seed42,5,32,32047,600,50
10.809090959861377,3.213471732268422,5.344359940709919,0.9920975441340817,random_init_eat_seed42,5,33,33047,600,50
11.331403688937971,3.311883927756262,5.781894788613826,0.9886493456844931,random_init_eat_seed42,5,34,34047,600,50
10.951241181328676,3.2484010916127093,5.935933961292185,0.9843867781651026,random_init_eat_seed42,5,35,35047,600,50
11.022922279172871,3.285542569903877,4.506392125811576,0.9715372407404201,random_init_eat_seed42,5,36,36047,600,50
11.822049730196909,3.4206479991699608,5.42837088494057,0.9909133176161417,random_init_eat_seed42,5,37,37047,600,50
12.078926282787812,3.441108407456783,4.950418403603446,0.9893873999191769,random_init_eat_seed42,5,38,38047,600,50
11.770618874834797,3.3604973197410777,5.289601946041081,0.9851906284697082,random_init_eat_seed42,5,39,39047,600,50
11.588985975624862,3.4185825364305913,4.648749820722365,0.9861300061872285,random_init_eat_seed42,5,40,40047,600,50
12.275903126735347,3.5225012862926723,5.210309716825363,0.9873251774749038,random_init_eat_seed42,5,41,41047,600,50
11.468170294491504,3.3555935643151455,5.397469711270775,0.9824742011873283,random_init_eat_seed42,5,42,42047,600,50
11.124053799389825,3.2635987815040655,4.941576574314559,0.9799398704555055,random_init_eat_seed42,5,43,43047,600,50
11.750130034807732,3.422631629545352,5.023823770539876,0.9871981870691504,random_init_eat_seed42,5,44,44047,600,50
11.642938071954374,3.408390419112428,3.984576734440574,0.984920856901437,random_init_eat_seed42,5,45,45047,600,50
11.617669752974416,3.3867025571207092,4.24554603909023,0.9648914147734402,random_init_eat_seed42,5,46,46047,600,50
11.248506502396982,3.2606652754204517,5.663845309644796,0.9571555234719019,random_init_eat_seed42,5,47,47047,600,50
11.703035184805747,3.41466098633677,3.787371486808936,0.9695233946824258,random_init_eat_seed42,5,48,48047,600,50
10.971926293047892,3.2529102991782746,6.078714609820525,0.983521438514997,random_init_eat_seed42,5,49,49047,600,50
12.067822724425307,3.605773114623889,4.736068578148425,0.983131598757027,random_init_eat_seed42,6,0,48,600,50
11.784104172495361,3.5419183816469646,4.50256315997302,0.9875378865740894,random_init_eat_seed42,6,1,1048,600,50
11.169433370427852,3.397178466788734,3.7946812185472543,0.9822867883199118,random_init_eat_seed42,6,2,2048,600,50
11.690613410354294,3.4981322474918115,4.035225967230043,0.9825532801270696,random_init_eat_seed42,6,3,3048,600,50
12.049477030842384,3.595819984463612,4.8093754767035195,0.9765532737143559,random_init_eat_seed42,6,4,4048,600,50
11.612854008398644,3.4758375104909405,4.915538063098504,0.983246685922017,random_init_eat_seed42,6,5,5048,600,50
11.53952216904289,3.490778876005446,4.705532049872478,0.9890654728144199,random_init_eat_seed42,6,6,6048,600,50
11.754957757402536,3.5402506398635203,4.89989638677195,0.9756985519182203,random_init_eat_seed42,6,7,7048,600,50
11.890540972778297,3.5499997152380907,4.3738188611725555,0.9846042177194525,random_init_eat_seed42,6,8,8048,600,50
11.637305150255512,3.4572525012684854,4.677959229781023,0.9538099359205068,random_init_eat_seed42,6,9,9048,600,50
11.552970610065017,3.471947296027553,4.372007113720786,0.9858852832580938,random_init_eat_seed42,6,10,10048,600,50
10.847958432644214,3.343714158104282,5.581946806583941,0.9867853789161298,random_init_eat_seed42,6,11,11048,600,50
11.966465220298762,3.556515036556482,4.983244619845191,0.9527160143765675,random_init_eat_seed42,6,12,12048,600,50
11.167629036590007,3.392766655983676,4.732384468544263,0.9715579631214306,random_init_eat_seed42,6,13,13048,600,50
12.32388168237831,3.639444690903988,5.1859117727473505,0.9789055272795775,random_init_eat_seed42,6,14,14048,600,50
11.438816084241132,3.450412251187647,5.32457572954995,0.9814579892980182,random_init_eat_seed42,6,15,15048,600,50
11.723058176616297,3.5148713979484807,5.224644356044289,0.9813165015915445,random_init_eat_seed42,6,16,16048,600,50
11.263057035373294,3.387922697167498,4.370128695705565,0.9749225100988441,random_init_eat_seed42,6,17,17048,600,50
11.907033855965663,3.48265669329788,5.532874899566299,0.9792226046743127,random_init_eat_seed42,6,18,18048,600,50
11.901488472894455,3.522129310463679,5.363211951479831,0.9842355609300052,random_init_eat_seed42,6,19,19048,600,50
11.610546203234824,3.476987855071238,5.013507982656042,0.9885314796153292,random_init_eat_seed42,6,20,20048,600,50
11.602798667715216,3.501536865480235,4.473379667938337,0.9832659570102308,random_init_eat_seed42,6,21,21048,600,50
11.34612099717623,3.4616320388249466,4.783531957351933,0.9535693501680036,random_init_eat_seed42,6,22,22048,600,50
11.266162640039678,3.460401666728161,3.980611807295408,0.9835353268288166,random_init_eat_seed42,6,23,23048,600,50
11.880069264048682,3.5829993384434706,4.530836412062586,0.9806938595162137,random_init_eat_seed42,6,24,24048,600,50
11.823942852659721,3.5224025883498706,4.193400561534119,0.9524456722034081,random_init_eat_seed42,6,25,25048,600,50
11.514131256527527,3.48053305021266,5.084573303386777,0.9804070302665442,random_init_eat_seed42,6,26,26048,600,50
11.03026686901506,3.38750961871005,5.147704000487381,0.9739167373546966,random_init_eat_seed42,6,27,27048,600,50
11.469441209583506,3.427287519440472,4.980254220423373,0.9845159165967126,random_init_eat_seed42,6,28,28048,600,50
11.044819455962996,3.3694615148340414,4.183296136740269,0.9858938411287804,random_init_eat_seed42,6,29,29048,600,50
11.600391718478711,3.4697191998718244,4.888113191383201,0.982118986092672,random_init_eat_seed42,6,30,30048,600,50
11.805867361874398,3.5201137565082523,4.850002511253256,0.9897638686190484,random_init_eat_seed42,6,31,31048,600,50
11.060440523132506,3.4067056737715773,4.060741387318412,0.9686585913518417,random_init_eat_seed42,6,32,32048,600,50
11.482306706686655,3.420249796913575,5.617443873460374,0.9498362697331247,random_init_eat_seed42,6,33,33048,600,50
11.596372937548797,3.46534076796961,4.118665725216224,0.9817776025076188,random_init_eat_seed42,6,34,34048,600,50
12.205432215714834,3.6092852867420597,5.020779375818812,0.987637367725139,random_init_eat_seed42,6,35,35048,600,50
11.834304054850586,3.5404164294539378,5.249647970504839,0.9869334522923351,random_init_eat_seed42,6,36,36048,600,50
11.337639218493514,3.386364446468499,5.101564497291875,0.9708302221639645,random_init_eat_seed42,6,37,37048,600,50
11.503632686143199,3.471172417494865,4.289567324837806,0.9858522560967813,random_init_eat_seed42,6,38,38048,600,50
11.549125539416442,3.49748873788713,5.439391816244181,0.9897891956944393,random_init_eat_seed42,6,39,39048,600,50
11.671854789412661,3.481402071318404,5.0715312289035825,0.9873299588148068,random_init_eat_seed42,6,40,40048,600,50
12.172690415246313,3.651956762638308,4.174015095594727,0.9850291269729752,random_init_eat_seed42,6,41,41048,600,50
10.654722086526522,3.312357880624054,4.052868194935513,0.9837236253724682,random_init_eat_seed42,6,42,42048,600,50
11.07332984835679,3.364962300541155,4.800059663996786,0.9793194116018228,random_init_eat_seed42,6,43,43048,600,50
11.77863123046822,3.4796798007215117,4.341844438207429,0.9684771447708862,random_init_eat_seed42,6,44,44048,600,50
10.877526566237284,3.3297600828286393,4.725201535473487,0.987705383392238,random_init_eat_seed42,6,45,45048,600,50
11.514595572824224,3.4639044634685403,5.0695902623032225,0.9878149744855509,random_init_eat_seed42,6,46,46048,600,50
11.62016502425783,3.487301739300759,5.636065736187055,0.9838114831592352,random_init_eat_seed42,6,47,47048,600,50
11.331070365368396,3.4533266965570766,4.036243168042714,0.9837099083675767,random_init_eat_seed42,6,48,48048,600,50
11.713665322060256,3.5345580933359915,3.9799580811358903,0.9823490396939201,random_init_eat_seed42,6,49,49048,600,50
11.706776655245658,3.597334645307034,4.552629246895062,0.9749667116089441,random_init_eat_seed42,7,0,49,600,50
11.248799402493232,3.457907907385093,6.028914936796218,0.9482705406634245,random_init_eat_seed42,7,1,1049,600,50
11.409926103046017,3.5462926206167564,4.874723359737874,0.9836314286464427,random_init_eat_seed42,7,2,2049,600,50
11.126500607654753,3.476974905941615,5.040390267095672,0.9837365980888576,random_init_eat_seed42,7,3,3049,600,50
10.935628418056313,3.373324050219949,5.2336577951838406,0.9836849579644593,random_init_eat_seed42,7,4,4049,600,50
11.426753653237569,3.531751613712571,4.5875953039428,0.9739340304092211,random_init_eat_seed42,7,5,5049,600,50
11.078558935566084,3.4797081598427,4.510680082690762,0.9414783928747091,random_init_eat_seed42,7,6,6049,600,50
11.09744911345023,3.508508962284042,4.330181520387698,0.9740889676545613,random_init_eat_seed42,7,7,7049,600,50
11.811362644120912,3.652728144853286,4.677385002752213,0.97506676922689,random_init_eat_seed42,7,8,8049,600,50
11.623286399231898,3.6264061045014833,4.041251693130967,0.8967047705027955,random_init_eat_seed42,7,9,9049,600,50
11.164745425830027,3.4800685728389644,3.828940039548937,0.9893119600700631,random_init_eat_seed42,7,10,10049,600,50
11.750676910089705,3.591158769998767,4.55766116970284,0.9585529497750411,random_init_eat_seed42,7,11,11049,600,50
11.59614667533082,3.5924843418243735,5.057563157936387,0.9736690940204609,random_init_eat_seed42,7,12,12049,600,50
10.702513865495622,3.3719951522069915,4.676123820761631,0.9819586288216694,random_init_eat_seed42,7,13,13049,600,50
11.784382666609005,3.5635434662934573,4.9511809295981095,0.9811817245140346,random_init_eat_seed42,7,14,14049,600,50
12.083206496351412,3.7060090258965586,4.380482085513657,0.9048823387034926,random_init_eat_seed42,7,15,15049,600,50
11.854447731162079,3.6268734981894304,4.479560148463027,0.9744308293318144,random_init_eat_seed42,7,16,16049,600,50
11.775864929101353,3.648359059388024,4.415086364054495,0.9290569420624598,random_init_eat_seed42,7,17,17049,600,50
11.234953792490249,3.4904238697358427,4.823733625269516,0.9681982917291274,random_init_eat_seed42,7,18,18049,600,50
11.27114137377131,3.438921991386676,5.798344498936162,0.9768923033366239,random_init_eat_seed42,7,19,19049,600,50
11.022557395386974,3.4376804846842584,3.964766388007314,0.9735414857612522,random_init_eat_seed42,7,20,20049,600,50
11.449338469230218,3.5623108572963758,4.160357136443153,0.9484015090561895,random_init_eat_seed42,7,21,21049,600,50
11.004414875699807,3.4824836095759837,4.236893684584244,0.9372337741360169,random_init_eat_seed42,7,22,22049,600,50
11.605828470746928,3.535449865422544,5.623037681023823,0.9810495930748807,random_init_eat_seed42,7,23,23049,600,50
10.97852229853252,3.42180267481045,4.242492948154711,0.9739907298741359,random_init_eat_seed42,7,24,24049,600,50
10.61278191126137,3.3368285517829395,4.217438981832975,0.9833737510745095,random_init_eat_seed42,7,25,25049,600,50
11.18202175053004,3.474837532724132,3.700467453405835,0.9854108924602691,random_init_eat_seed42,7,26,26049,600,50
11.356775168872305,3.4691254367311832,6.040459102845457,0.9701784549011643,random_init_eat_seed42,7,27,27049,600,50
11.110227481229222,3.4544728665503,4.954732840452592,0.9636289553191411,random_init_eat_seed42,7,28,28049,600,50
10.713414273553543,3.383981672818316,4.936195395152522,0.9841490380210456,random_init_eat_seed42,7,29,29049,600,50
11.763658414529903,3.6290636740222646,4.567977108852353,0.9846045235590288,random_init_eat_seed42,7,30,30049,600,50
11.288551091029534,3.5049189209115506,4.131894798293166,0.9832809316151003,random_init_eat_seed42,7,31,31049,600,50
10.528453137707354,3.3834410115258975,4.549376870393733,0.9854832149785733,random_init_eat_seed42,7,32,32049,600,50
10.576139902719838,3.384644568272709,4.5243694199953985,0.9820250458629459,random_init_eat_seed42,7,33,33049,600,50
10.840553302778655,3.4299237085895173,4.428637842924485,0.9600466709904832,random_init_eat_seed42,7,34,34049,600,50
10.926278530211764,3.41266849394848,5.317034195130639,0.9792138864097334,random_init_eat_seed42,7,35,35049,600,50
11.141122462979299,3.493530682024917,4.223669719385221,0.9816867267227696,random_init_eat_seed42,7,36,36049,600,50
11.411357641967129,3.5527577072615277,4.815649251042913,0.9660206919142367,random_init_eat_seed42,7,37,37049,600,50
11.226630314820977,3.5198499795233835,4.160129932944806,0.9863129164353899,random_init_eat_seed42,7,38,38049,600,50
11.6632151025754,3.5767212622389244,5.745466423208507,0.9776420357699467,random_init_eat_seed42,7,39,39049,600,50
10.292841257142705,3.2749098531429968,4.099331235386905,0.9746949054698822,random_init_eat_seed42,7,40,40049,600,50
12.051060722147872,3.6128095656574595,4.75974289516526,0.9696567629003072,random_init_eat_seed42,7,41,41049,600,50
10.740058818902861,3.3780513213831984,4.0099498585637114,0.9709951356568467,random_init_eat_seed42,7,42,42049,600,50
11.64142267108435,3.5662282937135927,5.1762358953540355,0.9706830151566122,random_init_eat_seed42,7,43,43049,600,50
10.707240442034005,3.4119103317137878,4.830736829673579,0.9535480906357396,random_init_eat_seed42,7,44,44049,600,50
11.163440832519912,3.444039532417065,5.225790217740639,0.9699867340314279,random_init_eat_seed42,7,45,45049,600,50
11.216804910874401,3.5429954797542385,4.584445398072078,0.9828038440138303,random_init_eat_seed42,7,46,46049,600,50
11.262201148647284,3.5506068514353415,5.1506607953587356,0.9817253588981133,random_init_eat_seed42,7,47,47049,600,50
11.537973767953973,3.581213921749517,4.789385447243588,0.9774961969838201,random_init_eat_seed42,7,48,48049,600,50
11.61988989359273,3.5842633744100136,4.848680242616377,0.987184871748305,random_init_eat_seed42,7,49,49049,600,50
10.729797483104955,3.45334318756581,4.575898977901976,0.9168380376195013,random_init_eat_seed42,8,0,50,600,50
11.594739902576963,3.606929423870954,5.05985703119029,0.9385684365526284,random_init_eat_seed42,8,1,1050,600,50
10.563095571178199,3.4111884642569734,4.53419338043468,0.9309980750550121,random_init_eat_seed42,8,2,2050,600,50
10.53863623139592,3.432880570803245,5.36799859625427,0.9317600938441133,random_init_eat_seed42,8,3,3050,600,50
11.415520052162531,3.589910433792035,5.8252592145481215,0.9328928709993359,random_init_eat_seed42,8,4,4050,600,50
11.008550362028759,3.5425126735061347,5.170586721495399,0.9199752819101731,random_init_eat_seed42,8,5,5050,600,50
10.24685568759127,3.3686618549826033,4.706041439332186,0.9372989373041849,random_init_eat_seed42,8,6,6050,600,50
11.43265972777892,3.5505120780335604,5.3324729223048495,0.9047066963466307,random_init_eat_seed42,8,7,7050,600,50
11.193885492963739,3.5383381975688146,5.2229624346101255,0.9083435725980771,random_init_eat_seed42,8,8,8050,600,50
10.719745831430846,3.4572436496943366,4.911230173287268,0.9710757946456876,random_init_eat_seed42,8,9,9050,600,50
10.54350381999384,3.4381003315200354,4.8633352298342905,0.9131623907767514,random_init_eat_seed42,8,10,10050,600,50
10.943473542970668,3.501211478853686,4.7811533157766135,0.9077736975073435,random_init_eat_seed42,8,11,11050,600,50
10.08750487993758,3.306553106882959,4.9852235614668245,0.9430098884004636,random_init_eat_seed42,8,12,12050,600,50
11.056140510992641,3.515620158061679,4.116616577364394,0.9377324270841125,random_init_eat_seed42,8,13,13050,600,50
11.830038160838338,3.6976080082485554,4.656181905151662,0.9230840960899995,random_init_eat_seed42,8,14,14050,600,50
11.379090339571793,3.5985961362676373,4.046405179083402,0.9085077920429416,random_init_eat_seed42,8,15,15050,600,50
10.31332182078589,3.3852024090600636,4.427467746960055,0.9282724066338999,random_init_eat_seed42,8,16,16050,600,50
10.974093767573583,3.5656884237077406,3.739779464617657,0.9209916397352773,random_init_eat_seed42,8,17,17050,600,50
10.604528608939214,3.3921779002945787,4.543705697070619,0.9127666034159112,random_init_eat_seed42,8,18,18050,600,50
10.86977995446788,3.57638123676032,4.081803123002315,0.920943175470196,random_init_eat_seed42,8,19,19050,600,50
11.288899858894203,3.63193953593453,5.459185738927432,0.9453896322976891,random_init_eat_seed42,8,20,20050,600,50
11.077410784760911,3.5518632367170495,5.205613838986004,0.9023360564171125,random_init_eat_seed42,8,21,21050,600,50
10.690504721695884,3.4309596293118627,4.1471884294960315,0.9749998902315719,random_init_eat_seed42,8,22,22050,600,50
11.086072920106496,3.548787599256756,4.229333723800085,0.9523584764327853,random_init_eat_seed42,8,23,23050,600,50
10.435348442564639,3.4257335608119295,4.914712476239104,0.9024313502369546,random_init_eat_seed42,8,24,24050,600,50
11.574910623097054,3.6928201618654755,4.799755220928362,0.9592354031585675,random_init_eat_seed42,8,25,25050,600,50
10.754210224097271,3.4892530571461005,3.6625002611523128,0.9055934212096732,random_init_eat_seed42,8,26,26050,600,50
10.580883748300757,3.4545284293092933,4.167980646889792,0.9608531249304356,random_init_eat_seed42,8,27,27050,600,50
11.007063001513501,3.4936333589550608,5.0338763535916184,0.9341226425580128,random_init_eat_seed42,8,28,28050,600,50
11.175212512057666,3.531576974308354,4.471308177221952,0.9202794821572278,random_init_eat_seed42,8,29,29050,600,50
10.344092066875033,3.364021582457341,4.516869703053792,0.9211136686021895,random_init_eat_seed42,8,30,30050,600,50
11.198026400453628,3.5312858647267213,5.045330908267863,0.933314090207294,random_init_eat_seed42,8,31,31050,600,50
10.845141761022393,3.533229677230153,3.7647036693470874,0.8997350156947018,random_init_eat_seed42,8,32,32050,600,50
11.297430210341108,3.5883262006539676,4.2819797577972185,0.9425005952753315,random_init_eat_seed42,8,33,33050,600,50
11.420474153151467,3.6433747930929505,5.00147736186461,0.9244816976566194,random_init_eat_seed42,8,34,34050,600,50
10.61984968191729,3.4613578719154114,4.342920695993733,0.9312681247819906,random_init_eat_seed42,8,35,35050,600,50
11.321492874067758,3.5971755849998943,5.693116511022688,0.9209778687168019,random_init_eat_seed42,8,36,36050,600,50
11.36177620097394,3.5973889817065405,5.160613678976487,0.9247035895148988,random_init_eat_seed42,8,37,37050,600,50
11.101851952093966,3.5265482562293347,6.035431326345116,0.906490600410692,random_init_eat_seed42,8,38,38050,600,50
10.90775280131963,3.5025688375644406,4.508957620069901,0.9509518526266711,random_init_eat_seed42,8,39,39050,600,50
11.302449854295329,3.572522716222077,4.703841779504525,0.9266175320500512,random_init_eat_seed42,8,40,40050,600,50
10.643386248606959,3.45394861762837,4.166665081369923,0.9176305180613802,random_init_eat_seed42,8,41,41050,600,50
10.900889830781457,3.5083156784925897,5.091793198343245,0.9370977716490314,random_init_eat_seed42,8,42,42050,600,50
10.683875895036591,3.4291452005085445,3.4562339153429296,0.92439151077321,random_init_eat_seed42,8,43,43050,600,50
11.210273443162372,3.551716379408846,5.6558436793333104,0.9280775947705427,random_init_eat_seed42,8,44,44050,600,50
10.5561521989244,3.3930676130102446,4.761047024907883,0.9366046149276194,random_init_eat_seed42,8,45,45050,600,50
11.277393480862507,3.5494668409356147,5.339619709100417,0.946392131216536,random_init_eat_seed42,8,46,46050,600,50
11.549204414109523,3.6500846938624694,4.364985498350309,0.9366643917092098,random_init_eat_seed42,8,47,47050,600,50
11.204502827170373,3.5603391215332714,4.895327902757076,0.9213715945448069,random_init_eat_seed42,8,48,48050,600,50
10.397605134998575,3.412847477754418,4.489226900706051,0.9205829907874554,random_init_eat_seed42,8,49,49050,600,50
10.483752745847722,3.4774417043530326,5.066842489939069,0.8993800902171085,random_init_eat_seed42,9,0,51,600,50
11.182937191199994,3.6387630103494635,5.479689684802766,0.9020936629653574,random_init_eat_seed42,9,1,1051,600,50
10.442404326268734,3.433897571191243,4.032154669293881,0.8948180909117521,random_init_eat_seed42,9,2,2051,600,50
10.804447679589627,3.519138378967993,4.440904457366405,0.8935598675967796,random_init_eat_seed42,9,3,3051,600,50
10.837049488565102,3.537088321236406,4.392742865235994,0.9170695903747482,random_init_eat_seed42,9,4,4051,600,50
11.24962664612418,3.5560682367051344,5.944464752369989,0.8929151931434601,random_init_eat_seed42,9,5,5051,600,50
10.664625745125429,3.432855579260031,4.8874920310606775,0.9129229931036555,random_init_eat_seed42,9,6,6051,600,50
10.37663587777893,3.4440282084941445,5.106380039133639,0.8914578074989263,random_init_eat_seed42,9,7,7051,600,50
10.63067684471852,3.4802416709710533,5.5825782232743535,0.8877591851193477,random_init_eat_seed42,9,8,8051,600,50
10.158801523056475,3.3796194370477104,4.22033032441953,0.9169285998501596,random_init_eat_seed42,9,9,9051,600,50
10.378616860506128,3.4058592927773526,4.507002353967884,0.8996249374724522,random_init_eat_seed42,9,10,10051,600,50
10.957156739052579,3.502736153361651,4.869691503605173,0.8923908817484664,random_init_eat_seed42,9,11,11051,600,50
10.607333664060135,3.48889178372838,5.0997703241551395,0.8897266676531592,random_init_eat_seed42,9,12,12051,600,50
11.009089000771493,3.579392213355844,4.680410465399008,0.892992545877679,random_init_eat_seed42,9,13,13051,600,50
11.666356463009532,3.773456842427836,4.1452916960822375,0.906173828958148,random_init_eat_seed42,9,14,14051,600,50
10.769983024687503,3.5411261970947567,4.9852125572575074,0.8944220508682801,random_init_eat_seed42,9,15,15051,600,50
10.300988184809027,3.3404830672981563,4.432145990192038,0.9035849241586223,random_init_eat_seed42,9,16,16051,600,50
10.576661592252107,3.5145685896055925,4.600222234953601,0.8958203375939526,random_init_eat_seed42,9,17,17051,600,50
10.623754318451102,3.483343269675437,5.061850600600028,0.9180448516027425,random_init_eat_seed42,9,18,18051,600,50
10.81368880683685,3.508765150531172,3.9579165182908924,0.9027292446427708,random_init_eat_seed42,9,19,19051,600,50
10.461480263816103,3.465854664500096,4.67645807055871,0.8888444731142696,random_init_eat_seed42,9,20,20051,600,50
10.475098197935809,3.485427832060194,4.601277078302718,0.9126657493027179,random_init_eat_seed42,9,21,21051,600,50
11.119250292116801,3.611932331968096,5.275031181996046,0.8991560767414704,random_init_eat_seed42,9,22,22051,600,50
10.802462479853641,3.5768401276292625,4.483125272868909,0.9010510914295204,random_init_eat_seed42,9,23,23051,600,50
10.537060765599772,3.4553525047074283,3.9340734290932913,0.9195066067397668,random_init_eat_seed42,9,24,24051,600,50
11.045496632701024,3.5974446509674283,5.368739830878751,0.9075609837842172,random_init_eat_seed42,9,25,25051,600,50
10.84064853274399,3.574238775812318,4.448722530744272,0.8953540340025752,random_init_eat_seed42,9,26,26051,600,50
10.816733643433944,3.581902851870706,4.651836176346929,0.9120288705718052,random_init_eat_seed42,9,27,27051,600,50
11.180862657222793,3.5428537388306482,4.568679678076714,0.8980455745301906,random_init_eat_seed42,9,28,28051,600,50
10.742573272748727,3.515801322036879,4.251931968696067,0.87705348480884,random_init_eat_seed42,9,29,29051,600,50
10.884044355381581,3.5380377399242975,5.164463473593072,0.9049081649528403,random_init_eat_seed42,9,30,30051,600,50
10.779066849311803,3.4915480738495868,5.245093227144545,0.9015552100827499,random_init_eat_seed42,9,31,31051,600,50
10.917520958677335,3.55763772102378,5.025140286065763,0.9076683646355714,random_init_eat_seed42,9,32,32051,600,50
11.441927282283256,3.6899790549271345,3.9385816783876186,0.9003450618061557,random_init_eat_seed42,9,33,33051,600,50
11.27246794871672,3.6254224210916415,5.341772748241089,0.9096567585603443,random_init_eat_seed42,9,34,34051,600,50
10.705078456044856,3.5029337119625135,6.138087287524434,0.9163238149109798,random_init_eat_seed42,9,35,35051,600,50
10.998514602700402,3.5778920213168046,4.410337445171435,0.9112746870142425,random_init_eat_seed42,9,36,36051,600,50
10.78362614973688,3.5396869380328693,5.2003278490822575,0.9184525768898399,random_init_eat_seed42,9,37,37051,600,50
10.747104471870708,3.5111075663960047,3.788127643300356,0.9199403291362473,random_init_eat_seed42,9,38,38051,600,50
10.97848024492619,3.5774493237601317,4.452596110982251,0.906226549475346,random_init_eat_seed42,9,39,39051,600,50
10.85181140435408,3.4998429465727705,5.102802259055618,0.9114399129058601,random_init_eat_seed42,9,40,40051,600,50
10.339921923600478,3.428600837945781,3.8771726528629578,0.895892600238388,random_init_eat_seed42,9,41,41051,600,50
11.009365758568505,3.5720235594695624,5.078417881972583,0.8997552287947912,random_init_eat_seed42,9,42,42051,600,50
11.203331509094463,3.6499910935007533,4.6230595388123294,0.9054850668988156,random_init_eat_seed42,9,43,43051,600,50
11.297799901898294,3.6250470919865636,4.386904326752736,0.8930229726710847,random_init_eat_seed42,9,44,44051,600,50
10.283978198575225,3.448375927255155,3.7499945365846523,0.905544715999393,random_init_eat_seed42,9,45,45051,600,50
10.896913579557335,3.5320157783838435,4.460527352444972,0.9105327255069406,random_init_eat_seed42,9,46,46051,600,50
10.213633439429927,3.404998886265643,4.294082736972338,0.8956573804222044,random_init_eat_seed42,9,47,47051,600,50
10.710338318316195,3.4980717723558166,4.027727695075947,0.9099324636509175,random_init_eat_seed42,9,48,48051,600,50
10.456729455883156,3.4377575906155147,3.5654497720155396,0.9014930619976413,random_init_eat_seed42,9,49,49051,600,50
10.664989858594215,3.532769024084228,5.1792893916022615,0.922333711996305,random_init_eat_seed42,10,0,52,600,50
10.26236183583084,3.3879663057015414,5.029937785182708,0.9055213819338721,random_init_eat_seed42,10,1,1052,600,50
10.048675591575186,3.394084758304608,4.3675331334726515,0.90934067516356,random_init_eat_seed42,10,2,2052,600,50
10.171862097764835,3.4287531606313277,4.905631873017583,0.9219055129979994,random_init_eat_seed42,10,3,3052,600,50
10.204596993519603,3.3865049335134767,4.625186430850374,0.899653894979504,random_init_eat_seed42,10,4,4052,600,50
9.928433790071898,3.348918300502645,3.7084263256623404,0.9050953109474174,random_init_eat_seed42,10,5,5052,600,50
11.180062678443683,3.6658280867908437,4.752026841735174,0.8957068540357112,random_init_eat_seed42,10,6,6052,600,50
9.533265452307292,3.247905548595484,4.971000940552647,0.9624847556238232,random_init_eat_seed42,10,7,7052,600,50
10.289217599474942,3.4302769748604414,3.8022556820814204,0.8988034690363829,random_init_eat_seed42,10,8,8052,600,50
10.511283663432545,3.491151354992421,5.078631342245957,0.8871502326889136,random_init_eat_seed42,10,9,9052,600,50
9.828601286496689,3.324834870317925,4.625746631465415,0.9618852544710018,random_init_eat_seed42,10,10,10052,600,50
10.478450852950031,3.4998853823864287,4.307081490425157,0.8483824173580266,random_init_eat_seed42,10,11,11052,600,50
10.081156520710381,3.3699273988103062,4.70787789655803,0.8980267532031458,random_init_eat_seed42,10,12,12052,600,50
10.123324019519501,3.3411261463078477,4.741315190284002,0.9517535935344394,random_init_eat_seed42,10,13,13052,600,50
10.081554798467067,3.343360568389161,5.431103832871696,0.9144325693906831,random_init_eat_seed42,10,14,14052,600,50
10.875789930427082,3.561950257866652,5.013067778295162,0.9129052846408741,random_init_eat_seed42,10,15,15052,600,50
10.452024000204181,3.5103689291647444,4.162087541544189,0.9193975732010058,random_init_eat_seed42,10,16,16052,600,50
10.25481510715992,3.45293070349161,4.468426100318831,0.9088411066215158,random_init_eat_seed42,10,17,17052,600,50
10.109244455782699,3.3693854221990156,5.738292832331942,0.8719348727938863,random_init_eat_seed42,10,18,18052,600,50
10.177639487178368,3.355663847000535,4.16882132184216,0.8945334452399795,random_init_eat_seed42,10,19,19052,600,50
10.723483235838373,3.552934426835825,4.424806265559053,0.9082310105166614,random_init_eat_seed42,10,20,20052,600,50
10.567438239474521,3.485742071315609,4.896049186438519,0.9404393269567194,random_init_eat_seed42,10,21,21052,600,50
10.327626145892905,3.47322376972336,4.405640734890699,0.8971178762033725,random_init_eat_seed42,10,22,22052,600,50
10.129930283938403,3.4057578211078443,4.293750894984156,0.8884608935839813,random_init_eat_seed42,10,23,23052,600,50
10.398219831927436,3.4510304212837384,4.733692896062379,0.9188042685749084,random_init_eat_seed42,10,24,24052,600,50
10.647870836644383,3.465630014813642,4.234654506108212,0.9027220656508929,random_init_eat_seed42,10,25,25052,600,50
10.360457806262753,3.3734764479251043,4.7871321336933415,0.9110016994754384,random_init_eat_seed42,10,26,26052,600,50
10.10162383085833,3.4233786523816945,4.2648846766707775,0.9634992850864315,random_init_eat_seed42,10,27,27052,600,50
9.81500337998888,3.3101943909073013,4.6610093345021255,0.8929543790496363,random_init_eat_seed42,10,28,28052,600,50
10.606993225486853,3.5044215218213735,4.7913663641415765,0.9146234503271911,random_init_eat_seed42,10,29,29052,600,50
11.091388482580628,3.622478547577329,5.037423342709832,0.9210315433716826,random_init_eat_seed42,10,30,30052,600,50
10.096851332537298,3.385140450490318,4.44936148247969,0.9152713933517692,random_init_eat_seed42,10,31,31052,600,50
10.53993564281702,3.4762141826745427,4.812333023423578,0.8991463118123143,random_init_eat_seed42,10,32,32052,600,50
10.52261288897028,3.476919507058949,4.5398231886452995,0.916182144550076,random_init_eat_seed42,10,33,33052,600,50
10.341309829065434,3.440552606188937,5.086721175263668,0.9305214045074152,random_init_eat_seed42,10,34,34052,600,50
10.449818507175165,3.4855977940356153,4.025347717096017,0.8946077492760051,random_init_eat_seed42,10,35,35052,600,50
10.173038928753034,3.3882709253403274,4.827950958717917,0.8946089374597657,random_init_eat_seed42,10,36,36052,600,50
10.352343677354265,3.431498146773961,4.3351804603619355,0.9405615439553763,random_init_eat_seed42,10,37,37052,600,50
9.921651471784616,3.3466433835369456,4.135860853711168,0.9501271556193768,random_init_eat_seed42,10,38,38052,600,50
10.586376420869342,3.474318895885597,4.346898683764767,0.8817122024648851,random_init_eat_seed42,10,39,39052,600,50
10.107790961358859,3.3805322765595007,4.848633648463784,0.9338782057895978,random_init_eat_seed42,10,40,40052,600,50
10.294728737215175,3.4511586536309258,4.212565486843853,0.9152365936368264,random_init_eat_seed42,10,41,41052,600,50
9.472124005264266,3.235784184549995,4.373300527266892,0.893129269699499,random_init_eat_seed42,10,42,42052,600,50
10.756161754159658,3.53043749442079,4.400256839270728,0.9110441012103241,random_init_eat_seed42,10,43,43052,600,50
9.729068339307869,3.2836021423674038,4.263719246781596,0.8992185396788697,random_init_eat_seed42,10,44,44052,600,50
10.647589957911771,3.5416716925108997,4.402686514363804,0.9169169611284065,random_init_eat_seed42,10,45,45052,600,50
11.216365782155338,3.5945229297682406,5.357919495271594,0.9082879275979459,random_init_eat_seed42,10,46,46052,600,50
10.899470890273665,3.5686275998906782,5.035114676000664,0.9401100862504433,random_init_eat_seed42,10,47,47052,600,50
10.608211638607738,3.535669151390286,4.446516919502484,0.9321362904475283,random_init_eat_seed42,10,48,48052,600,50
10.489284873904902,3.45113776022996,5.4383574332644,0.8935239290503528,random_init_eat_seed42,10,49,49052,600,50
9.94964890098326,3.366662117387247,4.71675413576568,0.9740988271891637,random_init_eat_seed42,11,0,53,600,50
10.755900157073345,3.5679039831741686,4.887202427223693,0.8943256671600466,random_init_eat_seed42,11,1,1053,600,50
9.731157004879712,3.2736922786253135,5.23894785245612,0.8966341475901636,random_init_eat_seed42,11,2,2053,600,50
9.571008004206105,3.3107241634141515,4.922220564631229,0.9749560462733523,random_init_eat_seed42,11,3,3053,600,50
10.171556174777976,3.4157554330338376,5.596067944315668,0.9854011935887534,random_init_eat_seed42,11,4,4053,600,50
10.152108343487907,3.3821116230889636,4.093322077590878,0.9001663673676884,random_init_eat_seed42,11,5,5053,600,50
9.879838255826286,3.355486285124196,4.855715070998246,0.9768110163362523,random_init_eat_seed42,11,6,6053,600,50
10.097306720109735,3.37443949974088,3.4015149029670733,0.8874627254029125,random_init_eat_seed42,11,7,7053,600,50
10.460293817971,3.5121135701842126,4.395889101196218,0.9518023307424158,random_init_eat_seed42,11,8,8053,600,50
10.042058284235505,3.3384682249447866,4.051964075834537,0.9450882406956437,random_init_eat_seed42,11,9,9053,600,50
10.239683007273175,3.435067947892116,4.25074773142626,0.9771512120119841,random_init_eat_seed42,11,10,10053,600,50
9.904141716935815,3.344103224298341,5.1925751683698556,0.9788471036304911,random_init_eat_seed42,11,11,11053,600,50
10.493793407280869,3.4867328678209497,4.319766201363115,0.9484302495533141,random_init_eat_seed42,11,12,12053,600,50
9.645848348330665,3.2723308945269496,4.019434577053651,0.9158063739169588,random_init_eat_seed42,11,13,13053,600,50
10.002808890567469,3.3506933126910265,4.309277952281163,0.97690763484581,random_init_eat_seed42,11,14,14053,600,50
9.659051268489018,3.3046023666167765,4.695898269092701,0.9228135509543749,random_init_eat_seed42,11,15,15053,600,50
10.343649335451714,3.4551798770708384,4.051503357626908,0.9300535830160351,random_init_eat_seed42,11,16,16053,600,50
10.15917797725157,3.4347251790285656,4.838646145728989,0.889024536607607,random_init_eat_seed42,11,17,17053,600,50
10.427853198350556,3.4744604511166353,4.997953104252319,0.9179477984574987,random_init_eat_seed42,11,18,18053,600,50
10.441070206618464,3.4442275510710014,4.472251465502038,0.9459039595807468,random_init_eat_seed42,11,19,19053,600,50
10.44837876164672,3.4682002182574667,4.613313207149747,0.8895602313895393,random_init_eat_seed42,11,20,20053,600,50
10.018852522651525,3.369272819966743,4.569973194187284,0.9198087607379822,random_init_eat_seed42,11,21,21053,600,50
10.356166437594933,3.4336520267108788,4.582227720856125,0.9400711909252433,random_init_eat_seed42,11,22,22053,600,50
10.504651098008877,3.512452438937503,4.925067280053388,0.9624377441833287,random_init_eat_seed42,11,23,23053,600,50
9.555908496038121,3.2271273273308183,4.318064397940841,0.9783137117553219,random_init_eat_seed42,11,24,24053,600,50
10.18776611041376,3.302064377445106,4.676377068057331,0.9784568706920108,random_init_eat_seed42,11,25,25053,600,50
10.843440271523418,3.5372644726227866,4.901222765792735,0.9752267690163159,random_init_eat_seed42,11,26,26053,600,50
9.983293776435286,3.3792365954840946,4.191043594906241,0.9736075607238972,random_init_eat_seed42,11,27,27053,600,50
10.150459603286475,3.3872040179655323,4.994282801870358,0.9100277139600401,random_init_eat_seed42,11,28,28053,600,50
9.828926977618229,3.3329614915226937,4.512233758348606,0.9604834635615049,random_init_eat_seed42,11,29,29053,600,50
10.194626500217126,3.406638240134719,4.986025487347263,0.9332243897443764,random_init_eat_seed42,11,30,30053,600,50
9.760489544035906,3.405484598608083,4.245821550119623,0.9373467021350272,random_init_eat_seed42,11,31,31053,600,50
10.525184890682878,3.5003319394196732,4.759759158821471,0.9684763144482604,random_init_eat_seed42,11,32,32053,600,50
10.496269678188403,3.4688348333349297,4.564656380465075,0.8932018895585581,random_init_eat_seed42,11,33,33053,600,50
9.78053491623556,3.370444393392105,4.409148495848419,0.975071864475234,random_init_eat_seed42,11,34,34053,600,50
10.511365956416808,3.49206385802883,4.775212732597459,0.9517042703820483,random_init_eat_seed42,11,35,35053,600,50
9.688118332880547,3.289634061788808,4.097992475995964,0.8815270218133051,random_init_eat_seed42,11,36,36053,600,50
9.974956933804087,3.323502030451033,4.875728594127197,0.9608082419843246,random_init_eat_seed42,11,37,37053,600,50
10.124694039404972,3.403057577835988,5.1008218428396574,0.9006970048740891,random_init_eat_seed42,11,38,38053,600,50
9.853758621387337,3.2877086494489154,4.17417977453047,0.9692349553921714,random_init_eat_seed42,11,39,39053,600,50
9.94919358987692,3.385844696490507,5.640155095004545,0.979958608486673,random_init_eat_seed42,11,40,40053,600,50
10.278408656752923,3.400508261970097,4.169836007085706,0.8954228980560884,random_init_eat_seed42,11,41,41053,600,50
10.369839560282026,3.485298910312035,4.4083293880662335,0.8960260671798517,random_init_eat_seed42,11,42,42053,600,50
10.0272722767009,3.348762391825728,5.420178071586051,0.9671662381464163,random_init_eat_seed42,11,43,43053,600,50
9.692249051681326,3.300801154293066,4.263454206240759,0.9030694973708799,random_init_eat_seed42,11,44,44053,600,50
10.620635413605433,3.4884710749508936,4.636150202252586,0.9299695596459492,random_init_eat_seed42,11,45,45053,600,50
10.147368274002444,3.3959549245967473,4.539333473615435,0.9296157035760473,random_init_eat_seed42,11,46,46053,600,50
10.670902747913367,3.529865338276297,5.774550365926037,0.9572052019355626,random_init_eat_seed42,11,47,47053,600,50
10.466116054600258,3.4856132993332793,3.9059769431778406,0.9704521243804713,random_init_eat_seed42,11,48,48053,600,50
10.101045650642705,3.4129196978529324,3.847778971130531,0.8832569013944374,random_init_eat_seed42,11,49,49053,600,50
9.394632793029723,3.2369976232418445,4.845446198854885,0.8781445939812536,random_init_eat_seed42,12,0,54,600,50
9.07679130640988,3.188415434812325,4.064211710564286,0.9498960286036976,random_init_eat_seed42,12,1,1054,600,50
10.182315570040275,3.405549696490599,4.219735785561106,0.9420827019751181,random_init_eat_seed42,12,2,2054,600,50
9.7883628800665,3.3986208971139265,4.919569177655876,0.9088406977629895,random_init_eat_seed42,12,3,3054,600,50
9.917881974876092,3.333737716590845,4.292078342703471,0.97152604772489,random_init_eat_seed42,12,4,4054,600,50
10.185715979215919,3.4691988996127563,5.078204038217562,0.9696629256794974,random_init_eat_seed42,12,5,5054,600,50
9.392960875769969,3.176422396548358,4.232573698382681,0.9199059968761902,random_init_eat_seed42,12,6,6054,600,50
9.847737763505624,3.3841460812662674,4.712072244406538,0.9584148940534641,random_init_eat_seed42,12,7,7054,600,50
10.003605586132224,3.4593410551175534,5.209144946406135,0.9243835836957455,random_init_eat_seed42,12,8,8054,600,50
10.366257462211632,3.464084600557874,4.425576126207771,0.9456847707484728,random_init_eat_seed42,12,9,9054,600,50
9.529493398753411,3.3258261114477494,5.075911194907168,0.9407444544119358,random_init_eat_seed42,12,10,10054,600,50
9.307281384987718,3.193129351580023,4.574115708027957,0.9560738292883523,random_init_eat_seed42,12,11,11054,600,50
9.60143746359512,3.3523725093704266,4.784327754603,0.9536954843317786,random_init_eat_seed42,12,12,12054,600,50
9.613311956454078,3.2881751122829934,4.49934224055632,0.961342579716626,random_init_eat_seed42,12,13,13054,600,50
9.704819881702061,3.3252713224117865,4.611706939015919,0.9513690380405601,random_init_eat_seed42,12,14,14054,600,50
10.039026493711868,3.3908027781574965,4.409120352740934,0.9599915768821867,random_init_eat_seed42,12,15,15054,600,50
9.201329963483827,3.1593210352329937,4.005893732420744,0.9612808262488333,random_init_eat_seed42,12,16,16054,600,50
9.468715008173856,3.189795740155271,4.724747499591654,0.9580276534473502,random_init_eat_seed42,12,17,17054,600,50
9.864583192358115,3.3371543043240433,3.9277248186009754,0.963047352468694,random_init_eat_seed42,12,18,18054,600,50
9.872320659500398,3.3413977510436284,4.769345061732603,0.9727045370386532,random_init_eat_seed42,12,19,19054,600,50
9.814515047660288,3.3371743651838823,5.479603999701337,0.9706557188854384,random_init_eat_seed42,12,20,20054,600,50
9.842398745142267,3.4304559533190826,4.46155054671824,0.9466820513814653,random_init_eat_seed42,12,21,21054,600,50
10.170078619017348,3.413658366271604,4.487311791536504,0.9529719126627109,random_init_eat_seed42,12,22,22054,600,50
8.98125328440124,3.1574739928462905,4.444731249915072,0.9232897216859298,random_init_eat_seed42,12,23,23054,600,50
9.97615906781916,3.326074321203475,4.173007303972783,0.9477611758242854,random_init_eat_seed42,12,24,24054,600,50
9.875219263961602,3.389249154963111,4.071680776022081,0.9610121825595629,random_init_eat_seed42,12,25,25054,600,50
9.979185256958507,3.3883744065237384,4.765515920216319,0.9685121261416219,random_init_eat_seed42,12,26,26054,600,50
9.661466233329945,3.3007458989663903,3.9780393818235815,0.961469623053065,random_init_eat_seed42,12,27,27054,600,50
9.777281971313771,3.284561194614072,5.376891000975917,0.9627963449803619,random_init_eat_seed42,12,28,28054,600,50
9.567001787664536,3.299644251967947,4.1036563827812484,0.9525605197152135,random_init_eat_seed42,12,29,29054,600,50
9.895039920974709,3.3135139121062913,4.824297722388643,0.9153536554980345,random_init_eat_seed42,12,30,30054,600,50
10.18141747267632,3.479452541347438,3.7310280314204944,0.9570035395815039,random_init_eat_seed42,12,31,31054,600,50
9.908708469912204,3.3364618897568703,4.896028945499174,0.9574102046044478,random_init_eat_seed42,12,32,32054,600,50
10.222884577845555,3.4569341829406524,4.239933041071489,0.9501105835679102,random_init_eat_seed42,12,33,33054,600,50
9.36367690685124,3.267711450149485,3.878099732234807,0.9443877982652719,random_init_eat_seed42,12,34,34054,600,50
9.974805884513984,3.363826695435944,4.593217595495272,0.9094511778665947,random_init_eat_seed42,12,35,35054,600,50
9.002291847830872,3.1415851753698054,5.080548229725261,0.9537061935332918,random_init_eat_seed42,12,36,36054,600,50
9.760103820650501,3.320430738051875,4.719848545148814,0.9617822034821264,random_init_eat_seed42,12,37,37054,600,50
9.162760443308102,3.1501200188163425,4.7513801033260386,0.9539275152110281,random_init_eat_seed42,12,38,38054,600,50
10.21531489666603,3.4745872361676122,5.111353711536933,0.9786899669226138,random_init_eat_seed42,12,39,39054,600,50
10.100174128541278,3.3842507340826766,4.825780876428971,0.964444993336796,random_init_eat_seed42,12,40,40054,600,50
9.720628813969755,3.3935716742654063,4.384155608904197,0.9289001594716243,random_init_eat_seed42,12,41,41054,600,50
9.54930600646604,3.2794299349898357,4.270187554880168,0.9431095275118698,random_init_eat_seed42,12,42,42054,600,50
10.204800994465927,3.4388029510608065,4.558734013176133,0.9102953873374388,random_init_eat_seed42,12,43,43054,600,50
9.805183625078728,3.375166127139687,3.777596431062525,0.9567845766349633,random_init_eat_seed42,12,44,44054,600,50
9.32993037904511,3.2182532428699266,5.157747561263271,0.9491339408255854,random_init_eat_seed42,12,45,45054,600,50
10.152125560368711,3.4582797200590725,4.728755079386222,0.9590958698609183,random_init_eat_seed42,12,46,46054,600,50
10.087812198558069,3.452793210143526,5.78798659840555,0.9738430848861978,random_init_eat_seed42,12,47,47054,600,50
9.571662135833721,3.269165377386093,4.318616706958906,0.9422968103319584,random_init_eat_seed42,12,48,48054,600,50
9.395023378465176,3.2301860209336937,4.582171251370782,0.9476328709189762,random_init_eat_seed42,12,49,49054,600,50
