model,layer,perm_b,abs_cos
eat_all,7,0,0.0393861020118717
eat_all,7,1,0.11372774491882545
eat_all,7,2,0.08139016204088238
eat_all,7,3,0.11493198040401094
eat_all,7,4,0.01295427617678422
eat_all,7,5,0.033224813081328956
eat_all,7,6,0.2635340314760395
eat_all,7,7,0.13297999717218187
eat_all,7,8,0.19588023132294652
eat_all,7,9,0.2249072505325168
eat_all,7,10,0.16639540766020242
eat_all,7,11,0.0474147106771999
eat_all,7,12,0.28282722810302247
eat_all,7,13,0.013840050040813916
eat_all,7,14,0.2136369046454766
eat_all,7,15,0.2631758459235556
eat_all,7,16,0.19412707309479485
eat_all,7,17,0.01564484901551029
eat_all,7,18,0.06003198154688342
eat_all,7,19,0.1554945681002135
eat_all,7,20,0.10058355823244747
eat_all,7,21,0.0665869171052241
eat_all,7,22,0.03451086043586173
eat_all,7,23,0.013084911647024224
eat_all,7,24,0.04335343511379723
eat_all,7,25,0.08986120733927576
eat_all,7,26,0.1056803401186169
eat_all,7,27,0.017875451551545185
eat_all,7,28,0.18765247012318903
eat_all,7,29,0.1110504617375007
eat_all,7,30,0.020897137676025634
eat_all,7,31,0.11084105204721327
eat_all,7,32,0.13889962880205198
eat_all,7,33,0.06403008067900218
eat_all,7,34,0.033910011160260496
eat_all,7,35,0.08615593112826636
eat_all,7,36,0.18279880071814275
eat_all,7,37,0.23289497264390058
eat_all,7,38,0.1922440223498702
eat_all,7,39,0.2602285163363403
eat_all,7,40,0.21455133342475546
eat_all,7,41,0.17309911830854155
eat_all,7,42,0.04194454666197017
eat_all,7,43,0.02921023342864011
eat_all,7,44,0.008905332116577043
eat_all,7,45,0.011079886018992855
eat_all,7,46,0.3446542353540729
eat_all,7,47,0.1020783042829015
eat_all,7,48,0.11335970713694518
eat_all,7,49,0.19857698165886517
eat_all,7,50,0.09132640975298205
eat_all,7,51,0.1343387680931726
eat_all,7,52,0.011423045662679043
eat_all,7,53,0.22635503018792785
eat_all,7,54,0.13363542176418083
eat_all,7,55,0.12923190249881258
eat_all,7,56,0.046843106104787875
eat_all,7,57,0.009706127617401077
eat_all,7,58,0.24119462462407407
eat_all,7,59,0.04397351979920482
eat_all,7,60,0.3213372038001299
eat_all,7,61,0.041322735998416175
eat_all,7,62,0.4542236916720512
eat_all,7,63,0.06371403923052488
eat_all,7,64,0.014377856193477702
eat_all,7,65,0.07777219542989373
eat_all,7,66,0.02363946272108015
eat_all,7,67,0.14960221721123854
eat_all,7,68,0.13583581497385555
eat_all,7,69,0.04927954346933784
eat_all,7,70,0.07140767321537171
eat_all,7,71,0.014366834438798597
eat_all,7,72,0.07001626796775068
eat_all,7,73,0.07038079570034823
eat_all,7,74,0.05380008470927838
eat_all,7,75,0.493470056628538
eat_all,7,76,0.37118201774355913
eat_all,7,77,0.3444427304532785
eat_all,7,78,0.13134065605524936
eat_all,7,79,0.23798292095631873
eat_all,7,80,0.12427560559123696
eat_all,7,81,0.08959045043872688
eat_all,7,82,0.12290720285716174
eat_all,7,83,0.042408459756909024
eat_all,7,84,0.018969467225319638
eat_all,7,85,0.2080900385997901
eat_all,7,86,0.0948411639560244
eat_all,7,87,0.007680741517481116
eat_all,7,88,0.208278002415001
eat_all,7,89,0.14252741771275648
eat_all,7,90,0.24088162784356806
eat_all,7,91,0.2322827260481653
eat_all,7,92,0.19373708335685214
eat_all,7,93,0.14579629868301106
eat_all,7,94,0.019207512477931756
eat_all,7,95,0.0704479909445348
eat_all,7,96,0.14634443118900228
eat_all,7,97,0.007618490489804236
eat_all,7,98,0.1450004047333276
eat_all,7,99,0.1226976786024905
eat_all,7,100,0.060811610367838984
eat_all,7,101,0.12547723446376005
eat_all,7,102,0.01783148998885458
eat_all,7,103,0.10811251754589721
eat_all,7,104,0.12809074677363694
eat_all,7,105,0.03704639107912576
eat_all,7,106,0.11380573460162823
eat_all,7,107,0.16793274441549874
eat_all,7,108,0.27471574184341696
eat_all,7,109,0.03722642206149055
eat_all,7,110,0.0689493947141718
eat_all,7,111,0.1502142084581202
eat_all,7,112,0.11497916153079903
eat_all,7,113,0.1667289720161437
eat_all,7,114,0.22826456899514014
eat_all,7,115,0.03162932577507357
eat_all,7,116,0.07054147266354978
eat_all,7,117,0.08342433019892091
eat_all,7,118,0.016679349901223935
eat_all,7,119,0.2027915990940509
eat_all,7,120,0.23553879394980562
eat_all,7,121,0.11981219286258714
eat_all,7,122,0.10333498565832473
eat_all,7,123,0.07453282484096319
eat_all,7,124,0.2708086621299241
eat_all,7,125,0.15693449072012094
eat_all,7,126,0.34159488749655303
eat_all,7,127,0.013292895848322607
eat_all,7,128,0.021829703703190664
eat_all,7,129,0.17519396170236506
eat_all,7,130,0.002612916181660042
eat_all,7,131,0.1455608450270081
eat_all,7,132,0.17220791835107324
eat_all,7,133,0.1316305135693487
eat_all,7,134,0.0005858983445577198
eat_all,7,135,0.2905200384350725
eat_all,7,136,0.03722866555921022
eat_all,7,137,0.08138168333998061
eat_all,7,138,0.2657184819730742
eat_all,7,139,0.2879245457840638
eat_all,7,140,0.26390113311424673
eat_all,7,141,0.02771115477840949
eat_all,7,142,0.07792412526719476
eat_all,7,143,0.04604555130047224
eat_all,7,144,0.18439278524268712
eat_all,7,145,0.034007603574319895
eat_all,7,146,0.09993754681254315
eat_all,7,147,0.06990637764141751
eat_all,7,148,0.09279318708862797
eat_all,7,149,0.011557998812019094
eat_all,7,150,0.19356196586614433
eat_all,7,151,0.20089295391761
eat_all,7,152,0.34288753121100707
eat_all,7,153,0.19340308299354372
eat_all,7,154,0.12929407462876716
eat_all,7,155,0.35502208238610033
eat_all,7,156,0.06872434637416028
eat_all,7,157,0.12317879269646911
eat_all,7,158,0.019252689017527833
eat_all,7,159,0.010015141523106567
eat_all,7,160,0.10191838375752942
eat_all,7,161,0.15522251854054098
eat_all,7,162,0.07964189277069196
eat_all,7,163,0.06557009829703234
eat_all,7,164,0.039346041451075224
eat_all,7,165,0.15139974998786734
eat_all,7,166,0.11693960313111235
eat_all,7,167,0.1805756750828301
eat_all,7,168,0.25854384803843966
eat_all,7,169,0.13241552638300583
eat_all,7,170,0.13608310775032043
eat_all,7,171,0.01780979880275106
eat_all,7,172,0.04026317332963829
eat_all,7,173,0.14583621159390303
eat_all,7,174,0.0584243090542631
eat_all,7,175,0.15607424320310365
eat_all,7,176,0.06864024333208114
eat_all,7,177,0.14402752275551176
eat_all,7,178,0.04030202315116454
eat_all,7,179,0.15747621097868597
eat_all,7,180,0.1382163264213209
eat_all,7,181,0.033300641284169756
eat_all,7,182,0.10874634336849774
eat_all,7,183,0.06469965702121022
eat_all,7,184,0.0915207643882428
eat_all,7,185,0.0007501163617787233
eat_all,7,186,0.04104013164572528
eat_all,7,187,0.19398627338678856
eat_all,7,188,0.1389005588633049
eat_all,7,189,0.04307859160958851
eat_all,7,190,0.09795340325310903
eat_all,7,191,0.16976978060717135
eat_all,7,192,0.23344177977573538
eat_all,7,193,0.013665738369496187
eat_all,7,194,0.05945232188593807
eat_all,7,195,0.1286513178523335
eat_all,7,196,0.21901552000376115
eat_all,7,197,0.1513943213237907
eat_all,7,198,0.10710143211849786
eat_all,7,199,0.035855872616153486
eat_all,9,0,0.0036529376683688986
eat_all,9,1,0.38694154974459827
eat_all,9,2,0.3013579412935812
eat_all,9,3,0.2199325016564308
eat_all,9,4,0.04000582249247865
eat_all,9,5,0.21372517362520604
eat_all,9,6,0.09981721109047216
eat_all,9,7,0.05706726017323956
eat_all,9,8,0.029188345713432068
eat_all,9,9,0.17168384576351986
eat_all,9,10,0.30351863311218463
eat_all,9,11,0.03865779487587996
eat_all,9,12,0.2008057445782646
eat_all,9,13,0.02930002941747237
eat_all,9,14,0.3708939564368177
eat_all,9,15,0.022831636390797144
eat_all,9,16,0.16786640949248294
eat_all,9,17,0.15694706518570667
eat_all,9,18,0.1133202008458886
eat_all,9,19,0.0017719472876073542
eat_all,9,20,0.2417730132144636
eat_all,9,21,0.136968299034089
eat_all,9,22,0.07587138544254882
eat_all,9,23,0.32411756212229437
eat_all,9,24,0.08972262434516513
eat_all,9,25,0.1856065578551685
eat_all,9,26,0.09998617365987757
eat_all,9,27,0.4848795455641704
eat_all,9,28,0.013507902254795855
eat_all,9,29,0.19963934008646517
eat_all,9,30,0.055411400228811
eat_all,9,31,0.016533415253837596
eat_all,9,32,0.21925539989866275
eat_all,9,33,0.1160220614215835
eat_all,9,34,0.08538792788330901
eat_all,9,35,0.4340786463079671
eat_all,9,36,0.038823877710436945
eat_all,9,37,0.06346197642354406
eat_all,9,38,0.0027255216590840237
eat_all,9,39,0.022466803411541305
eat_all,9,40,0.27075384574745914
eat_all,9,41,0.24112038732024466
eat_all,9,42,0.10162821922212675
eat_all,9,43,0.2338317927599101
eat_all,9,44,0.12069576794020885
eat_all,9,45,0.1842583342638377
eat_all,9,46,0.30110418297282737
eat_all,9,47,0.06137278798843079
eat_all,9,48,0.20284122629191145
eat_all,9,49,0.24854233684520163
eat_all,9,50,0.1746171076023902
eat_all,9,51,0.11096285391791043
eat_all,9,52,0.12653237320944485
eat_all,9,53,0.13415300228583318
eat_all,9,54,0.03692323182398286
eat_all,9,55,0.16860016656622812
eat_all,9,56,0.09017812737600193
eat_all,9,57,0.156397956455651
eat_all,9,58,0.08798094983325934
eat_all,9,59,0.0011939798424512042
eat_all,9,60,0.055039749246635766
eat_all,9,61,0.34371741123722366
eat_all,9,62,0.0896380238656687
eat_all,9,63,0.08010860053326499
eat_all,9,64,0.057872978260443526
eat_all,9,65,0.20881233605088148
eat_all,9,66,0.04350406289838034
eat_all,9,67,0.0859761093388068
eat_all,9,68,0.12330252580184116
eat_all,9,69,0.0429883961635723
eat_all,9,70,0.11972055229121266
eat_all,9,71,0.010084752744750501
eat_all,9,72,0.026914814672137806
eat_all,9,73,0.08636650331438123
eat_all,9,74,0.030345156541779633
eat_all,9,75,0.10587972633866685
eat_all,9,76,0.23673858789610935
eat_all,9,77,0.12045477034268876
eat_all,9,78,0.2644562937353231
eat_all,9,79,0.11170956849744733
eat_all,9,80,0.020655860631487107
eat_all,9,81,0.07879889926184433
eat_all,9,82,0.13222615036365135
eat_all,9,83,0.014485061037430505
eat_all,9,84,0.17422476598746947
eat_all,9,85,0.08831914918569657
eat_all,9,86,0.02902731645000544
eat_all,9,87,0.03400714981862296
eat_all,9,88,0.04772028664188226
eat_all,9,89,0.2516452788089857
eat_all,9,90,0.06537059510362726
eat_all,9,91,0.13141814558318415
eat_all,9,92,0.4436703155649995
eat_all,9,93,0.21484384476209625
eat_all,9,94,0.016132518282625113
eat_all,9,95,0.01725427804143323
eat_all,9,96,0.022975355584272134
eat_all,9,97,0.019265209608148034
eat_all,9,98,0.41837710207900697
eat_all,9,99,0.3069684323034796
eat_all,9,100,0.07517275144495386
eat_all,9,101,0.002174254141333345
eat_all,9,102,0.19259589331026472
eat_all,9,103,0.021436921123949747
eat_all,9,104,0.30533749701655294
eat_all,9,105,0.08601265336480719
eat_all,9,106,0.17780968092351554
eat_all,9,107,0.07991553867234254
eat_all,9,108,0.24105712347118774
eat_all,9,109,0.3663426688545773
eat_all,9,110,0.17871192505970987
eat_all,9,111,0.09221428168729759
eat_all,9,112,0.3405194187269555
eat_all,9,113,0.14792245741062313
eat_all,9,114,0.08269648720313989
eat_all,9,115,0.20036918318333
eat_all,9,116,0.2527063628857869
eat_all,9,117,0.045366774766946116
eat_all,9,118,0.3120065923813
eat_all,9,119,0.13350541979746988
eat_all,9,120,0.18577343044590033
eat_all,9,121,0.11992857929861132
eat_all,9,122,0.09794319120248283
eat_all,9,123,0.06047400796454063
eat_all,9,124,0.23060898736370922
eat_all,9,125,0.23599059488927482
eat_all,9,126,0.13939846489945568
eat_all,9,127,0.040314949901643964
eat_all,9,128,0.07881571508292651
eat_all,9,129,0.09471506191903085
eat_all,9,130,0.15802883921632824
eat_all,9,131,0.13675077333151853
eat_all,9,132,0.19777380759743243
eat_all,9,133,0.18766933594065086
eat_all,9,134,0.05267290123057918
eat_all,9,135,0.0007973766792206328
eat_all,9,136,0.019998487767569656
eat_all,9,137,0.40714574746067417
eat_all,9,138,0.0731092700238683
eat_all,9,139,0.005949823560847859
eat_all,9,140,0.05759036125160758
eat_all,9,141,0.18544407945168778
eat_all,9,142,0.04552646640489216
eat_all,9,143,0.006331073324693718
eat_all,9,144,0.34554414966661845
eat_all,9,145,0.06457960294596987
eat_all,9,146,0.2755774695317647
eat_all,9,147,0.046532174256497034
eat_all,9,148,0.18364752484479846
eat_all,9,149,0.059052490722710835
eat_all,9,150,0.04894885969869903
eat_all,9,151,0.0774525848240718
eat_all,9,152,0.453094670333615
eat_all,9,153,0.05298144052887858
eat_all,9,154,0.061431302177010316
eat_all,9,155,0.07195751420777168
eat_all,9,156,0.0043781136967076155
eat_all,9,157,0.056985901632761286
eat_all,9,158,0.18274024436728187
eat_all,9,159,0.14118644920671103
eat_all,9,160,0.2678451369284526
eat_all,9,161,0.06406622512607268
eat_all,9,162,0.1668273748808813
eat_all,9,163,0.03459494604116662
eat_all,9,164,0.16825509212261924
eat_all,9,165,0.22706050597492863
eat_all,9,166,0.003479709743191344
eat_all,9,167,0.11025239992078671
eat_all,9,168,0.08813720671655764
eat_all,9,169,0.0937881266140474
eat_all,9,170,0.22515946743909232
eat_all,9,171,0.08406482605298166
eat_all,9,172,0.09014209769371047
eat_all,9,173,0.393762485715967
eat_all,9,174,0.026695532584385055
eat_all,9,175,0.09360424534550874
eat_all,9,176,0.046494204019493515
eat_all,9,177,0.24748551234624752
eat_all,9,178,0.3016612228781721
eat_all,9,179,0.27881137379959725
eat_all,9,180,0.14426093160934514
eat_all,9,181,0.16508083083560712
eat_all,9,182,0.33703182995897063
eat_all,9,183,0.13929129000501883
eat_all,9,184,0.13845887299609452
eat_all,9,185,0.08734781870385523
eat_all,9,186,0.11377222097262264
eat_all,9,187,0.0030280518906513317
eat_all,9,188,0.10999814939049142
eat_all,9,189,0.04335639187488596
eat_all,9,190,0.07332064628536399
eat_all,9,191,0.23810554121372485
eat_all,9,192,0.4306416369821941
eat_all,9,193,0.1194404098316938
eat_all,9,194,0.13385746210883315
eat_all,9,195,0.02710091554044239
eat_all,9,196,0.08143980527856223
eat_all,9,197,0.08556371376712107
eat_all,9,198,0.2124518675974671
eat_all,9,199,0.08950184300801231
eat_all,12,0,0.5999619223175953
eat_all,12,1,0.031090674658273622
eat_all,12,2,0.5208295892616198
eat_all,12,3,0.0513451547051871
eat_all,12,4,0.1777173934170033
eat_all,12,5,0.24808066378405072
eat_all,12,6,0.0023231046675579485
eat_all,12,7,0.449667511014169
eat_all,12,8,0.026836241318901593
eat_all,12,9,0.22274070871061058
eat_all,12,10,0.3904881829608254
eat_all,12,11,0.11314996894461334
eat_all,12,12,0.1539108672512664
eat_all,12,13,0.22714514514616327
eat_all,12,14,0.4110071910442352
eat_all,12,15,0.05307286014434945
eat_all,12,16,0.5434166621072466
eat_all,12,17,0.30119219166496
eat_all,12,18,0.015518653340756316
eat_all,12,19,0.3759250264336479
eat_all,12,20,0.5769897320090375
eat_all,12,21,0.7303377418264623
eat_all,12,22,0.3188745781474709
eat_all,12,23,0.49075255306084686
eat_all,12,24,0.09187894894523234
eat_all,12,25,0.2487745160353304
eat_all,12,26,0.5060374811372237
eat_all,12,27,0.35010471186590736
eat_all,12,28,0.23389960120604938
eat_all,12,29,0.44078085832422675
eat_all,12,30,0.19324342384539459
eat_all,12,31,0.532491782315058
eat_all,12,32,0.01240479960105134
eat_all,12,33,0.3411444128506993
eat_all,12,34,0.46320033673276956
eat_all,12,35,0.24237235516260375
eat_all,12,36,0.18366909365671164
eat_all,12,37,0.03695870878885449
eat_all,12,38,0.33983116447418854
eat_all,12,39,0.4754421531957445
eat_all,12,40,0.24327726079503706
eat_all,12,41,0.0279861029850968
eat_all,12,42,0.0023818979665460897
eat_all,12,43,0.28338775318692244
eat_all,12,44,0.3327433275993537
eat_all,12,45,0.22639959934192744
eat_all,12,46,0.2333645360870851
eat_all,12,47,0.3515190266017478
eat_all,12,48,0.3048287801661531
eat_all,12,49,0.7464389891629519
eat_all,12,50,0.4367875976034048
eat_all,12,51,0.5002926044415222
eat_all,12,52,0.3724369944737001
eat_all,12,53,0.3808897581115121
eat_all,12,54,0.16600222623115332
eat_all,12,55,0.43772576662228724
eat_all,12,56,0.02848748218297364
eat_all,12,57,0.11715450447679993
eat_all,12,58,0.005144771621864739
eat_all,12,59,0.39048319549163657
eat_all,12,60,0.1647990462982089
eat_all,12,61,0.03784229179851701
eat_all,12,62,0.36537966614504824
eat_all,12,63,0.005021174065144415
eat_all,12,64,0.06579313947376866
eat_all,12,65,0.16518190934367155
eat_all,12,66,0.06309445555906858
eat_all,12,67,0.013901756050001556
eat_all,12,68,0.10673467112626929
eat_all,12,69,0.4330632235036193
eat_all,12,70,0.5353148865851172
eat_all,12,71,0.18722812527433796
eat_all,12,72,0.19656144196450995
eat_all,12,73,0.3228253354920113
eat_all,12,74,0.011358914189419346
eat_all,12,75,0.6627075507603261
eat_all,12,76,0.07113369701400214
eat_all,12,77,0.0893607891283094
eat_all,12,78,0.09685164841646232
eat_all,12,79,0.1454988123226929
eat_all,12,80,0.2835655013240263
eat_all,12,81,0.32973669668575245
eat_all,12,82,0.08711362244818731
eat_all,12,83,0.11563695361686475
eat_all,12,84,0.6097955181613804
eat_all,12,85,0.1611266179786687
eat_all,12,86,0.025898182932932202
eat_all,12,87,0.6960975920602108
eat_all,12,88,0.2816946991824692
eat_all,12,89,0.26280196194392214
eat_all,12,90,0.39505603583382015
eat_all,12,91,0.20393249476742528
eat_all,12,92,0.08015272738873534
eat_all,12,93,0.06107942142194656
eat_all,12,94,0.341728070375032
eat_all,12,95,0.41241421755446717
eat_all,12,96,0.21583825774517454
eat_all,12,97,0.24903936987268768
eat_all,12,98,0.5053608018502332
eat_all,12,99,0.10013778277366979
eat_all,12,100,0.3943528491540069
eat_all,12,101,0.14261053544992972
eat_all,12,102,0.0723114973516987
eat_all,12,103,0.5079704071250719
eat_all,12,104,0.06569585303318035
eat_all,12,105,0.626148465964906
eat_all,12,106,0.34362648254164696
eat_all,12,107,0.5980860975891187
eat_all,12,108,0.3196267446085154
eat_all,12,109,0.19740284569229322
eat_all,12,110,0.2368842776080774
eat_all,12,111,0.06081579388703444
eat_all,12,112,0.09877591784725924
eat_all,12,113,0.13626163362535199
eat_all,12,114,0.24731580040116125
eat_all,12,115,0.06438131442788714
eat_all,12,116,0.6418259283508007
eat_all,12,117,0.01420835615394343
eat_all,12,118,0.24440071383208317
eat_all,12,119,0.082121132984204
eat_all,12,120,0.409407305130154
eat_all,12,121,0.6587925064572487
eat_all,12,122,0.09561514644168609
eat_all,12,123,0.3905260473393705
eat_all,12,124,0.3746629217593182
eat_all,12,125,0.14987080141425546
eat_all,12,126,0.3929449503229621
eat_all,12,127,0.10469433445605465
eat_all,12,128,0.680432117672892
eat_all,12,129,0.30184513898613463
eat_all,12,130,0.31414458567114967
eat_all,12,131,0.05777718253310674
eat_all,12,132,0.5701262516006187
eat_all,12,133,0.20212943358911653
eat_all,12,134,0.11486392767229414
eat_all,12,135,0.8065070200141444
eat_all,12,136,0.33691728739484883
eat_all,12,137,0.20704665021025162
eat_all,12,138,0.12200594291003306
eat_all,12,139,0.13595485247582392
eat_all,12,140,0.15391386408116448
eat_all,12,141,0.20375832112174364
eat_all,12,142,0.5011168824767733
eat_all,12,143,0.21203793869959672
eat_all,12,144,0.3410549898667504
eat_all,12,145,0.05891172761798587
eat_all,12,146,0.5283451243957942
eat_all,12,147,0.42324183730695125
eat_all,12,148,0.5179603369490007
eat_all,12,149,0.1487039871622159
eat_all,12,150,0.032443793391195984
eat_all,12,151,0.13847654332847595
eat_all,12,152,0.029101234051474276
eat_all,12,153,0.5310657450937827
eat_all,12,154,0.15098458310299712
eat_all,12,155,0.22679939680010916
eat_all,12,156,0.0398081931136121
eat_all,12,157,0.19906467932610902
eat_all,12,158,0.1524924528165563
eat_all,12,159,0.0673362845013608
eat_all,12,160,0.03432569645290633
eat_all,12,161,0.0843874620045889
eat_all,12,162,0.23974037097210907
eat_all,12,163,0.6150455431156064
eat_all,12,164,0.1658125414429321
eat_all,12,165,0.36200677844036294
eat_all,12,166,0.5715054275722763
eat_all,12,167,0.09197850999943988
eat_all,12,168,0.14417896242377265
eat_all,12,169,0.060990174214737104
eat_all,12,170,0.4297866166781404
eat_all,12,171,0.2258640384490084
eat_all,12,172,0.5165405812486076
eat_all,12,173,0.5410202529585215
eat_all,12,174,0.15941087932821427
eat_all,12,175,0.22650178969250945
eat_all,12,176,0.42011004060365986
eat_all,12,177,0.48446933191022035
eat_all,12,178,0.3698422216589554
eat_all,12,179,0.1346127112166213
eat_all,12,180,0.2744715515285851
eat_all,12,181,0.10323355823574551
eat_all,12,182,0.3382211838565267
eat_all,12,183,0.5239797418055138
eat_all,12,184,0.08607344681804438
eat_all,12,185,0.3134088278047608
eat_all,12,186,0.045198092277471125
eat_all,12,187,0.6529190989510008
eat_all,12,188,0.21445835486387335
eat_all,12,189,0.09191397706194186
eat_all,12,190,0.20685517849985174
eat_all,12,191,0.5231782614549225
eat_all,12,192,0.5434262523241983
eat_all,12,193,0.17390298476393676
eat_all,12,194,0.06168161738904853
eat_all,12,195,0.3545376331597436
eat_all,12,196,0.03412375287095368
eat_all,12,197,0.2525266298628648
eat_all,12,198,0.3485846147827289
eat_all,12,199,0.0892630740408887
eat_bio,7,0,0.07332744391979905
eat_bio,7,1,0.1656870589291058
eat_bio,7,2,0.050666612040488626
eat_bio,7,3,0.08408576840792113
eat_bio,7,4,0.021599098097306292
eat_bio,7,5,0.028157283900004538
eat_bio,7,6,0.4669252807023344
eat_bio,7,7,0.18469140947338142
eat_bio,7,8,0.3324340413233303
eat_bio,7,9,0.3409942878271748
eat_bio,7,10,0.08162365400986252
eat_bio,7,11,0.0039296950491199125
eat_bio,7,12,0.40852923280806774
eat_bio,7,13,0.0664942530716978
eat_bio,7,14,0.27950179821610865
eat_bio,7,15,0.29316317021416727
eat_bio,7,16,0.2612896887934123
eat_bio,7,17,0.16443730858321948
eat_bio,7,18,0.07932418033932254
eat_bio,7,19,0.25835539097469484
eat_bio,7,20,0.022032242854451045
eat_bio,7,21,0.03500871975796932
eat_bio,7,22,0.11212817370219778
eat_bio,7,23,0.07421674645779927
eat_bio,7,24,0.29005802236349976
eat_bio,7,25,0.06906059481862176
eat_bio,7,26,0.0749873430626492
eat_bio,7,27,0.0055624728815381
eat_bio,7,28,0.15993394884852974
eat_bio,7,29,0.08711810150511498
eat_bio,7,30,0.07409925168232288
eat_bio,7,31,0.03192599573753425
eat_bio,7,32,0.11732023196982418
eat_bio,7,33,0.12972600916267657
eat_bio,7,34,0.10042795108495958
eat_bio,7,35,0.1603104700582767
eat_bio,7,36,0.22651277691192004
eat_bio,7,37,0.22543679890792317
eat_bio,7,38,0.2584541377991995
eat_bio,7,39,0.25493458397153473
eat_bio,7,40,0.2947389741280798
eat_bio,7,41,0.14526819230743454
eat_bio,7,42,0.05053669788156913
eat_bio,7,43,0.07129239089286454
eat_bio,7,44,0.12037809593179259
eat_bio,7,45,0.15488064708327884
eat_bio,7,46,0.38133861826108956
eat_bio,7,47,0.11847465884934467
eat_bio,7,48,0.08800589935351268
eat_bio,7,49,0.3227003439476533
eat_bio,7,50,0.08256534254445543
eat_bio,7,51,0.11047280247390955
eat_bio,7,52,0.03979638097701138
eat_bio,7,53,0.2258666309427956
eat_bio,7,54,0.18861197282254374
eat_bio,7,55,0.17976704648682817
eat_bio,7,56,0.03363726947481002
eat_bio,7,57,0.021057898853971677
eat_bio,7,58,0.24609342873428955
eat_bio,7,59,0.10909414836569324
eat_bio,7,60,0.40994862537891325
eat_bio,7,61,0.03676714918539631
eat_bio,7,62,0.39285073307104734
eat_bio,7,63,0.0060389282724654745
eat_bio,7,64,0.017665210131112153
eat_bio,7,65,0.0868421893970212
eat_bio,7,66,0.06350969294326256
eat_bio,7,67,0.30064883772382495
eat_bio,7,68,0.22898275458081205
eat_bio,7,69,0.07065524450014098
eat_bio,7,70,0.031856318439030584
eat_bio,7,71,0.03732101167048147
eat_bio,7,72,0.057619018078488106
eat_bio,7,73,0.10657940523848905
eat_bio,7,74,0.00018283248252177795
eat_bio,7,75,0.593747281090384
eat_bio,7,76,0.4169089877776277
eat_bio,7,77,0.4511326633755239
eat_bio,7,78,0.21509654260631003
eat_bio,7,79,0.36663249469675285
eat_bio,7,80,0.05716833489124668
eat_bio,7,81,0.05653922663793757
eat_bio,7,82,0.10928456167177558
eat_bio,7,83,0.11089482157253883
eat_bio,7,84,0.07141161671774035
eat_bio,7,85,0.2642246423258035
eat_bio,7,86,0.07713806605829997
eat_bio,7,87,0.01634724832478183
eat_bio,7,88,0.020277663290573927
eat_bio,7,89,0.22077099502717482
eat_bio,7,90,0.31566417497367344
eat_bio,7,91,0.259721481177752
eat_bio,7,92,0.11651096441365671
eat_bio,7,93,0.1788443385123869
eat_bio,7,94,0.055586224812128514
eat_bio,7,95,0.12295814793245885
eat_bio,7,96,0.1538967694561306
eat_bio,7,97,0.08367260977518497
eat_bio,7,98,0.15285226038659178
eat_bio,7,99,0.03940729075043643
eat_bio,7,100,0.09834606126734481
eat_bio,7,101,0.2581621912496142
eat_bio,7,102,0.002292804912307849
eat_bio,7,103,0.20899905196410676
eat_bio,7,104,0.0814687920069463
eat_bio,7,105,0.07794216084074568
eat_bio,7,106,0.01367003506472897
eat_bio,7,107,0.1634051106028503
eat_bio,7,108,0.25052590722577867
eat_bio,7,109,0.030048265746315767
eat_bio,7,110,0.17547984530506266
eat_bio,7,111,0.24881001089987154
eat_bio,7,112,0.11209651511678653
eat_bio,7,113,0.16343993875530763
eat_bio,7,114,0.28471714356447325
eat_bio,7,115,0.04270094132264239
eat_bio,7,116,0.12638152137836847
eat_bio,7,117,0.0666979136495408
eat_bio,7,118,0.022172393109736028
eat_bio,7,119,0.2836212020752917
eat_bio,7,120,0.24776666215856544
eat_bio,7,121,0.19103148063323216
eat_bio,7,122,0.16861719174345036
eat_bio,7,123,0.23035850613566317
eat_bio,7,124,0.2647092838369374
eat_bio,7,125,0.2700479199383958
eat_bio,7,126,0.42669153564213397
eat_bio,7,127,0.09915444554509668
eat_bio,7,128,0.0016702163736696488
eat_bio,7,129,0.21596560664517075
eat_bio,7,130,0.023349320837748683
eat_bio,7,131,0.15711833538875167
eat_bio,7,132,0.19040111539749932
eat_bio,7,133,0.03768148114555973
eat_bio,7,134,0.08010579957223131
eat_bio,7,135,0.33579825781326333
eat_bio,7,136,0.2255286361274486
eat_bio,7,137,0.0944116672832129
eat_bio,7,138,0.41046931377818563
eat_bio,7,139,0.45335638855122184
eat_bio,7,140,0.21419236455416693
eat_bio,7,141,0.021280973383899626
eat_bio,7,142,0.06856859313503223
eat_bio,7,143,0.0190162614404876
eat_bio,7,144,0.10284444575206657
eat_bio,7,145,0.013327582229527726
eat_bio,7,146,0.06532507688555576
eat_bio,7,147,0.06322373675824225
eat_bio,7,148,0.29664753781941794
eat_bio,7,149,0.009227269467075555
eat_bio,7,150,0.1291687216877613
eat_bio,7,151,0.17417214647957405
eat_bio,7,152,0.4066225912863782
eat_bio,7,153,0.22189858986343017
eat_bio,7,154,0.1981797374253405
eat_bio,7,155,0.45956640814125904
eat_bio,7,156,0.11234943845754952
eat_bio,7,157,0.054745154858735
eat_bio,7,158,0.028754884080959598
eat_bio,7,159,0.13258521269026888
eat_bio,7,160,0.06855530387337293
eat_bio,7,161,0.17462316172709624
eat_bio,7,162,0.02066355020375184
eat_bio,7,163,0.07455019514639961
eat_bio,7,164,0.024911211620035817
eat_bio,7,165,0.18813458531737337
eat_bio,7,166,0.2679874188633464
eat_bio,7,167,0.15872171078929456
eat_bio,7,168,0.3000914148827634
eat_bio,7,169,0.22732976041882497
eat_bio,7,170,0.15863993193175874
eat_bio,7,171,0.06159076768051806
eat_bio,7,172,0.044436493693644316
eat_bio,7,173,0.15586320544204277
eat_bio,7,174,0.21232550004984788
eat_bio,7,175,0.05279598892090172
eat_bio,7,176,0.23731018712552168
eat_bio,7,177,0.02853841719902833
eat_bio,7,178,0.07557674631785406
eat_bio,7,179,0.2564331197370689
eat_bio,7,180,0.24390014885738154
eat_bio,7,181,0.18757611390779244
eat_bio,7,182,0.11823211717699847
eat_bio,7,183,0.24312217945586204
eat_bio,7,184,0.014263746047896
eat_bio,7,185,0.14862993779150324
eat_bio,7,186,0.14205549186014338
eat_bio,7,187,0.15572452903908773
eat_bio,7,188,0.19248333858354713
eat_bio,7,189,0.022155403379119074
eat_bio,7,190,0.036084272637177055
eat_bio,7,191,0.1933093326669678
eat_bio,7,192,0.2965183824354523
eat_bio,7,193,0.10528916090769036
eat_bio,7,194,0.06803860981480989
eat_bio,7,195,0.18853669436490106
eat_bio,7,196,0.243633701953267
eat_bio,7,197,0.1216269504778952
eat_bio,7,198,0.19194641939780346
eat_bio,7,199,0.030564086714636975
eat_bio,9,0,0.07979781799685214
eat_bio,9,1,0.5173202588612582
eat_bio,9,2,0.32789443449995004
eat_bio,9,3,0.19196955227209406
eat_bio,9,4,0.024058500722299626
eat_bio,9,5,0.3586879027735427
eat_bio,9,6,0.06543063980384263
eat_bio,9,7,0.1132474122660398
eat_bio,9,8,0.010142933407025444
eat_bio,9,9,0.19611000611108903
eat_bio,9,10,0.30175093226682925
eat_bio,9,11,0.05067864246589833
eat_bio,9,12,0.13771282874759747
eat_bio,9,13,0.10492552902044222
eat_bio,9,14,0.40689165903533686
eat_bio,9,15,0.007958660752365815
eat_bio,9,16,0.13665716578555515
eat_bio,9,17,0.23555174415672248
eat_bio,9,18,0.08988604750101285
eat_bio,9,19,0.05672151362637854
eat_bio,9,20,0.30404354802256056
eat_bio,9,21,0.05953347373752167
eat_bio,9,22,0.1493954113866435
eat_bio,9,23,0.4080839920863805
eat_bio,9,24,0.06354500760591986
eat_bio,9,25,0.23197043351893573
eat_bio,9,26,0.11727210321262435
eat_bio,9,27,0.5222803903946275
eat_bio,9,28,0.09287895221534738
eat_bio,9,29,0.21609896813799948
eat_bio,9,30,0.06507240011220616
eat_bio,9,31,0.00029633894517057315
eat_bio,9,32,0.35038516028040184
eat_bio,9,33,0.09383226384135018
eat_bio,9,34,0.10272363991009366
eat_bio,9,35,0.49397718820607983
eat_bio,9,36,0.009223803464498062
eat_bio,9,37,0.01366518664025291
eat_bio,9,38,0.031987275390722825
eat_bio,9,39,0.12720616314651775
eat_bio,9,40,0.39385946607602235
eat_bio,9,41,0.3398653844601225
eat_bio,9,42,0.11312210200317803
eat_bio,9,43,0.42015415254932903
eat_bio,9,44,0.3204352688693276
eat_bio,9,45,0.1541262035391163
eat_bio,9,46,0.36791453601112695
eat_bio,9,47,0.0891597567689269
eat_bio,9,48,0.23492780832608198
eat_bio,9,49,0.2635975466018424
eat_bio,9,50,0.25507715802729286
eat_bio,9,51,0.16146886343986477
eat_bio,9,52,0.10370672550887086
eat_bio,9,53,0.2842546138200201
eat_bio,9,54,0.0748817822231575
eat_bio,9,55,0.14631313513242133
eat_bio,9,56,0.10545426208627456
eat_bio,9,57,0.07537621358147764
eat_bio,9,58,0.19389576669583244
eat_bio,9,59,0.02246502152425099
eat_bio,9,60,0.12954959417534284
eat_bio,9,61,0.3607335189219571
eat_bio,9,62,0.03661845307325743
eat_bio,9,63,0.16611400512353405
eat_bio,9,64,0.18121653366013932
eat_bio,9,65,0.30849258606344665
eat_bio,9,66,0.05423285741332088
eat_bio,9,67,0.2308321646091222
eat_bio,9,68,0.03550852389804289
eat_bio,9,69,0.02730189674671942
eat_bio,9,70,0.21696789142654585
eat_bio,9,71,0.19421242485201332
eat_bio,9,72,0.15173969046215643
eat_bio,9,73,0.030546282487532803
eat_bio,9,74,0.01992467317832975
eat_bio,9,75,0.09920216099853103
eat_bio,9,76,0.14548138208512396
eat_bio,9,77,0.20456177030042086
eat_bio,9,78,0.3412173970108621
eat_bio,9,79,0.15402056903024247
eat_bio,9,80,0.02960041176665471
eat_bio,9,81,0.0007643501592479765
eat_bio,9,82,0.028301378664390815
eat_bio,9,83,0.06493276707054163
eat_bio,9,84,0.3149280086819518
eat_bio,9,85,0.0907776441955002
eat_bio,9,86,0.06265553715293709
eat_bio,9,87,0.05947918144798265
eat_bio,9,88,0.04756206805987922
eat_bio,9,89,0.3210081183905837
eat_bio,9,90,0.061447918673982214
eat_bio,9,91,0.23293039582955602
eat_bio,9,92,0.37049776664403883
eat_bio,9,93,0.34663095835148855
eat_bio,9,94,0.10745670180522877
eat_bio,9,95,0.07790076624362736
eat_bio,9,96,0.04618248734795125
eat_bio,9,97,0.001477684779182716
eat_bio,9,98,0.3710688613891269
eat_bio,9,99,0.4264311111058098
eat_bio,9,100,0.16329532254034165
eat_bio,9,101,0.07505382560255777
eat_bio,9,102,0.22047894206447927
eat_bio,9,103,0.010111504405081498
eat_bio,9,104,0.41172337053800434
eat_bio,9,105,0.03714271105492503
eat_bio,9,106,0.13506796799255694
eat_bio,9,107,0.05654985098886441
eat_bio,9,108,0.364834942269092
eat_bio,9,109,0.5226871993172196
eat_bio,9,110,0.2623092622914134
eat_bio,9,111,0.08179888171176432
eat_bio,9,112,0.3653074398099877
eat_bio,9,113,0.15350668950396493
eat_bio,9,114,0.1380629367458188
eat_bio,9,115,0.2888143578574814
eat_bio,9,116,0.29516781980334944
eat_bio,9,117,0.14893553346822316
eat_bio,9,118,0.30545193110154367
eat_bio,9,119,0.08244051442990215
eat_bio,9,120,0.19599137512779283
eat_bio,9,121,0.2700429859727676
eat_bio,9,122,0.15753040377487232
eat_bio,9,123,0.12506485330582098
eat_bio,9,124,0.44934913910735524
eat_bio,9,125,0.4011179671413903
eat_bio,9,126,0.11940272042329698
eat_bio,9,127,0.03789411476812069
eat_bio,9,128,0.1171055065680453
eat_bio,9,129,0.15167045400551157
eat_bio,9,130,0.1866144878023792
eat_bio,9,131,0.09558526690644373
eat_bio,9,132,0.24995942087222414
eat_bio,9,133,0.2672429381580042
eat_bio,9,134,0.21411100436482422
eat_bio,9,135,0.012383627845059114
eat_bio,9,136,0.058586256932258024
eat_bio,9,137,0.38228892810568593
eat_bio,9,138,0.00014859666105961647
eat_bio,9,139,0.1743515528670683
eat_bio,9,140,0.2139172413649836
eat_bio,9,141,0.23252065626999405
eat_bio,9,142,0.06537076739093248
eat_bio,9,143,0.0007956280954465371
eat_bio,9,144,0.3797559847550595
eat_bio,9,145,0.06889237923233714
eat_bio,9,146,0.3591088572830385
eat_bio,9,147,0.10653644398108601
eat_bio,9,148,0.2744181134907137
eat_bio,9,149,0.13013219734098794
eat_bio,9,150,0.12185486934771475
eat_bio,9,151,0.05364833351124443
eat_bio,9,152,0.5922514262905753
eat_bio,9,153,0.0313645316865521
eat_bio,9,154,0.21591789319095075
eat_bio,9,155,0.15310725246528464
eat_bio,9,156,0.021668054943695083
eat_bio,9,157,0.062388022966924805
eat_bio,9,158,0.3543643342578699
eat_bio,9,159,0.06711939395867846
eat_bio,9,160,0.23158679321117343
eat_bio,9,161,0.12141715349311087
eat_bio,9,162,0.15429395004630264
eat_bio,9,163,0.10416193590570347
eat_bio,9,164,0.21958565463022048
eat_bio,9,165,0.29182594727758376
eat_bio,9,166,0.01938630369703738
eat_bio,9,167,0.10139455556619269
eat_bio,9,168,0.1251141439311928
eat_bio,9,169,0.1445276793562873
eat_bio,9,170,0.3613640430952236
eat_bio,9,171,0.033635499354062424
eat_bio,9,172,0.15371480216939798
eat_bio,9,173,0.489560089565601
eat_bio,9,174,0.01596272451438452
eat_bio,9,175,0.17452277091607882
eat_bio,9,176,0.1611468829899068
eat_bio,9,177,0.2776841673215128
eat_bio,9,178,0.3070966278314754
eat_bio,9,179,0.454208623314126
eat_bio,9,180,0.18122864462510233
eat_bio,9,181,0.2512085981091857
eat_bio,9,182,0.4308915927807046
eat_bio,9,183,0.03689624742037583
eat_bio,9,184,0.34544402641971345
eat_bio,9,185,0.12238315609167262
eat_bio,9,186,0.19092101695368716
eat_bio,9,187,0.008352893334081965
eat_bio,9,188,0.1661198426124302
eat_bio,9,189,0.0778252091809971
eat_bio,9,190,0.2248067747471693
eat_bio,9,191,0.2526689463128391
eat_bio,9,192,0.5530735632116986
eat_bio,9,193,0.06880049755032552
eat_bio,9,194,0.36357876113295023
eat_bio,9,195,0.025985493297274658
eat_bio,9,196,0.008103767442337118
eat_bio,9,197,0.014615298735375424
eat_bio,9,198,0.2986325540288347
eat_bio,9,199,0.11424041366451697
eat_bio,12,0,0.151364744694349
eat_bio,12,1,0.055809685984855785
eat_bio,12,2,0.02388103151587295
eat_bio,12,3,0.13548929943751487
eat_bio,12,4,0.22376113365008246
eat_bio,12,5,0.04671226272679387
eat_bio,12,6,0.39704466226528445
eat_bio,12,7,0.40905218898373463
eat_bio,12,8,0.12139965805237404
eat_bio,12,9,0.3507449932680208
eat_bio,12,10,0.3752312755160557
eat_bio,12,11,0.037658371748071295
eat_bio,12,12,0.034891958568794755
eat_bio,12,13,0.09917458019066946
eat_bio,12,14,0.06321664084670134
eat_bio,12,15,0.16495315994366114
eat_bio,12,16,0.5709385766799816
eat_bio,12,17,0.34335419703073905
eat_bio,12,18,0.2725186392842714
eat_bio,12,19,0.3721478076773915
eat_bio,12,20,0.3054775590918321
eat_bio,12,21,0.5561426805638908
eat_bio,12,22,0.3232439080912651
eat_bio,12,23,0.14310862620212567
eat_bio,12,24,0.30704303534807653
eat_bio,12,25,0.36586405375689424
eat_bio,12,26,0.2989107149427435
eat_bio,12,27,0.33270257709139767
eat_bio,12,28,0.3424166012839457
eat_bio,12,29,0.362734493221857
eat_bio,12,30,0.06262640518342444
eat_bio,12,31,0.5322139597720709
eat_bio,12,32,0.07482769675804976
eat_bio,12,33,0.011164570058138397
eat_bio,12,34,0.4062083466580007
eat_bio,12,35,0.6042119600920854
eat_bio,12,36,0.1464730536139344
eat_bio,12,37,0.1727333035768622
eat_bio,12,38,0.05016307025667079
eat_bio,12,39,0.007348643126910533
eat_bio,12,40,0.2729708608467518
eat_bio,12,41,0.21356373744064586
eat_bio,12,42,0.06639511433130028
eat_bio,12,43,0.11547834667119505
eat_bio,12,44,0.3476009394524812
eat_bio,12,45,0.09142837665328417
eat_bio,12,46,0.0010954868212579068
eat_bio,12,47,0.5033246123537877
eat_bio,12,48,0.1900152337733126
eat_bio,12,49,0.23047027698399894
eat_bio,12,50,0.28805108529802276
eat_bio,12,51,0.11423432247361708
eat_bio,12,52,0.30777935155239866
eat_bio,12,53,0.13450264283615634
eat_bio,12,54,0.3501368721245724
eat_bio,12,55,0.2843622576562822
eat_bio,12,56,0.030379877323063464
eat_bio,12,57,0.1629138514843042
eat_bio,12,58,0.014888059266870613
eat_bio,12,59,0.1273181645048152
eat_bio,12,60,0.08643039129271653
eat_bio,12,61,0.03226873250664296
eat_bio,12,62,0.406947694131628
eat_bio,12,63,0.0010943230472847704
eat_bio,12,64,0.3840832549112309
eat_bio,12,65,0.4556109795037183
eat_bio,12,66,0.37572220965390635
eat_bio,12,67,0.21405640430974324
eat_bio,12,68,0.08491389145394758
eat_bio,12,69,0.07058849911902522
eat_bio,12,70,0.07801939218807559
eat_bio,12,71,0.28435813183760933
eat_bio,12,72,0.43059726950282656
eat_bio,12,73,0.47920157488144116
eat_bio,12,74,0.013028343944789068
eat_bio,12,75,0.3649403999584271
eat_bio,12,76,0.016538114527080924
eat_bio,12,77,0.2874530154633048
eat_bio,12,78,0.2173076252377497
eat_bio,12,79,0.21309103330722823
eat_bio,12,80,0.01982351915106863
eat_bio,12,81,0.0962672749439057
eat_bio,12,82,0.061126411658133345
eat_bio,12,83,0.13140790809865477
eat_bio,12,84,0.39657733688393254
eat_bio,12,85,0.3907057990051895
eat_bio,12,86,0.34396338492995243
eat_bio,12,87,0.7096513316071661
eat_bio,12,88,0.06296859060629824
eat_bio,12,89,0.2841608067128648
eat_bio,12,90,0.07568705018886052
eat_bio,12,91,0.11921284618810657
eat_bio,12,92,0.012672286837711462
eat_bio,12,93,0.07589191527960965
eat_bio,12,94,0.5644748008870647
eat_bio,12,95,0.37212636110075337
eat_bio,12,96,0.18965813971525708
eat_bio,12,97,0.27384454567487865
eat_bio,12,98,0.2892609006505166
eat_bio,12,99,0.13325874408060226
eat_bio,12,100,0.298754231580752
eat_bio,12,101,0.12048060931440024
eat_bio,12,102,0.4854492912820866
eat_bio,12,103,0.04997480904675469
eat_bio,12,104,0.21647822981057027
eat_bio,12,105,0.42591991818977426
eat_bio,12,106,0.23102164350830642
eat_bio,12,107,0.3927898054835534
eat_bio,12,108,0.2278729621507394
eat_bio,12,109,0.07503428474312673
eat_bio,12,110,0.17280705288239695
eat_bio,12,111,0.0876969282562441
eat_bio,12,112,0.08825261584502009
eat_bio,12,113,0.0037225507144177865
eat_bio,12,114,0.3799922448107643
eat_bio,12,115,0.052709392937112166
eat_bio,12,116,0.39741495584980696
eat_bio,12,117,0.25394834168692243
eat_bio,12,118,0.0676004821615168
eat_bio,12,119,0.32196533498528795
eat_bio,12,120,0.19526494106088207
eat_bio,12,121,0.516653604784539
eat_bio,12,122,0.015935915808494728
eat_bio,12,123,0.1420295904707477
eat_bio,12,124,0.04517114466107817
eat_bio,12,125,0.3154763196447994
eat_bio,12,126,0.5086667187154057
eat_bio,12,127,0.29260278630184
eat_bio,12,128,0.24270192473487653
eat_bio,12,129,0.22957856118116288
eat_bio,12,130,0.002001313784198118
eat_bio,12,131,0.12132155264187094
eat_bio,12,132,0.6192946423849756
eat_bio,12,133,0.3213514366720856
eat_bio,12,134,0.14472848202149513
eat_bio,12,135,0.4490038818619229
eat_bio,12,136,0.5437496255537982
eat_bio,12,137,0.2958179813773931
eat_bio,12,138,0.14891252442415515
eat_bio,12,139,0.038515389517757126
eat_bio,12,140,0.30674183143595063
eat_bio,12,141,0.1265793572632231
eat_bio,12,142,0.14775457765265124
eat_bio,12,143,0.07433753122219723
eat_bio,12,144,0.0675948493821508
eat_bio,12,145,0.11241177716681353
eat_bio,12,146,0.4374817168086654
eat_bio,12,147,0.286692444162285
eat_bio,12,148,0.13819147936424717
eat_bio,12,149,0.24170057357945293
eat_bio,12,150,0.14535377025933074
eat_bio,12,151,0.0007411650811670731
eat_bio,12,152,0.2312531753228151
eat_bio,12,153,0.09595714540361895
eat_bio,12,154,0.21395846884013114
eat_bio,12,155,0.08954167811100137
eat_bio,12,156,0.3468828546974003
eat_bio,12,157,0.17945111573479586
eat_bio,12,158,0.16552756601979807
eat_bio,12,159,0.14449643217395694
eat_bio,12,160,0.024431034228760713
eat_bio,12,161,0.34572017845814906
eat_bio,12,162,0.26193886749389417
eat_bio,12,163,0.4977797000134089
eat_bio,12,164,0.29602725167063326
eat_bio,12,165,0.19622801943358956
eat_bio,12,166,0.02518438908708721
eat_bio,12,167,0.07965068466228162
eat_bio,12,168,0.13755771701920277
eat_bio,12,169,0.04523592659247725
eat_bio,12,170,0.024738808534273838
eat_bio,12,171,0.034310723149564064
eat_bio,12,172,0.38267320160236434
eat_bio,12,173,0.3151459063603297
eat_bio,12,174,0.19534797555254768
eat_bio,12,175,0.47143899847583093
eat_bio,12,176,0.00870536377202508
eat_bio,12,177,0.3902347240232253
eat_bio,12,178,0.4386276058377545
eat_bio,12,179,0.03415927894965879
eat_bio,12,180,0.24307199537207932
eat_bio,12,181,0.35077308516364425
eat_bio,12,182,0.3393950435436733
eat_bio,12,183,0.5622426971146294
eat_bio,12,184,0.15759545649163675
eat_bio,12,185,0.19521975171393915
eat_bio,12,186,0.029998373128030293
eat_bio,12,187,0.13976334971515364
eat_bio,12,188,0.07167652222005515
eat_bio,12,189,0.1821058782556235
eat_bio,12,190,0.40157094421957656
eat_bio,12,191,0.11868074793371106
eat_bio,12,192,0.1389516542966035
eat_bio,12,193,0.20066124918273534
eat_bio,12,194,0.14505141494065762
eat_bio,12,195,0.19983756917079407
eat_bio,12,196,0.1489654677745223
eat_bio,12,197,0.23762666382638734
eat_bio,12,198,0.1627643617998264
eat_bio,12,199,0.10289015623471247
sl_eat_all_ssl_all,7,0,0.308905954127794
sl_eat_all_ssl_all,7,1,0.10845855077763598
sl_eat_all_ssl_all,7,2,0.16237397627024375
sl_eat_all_ssl_all,7,3,0.059761320019515236
sl_eat_all_ssl_all,7,4,0.18880918106468622
sl_eat_all_ssl_all,7,5,0.06743589938420642
sl_eat_all_ssl_all,7,6,0.5101138702473133
sl_eat_all_ssl_all,7,7,0.0824911420113713
sl_eat_all_ssl_all,7,8,0.23962237475176856
sl_eat_all_ssl_all,7,9,0.222059676130747
sl_eat_all_ssl_all,7,10,0.11778556008774313
sl_eat_all_ssl_all,7,11,0.08471551551593773
sl_eat_all_ssl_all,7,12,0.1510174264247413
sl_eat_all_ssl_all,7,13,0.0034683644746517786
sl_eat_all_ssl_all,7,14,0.32155794888502165
sl_eat_all_ssl_all,7,15,0.31867472209243325
sl_eat_all_ssl_all,7,16,0.28794628113691084
sl_eat_all_ssl_all,7,17,0.15527512320523684
sl_eat_all_ssl_all,7,18,0.11386393705975476
sl_eat_all_ssl_all,7,19,0.10650658549407768
sl_eat_all_ssl_all,7,20,0.15279540430750585
sl_eat_all_ssl_all,7,21,0.05210791777356035
sl_eat_all_ssl_all,7,22,0.1523966976357477
sl_eat_all_ssl_all,7,23,0.05736376439547146
sl_eat_all_ssl_all,7,24,0.19569119631028498
sl_eat_all_ssl_all,7,25,0.2326463599400401
sl_eat_all_ssl_all,7,26,0.051690068685217194
sl_eat_all_ssl_all,7,27,0.13030824306972855
sl_eat_all_ssl_all,7,28,0.15154465489807534
sl_eat_all_ssl_all,7,29,0.20680142774233892
sl_eat_all_ssl_all,7,30,0.11436812760352784
sl_eat_all_ssl_all,7,31,0.011312223544769809
sl_eat_all_ssl_all,7,32,0.09701094900142115
sl_eat_all_ssl_all,7,33,0.03650378013332451
sl_eat_all_ssl_all,7,34,0.09173519460059892
sl_eat_all_ssl_all,7,35,0.039692732862648704
sl_eat_all_ssl_all,7,36,0.19928716830343238
sl_eat_all_ssl_all,7,37,0.2985143156673758
sl_eat_all_ssl_all,7,38,0.15386294347365922
sl_eat_all_ssl_all,7,39,0.375469254935586
sl_eat_all_ssl_all,7,40,0.28960919016887987
sl_eat_all_ssl_all,7,41,0.14417871051052758
sl_eat_all_ssl_all,7,42,0.04089064012949734
sl_eat_all_ssl_all,7,43,0.08333108488447476
sl_eat_all_ssl_all,7,44,0.22940221578744496
sl_eat_all_ssl_all,7,45,5.100999810757887e-05
sl_eat_all_ssl_all,7,46,0.38904767124966205
sl_eat_all_ssl_all,7,47,0.16759425947404274
sl_eat_all_ssl_all,7,48,0.11757918964588503
sl_eat_all_ssl_all,7,49,0.13723531693985486
sl_eat_all_ssl_all,7,50,0.09531474751886017
sl_eat_all_ssl_all,7,51,0.25443686076334765
sl_eat_all_ssl_all,7,52,0.26304681386430134
sl_eat_all_ssl_all,7,53,0.20556738614576775
sl_eat_all_ssl_all,7,54,0.2798563642845345
sl_eat_all_ssl_all,7,55,0.24140050232236385
sl_eat_all_ssl_all,7,56,0.22663192233060792
sl_eat_all_ssl_all,7,57,0.05491775632382654
sl_eat_all_ssl_all,7,58,0.29464555399619613
sl_eat_all_ssl_all,7,59,0.028044207224392645
sl_eat_all_ssl_all,7,60,0.6426825104816282
sl_eat_all_ssl_all,7,61,0.11315372884040505
sl_eat_all_ssl_all,7,62,0.5961799354769334
sl_eat_all_ssl_all,7,63,0.009064671297003212
sl_eat_all_ssl_all,7,64,0.059751382001832616
sl_eat_all_ssl_all,7,65,0.02485435800066543
sl_eat_all_ssl_all,7,66,0.07517240967672781
sl_eat_all_ssl_all,7,67,0.23336722345076005
sl_eat_all_ssl_all,7,68,0.15249816548232245
sl_eat_all_ssl_all,7,69,0.04701464579639982
sl_eat_all_ssl_all,7,70,0.1959569006362729
sl_eat_all_ssl_all,7,71,0.15470309584335196
sl_eat_all_ssl_all,7,72,0.06289173964612045
sl_eat_all_ssl_all,7,73,0.06397377002352064
sl_eat_all_ssl_all,7,74,0.07092120981369315
sl_eat_all_ssl_all,7,75,0.6003509171572549
sl_eat_all_ssl_all,7,76,0.5912834808409478
sl_eat_all_ssl_all,7,77,0.332067013192932
sl_eat_all_ssl_all,7,78,0.4584904461131778
sl_eat_all_ssl_all,7,79,0.47805933099599346
sl_eat_all_ssl_all,7,80,0.10210886533754497
sl_eat_all_ssl_all,7,81,0.05286360292333581
sl_eat_all_ssl_all,7,82,0.09890526191913794
sl_eat_all_ssl_all,7,83,0.2168103823841207
sl_eat_all_ssl_all,7,84,0.009378936958559115
sl_eat_all_ssl_all,7,85,0.20364376747497534
sl_eat_all_ssl_all,7,86,0.08073998026873433
sl_eat_all_ssl_all,7,87,0.0609263344878893
sl_eat_all_ssl_all,7,88,0.005501189401030803
sl_eat_all_ssl_all,7,89,0.5339939064623526
sl_eat_all_ssl_all,7,90,0.05961089538562773
sl_eat_all_ssl_all,7,91,0.2508379673682858
sl_eat_all_ssl_all,7,92,0.17300230984289808
sl_eat_all_ssl_all,7,93,0.20688773493108756
sl_eat_all_ssl_all,7,94,0.2616931740975732
sl_eat_all_ssl_all,7,95,0.07653970002742977
sl_eat_all_ssl_all,7,96,0.44089652202374624
sl_eat_all_ssl_all,7,97,0.08198083858545986
sl_eat_all_ssl_all,7,98,0.08800773471255818
sl_eat_all_ssl_all,7,99,0.17803147161073793
sl_eat_all_ssl_all,7,100,0.04443328007475814
sl_eat_all_ssl_all,7,101,0.18743914542611245
sl_eat_all_ssl_all,7,102,0.283008456204594
sl_eat_all_ssl_all,7,103,0.13988222576181206
sl_eat_all_ssl_all,7,104,0.09803537799408728
sl_eat_all_ssl_all,7,105,0.07841362934239429
sl_eat_all_ssl_all,7,106,0.11349971476275986
sl_eat_all_ssl_all,7,107,0.1496851251010696
sl_eat_all_ssl_all,7,108,0.3707934409684433
sl_eat_all_ssl_all,7,109,0.09224353170543163
sl_eat_all_ssl_all,7,110,0.07333589609803398
sl_eat_all_ssl_all,7,111,0.058564756313906806
sl_eat_all_ssl_all,7,112,0.017810127521919437
sl_eat_all_ssl_all,7,113,0.07032865469379415
sl_eat_all_ssl_all,7,114,0.4720634725204659
sl_eat_all_ssl_all,7,115,0.07763074565516177
sl_eat_all_ssl_all,7,116,0.054925699009080044
sl_eat_all_ssl_all,7,117,0.006904155050682737
sl_eat_all_ssl_all,7,118,0.04450841954577923
sl_eat_all_ssl_all,7,119,0.3950408992416782
sl_eat_all_ssl_all,7,120,0.1496588273197161
sl_eat_all_ssl_all,7,121,0.28196733882610037
sl_eat_all_ssl_all,7,122,0.13948822924304333
sl_eat_all_ssl_all,7,123,0.11707675354577983
sl_eat_all_ssl_all,7,124,0.19222343334855418
sl_eat_all_ssl_all,7,125,0.36191928153946357
sl_eat_all_ssl_all,7,126,0.31550755772222233
sl_eat_all_ssl_all,7,127,0.045293664607624365
sl_eat_all_ssl_all,7,128,0.1433222977406724
sl_eat_all_ssl_all,7,129,0.0748689483643849
sl_eat_all_ssl_all,7,130,0.09248005607314147
sl_eat_all_ssl_all,7,131,0.06949973572401376
sl_eat_all_ssl_all,7,132,0.31728567285977755
sl_eat_all_ssl_all,7,133,0.1366675551974356
sl_eat_all_ssl_all,7,134,0.03834036548499158
sl_eat_all_ssl_all,7,135,0.30866047737644964
sl_eat_all_ssl_all,7,136,0.038913379363046646
sl_eat_all_ssl_all,7,137,0.21653830897155898
sl_eat_all_ssl_all,7,138,0.29988409629688484
sl_eat_all_ssl_all,7,139,0.36721562477090525
sl_eat_all_ssl_all,7,140,0.1725345217771046
sl_eat_all_ssl_all,7,141,0.010152239114721073
sl_eat_all_ssl_all,7,142,0.24802589073423978
sl_eat_all_ssl_all,7,143,0.08075820333642435
sl_eat_all_ssl_all,7,144,0.05997638230915045
sl_eat_all_ssl_all,7,145,0.09786999977100756
sl_eat_all_ssl_all,7,146,0.12215770175087257
sl_eat_all_ssl_all,7,147,0.02738667369890827
sl_eat_all_ssl_all,7,148,0.06013006190505916
sl_eat_all_ssl_all,7,149,0.17914433230239457
sl_eat_all_ssl_all,7,150,0.2900567021535653
sl_eat_all_ssl_all,7,151,0.3118946362562026
sl_eat_all_ssl_all,7,152,0.3970921719303685
sl_eat_all_ssl_all,7,153,0.14076843920555066
sl_eat_all_ssl_all,7,154,0.18461428787081827
sl_eat_all_ssl_all,7,155,0.47032907006610697
sl_eat_all_ssl_all,7,156,0.1313429462067772
sl_eat_all_ssl_all,7,157,0.006032934850941425
sl_eat_all_ssl_all,7,158,0.10098488197596428
sl_eat_all_ssl_all,7,159,0.10363167574263649
sl_eat_all_ssl_all,7,160,0.02512352588229501
sl_eat_all_ssl_all,7,161,0.21478235016684766
sl_eat_all_ssl_all,7,162,0.09030988519385337
sl_eat_all_ssl_all,7,163,0.04092937624288884
sl_eat_all_ssl_all,7,164,0.1011620275724544
sl_eat_all_ssl_all,7,165,0.2646886494226519
sl_eat_all_ssl_all,7,166,0.4785601225755731
sl_eat_all_ssl_all,7,167,0.2764395985953357
sl_eat_all_ssl_all,7,168,0.33276947774115956
sl_eat_all_ssl_all,7,169,0.3378815545264618
sl_eat_all_ssl_all,7,170,0.23247423840526943
sl_eat_all_ssl_all,7,171,0.1366173092049169
sl_eat_all_ssl_all,7,172,0.11436667285582398
sl_eat_all_ssl_all,7,173,0.22112666398978395
sl_eat_all_ssl_all,7,174,0.10792914920972738
sl_eat_all_ssl_all,7,175,0.03319539641268484
sl_eat_all_ssl_all,7,176,0.146373781327975
sl_eat_all_ssl_all,7,177,0.05114736542863083
sl_eat_all_ssl_all,7,178,0.1783987953319606
sl_eat_all_ssl_all,7,179,0.3061282524461794
sl_eat_all_ssl_all,7,180,0.07155431796934268
sl_eat_all_ssl_all,7,181,0.2760098776952791
sl_eat_all_ssl_all,7,182,0.09180943384527138
sl_eat_all_ssl_all,7,183,0.1644815448144786
sl_eat_all_ssl_all,7,184,0.061656908964251037
sl_eat_all_ssl_all,7,185,0.029772097699122195
sl_eat_all_ssl_all,7,186,0.30948084073070375
sl_eat_all_ssl_all,7,187,0.27665147092180686
sl_eat_all_ssl_all,7,188,0.34945463484547923
sl_eat_all_ssl_all,7,189,0.09998860780647448
sl_eat_all_ssl_all,7,190,0.18609117413425758
sl_eat_all_ssl_all,7,191,0.14536228769063694
sl_eat_all_ssl_all,7,192,0.3999892525095025
sl_eat_all_ssl_all,7,193,0.04588371052627365
sl_eat_all_ssl_all,7,194,0.31000749239495873
sl_eat_all_ssl_all,7,195,0.01517967015117937
sl_eat_all_ssl_all,7,196,0.2496593122832754
sl_eat_all_ssl_all,7,197,0.11432080054484478
sl_eat_all_ssl_all,7,198,0.09715355263271912
sl_eat_all_ssl_all,7,199,0.19369312846888706
sl_eat_all_ssl_all,9,0,0.17883576147595312
sl_eat_all_ssl_all,9,1,0.40312606380140575
sl_eat_all_ssl_all,9,2,0.20614559699761287
sl_eat_all_ssl_all,9,3,0.02448743338712612
sl_eat_all_ssl_all,9,4,0.1302303370707419
sl_eat_all_ssl_all,9,5,0.34719803223852164
sl_eat_all_ssl_all,9,6,0.06408380518576408
sl_eat_all_ssl_all,9,7,0.05299411723545583
sl_eat_all_ssl_all,9,8,0.0022951972127648393
sl_eat_all_ssl_all,9,9,0.06650415330488849
sl_eat_all_ssl_all,9,10,0.3343746844209656
sl_eat_all_ssl_all,9,11,0.036813467983691894
sl_eat_all_ssl_all,9,12,0.19651245195070505
sl_eat_all_ssl_all,9,13,0.17710535428650362
sl_eat_all_ssl_all,9,14,0.23359254251906172
sl_eat_all_ssl_all,9,15,0.09802501049788535
sl_eat_all_ssl_all,9,16,0.15802776422734047
sl_eat_all_ssl_all,9,17,0.31946916589062335
sl_eat_all_ssl_all,9,18,0.04540388679244904
sl_eat_all_ssl_all,9,19,0.028989058941819825
sl_eat_all_ssl_all,9,20,0.23442814505512333
sl_eat_all_ssl_all,9,21,0.263069998464163
sl_eat_all_ssl_all,9,22,0.10861063103980735
sl_eat_all_ssl_all,9,23,0.3785727533115165
sl_eat_all_ssl_all,9,24,0.15755645529517398
sl_eat_all_ssl_all,9,25,0.20800919253816513
sl_eat_all_ssl_all,9,26,0.1236684872007196
sl_eat_all_ssl_all,9,27,0.44981477852112167
sl_eat_all_ssl_all,9,28,0.2554250760042253
sl_eat_all_ssl_all,9,29,0.026159967297469007
sl_eat_all_ssl_all,9,30,0.2991407708545354
sl_eat_all_ssl_all,9,31,0.10714078014557152
sl_eat_all_ssl_all,9,32,0.2546604331391966
sl_eat_all_ssl_all,9,33,0.23221263970797318
sl_eat_all_ssl_all,9,34,0.038393642880373786
sl_eat_all_ssl_all,9,35,0.47993715382936797
sl_eat_all_ssl_all,9,36,0.22172370663545532
sl_eat_all_ssl_all,9,37,0.005018922385554309
sl_eat_all_ssl_all,9,38,0.20769092949602128
sl_eat_all_ssl_all,9,39,0.05942660943188617
sl_eat_all_ssl_all,9,40,0.4404965934121269
sl_eat_all_ssl_all,9,41,0.0855007973991667
sl_eat_all_ssl_all,9,42,0.10131593202784064
sl_eat_all_ssl_all,9,43,0.26043440099565474
sl_eat_all_ssl_all,9,44,0.1679188737502122
sl_eat_all_ssl_all,9,45,0.1326503724320659
sl_eat_all_ssl_all,9,46,0.22595269614457544
sl_eat_all_ssl_all,9,47,0.03663451023073869
sl_eat_all_ssl_all,9,48,0.18111267955955096
sl_eat_all_ssl_all,9,49,0.08411923544300472
sl_eat_all_ssl_all,9,50,0.04747059664390612
sl_eat_all_ssl_all,9,51,0.02647303162126535
sl_eat_all_ssl_all,9,52,0.10391011076495682
sl_eat_all_ssl_all,9,53,0.09984490667257495
sl_eat_all_ssl_all,9,54,0.07383099053109253
sl_eat_all_ssl_all,9,55,0.20624841657024803
sl_eat_all_ssl_all,9,56,0.24300483804883183
sl_eat_all_ssl_all,9,57,0.1748920724988336
sl_eat_all_ssl_all,9,58,0.1744660589350364
sl_eat_all_ssl_all,9,59,0.022643892057158794
sl_eat_all_ssl_all,9,60,0.04914520829639289
sl_eat_all_ssl_all,9,61,0.28804403031876175
sl_eat_all_ssl_all,9,62,0.1633199791528711
sl_eat_all_ssl_all,9,63,0.17763655284708327
sl_eat_all_ssl_all,9,64,0.0663298284279491
sl_eat_all_ssl_all,9,65,0.05936453601059706
sl_eat_all_ssl_all,9,66,0.15041885106044428
sl_eat_all_ssl_all,9,67,0.12404334842412257
sl_eat_all_ssl_all,9,68,0.17259605910513076
sl_eat_all_ssl_all,9,69,0.04293936414177129
sl_eat_all_ssl_all,9,70,0.14350256032313907
sl_eat_all_ssl_all,9,71,0.06270888237206887
sl_eat_all_ssl_all,9,72,0.1842527885867439
sl_eat_all_ssl_all,9,73,0.0029714735646094587
sl_eat_all_ssl_all,9,74,0.07803430888054846
sl_eat_all_ssl_all,9,75,0.007587009553739864
sl_eat_all_ssl_all,9,76,0.24626331209230537
sl_eat_all_ssl_all,9,77,0.07569382940758547
sl_eat_all_ssl_all,9,78,0.31652823352326975
sl_eat_all_ssl_all,9,79,0.22343899000401019
sl_eat_all_ssl_all,9,80,0.022949454988458746
sl_eat_all_ssl_all,9,81,0.10357211228885216
sl_eat_all_ssl_all,9,82,0.020805965587663466
sl_eat_all_ssl_all,9,83,0.050699698999385215
sl_eat_all_ssl_all,9,84,0.2786780348890384
sl_eat_all_ssl_all,9,85,0.0717633680708721
sl_eat_all_ssl_all,9,86,0.07494824638279664
sl_eat_all_ssl_all,9,87,0.18976584464752524
sl_eat_all_ssl_all,9,88,0.021642070124232162
sl_eat_all_ssl_all,9,89,0.17809969784643406
sl_eat_all_ssl_all,9,90,0.3453868080973892
sl_eat_all_ssl_all,9,91,0.155194701682136
sl_eat_all_ssl_all,9,92,0.3828476204728372
sl_eat_all_ssl_all,9,93,0.37850975817218413
sl_eat_all_ssl_all,9,94,0.07850219423989181
sl_eat_all_ssl_all,9,95,0.010801683344017871
sl_eat_all_ssl_all,9,96,0.021944284800007048
sl_eat_all_ssl_all,9,97,0.12917445977896055
sl_eat_all_ssl_all,9,98,0.43041496526298223
sl_eat_all_ssl_all,9,99,0.37071451782625287
sl_eat_all_ssl_all,9,100,0.0541559617397321
sl_eat_all_ssl_all,9,101,0.004755006989527597
sl_eat_all_ssl_all,9,102,0.17851438882254375
sl_eat_all_ssl_all,9,103,0.1368218737225498
sl_eat_all_ssl_all,9,104,0.1616590441464589
sl_eat_all_ssl_all,9,105,0.04842815691522799
sl_eat_all_ssl_all,9,106,0.12212945285576089
sl_eat_all_ssl_all,9,107,0.11839656274256555
sl_eat_all_ssl_all,9,108,0.17496789614160596
sl_eat_all_ssl_all,9,109,0.4252648475050676
sl_eat_all_ssl_all,9,110,0.13727675959288924
sl_eat_all_ssl_all,9,111,0.07003181504038615
sl_eat_all_ssl_all,9,112,0.3832351036870588
sl_eat_all_ssl_all,9,113,0.04267302752217085
sl_eat_all_ssl_all,9,114,0.16440381649775843
sl_eat_all_ssl_all,9,115,0.13435053556821755
sl_eat_all_ssl_all,9,116,0.2998261006679855
sl_eat_all_ssl_all,9,117,0.12947948915509408
sl_eat_all_ssl_all,9,118,0.07146617190506482
sl_eat_all_ssl_all,9,119,0.05347005220180617
sl_eat_all_ssl_all,9,120,0.1479496527344455
sl_eat_all_ssl_all,9,121,0.061672961184323
sl_eat_all_ssl_all,9,122,0.040857844018986775
sl_eat_all_ssl_all,9,123,0.27954027362996714
sl_eat_all_ssl_all,9,124,0.34379822183179176
sl_eat_all_ssl_all,9,125,0.3273340644566163
sl_eat_all_ssl_all,9,126,0.11894451254039506
sl_eat_all_ssl_all,9,127,0.12008511918870263
sl_eat_all_ssl_all,9,128,0.011226839960617314
sl_eat_all_ssl_all,9,129,0.1607530521913208
sl_eat_all_ssl_all,9,130,0.058663703438017516
sl_eat_all_ssl_all,9,131,0.19573046474666847
sl_eat_all_ssl_all,9,132,0.2227679893780538
sl_eat_all_ssl_all,9,133,0.0338718887477522
sl_eat_all_ssl_all,9,134,0.03356135584652438
sl_eat_all_ssl_all,9,135,0.07460417189279031
sl_eat_all_ssl_all,9,136,0.005376272766896941
sl_eat_all_ssl_all,9,137,0.25655468093590383
sl_eat_all_ssl_all,9,138,0.05012134744740702
sl_eat_all_ssl_all,9,139,0.04809388510575699
sl_eat_all_ssl_all,9,140,0.10542890282362935
sl_eat_all_ssl_all,9,141,0.18788598842037194
sl_eat_all_ssl_all,9,142,0.15452413652175356
sl_eat_all_ssl_all,9,143,0.03376855963421059
sl_eat_all_ssl_all,9,144,0.22191927760731167
sl_eat_all_ssl_all,9,145,0.09259290468121924
sl_eat_all_ssl_all,9,146,0.3573705325939096
sl_eat_all_ssl_all,9,147,0.01869527873415311
sl_eat_all_ssl_all,9,148,0.027812841930830546
sl_eat_all_ssl_all,9,149,0.12066652727463799
sl_eat_all_ssl_all,9,150,0.12533792082392745
sl_eat_all_ssl_all,9,151,0.0033612564112890644
sl_eat_all_ssl_all,9,152,0.40613385283974335
sl_eat_all_ssl_all,9,153,0.01818620635595158
sl_eat_all_ssl_all,9,154,0.11221834321723206
sl_eat_all_ssl_all,9,155,0.0646187419274639
sl_eat_all_ssl_all,9,156,0.09575357470914987
sl_eat_all_ssl_all,9,157,0.18924666122790004
sl_eat_all_ssl_all,9,158,0.02927174015098491
sl_eat_all_ssl_all,9,159,0.1498143238325162
sl_eat_all_ssl_all,9,160,0.19532478298263353
sl_eat_all_ssl_all,9,161,0.2472384806675969
sl_eat_all_ssl_all,9,162,0.06802349874161265
sl_eat_all_ssl_all,9,163,0.13679053091768456
sl_eat_all_ssl_all,9,164,0.15920651397727478
sl_eat_all_ssl_all,9,165,0.03322315255510967
sl_eat_all_ssl_all,9,166,0.0386203550392326
sl_eat_all_ssl_all,9,167,0.004944740870821124
sl_eat_all_ssl_all,9,168,0.17103820223647287
sl_eat_all_ssl_all,9,169,0.051294090698609074
sl_eat_all_ssl_all,9,170,0.28125476763039564
sl_eat_all_ssl_all,9,171,0.07472418858823397
sl_eat_all_ssl_all,9,172,0.11126853310185757
sl_eat_all_ssl_all,9,173,0.3410637433874578
sl_eat_all_ssl_all,9,174,0.05238494077511903
sl_eat_all_ssl_all,9,175,0.07685058454776679
sl_eat_all_ssl_all,9,176,0.19211145175803712
sl_eat_all_ssl_all,9,177,0.2533334834422322
sl_eat_all_ssl_all,9,178,0.20869263948883052
sl_eat_all_ssl_all,9,179,0.3249427824521574
sl_eat_all_ssl_all,9,180,0.11636537392995369
sl_eat_all_ssl_all,9,181,0.24681886022145655
sl_eat_all_ssl_all,9,182,0.35779287332436255
sl_eat_all_ssl_all,9,183,0.01072579913614106
sl_eat_all_ssl_all,9,184,0.2913068472499546
sl_eat_all_ssl_all,9,185,0.10567034274613327
sl_eat_all_ssl_all,9,186,0.012897431332655385
sl_eat_all_ssl_all,9,187,0.06311519483178644
sl_eat_all_ssl_all,9,188,0.05364572697603383
sl_eat_all_ssl_all,9,189,0.054657125272612024
sl_eat_all_ssl_all,9,190,0.22142806812823798
sl_eat_all_ssl_all,9,191,0.31985799348035265
sl_eat_all_ssl_all,9,192,0.536206572230197
sl_eat_all_ssl_all,9,193,0.15525011100645905
sl_eat_all_ssl_all,9,194,0.2920428097862113
sl_eat_all_ssl_all,9,195,0.05863364527115668
sl_eat_all_ssl_all,9,196,0.008704940712838201
sl_eat_all_ssl_all,9,197,0.05913683973311032
sl_eat_all_ssl_all,9,198,0.08115111260511472
sl_eat_all_ssl_all,9,199,0.0431714567463802
sl_eat_all_ssl_all,12,0,0.09116255258375594
sl_eat_all_ssl_all,12,1,0.28805620443359753
sl_eat_all_ssl_all,12,2,0.6034262427201321
sl_eat_all_ssl_all,12,3,0.45687474031875663
sl_eat_all_ssl_all,12,4,0.33185074008947063
sl_eat_all_ssl_all,12,5,0.07649144272235463
sl_eat_all_ssl_all,12,6,0.2625070566100683
sl_eat_all_ssl_all,12,7,0.043115297153636135
sl_eat_all_ssl_all,12,8,0.43063854440437327
sl_eat_all_ssl_all,12,9,0.5361547643300452
sl_eat_all_ssl_all,12,10,0.676314754807878
sl_eat_all_ssl_all,12,11,0.6557637913080424
sl_eat_all_ssl_all,12,12,0.028623935780301844
sl_eat_all_ssl_all,12,13,0.27561081582553876
sl_eat_all_ssl_all,12,14,0.3234124990277864
sl_eat_all_ssl_all,12,15,0.4796142462608109
sl_eat_all_ssl_all,12,16,0.6574145822104159
sl_eat_all_ssl_all,12,17,0.008370261372842112
sl_eat_all_ssl_all,12,18,0.4938655984038783
sl_eat_all_ssl_all,12,19,0.49183242851969466
sl_eat_all_ssl_all,12,20,0.5613781600360518
sl_eat_all_ssl_all,12,21,0.653273911327817
sl_eat_all_ssl_all,12,22,0.4558721581488297
sl_eat_all_ssl_all,12,23,0.2622663760195749
sl_eat_all_ssl_all,12,24,0.3705558057584553
sl_eat_all_ssl_all,12,25,0.19726205360135773
sl_eat_all_ssl_all,12,26,0.3624592069888861
sl_eat_all_ssl_all,12,27,0.06363567135320328
sl_eat_all_ssl_all,12,28,0.49207840006645465
sl_eat_all_ssl_all,12,29,0.10872797104224807
sl_eat_all_ssl_all,12,30,0.31201568476475466
sl_eat_all_ssl_all,12,31,0.07249476201328028
sl_eat_all_ssl_all,12,32,0.15150858162148192
sl_eat_all_ssl_all,12,33,0.03401910631783482
sl_eat_all_ssl_all,12,34,0.5018652009872062
sl_eat_all_ssl_all,12,35,0.20972797993357728
sl_eat_all_ssl_all,12,36,0.5191719082166966
sl_eat_all_ssl_all,12,37,0.2074221256649505
sl_eat_all_ssl_all,12,38,0.34063557312883375
sl_eat_all_ssl_all,12,39,0.44458148667183284
sl_eat_all_ssl_all,12,40,0.42882516327575065
sl_eat_all_ssl_all,12,41,0.0932377900613717
sl_eat_all_ssl_all,12,42,0.04430431545985383
sl_eat_all_ssl_all,12,43,0.6789851519799865
sl_eat_all_ssl_all,12,44,0.6281267849271504
sl_eat_all_ssl_all,12,45,0.11661893956040836
sl_eat_all_ssl_all,12,46,0.10976429444000255
sl_eat_all_ssl_all,12,47,0.14956848799118444
sl_eat_all_ssl_all,12,48,0.20080836048200054
sl_eat_all_ssl_all,12,49,0.14374868228077445
sl_eat_all_ssl_all,12,50,0.11585412869276453
sl_eat_all_ssl_all,12,51,0.5655264905309164
sl_eat_all_ssl_all,12,52,0.05776452576804547
sl_eat_all_ssl_all,12,53,0.5272049587205213
sl_eat_all_ssl_all,12,54,0.35995165882297986
sl_eat_all_ssl_all,12,55,0.16769718418161997
sl_eat_all_ssl_all,12,56,0.12752847988963015
sl_eat_all_ssl_all,12,57,0.06333966822036588
sl_eat_all_ssl_all,12,58,0.2858393149048811
sl_eat_all_ssl_all,12,59,0.36156976110263084
sl_eat_all_ssl_all,12,60,0.32162116381881334
sl_eat_all_ssl_all,12,61,0.45175437441962346
sl_eat_all_ssl_all,12,62,0.5293005733860214
sl_eat_all_ssl_all,12,63,0.35206922438462973
sl_eat_all_ssl_all,12,64,0.1754033837740665
sl_eat_all_ssl_all,12,65,0.05179162599058553
sl_eat_all_ssl_all,12,66,0.02246376343586965
sl_eat_all_ssl_all,12,67,0.4584909270483834
sl_eat_all_ssl_all,12,68,0.3537727017626836
sl_eat_all_ssl_all,12,69,0.6218229474889454
sl_eat_all_ssl_all,12,70,0.319653123967116
sl_eat_all_ssl_all,12,71,0.3927547126803522
sl_eat_all_ssl_all,12,72,0.15234884107068855
sl_eat_all_ssl_all,12,73,0.3686996663205387
sl_eat_all_ssl_all,12,74,0.2619353090051671
sl_eat_all_ssl_all,12,75,0.12027052552963602
sl_eat_all_ssl_all,12,76,0.42563510024797563
sl_eat_all_ssl_all,12,77,0.24763551278743534
sl_eat_all_ssl_all,12,78,0.193210445691008
sl_eat_all_ssl_all,12,79,0.09515264616714735
sl_eat_all_ssl_all,12,80,0.15752055518672545
sl_eat_all_ssl_all,12,81,0.11773666771836233
sl_eat_all_ssl_all,12,82,0.4955727892483621
sl_eat_all_ssl_all,12,83,0.14892496239742614
sl_eat_all_ssl_all,12,84,0.47976336583896395
sl_eat_all_ssl_all,12,85,0.08238681194093547
sl_eat_all_ssl_all,12,86,0.5262648429524948
sl_eat_all_ssl_all,12,87,0.6070179276445368
sl_eat_all_ssl_all,12,88,0.20893714313563166
sl_eat_all_ssl_all,12,89,0.06997182798108878
sl_eat_all_ssl_all,12,90,0.09959214390501653
sl_eat_all_ssl_all,12,91,0.32348458592838375
sl_eat_all_ssl_all,12,92,0.5708994043497485
sl_eat_all_ssl_all,12,93,0.4346672797881541
sl_eat_all_ssl_all,12,94,0.48113078252991126
sl_eat_all_ssl_all,12,95,0.1426935612805633
sl_eat_all_ssl_all,12,96,0.3694391051954328
sl_eat_all_ssl_all,12,97,0.13424328418882847
sl_eat_all_ssl_all,12,98,0.22602566438315955
sl_eat_all_ssl_all,12,99,0.0395490016775779
sl_eat_all_ssl_all,12,100,0.05309567709250816
sl_eat_all_ssl_all,12,101,0.3509443230715769
sl_eat_all_ssl_all,12,102,0.08801290102429823
sl_eat_all_ssl_all,12,103,0.17198526459569324
sl_eat_all_ssl_all,12,104,0.011057320700492757
sl_eat_all_ssl_all,12,105,0.3395301171750395
sl_eat_all_ssl_all,12,106,0.06992147354995594
sl_eat_all_ssl_all,12,107,0.22203436111638578
sl_eat_all_ssl_all,12,108,0.0058695118815044614
sl_eat_all_ssl_all,12,109,0.1240352517595108
sl_eat_all_ssl_all,12,110,0.6607962144940063
sl_eat_all_ssl_all,12,111,0.36109673277167914
sl_eat_all_ssl_all,12,112,0.003585761321253836
sl_eat_all_ssl_all,12,113,0.6665580290603097
sl_eat_all_ssl_all,12,114,0.3667862508018444
sl_eat_all_ssl_all,12,115,0.2830961927034405
sl_eat_all_ssl_all,12,116,0.1720180852935253
sl_eat_all_ssl_all,12,117,0.2338823986560474
sl_eat_all_ssl_all,12,118,0.35396496723278953
sl_eat_all_ssl_all,12,119,0.1678660472000528
sl_eat_all_ssl_all,12,120,0.3859526274485426
sl_eat_all_ssl_all,12,121,0.7605140584131401
sl_eat_all_ssl_all,12,122,0.07951433592643763
sl_eat_all_ssl_all,12,123,0.003424464727254264
sl_eat_all_ssl_all,12,124,0.19368577413414098
sl_eat_all_ssl_all,12,125,0.16285803972866794
sl_eat_all_ssl_all,12,126,0.43721962603048237
sl_eat_all_ssl_all,12,127,0.018888187589435668
sl_eat_all_ssl_all,12,128,0.3178422323220502
sl_eat_all_ssl_all,12,129,0.5464549695966961
sl_eat_all_ssl_all,12,130,0.1928144394640335
sl_eat_all_ssl_all,12,131,0.07425141153895161
sl_eat_all_ssl_all,12,132,0.4965075031347586
sl_eat_all_ssl_all,12,133,0.1287676978132724
sl_eat_all_ssl_all,12,134,0.76963427190251
sl_eat_all_ssl_all,12,135,0.6254760521439388
sl_eat_all_ssl_all,12,136,0.2910488755432699
sl_eat_all_ssl_all,12,137,0.057979559620580774
sl_eat_all_ssl_all,12,138,0.16033683986998887
sl_eat_all_ssl_all,12,139,0.24723530595486068
sl_eat_all_ssl_all,12,140,0.13630306579470883
sl_eat_all_ssl_all,12,141,0.13598020559749227
sl_eat_all_ssl_all,12,142,0.05590253906315012
sl_eat_all_ssl_all,12,143,0.22374080203695296
sl_eat_all_ssl_all,12,144,0.3326369004042786
sl_eat_all_ssl_all,12,145,0.21152629027796077
sl_eat_all_ssl_all,12,146,0.4434870335975579
sl_eat_all_ssl_all,12,147,0.004899162834108826
sl_eat_all_ssl_all,12,148,0.02299916637852331
sl_eat_all_ssl_all,12,149,0.3923759172147144
sl_eat_all_ssl_all,12,150,0.2421688110846375
sl_eat_all_ssl_all,12,151,0.47577667966852505
sl_eat_all_ssl_all,12,152,0.008600427028833726
sl_eat_all_ssl_all,12,153,0.059558743770780465
sl_eat_all_ssl_all,12,154,0.22552003922535255
sl_eat_all_ssl_all,12,155,0.5304868210112307
sl_eat_all_ssl_all,12,156,0.18708732547160886
sl_eat_all_ssl_all,12,157,0.21460546862499644
sl_eat_all_ssl_all,12,158,0.30516315242940095
sl_eat_all_ssl_all,12,159,0.10670738627259728
sl_eat_all_ssl_all,12,160,0.3842238995243171
sl_eat_all_ssl_all,12,161,0.5849495835303999
sl_eat_all_ssl_all,12,162,0.19523539039401291
sl_eat_all_ssl_all,12,163,0.6542336693233484
sl_eat_all_ssl_all,12,164,0.5235886546544013
sl_eat_all_ssl_all,12,165,0.1357073736549684
sl_eat_all_ssl_all,12,166,0.3388437600542951
sl_eat_all_ssl_all,12,167,0.11981573569373513
sl_eat_all_ssl_all,12,168,0.11375802460426611
sl_eat_all_ssl_all,12,169,0.1351553114227032
sl_eat_all_ssl_all,12,170,0.6611056030982891
sl_eat_all_ssl_all,12,171,0.25655390791345406
sl_eat_all_ssl_all,12,172,0.4207086728746449
sl_eat_all_ssl_all,12,173,0.31515860267495227
sl_eat_all_ssl_all,12,174,0.10728167862820837
sl_eat_all_ssl_all,12,175,0.4562658464869503
sl_eat_all_ssl_all,12,176,0.16727561085160508
sl_eat_all_ssl_all,12,177,0.45623464034254374
sl_eat_all_ssl_all,12,178,0.4010568010498212
sl_eat_all_ssl_all,12,179,0.12733932990432995
sl_eat_all_ssl_all,12,180,0.4942210277845384
sl_eat_all_ssl_all,12,181,0.04432954401148189
sl_eat_all_ssl_all,12,182,0.5678336069566072
sl_eat_all_ssl_all,12,183,0.7303145595671874
sl_eat_all_ssl_all,12,184,0.18812506248150632
sl_eat_all_ssl_all,12,185,0.5068909524943068
sl_eat_all_ssl_all,12,186,0.2990836537464016
sl_eat_all_ssl_all,12,187,0.1974633483718493
sl_eat_all_ssl_all,12,188,0.37661213692357154
sl_eat_all_ssl_all,12,189,0.18933714062419632
sl_eat_all_ssl_all,12,190,0.40847873549586233
sl_eat_all_ssl_all,12,191,0.04125131765047303
sl_eat_all_ssl_all,12,192,0.3140535158114088
sl_eat_all_ssl_all,12,193,0.09850078215455829
sl_eat_all_ssl_all,12,194,0.048980242794126466
sl_eat_all_ssl_all,12,195,0.2556160431536464
sl_eat_all_ssl_all,12,196,0.05941315662644919
sl_eat_all_ssl_all,12,197,0.4894825386613325
sl_eat_all_ssl_all,12,198,0.3855006392430462
sl_eat_all_ssl_all,12,199,0.27913261822506275
sl_eat_bio_ssl_all,7,0,0.09275094414583925
sl_eat_bio_ssl_all,7,1,0.022494769260339168
sl_eat_bio_ssl_all,7,2,0.058609887276659306
sl_eat_bio_ssl_all,7,3,0.011864567711915843
sl_eat_bio_ssl_all,7,4,0.012439378669136738
sl_eat_bio_ssl_all,7,5,0.13320188021381293
sl_eat_bio_ssl_all,7,6,0.12500162274085816
sl_eat_bio_ssl_all,7,7,0.10057018283176199
sl_eat_bio_ssl_all,7,8,0.05871643513260147
sl_eat_bio_ssl_all,7,9,0.17640629404930336
sl_eat_bio_ssl_all,7,10,0.06929783263234891
sl_eat_bio_ssl_all,7,11,0.026274367017578338
sl_eat_bio_ssl_all,7,12,0.10102398410486375
sl_eat_bio_ssl_all,7,13,0.04441480561981569
sl_eat_bio_ssl_all,7,14,0.11526096103105575
sl_eat_bio_ssl_all,7,15,0.13021631849385865
sl_eat_bio_ssl_all,7,16,0.23752585841550078
sl_eat_bio_ssl_all,7,17,0.041996692874054414
sl_eat_bio_ssl_all,7,18,0.03377692292650339
sl_eat_bio_ssl_all,7,19,0.13678465201739665
sl_eat_bio_ssl_all,7,20,0.1417769999393729
sl_eat_bio_ssl_all,7,21,0.0651962514374282
sl_eat_bio_ssl_all,7,22,0.07619651459116941
sl_eat_bio_ssl_all,7,23,0.03609801245851917
sl_eat_bio_ssl_all,7,24,0.12446977071055791
sl_eat_bio_ssl_all,7,25,0.019208778769237527
sl_eat_bio_ssl_all,7,26,0.11141807740860644
sl_eat_bio_ssl_all,7,27,0.20725851328828945
sl_eat_bio_ssl_all,7,28,0.05210359797543889
sl_eat_bio_ssl_all,7,29,0.25205875122388977
sl_eat_bio_ssl_all,7,30,0.033847134870556864
sl_eat_bio_ssl_all,7,31,0.2110400671326881
sl_eat_bio_ssl_all,7,32,0.04591238580604923
sl_eat_bio_ssl_all,7,33,0.098252165184454
sl_eat_bio_ssl_all,7,34,0.05332373279366908
sl_eat_bio_ssl_all,7,35,0.14367621409153028
sl_eat_bio_ssl_all,7,36,0.09571274730227028
sl_eat_bio_ssl_all,7,37,0.07683800904320592
sl_eat_bio_ssl_all,7,38,0.19675451441879016
sl_eat_bio_ssl_all,7,39,0.0811322146071112
sl_eat_bio_ssl_all,7,40,0.09282904391989494
sl_eat_bio_ssl_all,7,41,0.18452304897347285
sl_eat_bio_ssl_all,7,42,0.055259031943654814
sl_eat_bio_ssl_all,7,43,0.07667728182658523
sl_eat_bio_ssl_all,7,44,0.3134693548813296
sl_eat_bio_ssl_all,7,45,0.12489335532200327
sl_eat_bio_ssl_all,7,46,0.2465234904761412
sl_eat_bio_ssl_all,7,47,0.08892570032512034
sl_eat_bio_ssl_all,7,48,0.13441090301827247
sl_eat_bio_ssl_all,7,49,0.15051556677900804
sl_eat_bio_ssl_all,7,50,0.005283743662699202
sl_eat_bio_ssl_all,7,51,0.13783149264451097
sl_eat_bio_ssl_all,7,52,0.11682886796820946
sl_eat_bio_ssl_all,7,53,0.15085129261304428
sl_eat_bio_ssl_all,7,54,0.07158624570022415
sl_eat_bio_ssl_all,7,55,0.04934946892931775
sl_eat_bio_ssl_all,7,56,0.0001146029652910603
sl_eat_bio_ssl_all,7,57,0.0030194533732936855
sl_eat_bio_ssl_all,7,58,0.13864227766934478
sl_eat_bio_ssl_all,7,59,0.013547531853023624
sl_eat_bio_ssl_all,7,60,0.3140091465586416
sl_eat_bio_ssl_all,7,61,0.06771108780807855
sl_eat_bio_ssl_all,7,62,0.3017235016313749
sl_eat_bio_ssl_all,7,63,0.0810311468483653
sl_eat_bio_ssl_all,7,64,0.07366459431268668
sl_eat_bio_ssl_all,7,65,0.036725940919390285
sl_eat_bio_ssl_all,7,66,0.007240440748267123
sl_eat_bio_ssl_all,7,67,0.11170846404625763
sl_eat_bio_ssl_all,7,68,0.05401377285062147
sl_eat_bio_ssl_all,7,69,0.04866733300369424
sl_eat_bio_ssl_all,7,70,0.04224178204932956
sl_eat_bio_ssl_all,7,71,0.00746379570101271
sl_eat_bio_ssl_all,7,72,0.078542107794725
sl_eat_bio_ssl_all,7,73,0.04357539204099791
sl_eat_bio_ssl_all,7,74,0.05814589249741057
sl_eat_bio_ssl_all,7,75,0.3352098281815727
sl_eat_bio_ssl_all,7,76,0.35782712123907756
sl_eat_bio_ssl_all,7,77,0.13295225506713848
sl_eat_bio_ssl_all,7,78,0.10113831757699915
sl_eat_bio_ssl_all,7,79,0.13399200667939204
sl_eat_bio_ssl_all,7,80,0.08175121655574824
sl_eat_bio_ssl_all,7,81,0.09593915397944414
sl_eat_bio_ssl_all,7,82,0.012376094150637477
sl_eat_bio_ssl_all,7,83,0.06786492586992476
sl_eat_bio_ssl_all,7,84,0.020128902943766284
sl_eat_bio_ssl_all,7,85,0.1692458989188053
sl_eat_bio_ssl_all,7,86,0.08259230274244786
sl_eat_bio_ssl_all,7,87,0.05169382774584951
sl_eat_bio_ssl_all,7,88,0.0805563004177746
sl_eat_bio_ssl_all,7,89,0.10434660656337931
sl_eat_bio_ssl_all,7,90,0.10513208177232236
sl_eat_bio_ssl_all,7,91,0.01038860314760972
sl_eat_bio_ssl_all,7,92,0.14909896703895584
sl_eat_bio_ssl_all,7,93,0.11101585016761294
sl_eat_bio_ssl_all,7,94,0.03884875138554327
sl_eat_bio_ssl_all,7,95,0.003910350162311147
sl_eat_bio_ssl_all,7,96,0.12659456899530244
sl_eat_bio_ssl_all,7,97,0.02177761065441625
sl_eat_bio_ssl_all,7,98,0.09901213220778433
sl_eat_bio_ssl_all,7,99,0.051534985256614596
sl_eat_bio_ssl_all,7,100,0.07690519515523182
sl_eat_bio_ssl_all,7,101,0.039073847100659476
sl_eat_bio_ssl_all,7,102,0.020693921580528317
sl_eat_bio_ssl_all,7,103,0.019773602838090824
sl_eat_bio_ssl_all,7,104,0.00755282520359163
sl_eat_bio_ssl_all,7,105,0.01947868800014555
sl_eat_bio_ssl_all,7,106,0.17187025101176415
sl_eat_bio_ssl_all,7,107,0.04602308315221222
sl_eat_bio_ssl_all,7,108,0.06347200942176376
sl_eat_bio_ssl_all,7,109,0.09761926464216185
sl_eat_bio_ssl_all,7,110,0.0030706345160038838
sl_eat_bio_ssl_all,7,111,0.084606627996354
sl_eat_bio_ssl_all,7,112,0.028067490310003322
sl_eat_bio_ssl_all,7,113,0.10566276547511634
sl_eat_bio_ssl_all,7,114,0.10249409240537402
sl_eat_bio_ssl_all,7,115,0.03726603486857934
sl_eat_bio_ssl_all,7,116,0.001510560947630913
sl_eat_bio_ssl_all,7,117,0.08750667669460388
sl_eat_bio_ssl_all,7,118,0.06323241717912337
sl_eat_bio_ssl_all,7,119,0.09055303317060424
sl_eat_bio_ssl_all,7,120,0.20358564744988542
sl_eat_bio_ssl_all,7,121,0.06392226847320688
sl_eat_bio_ssl_all,7,122,0.07087774364977743
sl_eat_bio_ssl_all,7,123,0.04664948401184032
sl_eat_bio_ssl_all,7,124,0.12887678898328392
sl_eat_bio_ssl_all,7,125,0.09408280979064866
sl_eat_bio_ssl_all,7,126,0.267173256648701
sl_eat_bio_ssl_all,7,127,0.05232010606188038
sl_eat_bio_ssl_all,7,128,0.009039851080846708
sl_eat_bio_ssl_all,7,129,0.06227719726636884
sl_eat_bio_ssl_all,7,130,0.09005582389805496
sl_eat_bio_ssl_all,7,131,0.1031338416675874
sl_eat_bio_ssl_all,7,132,0.013343765159927145
sl_eat_bio_ssl_all,7,133,0.037134144286197254
sl_eat_bio_ssl_all,7,134,0.009781958455103648
sl_eat_bio_ssl_all,7,135,0.10180284458429324
sl_eat_bio_ssl_all,7,136,0.005014985225409636
sl_eat_bio_ssl_all,7,137,0.13687399479409654
sl_eat_bio_ssl_all,7,138,0.1683901074466889
sl_eat_bio_ssl_all,7,139,0.052460727001359723
sl_eat_bio_ssl_all,7,140,0.21476601655344427
sl_eat_bio_ssl_all,7,141,0.11736515076439796
sl_eat_bio_ssl_all,7,142,0.07878498346833072
sl_eat_bio_ssl_all,7,143,0.0012469528659033965
sl_eat_bio_ssl_all,7,144,0.1107225120501935
sl_eat_bio_ssl_all,7,145,0.014046349076606774
sl_eat_bio_ssl_all,7,146,0.050928775255781204
sl_eat_bio_ssl_all,7,147,0.09365707448323385
sl_eat_bio_ssl_all,7,148,0.06562134185972796
sl_eat_bio_ssl_all,7,149,0.03336946747286872
sl_eat_bio_ssl_all,7,150,0.15494630887969416
sl_eat_bio_ssl_all,7,151,0.22803155517290657
sl_eat_bio_ssl_all,7,152,0.15704024323576776
sl_eat_bio_ssl_all,7,153,0.115279471529583
sl_eat_bio_ssl_all,7,154,0.14840991067695566
sl_eat_bio_ssl_all,7,155,0.11257776492715882
sl_eat_bio_ssl_all,7,156,0.05042793935684943
sl_eat_bio_ssl_all,7,157,0.1194213303454511
sl_eat_bio_ssl_all,7,158,0.06309752317181168
sl_eat_bio_ssl_all,7,159,0.15181556831609588
sl_eat_bio_ssl_all,7,160,0.11451876141441092
sl_eat_bio_ssl_all,7,161,0.059536711322640656
sl_eat_bio_ssl_all,7,162,0.10995261859127017
sl_eat_bio_ssl_all,7,163,0.04492437141777287
sl_eat_bio_ssl_all,7,164,0.001950835545405178
sl_eat_bio_ssl_all,7,165,0.014829728314006372
sl_eat_bio_ssl_all,7,166,0.040333227957084855
sl_eat_bio_ssl_all,7,167,0.1357012284658169
sl_eat_bio_ssl_all,7,168,0.025684843929950973
sl_eat_bio_ssl_all,7,169,0.061648159692406314
sl_eat_bio_ssl_all,7,170,0.04376189856231096
sl_eat_bio_ssl_all,7,171,0.09869077913380785
sl_eat_bio_ssl_all,7,172,0.059244524227659016
sl_eat_bio_ssl_all,7,173,0.026410831405806513
sl_eat_bio_ssl_all,7,174,0.01235533319900387
sl_eat_bio_ssl_all,7,175,0.01229998680871407
sl_eat_bio_ssl_all,7,176,0.04696063517695789
sl_eat_bio_ssl_all,7,177,0.03142949963510795
sl_eat_bio_ssl_all,7,178,0.065090913806109
sl_eat_bio_ssl_all,7,179,0.11692570193049504
sl_eat_bio_ssl_all,7,180,0.010657162266093782
sl_eat_bio_ssl_all,7,181,0.04665545774483921
sl_eat_bio_ssl_all,7,182,0.04106369402554201
sl_eat_bio_ssl_all,7,183,0.03418288133940543
sl_eat_bio_ssl_all,7,184,0.12403923608985969
sl_eat_bio_ssl_all,7,185,0.03868995982637529
sl_eat_bio_ssl_all,7,186,0.005543739772412823
sl_eat_bio_ssl_all,7,187,0.1301380397627284
sl_eat_bio_ssl_all,7,188,0.13839574260591517
sl_eat_bio_ssl_all,7,189,0.05586897090612971
sl_eat_bio_ssl_all,7,190,0.0035950918505181675
sl_eat_bio_ssl_all,7,191,0.16422877239649566
sl_eat_bio_ssl_all,7,192,0.19727780895569885
sl_eat_bio_ssl_all,7,193,0.0291681663167414
sl_eat_bio_ssl_all,7,194,0.10210248784015351
sl_eat_bio_ssl_all,7,195,0.1325191376240789
sl_eat_bio_ssl_all,7,196,0.08609394690638766
sl_eat_bio_ssl_all,7,197,0.09893923282891944
sl_eat_bio_ssl_all,7,198,0.09898836037093107
sl_eat_bio_ssl_all,7,199,0.056338400781077984
sl_eat_bio_ssl_all,9,0,0.03913379510533924
sl_eat_bio_ssl_all,9,1,0.17899020312205377
sl_eat_bio_ssl_all,9,2,0.2540034161025914
sl_eat_bio_ssl_all,9,3,0.10550047062520893
sl_eat_bio_ssl_all,9,4,0.17506142365978725
sl_eat_bio_ssl_all,9,5,0.060023156396120124
sl_eat_bio_ssl_all,9,6,0.12337170036960718
sl_eat_bio_ssl_all,9,7,0.11940242563030282
sl_eat_bio_ssl_all,9,8,0.017757431044606968
sl_eat_bio_ssl_all,9,9,0.03373968743630272
sl_eat_bio_ssl_all,9,10,0.09720068366921167
sl_eat_bio_ssl_all,9,11,0.03186557089706954
sl_eat_bio_ssl_all,9,12,0.10846974267103464
sl_eat_bio_ssl_all,9,13,0.03892346656652057
sl_eat_bio_ssl_all,9,14,0.21056591941191946
sl_eat_bio_ssl_all,9,15,0.1065930650418907
sl_eat_bio_ssl_all,9,16,0.060589502964981196
sl_eat_bio_ssl_all,9,17,0.03106182951321016
sl_eat_bio_ssl_all,9,18,0.03475318997519554
sl_eat_bio_ssl_all,9,19,0.01190864351807755
sl_eat_bio_ssl_all,9,20,0.11113854769464643
sl_eat_bio_ssl_all,9,21,0.18458275385317544
sl_eat_bio_ssl_all,9,22,0.20805525177351097
sl_eat_bio_ssl_all,9,23,0.10754914704836632
sl_eat_bio_ssl_all,9,24,0.006000772231059262
sl_eat_bio_ssl_all,9,25,0.04382465944178143
sl_eat_bio_ssl_all,9,26,0.04695464402196102
sl_eat_bio_ssl_all,9,27,0.039875924045281806
sl_eat_bio_ssl_all,9,28,0.13919279414648042
sl_eat_bio_ssl_all,9,29,0.08773030238582256
sl_eat_bio_ssl_all,9,30,0.1267359137183119
sl_eat_bio_ssl_all,9,31,0.16901509040058882
sl_eat_bio_ssl_all,9,32,0.04409179413188503
sl_eat_bio_ssl_all,9,33,0.1396320175434602
sl_eat_bio_ssl_all,9,34,0.014252633804780025
sl_eat_bio_ssl_all,9,35,0.15417371852620843
sl_eat_bio_ssl_all,9,36,0.09907403608566345
sl_eat_bio_ssl_all,9,37,0.08454624690423954
sl_eat_bio_ssl_all,9,38,0.18388869992456783
sl_eat_bio_ssl_all,9,39,0.00662972089831107
sl_eat_bio_ssl_all,9,40,0.22832466115667222
sl_eat_bio_ssl_all,9,41,0.04691668327575261
sl_eat_bio_ssl_all,9,42,0.021896137856952918
sl_eat_bio_ssl_all,9,43,0.2284407008248261
sl_eat_bio_ssl_all,9,44,0.0665326023897594
sl_eat_bio_ssl_all,9,45,0.03075307697309801
sl_eat_bio_ssl_all,9,46,0.03401031128922748
sl_eat_bio_ssl_all,9,47,0.06944314855312962
sl_eat_bio_ssl_all,9,48,0.0847959750849535
sl_eat_bio_ssl_all,9,49,0.0014270507013847923
sl_eat_bio_ssl_all,9,50,0.004888376806049347
sl_eat_bio_ssl_all,9,51,0.01874362958758205
sl_eat_bio_ssl_all,9,52,0.14329359287380855
sl_eat_bio_ssl_all,9,53,0.08435562657744719
sl_eat_bio_ssl_all,9,54,0.16952366653583212
sl_eat_bio_ssl_all,9,55,0.03125132912006406
sl_eat_bio_ssl_all,9,56,0.08720977195370322
sl_eat_bio_ssl_all,9,57,0.11297169578283349
sl_eat_bio_ssl_all,9,58,0.04220341820485714
sl_eat_bio_ssl_all,9,59,0.10780346487929097
sl_eat_bio_ssl_all,9,60,0.056416091399989834
sl_eat_bio_ssl_all,9,61,0.15512994021450013
sl_eat_bio_ssl_all,9,62,0.049987128972572285
sl_eat_bio_ssl_all,9,63,0.10487035806389162
sl_eat_bio_ssl_all,9,64,0.026307539589770224
sl_eat_bio_ssl_all,9,65,0.22060069655475648
sl_eat_bio_ssl_all,9,66,0.008064219819994526
sl_eat_bio_ssl_all,9,67,0.044379048201060325
sl_eat_bio_ssl_all,9,68,0.09629481476887748
sl_eat_bio_ssl_all,9,69,0.1432120853844813
sl_eat_bio_ssl_all,9,70,0.07707906430563391
sl_eat_bio_ssl_all,9,71,0.08002339329589529
sl_eat_bio_ssl_all,9,72,0.06921285707962894
sl_eat_bio_ssl_all,9,73,0.07718687273234431
sl_eat_bio_ssl_all,9,74,0.025262583771413896
sl_eat_bio_ssl_all,9,75,0.0015040112206459995
sl_eat_bio_ssl_all,9,76,0.1444301996282501
sl_eat_bio_ssl_all,9,77,0.12999878464333997
sl_eat_bio_ssl_all,9,78,0.04775015337545927
sl_eat_bio_ssl_all,9,79,0.20754409970749768
sl_eat_bio_ssl_all,9,80,0.025147686887801467
sl_eat_bio_ssl_all,9,81,0.1393307734834957
sl_eat_bio_ssl_all,9,82,0.040789702466455
sl_eat_bio_ssl_all,9,83,0.0895281098054619
sl_eat_bio_ssl_all,9,84,0.20956318144601993
sl_eat_bio_ssl_all,9,85,0.07724567241596535
sl_eat_bio_ssl_all,9,86,0.057459617683479625
sl_eat_bio_ssl_all,9,87,0.17983226934270902
sl_eat_bio_ssl_all,9,88,0.10512463841671148
sl_eat_bio_ssl_all,9,89,0.11106678644102766
sl_eat_bio_ssl_all,9,90,0.012986365342468303
sl_eat_bio_ssl_all,9,91,0.05741141813455693
sl_eat_bio_ssl_all,9,92,0.1262682747192026
sl_eat_bio_ssl_all,9,93,0.052265031017016905
sl_eat_bio_ssl_all,9,94,0.07890579784619899
sl_eat_bio_ssl_all,9,95,0.007396701594645105
sl_eat_bio_ssl_all,9,96,0.07882477119915081
sl_eat_bio_ssl_all,9,97,0.06056630130546058
sl_eat_bio_ssl_all,9,98,0.2815638158428702
sl_eat_bio_ssl_all,9,99,0.05493921738406432
sl_eat_bio_ssl_all,9,100,0.059877318418340576
sl_eat_bio_ssl_all,9,101,0.019577126851529614
sl_eat_bio_ssl_all,9,102,0.14580476917974658
sl_eat_bio_ssl_all,9,103,0.12875544180450654
sl_eat_bio_ssl_all,9,104,0.1988923608078951
sl_eat_bio_ssl_all,9,105,0.05767798855361828
sl_eat_bio_ssl_all,9,106,0.06338353434083953
sl_eat_bio_ssl_all,9,107,0.049690965214936815
sl_eat_bio_ssl_all,9,108,0.1773812796127338
sl_eat_bio_ssl_all,9,109,0.28989545166356445
sl_eat_bio_ssl_all,9,110,0.12648688280857778
sl_eat_bio_ssl_all,9,111,0.0032287821582216106
sl_eat_bio_ssl_all,9,112,0.06351259537858225
sl_eat_bio_ssl_all,9,113,0.12337130210514989
sl_eat_bio_ssl_all,9,114,0.09560932522152228
sl_eat_bio_ssl_all,9,115,0.027496041873017796
sl_eat_bio_ssl_all,9,116,0.03952346201324264
sl_eat_bio_ssl_all,9,117,0.008103582039040515
sl_eat_bio_ssl_all,9,118,0.17636256227766256
sl_eat_bio_ssl_all,9,119,0.054552734716409576
sl_eat_bio_ssl_all,9,120,0.06773201507927794
sl_eat_bio_ssl_all,9,121,0.0379358211001448
sl_eat_bio_ssl_all,9,122,0.13789566658684121
sl_eat_bio_ssl_all,9,123,0.16505999694493617
sl_eat_bio_ssl_all,9,124,0.006105660387358967
sl_eat_bio_ssl_all,9,125,0.23673165183278339
sl_eat_bio_ssl_all,9,126,0.004227742620171008
sl_eat_bio_ssl_all,9,127,0.032002713489611895
sl_eat_bio_ssl_all,9,128,0.12551049076155407
sl_eat_bio_ssl_all,9,129,0.024737714941461462
sl_eat_bio_ssl_all,9,130,0.07540785632845123
sl_eat_bio_ssl_all,9,131,0.11060240255939177
sl_eat_bio_ssl_all,9,132,0.0037232426745275157
sl_eat_bio_ssl_all,9,133,0.016876305217870313
sl_eat_bio_ssl_all,9,134,0.13936839585302588
sl_eat_bio_ssl_all,9,135,0.05711187302284308
sl_eat_bio_ssl_all,9,136,0.030865857934294114
sl_eat_bio_ssl_all,9,137,0.12033293943416608
sl_eat_bio_ssl_all,9,138,0.01581532805749081
sl_eat_bio_ssl_all,9,139,0.10627343093033652
sl_eat_bio_ssl_all,9,140,0.17633634775435475
sl_eat_bio_ssl_all,9,141,0.10936530903375186
sl_eat_bio_ssl_all,9,142,0.03577319074718948
sl_eat_bio_ssl_all,9,143,0.02649976832433172
sl_eat_bio_ssl_all,9,144,0.1458997211460425
sl_eat_bio_ssl_all,9,145,0.1582894035802867
sl_eat_bio_ssl_all,9,146,0.19064170877429346
sl_eat_bio_ssl_all,9,147,0.08042551445491322
sl_eat_bio_ssl_all,9,148,0.08580741212704288
sl_eat_bio_ssl_all,9,149,0.17471143422950017
sl_eat_bio_ssl_all,9,150,0.028941335145717357
sl_eat_bio_ssl_all,9,151,0.1972353583669009
sl_eat_bio_ssl_all,9,152,0.1944236788431441
sl_eat_bio_ssl_all,9,153,0.022382039056290694
sl_eat_bio_ssl_all,9,154,0.007180110924035796
sl_eat_bio_ssl_all,9,155,0.15531218538222863
sl_eat_bio_ssl_all,9,156,0.04803891863706637
sl_eat_bio_ssl_all,9,157,0.13389767085322946
sl_eat_bio_ssl_all,9,158,0.10704445179521913
sl_eat_bio_ssl_all,9,159,0.0243586386977955
sl_eat_bio_ssl_all,9,160,0.01761756654962061
sl_eat_bio_ssl_all,9,161,0.014161447657658038
sl_eat_bio_ssl_all,9,162,0.07113591708274425
sl_eat_bio_ssl_all,9,163,0.001437809021136093
sl_eat_bio_ssl_all,9,164,0.09260379995061628
sl_eat_bio_ssl_all,9,165,0.05597323709776503
sl_eat_bio_ssl_all,9,166,0.02366564800757814
sl_eat_bio_ssl_all,9,167,0.11570657026259241
sl_eat_bio_ssl_all,9,168,0.1789038293324275
sl_eat_bio_ssl_all,9,169,0.06907954097548837
sl_eat_bio_ssl_all,9,170,0.04692846642273756
sl_eat_bio_ssl_all,9,171,0.03305323700032137
sl_eat_bio_ssl_all,9,172,0.027912498203712752
sl_eat_bio_ssl_all,9,173,0.17561815961171223
sl_eat_bio_ssl_all,9,174,0.041626455337281376
sl_eat_bio_ssl_all,9,175,0.041457114023118635
sl_eat_bio_ssl_all,9,176,0.058932773234562995
sl_eat_bio_ssl_all,9,177,0.14168601787904805
sl_eat_bio_ssl_all,9,178,0.06406616383594067
sl_eat_bio_ssl_all,9,179,0.12537758213343952
sl_eat_bio_ssl_all,9,180,0.1701636130244847
sl_eat_bio_ssl_all,9,181,0.21651785976192586
sl_eat_bio_ssl_all,9,182,0.07247022826179438
sl_eat_bio_ssl_all,9,183,0.12562147082839076
sl_eat_bio_ssl_all,9,184,0.17247585153899128
sl_eat_bio_ssl_all,9,185,0.13106347118333378
sl_eat_bio_ssl_all,9,186,0.01983971887623821
sl_eat_bio_ssl_all,9,187,0.11852558772018829
sl_eat_bio_ssl_all,9,188,0.21263203059698074
sl_eat_bio_ssl_all,9,189,0.030011834827905762
sl_eat_bio_ssl_all,9,190,0.09822933920161571
sl_eat_bio_ssl_all,9,191,0.11496700432994501
sl_eat_bio_ssl_all,9,192,0.11176441809975268
sl_eat_bio_ssl_all,9,193,0.07085527085821525
sl_eat_bio_ssl_all,9,194,0.0348128379647522
sl_eat_bio_ssl_all,9,195,0.03824471200379823
sl_eat_bio_ssl_all,9,196,0.10188563058151971
sl_eat_bio_ssl_all,9,197,0.03245904994099469
sl_eat_bio_ssl_all,9,198,0.03975356967551699
sl_eat_bio_ssl_all,9,199,0.13489767004488387
sl_eat_bio_ssl_all,12,0,0.091571493948276
sl_eat_bio_ssl_all,12,1,0.018139087075029488
sl_eat_bio_ssl_all,12,2,0.0006112332893159607
sl_eat_bio_ssl_all,12,3,0.01282216078906716
sl_eat_bio_ssl_all,12,4,0.21495926632923476
sl_eat_bio_ssl_all,12,5,0.11552112082728021
sl_eat_bio_ssl_all,12,6,0.18253206228059624
sl_eat_bio_ssl_all,12,7,0.06606443341129223
sl_eat_bio_ssl_all,12,8,0.11765941414635524
sl_eat_bio_ssl_all,12,9,0.17569151014947465
sl_eat_bio_ssl_all,12,10,0.022968567135625277
sl_eat_bio_ssl_all,12,11,0.10157210135784624
sl_eat_bio_ssl_all,12,12,0.22295242829219433
sl_eat_bio_ssl_all,12,13,0.12530316967122537
sl_eat_bio_ssl_all,12,14,0.0938867000105707
sl_eat_bio_ssl_all,12,15,0.014190473187485314
sl_eat_bio_ssl_all,12,16,0.05836060311060812
sl_eat_bio_ssl_all,12,17,0.26078239874807085
sl_eat_bio_ssl_all,12,18,0.02097476705050017
sl_eat_bio_ssl_all,12,19,0.10720133770109268
sl_eat_bio_ssl_all,12,20,0.059508817560256076
sl_eat_bio_ssl_all,12,21,0.3522234621689758
sl_eat_bio_ssl_all,12,22,0.059767451991057645
sl_eat_bio_ssl_all,12,23,0.001073852703797851
sl_eat_bio_ssl_all,12,24,0.12907517047754916
sl_eat_bio_ssl_all,12,25,0.06904830457911947
sl_eat_bio_ssl_all,12,26,0.0973333516709966
sl_eat_bio_ssl_all,12,27,0.08376395229779145
sl_eat_bio_ssl_all,12,28,0.2866672286048256
sl_eat_bio_ssl_all,12,29,0.09534987149509365
sl_eat_bio_ssl_all,12,30,0.05914625266657159
sl_eat_bio_ssl_all,12,31,0.22946180184082943
sl_eat_bio_ssl_all,12,32,0.07752375808386483
sl_eat_bio_ssl_all,12,33,0.18105659921136938
sl_eat_bio_ssl_all,12,34,0.04202974132978005
sl_eat_bio_ssl_all,12,35,0.04232681702127681
sl_eat_bio_ssl_all,12,36,0.052307083771777445
sl_eat_bio_ssl_all,12,37,0.026922333597375538
sl_eat_bio_ssl_all,12,38,0.10259652585162453
sl_eat_bio_ssl_all,12,39,0.022180161433715418
sl_eat_bio_ssl_all,12,40,0.1564405405860089
sl_eat_bio_ssl_all,12,41,0.008005085964358626
sl_eat_bio_ssl_all,12,42,0.009084761696544456
sl_eat_bio_ssl_all,12,43,0.05620814109582184
sl_eat_bio_ssl_all,12,44,0.2887382251508239
sl_eat_bio_ssl_all,12,45,0.11129760850564505
sl_eat_bio_ssl_all,12,46,0.19118168011198508
sl_eat_bio_ssl_all,12,47,0.0792037293091041
sl_eat_bio_ssl_all,12,48,0.2603574564069523
sl_eat_bio_ssl_all,12,49,0.055313736038987774
sl_eat_bio_ssl_all,12,50,0.06223245927838659
sl_eat_bio_ssl_all,12,51,0.10906602185482436
sl_eat_bio_ssl_all,12,52,0.10789793813668709
sl_eat_bio_ssl_all,12,53,0.2604551301620672
sl_eat_bio_ssl_all,12,54,0.07325284137968373
sl_eat_bio_ssl_all,12,55,0.1531676453744603
sl_eat_bio_ssl_all,12,56,0.11066685296964307
sl_eat_bio_ssl_all,12,57,0.13512198331296876
sl_eat_bio_ssl_all,12,58,0.08845467615486076
sl_eat_bio_ssl_all,12,59,0.13450502761294117
sl_eat_bio_ssl_all,12,60,0.17902291326705166
sl_eat_bio_ssl_all,12,61,0.09054060535218188
sl_eat_bio_ssl_all,12,62,0.010711773830366707
sl_eat_bio_ssl_all,12,63,0.08498539264316002
sl_eat_bio_ssl_all,12,64,0.08021755428907855
sl_eat_bio_ssl_all,12,65,0.14064117166799087
sl_eat_bio_ssl_all,12,66,0.07280837428917185
sl_eat_bio_ssl_all,12,67,0.1942872577399902
sl_eat_bio_ssl_all,12,68,0.09629197635160615
sl_eat_bio_ssl_all,12,69,0.11344152367440515
sl_eat_bio_ssl_all,12,70,0.19884265563853593
sl_eat_bio_ssl_all,12,71,0.07049558272460406
sl_eat_bio_ssl_all,12,72,0.35918642603769135
sl_eat_bio_ssl_all,12,73,0.012348862165790998
sl_eat_bio_ssl_all,12,74,0.2075857740893367
sl_eat_bio_ssl_all,12,75,0.1397113941900005
sl_eat_bio_ssl_all,12,76,0.038735912485596755
sl_eat_bio_ssl_all,12,77,0.11672939571075379
sl_eat_bio_ssl_all,12,78,0.10678673292794308
sl_eat_bio_ssl_all,12,79,0.10819060440381248
sl_eat_bio_ssl_all,12,80,0.2189564128985115
sl_eat_bio_ssl_all,12,81,0.020346446001137077
sl_eat_bio_ssl_all,12,82,0.12330290706010118
sl_eat_bio_ssl_all,12,83,0.026438035832407232
sl_eat_bio_ssl_all,12,84,0.10516501593121018
sl_eat_bio_ssl_all,12,85,0.06511508925062084
sl_eat_bio_ssl_all,12,86,0.31808290036620834
sl_eat_bio_ssl_all,12,87,0.16764140333321148
sl_eat_bio_ssl_all,12,88,0.038532101708293506
sl_eat_bio_ssl_all,12,89,0.0903626720843744
sl_eat_bio_ssl_all,12,90,0.17917225175323365
sl_eat_bio_ssl_all,12,91,0.10739687787435946
sl_eat_bio_ssl_all,12,92,0.1593024072788241
sl_eat_bio_ssl_all,12,93,0.1224211353327995
sl_eat_bio_ssl_all,12,94,0.06832336010864247
sl_eat_bio_ssl_all,12,95,0.023756232222097804
sl_eat_bio_ssl_all,12,96,0.10169625596264864
sl_eat_bio_ssl_all,12,97,0.10681245194438756
sl_eat_bio_ssl_all,12,98,0.199539018278556
sl_eat_bio_ssl_all,12,99,0.12742806101914106
sl_eat_bio_ssl_all,12,100,0.05119728138281565
sl_eat_bio_ssl_all,12,101,0.12261882348427021
sl_eat_bio_ssl_all,12,102,0.014503437509134165
sl_eat_bio_ssl_all,12,103,0.0006775653667645855
sl_eat_bio_ssl_all,12,104,0.05482994825906139
sl_eat_bio_ssl_all,12,105,0.004988295426323404
sl_eat_bio_ssl_all,12,106,0.2755533523146299
sl_eat_bio_ssl_all,12,107,0.038532085712193104
sl_eat_bio_ssl_all,12,108,0.05783092105586666
sl_eat_bio_ssl_all,12,109,0.2026738961898016
sl_eat_bio_ssl_all,12,110,0.06348380919049874
sl_eat_bio_ssl_all,12,111,0.035848965245305967
sl_eat_bio_ssl_all,12,112,0.057560263432573436
sl_eat_bio_ssl_all,12,113,0.09752299175066072
sl_eat_bio_ssl_all,12,114,0.19715541046296023
sl_eat_bio_ssl_all,12,115,0.0758064016558163
sl_eat_bio_ssl_all,12,116,0.21165895873100518
sl_eat_bio_ssl_all,12,117,0.1075050622896191
sl_eat_bio_ssl_all,12,118,0.02327246669373985
sl_eat_bio_ssl_all,12,119,0.26301460259976195
sl_eat_bio_ssl_all,12,120,0.25460758287153823
sl_eat_bio_ssl_all,12,121,0.3404147036883967
sl_eat_bio_ssl_all,12,122,0.04055799341231242
sl_eat_bio_ssl_all,12,123,0.1431627941507871
sl_eat_bio_ssl_all,12,124,0.04235417230930539
sl_eat_bio_ssl_all,12,125,0.11134039044698313
sl_eat_bio_ssl_all,12,126,0.23294810743292382
sl_eat_bio_ssl_all,12,127,0.02019364353114523
sl_eat_bio_ssl_all,12,128,0.0939232752758768
sl_eat_bio_ssl_all,12,129,0.062464344876010935
sl_eat_bio_ssl_all,12,130,0.0013748627954121662
sl_eat_bio_ssl_all,12,131,0.10640129665016287
sl_eat_bio_ssl_all,12,132,0.1526829028654811
sl_eat_bio_ssl_all,12,133,0.05477796422931741
sl_eat_bio_ssl_all,12,134,0.04582679589664257
sl_eat_bio_ssl_all,12,135,0.2664749883725875
sl_eat_bio_ssl_all,12,136,0.09597748489766099
sl_eat_bio_ssl_all,12,137,0.11798345148780046
sl_eat_bio_ssl_all,12,138,0.02288680940387057
sl_eat_bio_ssl_all,12,139,0.0008054115031337258
sl_eat_bio_ssl_all,12,140,0.09133326660456376
sl_eat_bio_ssl_all,12,141,0.35354368828561006
sl_eat_bio_ssl_all,12,142,0.14668668851733332
sl_eat_bio_ssl_all,12,143,0.15360346416991802
sl_eat_bio_ssl_all,12,144,0.0583273361709509
sl_eat_bio_ssl_all,12,145,0.02416964523117238
sl_eat_bio_ssl_all,12,146,0.035824549911716436
sl_eat_bio_ssl_all,12,147,0.17933166926691285
sl_eat_bio_ssl_all,12,148,0.03361042462050299
sl_eat_bio_ssl_all,12,149,0.013033649014242643
sl_eat_bio_ssl_all,12,150,0.029702685878636264
sl_eat_bio_ssl_all,12,151,0.027158050900930427
sl_eat_bio_ssl_all,12,152,0.028349172711845765
sl_eat_bio_ssl_all,12,153,0.10559629797262199
sl_eat_bio_ssl_all,12,154,0.11073391489046662
sl_eat_bio_ssl_all,12,155,0.17786834817611263
sl_eat_bio_ssl_all,12,156,0.19835076193152135
sl_eat_bio_ssl_all,12,157,0.08060058119406474
sl_eat_bio_ssl_all,12,158,0.04811885860872339
sl_eat_bio_ssl_all,12,159,0.06556819416924367
sl_eat_bio_ssl_all,12,160,0.23804214028435458
sl_eat_bio_ssl_all,12,161,0.07798551557689097
sl_eat_bio_ssl_all,12,162,0.14673111259713537
sl_eat_bio_ssl_all,12,163,0.04433099452291218
sl_eat_bio_ssl_all,12,164,0.07596903293350332
sl_eat_bio_ssl_all,12,165,0.1604665216809222
sl_eat_bio_ssl_all,12,166,0.2715259207802598
sl_eat_bio_ssl_all,12,167,0.005028458128571301
sl_eat_bio_ssl_all,12,168,0.033186799778272665
sl_eat_bio_ssl_all,12,169,0.21256859334535355
sl_eat_bio_ssl_all,12,170,0.09105348971630392
sl_eat_bio_ssl_all,12,171,0.03207216328816617
sl_eat_bio_ssl_all,12,172,0.23307229345030586
sl_eat_bio_ssl_all,12,173,0.09322528696785946
sl_eat_bio_ssl_all,12,174,0.1557613208546469
sl_eat_bio_ssl_all,12,175,0.11991750582639613
sl_eat_bio_ssl_all,12,176,0.20523956303707275
sl_eat_bio_ssl_all,12,177,0.10724896285541631
sl_eat_bio_ssl_all,12,178,0.023519033331128335
sl_eat_bio_ssl_all,12,179,0.1850792142117664
sl_eat_bio_ssl_all,12,180,0.09200488850481674
sl_eat_bio_ssl_all,12,181,0.17076387532585896
sl_eat_bio_ssl_all,12,182,0.24972278008033946
sl_eat_bio_ssl_all,12,183,0.15026362886134306
sl_eat_bio_ssl_all,12,184,0.0545183199757849
sl_eat_bio_ssl_all,12,185,0.022206388476906272
sl_eat_bio_ssl_all,12,186,0.24159380633230124
sl_eat_bio_ssl_all,12,187,0.024167091704816637
sl_eat_bio_ssl_all,12,188,0.06741566297837841
sl_eat_bio_ssl_all,12,189,0.015790388096296137
sl_eat_bio_ssl_all,12,190,0.00036153650282335004
sl_eat_bio_ssl_all,12,191,0.17579053245465737
sl_eat_bio_ssl_all,12,192,0.11056665298367414
sl_eat_bio_ssl_all,12,193,0.14266629738047287
sl_eat_bio_ssl_all,12,194,0.018133460463861967
sl_eat_bio_ssl_all,12,195,0.008021632598919566
sl_eat_bio_ssl_all,12,196,0.18695279769833006
sl_eat_bio_ssl_all,12,197,0.03376837104992493
sl_eat_bio_ssl_all,12,198,0.03620985423731798
sl_eat_bio_ssl_all,12,199,0.24803727585049287
random_init_eat_seed42,7,0,0.15910902581580347
random_init_eat_seed42,7,1,0.9634804887290956
random_init_eat_seed42,7,2,0.2228412213105323
random_init_eat_seed42,7,3,0.08349508078755324
random_init_eat_seed42,7,4,0.8163120130422916
random_init_eat_seed42,7,5,0.5957977687825077
random_init_eat_seed42,7,6,0.6942624945294996
random_init_eat_seed42,7,7,0.584905889326766
random_init_eat_seed42,7,8,0.7857034649025728
random_init_eat_seed42,7,9,0.7101078206364683
random_init_eat_seed42,7,10,0.505595030443906
random_init_eat_seed42,7,11,0.7060592001865017
random_init_eat_seed42,7,12,0.780842282467544
random_init_eat_seed42,7,13,0.7196836012724435
random_init_eat_seed42,7,14,0.2730767334111635
random_init_eat_seed42,7,15,0.8649637329627592
random_init_eat_seed42,7,16,0.2096745325374224
random_init_eat_seed42,7,17,0.6124788059593744
random_init_eat_seed42,7,18,0.600649958501003
random_init_eat_seed42,7,19,0.9078943790536387
random_init_eat_seed42,7,20,0.806203205786399
random_init_eat_seed42,7,21,0.9365549223239932
random_init_eat_seed42,7,22,0.832689516935537
random_init_eat_seed42,7,23,0.6421432039020482
random_init_eat_seed42,7,24,0.4007845835134214
random_init_eat_seed42,7,25,0.3453327893557455
random_init_eat_seed42,7,26,0.1363635689379271
random_init_eat_seed42,7,27,0.8358816167628093
random_init_eat_seed42,7,28,0.13350289515641364
random_init_eat_seed42,7,29,0.3566248808263954
random_init_eat_seed42,7,30,0.5099137196993034
random_init_eat_seed42,7,31,0.9454023900832466
random_init_eat_seed42,7,32,0.9156788702376134
random_init_eat_seed42,7,33,0.4772405501549847
random_init_eat_seed42,7,34,0.9596197103287533
random_init_eat_seed42,7,35,0.8917561109855824
random_init_eat_seed42,7,36,0.00835111825879543
random_init_eat_seed42,7,37,0.422859289967173
random_init_eat_seed42,7,38,0.3884664074417225
random_init_eat_seed42,7,39,0.905142534808168
random_init_eat_seed42,7,40,0.22335913753222048
random_init_eat_seed42,7,41,0.33805133974266593
random_init_eat_seed42,7,42,0.6101951664412238
random_init_eat_seed42,7,43,0.049066433248746454
random_init_eat_seed42,7,44,0.4674569478571786
random_init_eat_seed42,7,45,0.3790629437205349
random_init_eat_seed42,7,46,0.19022644701794092
random_init_eat_seed42,7,47,0.2703339858334934
random_init_eat_seed42,7,48,0.48464305976246236
random_init_eat_seed42,7,49,0.34735571605352555
random_init_eat_seed42,7,50,0.25647310882668295
random_init_eat_seed42,7,51,0.9449435906321872
random_init_eat_seed42,7,52,0.08332912802323239
random_init_eat_seed42,7,53,0.4240498438803885
random_init_eat_seed42,7,54,0.8458107664653329
random_init_eat_seed42,7,55,0.1394627290670432
random_init_eat_seed42,7,56,0.5048557120499734
random_init_eat_seed42,7,57,0.20727595695333775
random_init_eat_seed42,7,58,0.9316057510610674
random_init_eat_seed42,7,59,0.17739771797875217
random_init_eat_seed42,7,60,0.46369659042988903
random_init_eat_seed42,7,61,0.9533849071510095
random_init_eat_seed42,7,62,0.8831347597742688
random_init_eat_seed42,7,63,0.48395940742936944
random_init_eat_seed42,7,64,0.9237765296748774
random_init_eat_seed42,7,65,0.662920101640742
random_init_eat_seed42,7,66,0.2850786423201633
random_init_eat_seed42,7,67,0.5584190830400723
random_init_eat_seed42,7,68,0.8858501715913918
random_init_eat_seed42,7,69,0.815806513607503
random_init_eat_seed42,7,70,0.3994834308303578
random_init_eat_seed42,7,71,0.08156199998474865
random_init_eat_seed42,7,72,0.2808174150207658
random_init_eat_seed42,7,73,0.6614054475269308
random_init_eat_seed42,7,74,0.611322962178266
random_init_eat_seed42,7,75,0.6112996267855793
random_init_eat_seed42,7,76,0.116136831388562
random_init_eat_seed42,7,77,0.6595342566924574
random_init_eat_seed42,7,78,0.9233181708298531
random_init_eat_seed42,7,79,0.6589142652958546
random_init_eat_seed42,7,80,0.041027881095554934
random_init_eat_seed42,7,81,0.30768918051523914
random_init_eat_seed42,7,82,0.4059501667236056
random_init_eat_seed42,7,83,0.8610912583130337
random_init_eat_seed42,7,84,0.23128703514653753
random_init_eat_seed42,7,85,0.6619905065146677
random_init_eat_seed42,7,86,0.4591188231225187
random_init_eat_seed42,7,87,0.7681072116094914
random_init_eat_seed42,7,88,0.9344683990214662
random_init_eat_seed42,7,89,0.9913128696930477
random_init_eat_seed42,7,90,0.7928378670331058
random_init_eat_seed42,7,91,0.5666216063444807
random_init_eat_seed42,7,92,0.36827219108469367
random_init_eat_seed42,7,93,0.6783680803407204
random_init_eat_seed42,7,94,0.2667848472492008
random_init_eat_seed42,7,95,0.9032290842744135
random_init_eat_seed42,7,96,0.5620814572531873
random_init_eat_seed42,7,97,0.794003406453566
random_init_eat_seed42,7,98,0.7485706952868099
random_init_eat_seed42,7,99,0.6404596465642366
random_init_eat_seed42,7,100,0.1976074217287862
random_init_eat_seed42,7,101,0.16530349017698
random_init_eat_seed42,7,102,0.27092594425995786
random_init_eat_seed42,7,103,0.6305311151228781
random_init_eat_seed42,7,104,0.02833833010185487
random_init_eat_seed42,7,105,0.414595305952998
random_init_eat_seed42,7,106,0.7947651583736004
random_init_eat_seed42,7,107,0.1291486522101653
random_init_eat_seed42,7,108,0.799348634153055
random_init_eat_seed42,7,109,0.9352241256519875
random_init_eat_seed42,7,110,0.5119891044414667
random_init_eat_seed42,7,111,0.5999292744424966
random_init_eat_seed42,7,112,0.7221791320947779
random_init_eat_seed42,7,113,0.30202535924405216
random_init_eat_seed42,7,114,0.7296481600433499
random_init_eat_seed42,7,115,0.5300693014808524
random_init_eat_seed42,7,116,0.5189040062723183
random_init_eat_seed42,7,117,0.9697956233122484
random_init_eat_seed42,7,118,0.8712193811196258
random_init_eat_seed42,7,119,0.859009883791715
random_init_eat_seed42,7,120,0.43725921208274576
random_init_eat_seed42,7,121,0.9365949280135288
random_init_eat_seed42,7,122,0.44980903230159114
random_init_eat_seed42,7,123,0.9775889444967707
random_init_eat_seed42,7,124,0.8376043145514735
random_init_eat_seed42,7,125,0.9738735970714175
random_init_eat_seed42,7,126,0.7128745455837493
random_init_eat_seed42,7,127,0.3546159783987791
random_init_eat_seed42,7,128,0.6623458558611064
random_init_eat_seed42,7,129,0.885360785957521
random_init_eat_seed42,7,130,0.9670098694001819
random_init_eat_seed42,7,131,0.6824195322898301
random_init_eat_seed42,7,132,0.9853560225846938
random_init_eat_seed42,7,133,0.8062574856972158
random_init_eat_seed42,7,134,0.8118414174138102
random_init_eat_seed42,7,135,0.9343626276618903
random_init_eat_seed42,7,136,0.6966931944182944
random_init_eat_seed42,7,137,0.274538153001147
random_init_eat_seed42,7,138,0.9378103673639451
random_init_eat_seed42,7,139,0.8198125743082628
random_init_eat_seed42,7,140,0.6518892487487786
random_init_eat_seed42,7,141,0.39229654891033605
random_init_eat_seed42,7,142,0.676460961940615
random_init_eat_seed42,7,143,0.40651122699476283
random_init_eat_seed42,7,144,0.8951056966497182
random_init_eat_seed42,7,145,0.7176451207834373
random_init_eat_seed42,7,146,0.28274226686147447
random_init_eat_seed42,7,147,0.004176111433861504
random_init_eat_seed42,7,148,0.8489752289895107
random_init_eat_seed42,7,149,0.6553412605390737
random_init_eat_seed42,7,150,0.8858060555075038
random_init_eat_seed42,7,151,0.3869215364152681
random_init_eat_seed42,7,152,0.5344848257369307
random_init_eat_seed42,7,153,0.36364650982492547
random_init_eat_seed42,7,154,0.6939813284639715
random_init_eat_seed42,7,155,0.9715817121971926
random_init_eat_seed42,7,156,0.7091116377453445
random_init_eat_seed42,7,157,0.028192192713052764
random_init_eat_seed42,7,158,0.6222293521328116
random_init_eat_seed42,7,159,0.8831283889502058
random_init_eat_seed42,7,160,0.4582685567185464
random_init_eat_seed42,7,161,0.8414337177799333
random_init_eat_seed42,7,162,0.41672696572751605
random_init_eat_seed42,7,163,0.8140706314345901
random_init_eat_seed42,7,164,0.25914099842505384
random_init_eat_seed42,7,165,0.08151827683183167
random_init_eat_seed42,7,166,0.7962243912110789
random_init_eat_seed42,7,167,0.47849821787281344
random_init_eat_seed42,7,168,0.5739975283461559
random_init_eat_seed42,7,169,0.2295995956111306
random_init_eat_seed42,7,170,0.7679829905707187
random_init_eat_seed42,7,171,0.41682250967990864
random_init_eat_seed42,7,172,0.754602840034864
random_init_eat_seed42,7,173,0.008697320221171858
random_init_eat_seed42,7,174,0.3410458870834811
random_init_eat_seed42,7,175,0.5916560508361801
random_init_eat_seed42,7,176,0.8943154866097515
random_init_eat_seed42,7,177,0.5455591712339436
random_init_eat_seed42,7,178,0.49949508039859225
random_init_eat_seed42,7,179,0.4631366592716339
random_init_eat_seed42,7,180,0.01763243262565817
random_init_eat_seed42,7,181,0.6872897584700703
random_init_eat_seed42,7,182,0.1793800132353369
random_init_eat_seed42,7,183,0.9734687709259211
random_init_eat_seed42,7,184,0.6734968488707547
random_init_eat_seed42,7,185,0.7737395851390471
random_init_eat_seed42,7,186,0.8835034737473775
random_init_eat_seed42,7,187,0.6497329465396492
random_init_eat_seed42,7,188,0.6193368822868994
random_init_eat_seed42,7,189,0.3297189547636418
random_init_eat_seed42,7,190,0.7191125335083765
random_init_eat_seed42,7,191,0.7245307385802178
random_init_eat_seed42,7,192,0.005508023796691242
random_init_eat_seed42,7,193,0.5355539818614711
random_init_eat_seed42,7,194,0.004342561043883304
random_init_eat_seed42,7,195,0.5227709497385279
random_init_eat_seed42,7,196,0.3967627694765478
random_init_eat_seed42,7,197,0.4155699948988273
random_init_eat_seed42,7,198,0.7670620374754199
random_init_eat_seed42,7,199,0.9029533160746517
random_init_eat_seed42,9,0,0.7655290431317496
random_init_eat_seed42,9,1,0.712795552949565
random_init_eat_seed42,9,2,0.05568915473756545
random_init_eat_seed42,9,3,0.14584656924953932
random_init_eat_seed42,9,4,0.3741719680380212
random_init_eat_seed42,9,5,0.9405103569158119
random_init_eat_seed42,9,6,0.864631488788314
random_init_eat_seed42,9,7,0.20515091026182772
random_init_eat_seed42,9,8,0.8473263753921306
random_init_eat_seed42,9,9,0.7150555613315498
random_init_eat_seed42,9,10,0.8913826898463298
random_init_eat_seed42,9,11,0.8424344121414371
random_init_eat_seed42,9,12,0.29430279381420854
random_init_eat_seed42,9,13,0.009644865024952919
random_init_eat_seed42,9,14,0.97859314100984
random_init_eat_seed42,9,15,0.8844910656945009
random_init_eat_seed42,9,16,0.7959001478442934
random_init_eat_seed42,9,17,0.33380847859129
random_init_eat_seed42,9,18,0.07971823169166405
random_init_eat_seed42,9,19,0.585979315624775
random_init_eat_seed42,9,20,0.8065323271965864
random_init_eat_seed42,9,21,0.26777143667909337
random_init_eat_seed42,9,22,0.2945598147336906
random_init_eat_seed42,9,23,0.7997698554959904
random_init_eat_seed42,9,24,0.6051159476620449
random_init_eat_seed42,9,25,0.4762956734743858
random_init_eat_seed42,9,26,0.02978737506804624
random_init_eat_seed42,9,27,0.9580015126181088
random_init_eat_seed42,9,28,0.6916776024285897
random_init_eat_seed42,9,29,0.16793202776105215
random_init_eat_seed42,9,30,0.10249387298212063
random_init_eat_seed42,9,31,0.3989639348118263
random_init_eat_seed42,9,32,0.3009925013954321
random_init_eat_seed42,9,33,0.29296896479158036
random_init_eat_seed42,9,34,0.06044172375991386
random_init_eat_seed42,9,35,0.29745569838717656
random_init_eat_seed42,9,36,0.38406634510292936
random_init_eat_seed42,9,37,0.8521678914423739
random_init_eat_seed42,9,38,0.22421474103061362
random_init_eat_seed42,9,39,0.5276337779857675
random_init_eat_seed42,9,40,0.7352907066302498
random_init_eat_seed42,9,41,0.4649309182638322
random_init_eat_seed42,9,42,0.7369925759684399
random_init_eat_seed42,9,43,0.2604834023031332
random_init_eat_seed42,9,44,0.8997476339970154
random_init_eat_seed42,9,45,0.8509996501099125
random_init_eat_seed42,9,46,0.6602460913838579
random_init_eat_seed42,9,47,0.5489235034581071
random_init_eat_seed42,9,48,0.5231061527121353
random_init_eat_seed42,9,49,0.29207824259983445
random_init_eat_seed42,9,50,0.07528590492246848
random_init_eat_seed42,9,51,0.4760907343540537
random_init_eat_seed42,9,52,0.19711128774479555
random_init_eat_seed42,9,53,0.2232265408494999
random_init_eat_seed42,9,54,0.7312724412210307
random_init_eat_seed42,9,55,0.31686399694127304
random_init_eat_seed42,9,56,0.9269770925509202
random_init_eat_seed42,9,57,0.27130212525598596
random_init_eat_seed42,9,58,0.26994281198965314
random_init_eat_seed42,9,59,0.5816463567970063
random_init_eat_seed42,9,60,0.61337376171963
random_init_eat_seed42,9,61,0.33431718944122346
random_init_eat_seed42,9,62,0.9441321335044188
random_init_eat_seed42,9,63,0.8457644922512979
random_init_eat_seed42,9,64,0.6074116574171441
random_init_eat_seed42,9,65,0.16409194615108322
random_init_eat_seed42,9,66,0.9316790466388827
random_init_eat_seed42,9,67,0.948784684145429
random_init_eat_seed42,9,68,0.800281836708052
random_init_eat_seed42,9,69,0.8175396381719179
random_init_eat_seed42,9,70,0.6056123638374921
random_init_eat_seed42,9,71,0.9655691713850746
random_init_eat_seed42,9,72,0.64789273253408
random_init_eat_seed42,9,73,0.8092508265631833
random_init_eat_seed42,9,74,0.865015999889415
random_init_eat_seed42,9,75,0.27352220706921415
random_init_eat_seed42,9,76,0.6783193499732865
random_init_eat_seed42,9,77,0.6538889447397033
random_init_eat_seed42,9,78,0.9838114874849383
random_init_eat_seed42,9,79,0.6438862831831912
random_init_eat_seed42,9,80,0.9375010276490557
random_init_eat_seed42,9,81,0.5147066783664305
random_init_eat_seed42,9,82,0.007702806537778713
random_init_eat_seed42,9,83,0.8004633214431149
random_init_eat_seed42,9,84,0.9563313547564288
random_init_eat_seed42,9,85,0.1765751215496589
random_init_eat_seed42,9,86,0.33950135753058724
random_init_eat_seed42,9,87,0.5948598103812918
random_init_eat_seed42,9,88,0.9177284843279194
random_init_eat_seed42,9,89,0.7679944475328655
random_init_eat_seed42,9,90,0.5465357633299844
random_init_eat_seed42,9,91,0.8375000025958635
random_init_eat_seed42,9,92,0.9698542939308505
random_init_eat_seed42,9,93,0.9783038339389013
random_init_eat_seed42,9,94,0.36385973049570897
random_init_eat_seed42,9,95,0.8745409523020131
random_init_eat_seed42,9,96,0.596545594532824
random_init_eat_seed42,9,97,0.7664723036195173
random_init_eat_seed42,9,98,0.9831905553131569
random_init_eat_seed42,9,99,0.568175393169857
random_init_eat_seed42,9,100,0.2782589069421022
random_init_eat_seed42,9,101,0.4937902189202086
random_init_eat_seed42,9,102,0.8621523639439646
random_init_eat_seed42,9,103,0.37441624045029714
random_init_eat_seed42,9,104,0.7258532186178799
random_init_eat_seed42,9,105,0.06551410232484862
random_init_eat_seed42,9,106,0.24611422498617444
random_init_eat_seed42,9,107,0.818790007184389
random_init_eat_seed42,9,108,0.9649847595059454
random_init_eat_seed42,9,109,0.9086095069470507
random_init_eat_seed42,9,110,0.861987392697507
random_init_eat_seed42,9,111,0.9165077470224124
random_init_eat_seed42,9,112,0.9633659260297519
random_init_eat_seed42,9,113,0.6772276044858726
random_init_eat_seed42,9,114,0.9769814221766544
random_init_eat_seed42,9,115,0.056543922567332754
random_init_eat_seed42,9,116,0.8082698695503207
random_init_eat_seed42,9,117,0.12328460110279565
random_init_eat_seed42,9,118,0.8461409814180496
random_init_eat_seed42,9,119,0.8477994745804962
random_init_eat_seed42,9,120,0.32901588639490764
random_init_eat_seed42,9,121,0.9718817366663839
random_init_eat_seed42,9,122,0.6804231293963797
random_init_eat_seed42,9,123,0.829790452197862
random_init_eat_seed42,9,124,0.9589038741305413
random_init_eat_seed42,9,125,0.9563556935691323
random_init_eat_seed42,9,126,0.7386272128575021
random_init_eat_seed42,9,127,0.6426859842179505
random_init_eat_seed42,9,128,0.8290932155382083
random_init_eat_seed42,9,129,0.4180008768678657
random_init_eat_seed42,9,130,0.5338014850371494
random_init_eat_seed42,9,131,0.30411302007391083
random_init_eat_seed42,9,132,0.5344933560891707
random_init_eat_seed42,9,133,0.16383460535037142
random_init_eat_seed42,9,134,0.26631775541988206
random_init_eat_seed42,9,135,0.18124120565682628
random_init_eat_seed42,9,136,0.584494012546984
random_init_eat_seed42,9,137,0.6195287867723249
random_init_eat_seed42,9,138,0.2094935857158947
random_init_eat_seed42,9,139,0.9905649526020447
random_init_eat_seed42,9,140,0.37511549357170954
random_init_eat_seed42,9,141,0.4127916067145684
random_init_eat_seed42,9,142,0.9232936977675937
random_init_eat_seed42,9,143,0.9639717100388554
random_init_eat_seed42,9,144,0.4713863998874964
random_init_eat_seed42,9,145,0.6913265502652078
random_init_eat_seed42,9,146,0.7508254074616003
random_init_eat_seed42,9,147,0.5119207660617384
random_init_eat_seed42,9,148,0.8994332834938759
random_init_eat_seed42,9,149,0.6847348711581286
random_init_eat_seed42,9,150,0.821615282169373
random_init_eat_seed42,9,151,0.8982808701529705
random_init_eat_seed42,9,152,0.8739649585894775
random_init_eat_seed42,9,153,0.27665002574138653
random_init_eat_seed42,9,154,0.878792319415838
random_init_eat_seed42,9,155,0.3866111791991338
random_init_eat_seed42,9,156,0.6420556519635028
random_init_eat_seed42,9,157,0.166193599945853
random_init_eat_seed42,9,158,0.021854858296310804
random_init_eat_seed42,9,159,0.8262778858348062
random_init_eat_seed42,9,160,0.932295601861135
random_init_eat_seed42,9,161,0.20425191617233018
random_init_eat_seed42,9,162,0.016002330664226596
random_init_eat_seed42,9,163,0.8550329823972448
random_init_eat_seed42,9,164,0.13612680864042306
random_init_eat_seed42,9,165,0.40505262250145596
random_init_eat_seed42,9,166,0.6514490285956901
random_init_eat_seed42,9,167,0.4239176308685251
random_init_eat_seed42,9,168,0.7806228108901199
random_init_eat_seed42,9,169,0.06020666317772971
random_init_eat_seed42,9,170,0.37442115400861864
random_init_eat_seed42,9,171,0.01462802548844702
random_init_eat_seed42,9,172,0.7465873129583669
random_init_eat_seed42,9,173,0.03001093037932532
random_init_eat_seed42,9,174,0.34462238346426866
random_init_eat_seed42,9,175,0.5932710207787072
random_init_eat_seed42,9,176,0.1460417220120701
random_init_eat_seed42,9,177,0.8844417535572364
random_init_eat_seed42,9,178,0.5373545603867511
random_init_eat_seed42,9,179,0.7162812639543115
random_init_eat_seed42,9,180,0.5873611450624305
random_init_eat_seed42,9,181,0.4532780692402846
random_init_eat_seed42,9,182,0.8565589783945492
random_init_eat_seed42,9,183,0.13967058009342043
random_init_eat_seed42,9,184,0.7742585296262424
random_init_eat_seed42,9,185,0.08759291130253163
random_init_eat_seed42,9,186,0.06197587564223891
random_init_eat_seed42,9,187,0.814278339400877
random_init_eat_seed42,9,188,0.06342855892668278
random_init_eat_seed42,9,189,0.2626343392061202
random_init_eat_seed42,9,190,0.5271042958681561
random_init_eat_seed42,9,191,0.8908877806214938
random_init_eat_seed42,9,192,0.8773055375774935
random_init_eat_seed42,9,193,0.049899253538146504
random_init_eat_seed42,9,194,0.9565240338036692
random_init_eat_seed42,9,195,0.2648450100819735
random_init_eat_seed42,9,196,0.5109229992398743
random_init_eat_seed42,9,197,0.19926819789381164
random_init_eat_seed42,9,198,0.4898891014693839
random_init_eat_seed42,9,199,0.12578856130784496
random_init_eat_seed42,12,0,0.9634058140896536
random_init_eat_seed42,12,1,0.659652199405391
random_init_eat_seed42,12,2,0.9536629765627416
random_init_eat_seed42,12,3,0.6061917115842324
random_init_eat_seed42,12,4,0.9638467925149892
random_init_eat_seed42,12,5,0.18667513836227237
random_init_eat_seed42,12,6,0.7109276093052437
random_init_eat_seed42,12,7,0.7815994060307645
random_init_eat_seed42,12,8,0.16493055168565346
random_init_eat_seed42,12,9,0.30606972182289033
random_init_eat_seed42,12,10,0.6240819828520543
random_init_eat_seed42,12,11,0.5024019715519503
random_init_eat_seed42,12,12,0.8522436767370439
random_init_eat_seed42,12,13,0.5282767684718329
random_init_eat_seed42,12,14,0.03440093066206582
random_init_eat_seed42,12,15,0.9084996019526694
random_init_eat_seed42,12,16,0.9861317038090557
random_init_eat_seed42,12,17,0.5109182398124532
random_init_eat_seed42,12,18,0.22114371108729997
random_init_eat_seed42,12,19,0.17087225080518867
random_init_eat_seed42,12,20,0.8169829929969731
random_init_eat_seed42,12,21,0.8055543949969985
random_init_eat_seed42,12,22,0.5945791961365952
random_init_eat_seed42,12,23,0.6246932698161994
random_init_eat_seed42,12,24,0.8313480340016428
random_init_eat_seed42,12,25,0.5610425171643887
random_init_eat_seed42,12,26,0.6384330109847776
random_init_eat_seed42,12,27,0.8165100731406353
random_init_eat_seed42,12,28,0.41553777506278083
random_init_eat_seed42,12,29,0.448175967120992
random_init_eat_seed42,12,30,0.8709513179883016
random_init_eat_seed42,12,31,0.8906734861765621
random_init_eat_seed42,12,32,0.3553521126801079
random_init_eat_seed42,12,33,0.49229309687241996
random_init_eat_seed42,12,34,0.9310528111286376
random_init_eat_seed42,12,35,0.5177985981430078
random_init_eat_seed42,12,36,0.5682281939819217
random_init_eat_seed42,12,37,0.37786079882014084
random_init_eat_seed42,12,38,0.019879903581898953
random_init_eat_seed42,12,39,0.9637996004793766
random_init_eat_seed42,12,40,0.9241729204978553
random_init_eat_seed42,12,41,0.8535356203723212
random_init_eat_seed42,12,42,0.4846444721514209
random_init_eat_seed42,12,43,0.9155797456282556
random_init_eat_seed42,12,44,0.91223900111344
random_init_eat_seed42,12,45,0.8835300814772822
random_init_eat_seed42,12,46,0.8433274889187284
random_init_eat_seed42,12,47,0.8078496481100828
random_init_eat_seed42,12,48,0.9366185553981629
random_init_eat_seed42,12,49,0.593103788147785
random_init_eat_seed42,12,50,0.8002502257096262
random_init_eat_seed42,12,51,0.7435467712330102
random_init_eat_seed42,12,52,0.886135626100897
random_init_eat_seed42,12,53,0.780589199416387
random_init_eat_seed42,12,54,0.39152947523393156
random_init_eat_seed42,12,55,0.47084235109652034
random_init_eat_seed42,12,56,0.01837047543753387
random_init_eat_seed42,12,57,0.34284547542029287
random_init_eat_seed42,12,58,0.35784566175380356
random_init_eat_seed42,12,59,0.949824303763204
random_init_eat_seed42,12,60,0.7618805787919619
random_init_eat_seed42,12,61,0.8023419616146746
random_init_eat_seed42,12,62,0.8179180118769679
random_init_eat_seed42,12,63,0.9064410071430923
random_init_eat_seed42,12,64,0.0735730721570811
random_init_eat_seed42,12,65,0.2682900985538636
random_init_eat_seed42,12,66,0.49287029478786454
random_init_eat_seed42,12,67,0.6990417047819418
random_init_eat_seed42,12,68,0.7904793482677076
random_init_eat_seed42,12,69,0.7831296882342075
random_init_eat_seed42,12,70,0.061536971231272344
random_init_eat_seed42,12,71,0.40593268095877266
random_init_eat_seed42,12,72,0.7630587023072049
random_init_eat_seed42,12,73,0.8882767814721477
random_init_eat_seed42,12,74,0.8095407613288136
random_init_eat_seed42,12,75,0.2994037725813063
random_init_eat_seed42,12,76,0.7703720341906124
random_init_eat_seed42,12,77,0.29205483739956445
random_init_eat_seed42,12,78,0.4327864668525184
random_init_eat_seed42,12,79,0.5633485150664234
random_init_eat_seed42,12,80,0.5488139734021275
random_init_eat_seed42,12,81,0.3890073674749652
random_init_eat_seed42,12,82,0.9056397118983676
random_init_eat_seed42,12,83,0.7127311554567527
random_init_eat_seed42,12,84,0.37279745191816044
random_init_eat_seed42,12,85,0.27011389205318354
random_init_eat_seed42,12,86,0.41300343418909197
random_init_eat_seed42,12,87,0.6577578187143278
random_init_eat_seed42,12,88,0.7875365351265633
random_init_eat_seed42,12,89,0.2844502119433301
random_init_eat_seed42,12,90,0.48212048432742316
random_init_eat_seed42,12,91,0.5044924876314084
random_init_eat_seed42,12,92,0.34035352017486736
random_init_eat_seed42,12,93,0.7572384500864682
random_init_eat_seed42,12,94,0.7142137075387172
random_init_eat_seed42,12,95,0.45597029651823323
random_init_eat_seed42,12,96,0.21943657665060998
random_init_eat_seed42,12,97,0.5907353591611129
random_init_eat_seed42,12,98,0.8932573215567562
random_init_eat_seed42,12,99,0.5318498801256127
random_init_eat_seed42,12,100,0.9342607155228599
random_init_eat_seed42,12,101,0.8191102204202014
random_init_eat_seed42,12,102,0.7147150998014627
random_init_eat_seed42,12,103,0.37388173439995187
random_init_eat_seed42,12,104,0.7740413306714414
random_init_eat_seed42,12,105,0.7896293302902896
random_init_eat_seed42,12,106,0.777170070890298
random_init_eat_seed42,12,107,0.8744341300340986
random_init_eat_seed42,12,108,0.8825912626890351
random_init_eat_seed42,12,109,0.785227004469253
random_init_eat_seed42,12,110,0.4402401459866266
random_init_eat_seed42,12,111,0.006572634585069913
random_init_eat_seed42,12,112,0.9587385401733541
random_init_eat_seed42,12,113,0.3693478594500331
random_init_eat_seed42,12,114,0.9142792710762346
random_init_eat_seed42,12,115,0.8225841065467077
random_init_eat_seed42,12,116,0.24328063676750372
random_init_eat_seed42,12,117,0.5455092729909594
random_init_eat_seed42,12,118,0.3207582288903557
random_init_eat_seed42,12,119,0.4131955928158992
random_init_eat_seed42,12,120,0.9476915038196733
random_init_eat_seed42,12,121,0.8164386968896082
random_init_eat_seed42,12,122,0.02766817588458146
random_init_eat_seed42,12,123,0.6831829146246813
random_init_eat_seed42,12,124,0.918244403151952
random_init_eat_seed42,12,125,0.7641204131730753
random_init_eat_seed42,12,126,0.8000128750119385
random_init_eat_seed42,12,127,0.9093932432961905
random_init_eat_seed42,12,128,0.8842885621827761
random_init_eat_seed42,12,129,0.26765384391021063
random_init_eat_seed42,12,130,0.8003561051469499
random_init_eat_seed42,12,131,0.7383818485655513
random_init_eat_seed42,12,132,0.01827066415298238
random_init_eat_seed42,12,133,0.6735276682616831
random_init_eat_seed42,12,134,0.7331934575889744
random_init_eat_seed42,12,135,0.2511065540638114
random_init_eat_seed42,12,136,0.1657495159967438
random_init_eat_seed42,12,137,0.6174940521768539
random_init_eat_seed42,12,138,0.16585240539865218
random_init_eat_seed42,12,139,0.045517963272642785
random_init_eat_seed42,12,140,0.3776994200476978
random_init_eat_seed42,12,141,0.36275833972673177
random_init_eat_seed42,12,142,0.8382776955358783
random_init_eat_seed42,12,143,0.4939925499484248
random_init_eat_seed42,12,144,0.2858626766065183
random_init_eat_seed42,12,145,0.605626501440993
random_init_eat_seed42,12,146,0.9737883110163784
random_init_eat_seed42,12,147,0.9127143794462784
random_init_eat_seed42,12,148,0.13047407153024954
random_init_eat_seed42,12,149,0.12011198632117048
random_init_eat_seed42,12,150,0.6724909709479435
random_init_eat_seed42,12,151,0.8815753252592586
random_init_eat_seed42,12,152,0.37231699708093274
random_init_eat_seed42,12,153,0.9378354251247754
random_init_eat_seed42,12,154,0.6753446867906122
random_init_eat_seed42,12,155,0.7121696452748404
random_init_eat_seed42,12,156,0.6335300475861464
random_init_eat_seed42,12,157,0.32784067357435803
random_init_eat_seed42,12,158,0.7045127679419193
random_init_eat_seed42,12,159,0.5538194919007843
random_init_eat_seed42,12,160,0.7803033047112174
random_init_eat_seed42,12,161,0.5820014968567373
random_init_eat_seed42,12,162,0.798855734420312
random_init_eat_seed42,12,163,0.8584794182479045
random_init_eat_seed42,12,164,0.8372764616495111
random_init_eat_seed42,12,165,0.7166000686673024
random_init_eat_seed42,12,166,0.828580808466607
random_init_eat_seed42,12,167,0.024529839833196242
random_init_eat_seed42,12,168,0.4688174473413345
random_init_eat_seed42,12,169,0.18116920527146196
random_init_eat_seed42,12,170,0.5882043968028674
random_init_eat_seed42,12,171,0.6540023954320812
random_init_eat_seed42,12,172,0.5521891993145361
random_init_eat_seed42,12,173,0.7232572892323782
random_init_eat_seed42,12,174,0.7651381684556342
random_init_eat_seed42,12,175,0.23497077759297033
random_init_eat_seed42,12,176,0.47809151595038085
random_init_eat_seed42,12,177,0.6705463358428957
random_init_eat_seed42,12,178,0.8932201061012328
random_init_eat_seed42,12,179,0.4698053749278599
random_init_eat_seed42,12,180,0.7207238001072425
random_init_eat_seed42,12,181,0.8631442765332742
random_init_eat_seed42,12,182,0.03683554792943216
random_init_eat_seed42,12,183,0.9815991123544903
random_init_eat_seed42,12,184,0.30027190719021113
random_init_eat_seed42,12,185,0.747225157126
random_init_eat_seed42,12,186,0.46911870872185923
random_init_eat_seed42,12,187,0.6416452422799619
random_init_eat_seed42,12,188,0.08935283048036721
random_init_eat_seed42,12,189,0.7519025863103866
random_init_eat_seed42,12,190,0.8112545265108485
random_init_eat_seed42,12,191,0.31419917158281857
random_init_eat_seed42,12,192,0.942559566097516
random_init_eat_seed42,12,193,0.41061886071031956
random_init_eat_seed42,12,194,0.08923965381671001
random_init_eat_seed42,12,195,0.9356368419507995
random_init_eat_seed42,12,196,0.7861276855557285
random_init_eat_seed42,12,197,0.9273132284288851
random_init_eat_seed42,12,198,0.2460179390236658
random_init_eat_seed42,12,199,0.04941215652790328
