model,layer_idx,id,file_name,source_dataset,class,is_bio,proj_top1,proj_top2,proj_bio_axis
sl_eat_all_ssl_all,12,345526af-20c5-437b-8741-e197ac6511ed,XC693334-LS_58842%20Dusky-headed%20brushfinch%20song%20B.flac,Xeno-canto,Aves,True,2.281254726674288,-0.5520980204666506,2.0285158033622555
sl_eat_all_ssl_all,12,e605b07a-87dd-4723-b812-f84b781c9583,XC126939-Tristram%27s_Starling_2.flac,Xeno-canto,Aves,True,0.8678876188111573,-0.639431294314269,1.0411328864805214
sl_eat_all_ssl_all,12,61fc36ad-03d6-4171-97fe-5c67821ec6de,530.flac,WavCaps,,False,-5.5538468633982845,-0.8770897667981955,-5.855559116376527
sl_eat_all_ssl_all,12,67961220-1a93-4cce-84c6-cbe1bf6aa1bb,keyboard_electronic_023-032-100.wav,NatureLM,,False,-6.826897722786605,0.960325533313725,-7.215639512954186
sl_eat_all_ssl_all,12,5bf599ed-dfa6-41c7-918b-ae6e2f8e4113,XC739803-LS_51498%20Yellow-eyed%20Black%20Flycatcher%20duet%20A.flac,Xeno-canto,Aves,True,1.2552743562753736,0.08501563417341684,1.6930039583494563
sl_eat_all_ssl_all,12,4d1f5da3-4aa7-4381-9949-f9d4ea9bc7fa,XC682803-5999-4004024-4438.flac,Xeno-canto,Aves,True,0.916723309713214,-0.6601730280048804,0.9718993822114349
sl_eat_all_ssl_all,12,a7f4feca-c0a2-4598-b8a1-c508590d0f31,XC717693-Willow%20Warbler%20%2B%20Wren_Song_Mizen%20Head_15.04.22_A%2B.flac,Xeno-canto,Aves,True,0.5420478809317395,0.2941149388682524,1.054485121944512
sl_eat_all_ssl_all,12,ba79dda8-f0de-4b2a-8947-c1e7feeb58c9,SSW_269_20170819_120014Z.016_007.wav,NatureLM,,False,0.6943686067221524,-0.21387009689901898,0.5311447984372004
sl_eat_all_ssl_all,12,3a5b71f7-0fda-4a9f-b693-0327aba0b306,SSW_055_20170325_060004Z.055_010.wav,NatureLM,,False,-1.690734524452655,-0.8032692166086574,-1.3402061428979084
sl_eat_all_ssl_all,12,3e92ca8d-18a6-48b2-84d9-e18b76078e72,SSW_039_20170311_110008Z.031_001.wav,NatureLM,,False,-1.7791346852389531,-0.2286366096258141,-1.6117748426414402
sl_eat_all_ssl_all,12,53030683-a00c-4303-92c8-5b104a41ad3c,9750402P.flac,Watkins,Mammalia,True,-4.699648355801649,2.425733379369892,-3.5885329766073473
sl_eat_all_ssl_all,12,16eaecc1-b297-4dce-bfc4-c5ca0d7fa81d,20ta010j_2.0053_209c0108_-2.0053.wav,NatureLM,,False,-0.4809864262135205,-0.14928730410353722,-0.9018380084917021
sl_eat_all_ssl_all,12,5781d7a0-80ea-4be6-9fd1-9f6be373528b,XC385115-T15.flac,Xeno-canto,Aves,True,2.0495978739822567,0.24856502194167443,2.116891151537226
sl_eat_all_ssl_all,12,b795d66d-a577-4b68-bdc1-810b5ff09052,NorthernParula1.flac,Xeno-canto,Aves,True,3.2766354341057733,0.1784432313555978,3.1368930235701855
sl_eat_all_ssl_all,12,519199ae-1ece-451d-a8e7-16b393685585,256179.flac,iNaturalist,Aves,True,0.04087955019017009,0.5113075265673704,0.39996368150673756
sl_eat_all_ssl_all,12,484018cf-99a4-4310-a58a-e24c1f9b8d5f,SSW_023_20170304_130010Z.036_009.wav,NatureLM,,False,1.3849273733652172,-0.48589059802328366,1.1511706830959183
sl_eat_all_ssl_all,12,3035d7a6-e138-4057-baad-948b688a26d7,XC744361-Bachstelze%2C%20Gesang%20%209.4.2015%20%20Egelsee%2C%20Badesteg%20%20%E2%80%8F%E2%80%8E15_33_24%20VOC_150409-2357.flac,Xeno-canto,Aves,True,2.3406581690129507,-0.5548833795446315,2.4454405131185193
sl_eat_all_ssl_all,12,639d5440-7745-4fbf-943b-2393c1a84ddf,324452.flac,iNaturalist,Aves,True,-1.2924838837626489,-0.7716426322657485,-0.9652471904960667
sl_eat_all_ssl_all,12,833701b2-b661-4fbd-868f-07dda09059bf,XC486056-Xiphocolaptes%20promerohyporhynchus.flac,Xeno-canto,Aves,True,1.231214378141215,-0.2997338157399493,1.410318729590697
sl_eat_all_ssl_all,12,ac225d2d-bbcb-4f39-8b85-7916f5d8bb94,XC402294-sturnus%20unicolor%203%20chapatales%2024-09-2017.flac,Xeno-canto,Aves,True,-1.3642261413493055,-0.1290529547771152,-0.6516071077841439
sl_eat_all_ssl_all,12,60f1c1bf-2a2e-4c1e-8172-522d397fe80c,XC301952-160131_011%20CANG%20parvipes%204x.flac,Xeno-canto,Aves,True,-0.30349235247038353,-0.22929488260375647,0.11327990006699874
sl_eat_all_ssl_all,12,b0e33146-8f91-4aad-b6d1-9fcd7e68e54c,mallet_acoustic_030-087-050.wav,NatureLM,,False,-0.5166648204634261,0.2877957029266049,-1.4267390672468367
sl_eat_all_ssl_all,12,9ad7750b-961c-4b95-b04c-2d69c8bce4d2,XC541270-Pied%20Currawong%2009_05_34.flac,Xeno-canto,Aves,True,-0.8476856241815091,-0.670442229160843,-0.2919728943311362
sl_eat_all_ssl_all,12,5083d955-24a1-4232-97a5-37e945c676c7,XC360007-LS104552%20Black%20Magpie%20calls%20B.flac,Xeno-canto,Aves,True,4.140316524854664,-0.11231264989845838,3.4059004744623875
sl_eat_all_ssl_all,12,12556fc5-c2b5-4020-81f4-c47d4c1466e0,XC688225-Goudvink%2020211021%201000%201a.flac,Xeno-canto,Aves,True,0.7831034503747819,-0.6788769121829595,1.2010355856872206
sl_eat_all_ssl_all,12,8dc6aec6-51c4-46f8-bb35-238eacb223aa,310057.flac,iNaturalist,Aves,True,1.7044091656233715,-0.1677492936885025,1.6369383350229592
sl_eat_all_ssl_all,12,b74d3698-d9ed-4c8c-8ab7-b0621a69de4e,XC682514-stenkn%C3%A4ck%20lock.flac,Xeno-canto,Aves,True,-4.6142410341961995,-0.20553615472294073,-3.9831978584024825
sl_eat_all_ssl_all,12,1d8220c1-f1dd-44b6-89a6-8f73c01aefb3,192125.flac,iNaturalist,Aves,True,2.1269644001977865,-1.1934174441201821,1.8696838540425
sl_eat_all_ssl_all,12,75cd84ad-8c2c-4333-88c9-7327f5e3bf23,XC420018-Common%20Bulbul%20on%202.9.17%20at%20Twinga%20Lodge%20TZ%20at%207.10%20for%20.10%20_0448.flac,Xeno-canto,Aves,True,2.019121687024824,-0.2397771108645848,2.118833224908201
sl_eat_all_ssl_all,12,eeb57353-2d95-488d-af35-add7e1716977,XC282848-HETH_3-4-15_1330_MtOrd1.flac,Xeno-canto,Aves,True,-4.613638613241034,0.10067345278990941,-3.487692790408169
sl_eat_all_ssl_all,12,8798231a-34af-4290-b188-7ddff7e20192,126066.flac,iNaturalist,Aves,True,-2.3125367088820266,0.16986144890331026,-1.608246245072912
sl_eat_all_ssl_all,12,ff86a050-6731-45f6-b0df-0d4be52cd0d8,XC473849-Prinia_socialis_nom-FL%20calls%20Above%20Munnar%204Feb16%208.40am%20LS119888a.flac,Xeno-canto,Aves,True,3.2868076063022214,0.11879025423671596,2.8901746053545248
sl_eat_all_ssl_all,12,c91eeae1-4c7c-4d46-bf6a-b81bf31ae996,513777.flac,WavCaps,,False,-1.348078833641315,-0.7930770237479559,-1.6437037643544925
sl_eat_all_ssl_all,12,6fada358-92cd-4951-bf39-973c259f45e1,7801800C.flac,Watkins,Mammalia,True,-5.865261074467003,1.3746807149249671,-4.687829973735296
sl_eat_all_ssl_all,12,04092021-10de-4665-8246-c41d4c842ae9,XC426300-Limpkin%20Corkscrew%20B%2012-21-17.flac,Xeno-canto,Aves,True,1.4820413504473473,-0.07735500470964418,1.6798785253396211
sl_eat_all_ssl_all,12,a195c3dd-a998-41d3-b4a8-6cda1e490504,Brown_Lory_Nimbokrang_2009-07-12.flac,Xeno-canto,Aves,True,0.7934989460986431,-0.304052115103862,0.6602429790078412
sl_eat_all_ssl_all,12,a4cde161-5f7d-46b0-815d-a5e906e24984,598299.flac,iNaturalist,Amphibia,True,-1.4854784294594279,-0.4373341793116861,-1.0954371162998913
sl_eat_all_ssl_all,12,94635d4d-9fc1-4914-a6c7-2f5f7b03f1e0,172953.flac,iNaturalist,Aves,True,1.7827456753568307,-0.39926270164891947,1.7158618888659114
sl_eat_all_ssl_all,12,cb3a6d2d-fb28-4c97-bca8-4f9b108de2f2,79776.flac,iNaturalist,Aves,True,1.9542373848135852,-0.42534655353929585,2.116421964581268
sl_eat_all_ssl_all,12,d461f4d6-1645-4ea6-a593-3aec461ed21d,XC563725-PROW%20%28M2%29%20-%20Song%20-%20Les%20Arends%20-%202020-05-31%2006_48.flac,Xeno-canto,Aves,True,5.142336078660586,-0.25958480863165945,4.411146259800981
sl_eat_all_ssl_all,12,878a679a-f3c4-4277-aae3-b31c9a59c959,XC714401-Grey-winged%20Blackbird%20female%20Call.flac,Xeno-canto,Aves,True,3.366505155338044,-0.46495546675541244,3.3294612918416933
sl_eat_all_ssl_all,12,f939687a-741c-44f2-b128-f146b4fa529b,XC308832-westMexicanChachalaca-Col-Mx150809.flac,Xeno-canto,Aves,True,-1.002944763728843,0.2251772799448462,-0.8443863489326175
sl_eat_all_ssl_all,12,fa147d6d-55ca-4786-8269-3a37cb17ce28,XC625226-Carrion%20Crow%200649.flac,Xeno-canto,Aves,True,-1.0933774432994245,0.8198362542036474,-1.017810342008692
sl_eat_all_ssl_all,12,64b22456-5987-405b-a70e-7acd9c8604c9,20090914_WayKambas_BandedPitta_song.flac,Xeno-canto,Aves,True,2.2653602405770634,-1.0214953147915342,1.8170724527103705
sl_eat_all_ssl_all,12,2c99f75f-28e7-4df9-b7eb-5ca44807bedd,XC193967-THRUSH_Swainson%27s_c%20ustulatus%20Fish%20Creek%2C%20Hyder%20AK%20062314%201438.flac,Xeno-canto,Aves,True,3.1124759985315213,0.04954051321993525,3.0849043846144792
sl_eat_all_ssl_all,12,28da31b7-3b02-4799-a4d5-4d22351dc633,XC510628-Cranioleuca%20sulphurea_Rio%20Grande_1164.flac,Xeno-canto,Aves,True,-0.6927589037496019,0.18741354652186853,-0.27965866239733905
sl_eat_all_ssl_all,12,9c91916b-7620-42c6-a2b4-8da3f3bcf140,XC210152-Corythopis_delalandi_14_12_2014_Amparo_SP_RSS.flac,Xeno-canto,Aves,True,1.6288016598169763,-0.15923533203132728,1.4927329709635941
sl_eat_all_ssl_all,12,c0265934-ab70-410e-a560-21f91e93e762,XC543571-Mino%20kreffti%20kreffti_pcm_191013_06.flac,Xeno-canto,Aves,True,1.8648752171592262,0.0917030868314092,2.02346645363486
sl_eat_all_ssl_all,12,a32a40cb-43da-4114-9668-455fc632df45,XC226630-Long-billed%20Woodcreeper%20%206212.flac,Xeno-canto,Aves,True,3.8720588639221836,0.16815461623545047,3.6010918296501178
sl_eat_all_ssl_all,12,823eb09a-bc66-4ab4-ae43-ec1e805e341b,SSW_070_20170401_100007Z.059_004.wav,NatureLM,,False,0.3030265742726529,-0.006696457652613397,0.282394658829664
sl_eat_all_ssl_all,12,99c07b43-3676-4c79-90cb-1c98d412bcca,83084.flac,iNaturalist,Amphibia,True,3.6790105511824827,0.5183089224671312,3.463833474550387
sl_eat_all_ssl_all,12,f2650314-83b4-4e4b-a1f1-f93edd739272,SgriseicollisLepipuertoMD5track30.flac,Xeno-canto,Aves,True,1.277585093262951,-0.8371685560666791,1.3436538685618369
sl_eat_all_ssl_all,12,39c8e491-e1d9-4ab0-97e7-74067bf186b4,259389.flac,iNaturalist,Aves,True,1.0685925683314141,-0.053319965971719924,1.1108637896979578
sl_eat_all_ssl_all,12,1b4e638a-ef28-406c-933d-83aacd20fdfd,XC137559-Cyanomitra_cyanolaema_130404_06.flac,Xeno-canto,Aves,True,-1.8733017214141225,-0.1591438993944157,-1.4877476191759165
sl_eat_all_ssl_all,12,68df0cb0-a0af-45df-9066-d7d9424040a9,THRUSH%20Slaty%20%28Andean%29_08_Acambuco_Salta_AR_8OCT05_B%20Lopez-Lanus%20%28BLL%20et%20al%202007%29.flac,Xeno-canto,Aves,True,-0.7581380569495719,0.06430636513761687,0.3044736327057299
sl_eat_all_ssl_all,12,777045eb-b58b-4bc6-a9ba-900580ff5387,2411%2F15.flac,Xeno-canto,Aves,True,2.17801028183876,-0.3956306341176341,1.7546622979428788
sl_eat_all_ssl_all,12,1104888f-75ba-4676-b2f3-7095f601daef,XC740599-ziegenm0439.flac,Xeno-canto,Aves,True,2.908825435939697,-0.4862855177311364,2.668901842436614
sl_eat_all_ssl_all,12,bf372c58-e740-4020-a974-80d3865f9a60,CARDINAL%20Yellow-billed_05_Otamendi_Campana_Buenos%20Aires_AR_22NOV01_Bernabe%20Lopez-Lanus.flac,Xeno-canto,Aves,True,-0.2843667795332319,0.5245892046099059,0.3250507256629896
sl_eat_all_ssl_all,12,ea4a5b95-6574-468a-8c16-7df995c2ec25,XC413916-RedBelliedPitta_Talaud_072217_song.flac,Xeno-canto,Aves,True,3.151657740574042,-0.08283194603076681,2.9128440364173285
sl_eat_all_ssl_all,12,ccb717f9-b508-4e72-a149-36bfa38d9f13,541272.flac,WavCaps,,False,0.45437337382357,-0.7584565266659853,0.3236239222409514
sl_eat_all_ssl_all,12,d92bc3a1-d8f7-439c-a0c3-2ab375d2c753,2836_5355_000026_0000002.wav,NatureLM,,False,-2.297221014800912,0.23344800115034564,-2.945133098768668
sl_eat_all_ssl_all,12,6cbd2eb7-b791-452c-95d5-750947a379bd,27686.flac,iNaturalist,Aves,True,3.818956371100404,0.09729846676235107,3.3500288150846953
sl_eat_all_ssl_all,12,afb37eee-ce7c-4964-9b19-86b9b477797a,A%20Buchfink%20C.flac,Xeno-canto,Aves,True,3.3766898596085566,-0.3458131193819509,2.998074181694833
sl_eat_all_ssl_all,12,eb6d9779-2525-4889-8e90-fef798a9e447,XC585592-200829_2330a.flac,Xeno-canto,Aves,True,2.434880890730448,-0.31115524696760705,2.2838980845126904
sl_eat_all_ssl_all,12,26df3063-fe3c-48d5-9f5b-f1cdd1c39ddd,XC273712-Lance-tailed%20Manakin%20call.flac,Xeno-canto,Aves,True,2.2227347538125386,-0.33061986132183296,2.4722418591451714
sl_eat_all_ssl_all,12,e9077a18-b2ee-444e-b7ce-d9ce1a4344fd,XC427482-Hylocharis%20sapphirina%20CONFIRMAR-Caio%20Brito-%28Porto%20Seguro-BA%29-BRITO2813.flac,Xeno-canto,Aves,True,1.6290257297434914,0.11679543087677606,1.597921291475027
sl_eat_all_ssl_all,12,dfa945a5-d725-4213-8024-e95444d30022,SSW_131_20170506_160014Z.056_012.wav,NatureLM,,False,-4.989517776894848,1.3432189333066569,-4.44319529538803
sl_eat_all_ssl_all,12,724ad83d-b8bf-40b4-8871-a63ef9997a2d,80951.flac,iNaturalist,Aves,True,0.45369584996175294,-0.4059828460348966,0.7380611183112018
sl_eat_all_ssl_all,12,22d963f6-b54e-4af3-af09-f900ef4999a3,498419.flac,iNaturalist,Aves,True,0.28028442638280654,-0.17942734963451937,0.4939137982364071
sl_eat_all_ssl_all,12,f2b30269-44ca-4699-a140-8dd03cec428d,XC346690-LS102883%20Pied%20Kingfisher%20call%20B.flac,Xeno-canto,Aves,True,1.1056684966499333,-0.6565287116838818,1.3296989384201476
sl_eat_all_ssl_all,12,c83f22a7-fcf1-4fae-be2b-63a0e713fef5,XC703174-DUFL_2021-06-04_Surveyor_Campground_Klamath_County_OR_0834.flac,Xeno-canto,Aves,True,5.382519427131304,-0.10543757851701048,4.8213567940266815
sl_eat_all_ssl_all,12,64fee962-59fe-4b32-a996-53a8f0a500b0,XC256074-THRASHE_Cur-bil_c_dawn%20OPCNM%20500m%20082012%200531.flac,Xeno-canto,Aves,True,0.16530641516391473,-0.2332573568498582,0.4545182873523003
sl_eat_all_ssl_all,12,767551e6-6aee-488f-b86a-934001633d21,XC684441-Cape%20Batis%204%20note%20call.flac,Xeno-canto,Aves,True,-0.7940469293173518,-0.5351142448572548,-0.3051092857119175
sl_eat_all_ssl_all,12,f65f769a-7e0f-4a8f-b4c5-407c13a0f3df,XC276215-Muscigralla_brevicauda54cut2A.flac,Xeno-canto,Aves,True,-2.0352123552421455,-0.44087506880121213,-0.9792105089609953
sl_eat_all_ssl_all,12,0f5c174e-631e-443c-b669-913d7a104b82,413492.flac,WavCaps,,False,0.8263460755904575,-0.6928534446898739,0.7873611990903713
sl_eat_all_ssl_all,12,e3017e9b-8dde-411e-9379-397d61190dfa,XC280005-LS_56546%20FALSE%20BAY%20AREA%20Scarlet-chested%20Sunbird%20call%20A.flac,Xeno-canto,Aves,True,1.6589261145605732,-0.04387065185558714,1.8737496530004458
sl_eat_all_ssl_all,12,a012a70a-7061-4d78-99d2-95bfe85811eb,519647.flac,iNaturalist,Aves,True,4.758854065522151,-0.1598037043117968,4.028615671240061
sl_eat_all_ssl_all,12,d8591970-8835-4997-a360-34765d5f69bf,XC428511-Campylorhamphus%20falcularius3.flac,Xeno-canto,Aves,True,2.4814279181586687,-0.6280874110300356,2.2603038916271774
sl_eat_all_ssl_all,12,22d30df2-b2ec-4bb6-94ed-143303dce57e,631192.flac,iNaturalist,Aves,True,1.5048602740229473,0.03988098462120955,1.62430303978724
sl_eat_all_ssl_all,12,45b9c5c2-0617-4b49-845c-ba57e4de9d37,XC698221-RECAV0_210507_1017_lim026_alarme.flac,Xeno-canto,Aves,True,-0.6248567133773328,-0.2777800358400194,-0.41040077107948664
sl_eat_all_ssl_all,12,b93a5062-b645-4972-afa0-64f8b52eaf7b,46680.flac,iNaturalist,Aves,True,3.107636054871773,-0.24136877016455638,2.7770150380034218
sl_eat_all_ssl_all,12,f73d5b6c-4e75-4706-8879-10efb3f9dd6d,XC590985-Megascops%20roraimae%20MNML%20092020.flac,Xeno-canto,Aves,True,-1.179181897697969,-0.6388037644429669,-1.0898380110753039
sl_eat_all_ssl_all,12,3c561d9f-faeb-4095-a8df-db39c9f90e29,2413%2F27.flac,Xeno-canto,Aves,True,0.05913203971082697,-0.38837673274200035,0.31745763922601455
sl_eat_all_ssl_all,12,5ff1b801-99e2-4468-8d1a-003bc3b04b9b,XC304310-Coppersmith%20Barbet.flac,Xeno-canto,Aves,True,1.3234173198403725,-0.7459150199339643,1.291112123452427
sl_eat_all_ssl_all,12,55b259de-bb5a-430f-b244-4074b68ab8e8,Yyy2Msyv3j5Q.flac,WavCaps,,False,1.5501153739421947,0.31822844155823227,1.2299331257525785
sl_eat_all_ssl_all,12,95ee6b95-ab25-4dea-9368-291d38239041,XC499085-190917-100410alveolacinzenta.flac,Xeno-canto,Aves,True,2.5391061660849275,0.005596774685230038,2.431068748275403
sl_eat_all_ssl_all,12,95692cfb-15bf-4154-972c-e5b56cd998d3,650032.flac,iNaturalist,Aves,True,1.0478438382312836,-0.08449215569358749,1.210987212928336
sl_eat_all_ssl_all,12,d2e93f15-608a-4d0a-95c5-fe87761ced2d,XC139158-Northern%20Puffback%20Manegusha.flac,Xeno-canto,Aves,True,-0.6937824710522416,-0.29853685352807136,-0.29034607800206047
sl_eat_all_ssl_all,12,44931f2b-2ab3-4914-8242-05d44c65b572,83_11691_000076_0000044.wav,NatureLM,,False,-2.4239991961497163,-0.47933629719349835,-2.4974690355525855
sl_eat_all_ssl_all,12,ce541065-12f5-4555-ad32-64dcb6a2cbd9,XC538724-Indian%20pitta.flac,Xeno-canto,Aves,True,0.5800515457915632,-0.3760632320115848,0.8233296424245965
sl_eat_all_ssl_all,12,880d47c7-4327-42c4-a423-4b34ab155b4b,133566.flac,iNaturalist,Aves,True,1.0529757066445535,-0.5395820024939696,1.128573525168307
sl_eat_all_ssl_all,12,5746276e-db0b-49eb-8508-ac908d8e3677,XC133023-2006022014_Cuculus%20clamosus_Nysvli_F%20DEROUSSEN.flac,Xeno-canto,Aves,True,0.018113057703257912,-0.9629954221166795,0.40608971997737936
sl_eat_all_ssl_all,12,58256ccf-1484-4797-acd3-15a9751cc3d9,XC157730-Gampsorhynchus-rufulus-FL%20response%20Chidu%20area%2C%20Mishmi%20%207Apr13%207.33am%20LS113820.flac,Xeno-canto,Aves,True,-0.0272464814601847,-0.2676415935601008,0.25866021726000854
sl_eat_all_ssl_all,12,9d183521-c0ab-445b-941e-add62ef1a4bb,40452.flac,iNaturalist,Aves,True,2.2075970691477336,-0.21043612461432765,2.2717886470443736
sl_eat_all_ssl_all,12,831a5856-1d86-4990-b6d0-4647d9d4bbe4,XC218938-Chestnut-fronted%20Macaw%20B%202035.flac,Xeno-canto,Aves,True,-0.0320207473314818,-0.10070104758035303,0.11236575778061145
sl_eat_all_ssl_all,12,cb524d84-593e-4d3b-b733-d8b747ce513c,XC760819-201016_0034-Vattenrall-kattuggla.flac,Xeno-canto,Aves,True,4.33680951764575,-0.5859309246441052,3.7791921288084693
sl_eat_all_ssl_all,12,57ccbcb8-2320-49db-b21a-1b75139f3ee9,115565.flac,iNaturalist,Aves,True,4.393909910007819,0.4380123763194746,3.8143824737610297
sl_eat_all_ssl_all,12,8bec7a0c-beaf-4a10-adb4-567825faa1cf,XC664893-9%20Saborta%20Warning.flac,Xeno-canto,Aves,True,-0.1299098202828648,-0.008322786208919575,0.015182990553279319
sl_eat_all_ssl_all,12,768010b4-e17e-48d6-8a0f-02736799380d,XC561638-cho%20hul%20femelle2.flac,Xeno-canto,Aves,True,1.378654760503465,-0.4166318535418694,1.3123652775659918
sl_eat_all_ssl_all,12,098334ce-c397-4222-8296-8ffca7fae437,194139.flac,iNaturalist,Aves,True,2.6329915591044797,0.30686509663243683,2.381842137050173
sl_eat_all_ssl_all,12,dfd6cbf9-31a5-4bb6-b123-9f59b3ff4daa,SSW_118_20170429_220023Z.001_008.wav,NatureLM,,False,-2.0440914852741647,-1.3264989571067827,-2.6323402145834605
sl_eat_all_ssl_all,12,3cb08433-cebb-4c98-898b-80e54ecb219f,32802.flac,iNaturalist,Aves,True,-0.5094138319040912,-0.8993771862575798,-0.10397704627715654
sl_eat_all_ssl_all,12,938bd247-c632-47bd-bbe2-f00ed2e54ea8,Serinus_mozambicus_barbatus_20100701_zang_Lake_Bunyonyi_OEG_LS100329egg-z.flac,Xeno-canto,Aves,True,3.3040858052281554,-0.24756387374981143,2.898090652637721
sl_eat_all_ssl_all,12,0f9889a9-b9a6-4e30-8b08-d0242da6a515,410922.flac,iNaturalist,Aves,True,-1.3343779215592968,0.11459007568688273,-0.7661379211216701
sl_eat_all_ssl_all,12,137895f2-c6ee-406a-9eb4-40e40df36b48,XC413503-Surucua%20variado3%20%28Trogon%20surrucura-OK-OK%29.flac,Xeno-canto,Aves,True,1.8673320738629386,-0.21149467872938157,1.8660837062246434
sl_eat_all_ssl_all,12,547a075d-83d1-4019-8116-45f9dcc43c5e,XC422294-Blue-banded%20en%20Blue-headed%20Pitta%202%20260218%20Danum.flac,Xeno-canto,Aves,True,1.342628938537998,0.1743633891793589,1.469940289196975
sl_eat_all_ssl_all,12,bdc650b9-36d5-47ed-824c-13cca43302ff,SSW_154_20170513_190014Z.028_017.wav,NatureLM,,False,-5.184668859209076,-0.24694039453663374,-5.558908357731223
sl_eat_all_ssl_all,12,6e6fd995-7fe2-447c-8162-1dc4f2f22e6a,XC699785-29-01-2022%206e24%20Pomba%20asa%20branca%20CARAIBAS.flac,Xeno-canto,Aves,True,1.0574999321756104,-0.3250873476129628,1.383018689572348
sl_eat_all_ssl_all,12,c99b124b-07b7-4093-a90b-ffdd2c65a727,684349.flac,iNaturalist,Aves,True,3.518722359404349,-0.05325076356422562,3.1752207299980144
sl_eat_all_ssl_all,12,20ba605b-ee08-422c-ba42-f5dcc27d0a22,XC228328-Summer%20Tanager%20A%2015074.flac,Xeno-canto,Aves,True,5.169892988260186,0.12228078001334003,4.6474628867845755
sl_eat_all_ssl_all,12,5e87f433-d182-4e50-9aa9-27922cdcbfd2,XC374312-rossignol%20philomele%20tarerach%2066%20not%20seen%20A.flac,Xeno-canto,Aves,True,0.8298875564981076,-0.2956562167530135,1.0548266806232895
sl_eat_all_ssl_all,12,58d9139e-0f1e-463a-bdf7-0be4801378fd,XC784638-fou-mac-ENC-kerlidic-220123.flac,Xeno-canto,Aves,True,0.44148813560575745,-0.7035159581270036,0.5934033970228394
sl_eat_all_ssl_all,12,76dd7bc3-8435-48c0-9f78-d0a3ab3b5b10,YDTngmSh5wnI.wav,NatureLM,,False,-1.9069229302529824,-0.20161495066274315,-2.0331343206141006
sl_eat_all_ssl_all,12,2c3c454c-0b4e-46df-92f6-e31c1ddc72e1,XC557317-BlackThroatedGreen.flac,Xeno-canto,Aves,True,5.1651602301135835,-0.19803210904017565,4.510036519579886
sl_eat_all_ssl_all,12,9b448211-8049-4506-9419-b87c7eb56679,145647.flac,iNaturalist,Aves,True,3.1223586751315415,-0.1916193180545556,2.8090169957685496
sl_eat_all_ssl_all,12,61b544a0-e4aa-4ae3-b37c-d5f4dab651ec,XC498630-GRACKLE_Gre-tai%20Tepic%20900m%20042519%200707.flac,Xeno-canto,Aves,True,2.8736980071493,0.48098994932648365,2.9569708644645822
sl_eat_all_ssl_all,12,93113a3a-def3-467f-a6a8-0aea0e83c63e,XC614959-Pipit%20de%20Richard%20Carolles%2012%20nov%2019.flac,Xeno-canto,Aves,True,-5.8569773248793116,0.5926288945067061,-4.574537725006939
sl_eat_all_ssl_all,12,24b8e155-3f39-4502-8d6c-ae5b54479f95,XC510190-LS_58313%20Hildebrandt%27s%20Starling%20predawn%20song%20B%20Superb%20Starling%20C%20Slender-tailed%20Nightjar%20C.flac,Xeno-canto,Aves,True,1.7455044899464336,-0.2516803071692025,2.041152390954214
sl_eat_all_ssl_all,12,aaa9904c-848a-4384-87b1-240b3b528125,121638.flac,iNaturalist,Aves,True,1.3500186901714348,0.0392237650411838,1.3420776143992394
sl_eat_all_ssl_all,12,1be2c6f6-d8c9-4f70-92e4-b56e5cdea7f0,252028.flac,iNaturalist,Aves,True,-1.7614064226470296,0.32738832565874104,-1.531892519679039
sl_eat_all_ssl_all,12,0de51500-38b0-4fba-91d8-4197b88be5c0,XC268851-carduelis%20carduelis%202%20parque%20alamillo%2010-05-2015.flac,Xeno-canto,Aves,True,0.5263529366681775,-0.1338635503595944,0.5576497744443235
sl_eat_all_ssl_all,12,e5e7833a-1fb9-40f5-a213-ca0cd70e516e,51356.flac,iNaturalist,Aves,True,-1.1069507829087208,0.5583012307083884,-0.27251200745162635
sl_eat_all_ssl_all,12,c9baa9ca-fe4c-47a6-914f-639f436c7bfb,SSW_110_20170429_110008Z.012_001.wav,NatureLM,,False,1.384082623408997,0.5401956318057548,1.4451856665038085
sl_eat_all_ssl_all,12,c51efe87-1e37-4b67-9577-fdc4f81e35dc,COOT%20Red-gartered_02_La%20Verdosa_25%20de%20Mayo_Buenos%20Aires_AR_20OCT01_Bernabe%20Lopez-Lanus.flac,Xeno-canto,Aves,True,2.4648198585944967,0.2030244974872334,2.3323123166057838
sl_eat_all_ssl_all,12,93c18450-b237-4c1a-86b8-f3f083500889,151117.flac,iNaturalist,Aves,True,1.8270688817612948,-0.14274831984713968,1.7860115853889926
sl_eat_all_ssl_all,12,6abc42ac-bced-4f8e-bc1b-15d06257a15c,453053.flac,WavCaps,,False,-1.2205456627024611,0.8377419864286705,-0.8123927723665225
sl_eat_all_ssl_all,12,259b6cdc-b252-4618-b2dd-2002b3a00c2b,411097.flac,iNaturalist,Aves,True,-0.07183875890910527,0.4412690058728735,0.3704476038408218
sl_eat_all_ssl_all,12,3afa59d0-3f62-4840-8d8b-166a12870993,XC424030-Myiarchus%20tuberculifer%20R%20Bellavista%2012%2006%202017%203%2055%20pm.flac,Xeno-canto,Aves,True,0.8222261611793471,-0.1767983617395788,0.813539529927984
sl_eat_all_ssl_all,12,f36d9ee1-b897-4137-91f7-bdf664bc16f7,ICLISTENHF1251_20140904T175409.262Z_038.wav,NatureLM,,False,-2.2953070724334825,-0.5813346790441101,-2.217405997443837
sl_eat_all_ssl_all,12,b5f12d26-7328-4f78-b2a5-a3f7a363e89f,XC465758-R37_0108%20Coraya%20Wren.flac,Xeno-canto,Aves,True,1.5019964734491809,-0.572662795533242,1.4852800002670767
sl_eat_all_ssl_all,12,ad0c2a47-07f3-4f39-93e4-184b117456c3,XC426860-LS108242%20Black-crested%20Bulbul%20song%20B.flac,Xeno-canto,Aves,True,2.6799160392652173,-0.4971494967408701,2.645500389236999
sl_eat_all_ssl_all,12,0881cd4e-e788-4668-b4b3-a8dce94f0306,156708.flac,iNaturalist,Aves,True,1.8626720645731993,-0.6378461183576598,1.757075135775686
sl_eat_all_ssl_all,12,e5e0eb45-0623-43f2-9fc6-fdffffdcea69,XC390467-White-throated%20Laughingthrush%2001%20-%2015Dec16%20-%20Sigri%20-%201109.flac,Xeno-canto,Aves,True,1.8133609342351105,-0.5410347315681169,1.7486369581079764
sl_eat_all_ssl_all,12,1a705b9e-4b45-4fc0-9ca9-0dc306e7e1e8,SALTATOR%20Golden-billed_17_Putre_I%20Region_CH_4NOV99_Alvaro%20Jaramillo.flac,Xeno-canto,Aves,True,3.1408335760154817,-0.5005837641464728,3.0956499374078854
sl_eat_all_ssl_all,12,a50d1daf-2f9a-4f8a-822f-51ad13bbadb4,YIA3Um5JtMqU.wav,NatureLM,,False,-0.6239295328297618,-1.6129250320664528,-0.8268790512195667
sl_eat_all_ssl_all,12,f56125d7-e8ff-429a-887a-cf6cc7717b3a,XC277200-PODCRI10h40m35s23jul2015%20%282%29.flac,Xeno-canto,Aves,True,-0.3458785451732127,0.21432514896531754,0.4473893081189367
sl_eat_all_ssl_all,12,1bff0b95-7210-4a2d-b0f4-8269923f8144,XC504170-26-10-19%2000.07%20Gru%20sopra%20casa%20%28online-audio-converter.com%29.flac,Xeno-canto,Aves,True,-0.48776216177970694,-0.2625155272072499,-0.1642264513361143
sl_eat_all_ssl_all,12,c5a97ecb-3eb2-41e8-82fd-ffd90d062fd7,XC684562-vite-vite-de-cabe%C3%A7a-cinza.flac,Xeno-canto,Aves,True,2.006194392242553,-0.09674249846514801,2.0720642784356413
sl_eat_all_ssl_all,12,9c65b9d3-98d4-4d13-a705-94529a1c3241,ICLISTENHF1251_20140404T200459.775Z_051.wav,NatureLM,,False,-3.822117016468879,-0.6290215733023887,-3.5653821962732613
sl_eat_all_ssl_all,12,09f37e69-9a9c-416b-9c44-86358a8ac40d,XC314241-Unknown%20-%20poss%20gw.flac,Xeno-canto,Aves,True,1.542834993297376,-0.057557059108565824,1.74688469933668
sl_eat_all_ssl_all,12,6754e8a8-358b-4094-8b60-c013fa7fa5d8,XC773008-170519_01-Buskskv%C3%A4tta-s%C3%A5ngl%C3%A4rka.flac,Xeno-canto,Aves,True,2.321676731934415,-0.6116952252580069,2.3334212346780707
sl_eat_all_ssl_all,12,4031dcbb-cf15-4625-8794-0a18eba07430,110409.flac,iNaturalist,Aves,True,-1.0761028051061907,-0.19257644940982796,-0.5528572190010845
sl_eat_all_ssl_all,12,f86852f7-a734-4245-a146-857bac1d5a7d,32073.flac,iNaturalist,Aves,True,2.662059792978902,-0.35372048341100193,2.4112755572119005
sl_eat_all_ssl_all,12,d67a295c-5acf-455b-9e1f-2e7e9b8751f7,XC336055-160409-191944_Cyanistes%20teneriffae%20teneriffae_R.flac,Xeno-canto,Aves,True,0.6519513592879831,-0.09877048134967786,0.7458716135731414
sl_eat_all_ssl_all,12,4bfa106e-19e4-4a55-bee6-bccdae6395f2,XC762905-LS_51891-Common-Newtonia-song-A.flac,Xeno-canto,Aves,True,-2.781825348698095,-0.31791909938816487,-1.8401497312455501
sl_eat_all_ssl_all,12,b7f488dd-4a90-46eb-8d15-2e26c469c741,XC646539-Guira%20guira%20Maceio%20AL%20Ilha%20do%20Lisboa%205%20May%202021%20RSS.flac,Xeno-canto,Aves,True,0.5381401572523077,0.14300912494923773,0.7162932072258164
sl_eat_all_ssl_all,12,c5fd87a3-5302-492d-bdd6-b742b5cb396b,XC525575-x_IAvH-CSA-5771.flac,Xeno-canto,Aves,True,1.0374363152108181,-0.3578171210826595,0.9612729625865146
sl_eat_all_ssl_all,12,ae52ec88-e2b5-4711-946a-a4cfefdb67c0,373451.flac,iNaturalist,Aves,True,1.4326021097375012,0.57586913068092,1.7829605334457348
sl_eat_all_ssl_all,12,38b5e494-6ef7-45a6-8bc6-d889803c202f,XC567554-Cannaiola%20verdognola1.flac,Xeno-canto,Aves,True,2.6968417384948338,-0.1639397173045863,2.5408559356055163
sl_eat_all_ssl_all,12,cd8055b7-c454-409a-b847-53fca842a0ed,XC629513-MIXPRE-4304.flac,Xeno-canto,Aves,True,1.2434535597976608,-0.5439569934206381,1.3083279284205627
sl_eat_all_ssl_all,12,713a478b-1866-4ec0-9a2a-838d12805843,XC445196-Slaty%20Finch.flac,Xeno-canto,Aves,True,0.9147371180931979,0.846829505272839,0.9020741736905915
sl_eat_all_ssl_all,12,fda78aee-aa4a-4375-be28-331f005d0297,bass_synthetic_096-033-100.wav,NatureLM,,False,-7.32802517370863,0.16825042665782286,-6.973199014594357
sl_eat_all_ssl_all,12,e9bef080-ea2f-4a83-a7f9-6c36320a7b9a,XC439825-BECARD_Ros-thr_c_exc%20Uvalama%20400m%20051018%200619.flac,Xeno-canto,Aves,True,0.5317543321960622,-0.3463810032611475,0.936373428195308
sl_eat_all_ssl_all,12,028bccfe-4580-40cf-9127-7b283908caf5,XC485317-PICCAN%20kaes%20jvk190707.flac,Xeno-canto,Aves,True,-1.0769809959831576,-0.1479401282593786,-1.0001011385928444
sl_eat_all_ssl_all,12,86ca1665-8ebc-441f-87c0-121b189c432a,XC515437-Mirafra_apiata_nom-FL%20song%2035km%20from%20Skittykloof%2022Oct19%207%2C50am%20LS114806b.flac,Xeno-canto,Aves,True,-1.5170062157108677,-0.7625417696400124,-0.8554364342284104
sl_eat_all_ssl_all,12,d4f3df4e-8485-4e95-95ff-f21f6382abfb,XC397510-Fork-tailed%20Drongo%20exc%20SPCA%20dam.flac,Xeno-canto,Aves,True,2.0879537232506244,-0.4708559991129089,2.1207195986458824
sl_eat_all_ssl_all,12,df8cbea6-9ca8-4947-a792-330de6f059e1,XC673485-gul%C3%A4rla%20lock%20ossora%202.flac,Xeno-canto,Aves,True,2.488793059664469,-0.5432175181253627,2.3393415688811627
sl_eat_all_ssl_all,12,e9a8ef71-3906-45ac-965e-ccbb132caa6f,641050.flac,iNaturalist,Aves,True,-2.2997397081079503,0.015064691440113118,-2.4444191338861243
sl_eat_all_ssl_all,12,5cc41868-5483-4ea8-a892-062a57d2d7d0,XC715850-St%C3%B6rre%20korsn%C3%A4bb_120.flac,Xeno-canto,,True,3.250547956780745,0.3169147465589299,3.0065839503956493
sl_eat_all_ssl_all,12,7169c1ff-a981-44f1-af84-f41da149eee2,SSW_165_20170603_010000Z.001_003.wav,NatureLM,,False,-0.6299144756967855,-0.46406602369772243,-0.4555829898696173
sl_eat_all_ssl_all,12,a70ec7f2-0aef-4022-b54b-81c81b40d45e,XC591365-Bar-tailed%20godwit%201226.flac,Xeno-canto,Aves,True,-2.382816958753253,0.6343564479138935,-1.716604889615705
sl_eat_all_ssl_all,12,3c4ce7f6-faf7-4b3c-972d-18a04464be58,XC650670-Cape%20Batis.flac,Xeno-canto,Aves,True,1.8513250688157394,-0.6775252397143411,1.8959097610874025
sl_eat_all_ssl_all,12,da51ccbe-bd84-450c-8e48-a2406a977b60,XC632257-Black-capped%20Pygmy%20Tyrant%20March%2020%202021%20105617%20AM.flac,Xeno-canto,Aves,True,2.2283147308631652,-0.7316377819748163,2.0417100238205332
sl_eat_all_ssl_all,12,21078a26-1dd8-4efa-8db3-29e257096438,463843.flac,iNaturalist,Aves,True,1.962976189235563,-0.39216003798442445,1.6259138832864868
sl_eat_all_ssl_all,12,381969a4-254e-46e8-a473-a7aee66653b1,7538_100043_000013_0000012.wav,NatureLM,,False,-4.714300280032072,1.5819627569738632,-4.77851946932512
sl_eat_all_ssl_all,12,aad98f44-759a-4a72-9b30-5bf077bef385,Sylvia_communis_Co0060_13_short.flac,Animal Sound Archive,Aves,True,-0.17344769699434573,0.27113483263971117,0.21927669611352135
sl_eat_all_ssl_all,12,c0bb22b8-5fe8-4c8b-a13c-f6761abd1665,YLF-070rGEbQ.flac,WavCaps,,False,-1.7338767826759804,-0.11464425609320326,-1.8466973192782192
sl_eat_all_ssl_all,12,8ce5a3bf-5f04-4fc1-86ed-0d193b5d8026,SSW_130_20170506_150010Z.024_010.wav,NatureLM,,False,1.47775404815408,0.2005320493165022,1.422884848376106
sl_eat_all_ssl_all,12,85d6b5cf-22c5-466f-86f0-477c494bfff1,619141.flac,iNaturalist,Aves,True,2.200164013793484,0.8185382121913709,2.2809428945628154
sl_eat_all_ssl_all,12,bf8acb2d-b958-4ffb-9feb-9e89583ac4a7,YoZapEQbSCfw.wav,NatureLM,,False,-0.3387870764860753,0.22101670210680102,-0.6830382481945498
sl_eat_all_ssl_all,12,dffb3b5f-5441-4242-93d7-259ecc0145fb,686932.flac,iNaturalist,Aves,True,4.7725609651516105,-0.23488270541207104,4.116438986626294
sl_eat_all_ssl_all,12,3eebc371-e43d-4382-9075-2c24d5298cb0,SSW_283_20170826_170022Z.047_008.wav,NatureLM,,False,0.8890625509047458,-0.12870965234694573,0.8153478941075082
sl_eat_all_ssl_all,12,b3c983b0-8943-45f0-87fd-a09a0469276f,596384.flac,iNaturalist,Aves,True,0.989678814837553,-1.34101048638981,0.7002790472746765
sl_eat_all_ssl_all,12,155b572c-d1b0-4670-83d1-0e0cdaedb625,SSW_020_20170304_070004Z.030_000.wav,NatureLM,,False,0.699055716078681,-0.616509723438188,0.5536209722289018
sl_eat_all_ssl_all,12,eef42577-4f66-40f6-9836-b064082e6cb7,262702.flac,iNaturalist,Aves,True,-0.811910522654451,0.8644963392094741,-0.5300243802597353
sl_eat_all_ssl_all,12,44839bec-6e8d-49fa-9e64-c50c2bad3ff5,224489.flac,iNaturalist,Aves,True,-3.7459231090907616,0.12477495938820658,-2.6084037412383276
sl_eat_all_ssl_all,12,afa092bb-f85d-4a09-9d0e-d1812b9a0227,brass_acoustic_027-065-100.wav,NatureLM,,False,-8.296088488560361,1.1222320070700513,-7.817365398843978
sl_eat_all_ssl_all,12,d2553af2-6bda-42e6-bcad-633058a3ce05,SSW_250_20170722_130012Z.053_007.wav,NatureLM,,False,1.5656942001833505,0.11441591659188435,1.4800104209857587
sl_eat_all_ssl_all,12,319b430c-7b69-4254-9274-2c98e945fd78,ICLISTENHF1251_20140504T143153.842Z_040.wav,NatureLM,,False,1.1523816458060163,-0.9520125685218215,0.9616316555896828
sl_eat_all_ssl_all,12,28ef18c3-ad07-49c8-838c-654ead86d6a9,44018.flac,iNaturalist,Aves,True,-0.28993921005054196,0.38342305837870355,0.25030094848954754
sl_eat_all_ssl_all,12,a462f272-cffc-4dda-8dd4-055c5d4c89f1,YfEYaxZoQ188.flac,WavCaps,,False,-0.6002549482558911,-1.1073803019569595,-0.728274697367724
sl_eat_all_ssl_all,12,0d9f5134-436f-49aa-b1cd-d5ab070e6917,621985.flac,iNaturalist,Aves,True,0.7859944061405827,-0.009863412977915403,0.8782629573775171
sl_eat_all_ssl_all,12,77fe7099-9ac9-43e8-97a9-05680b0e60d9,109318.flac,WavCaps,,False,-0.29709814746540225,-0.5610048585950832,0.03348938336982091
sl_eat_all_ssl_all,12,0831e3b7-8ca8-4d6a-a12a-b1e18ea91aa0,SSW_226_20170701_190013Z.055_005.wav,NatureLM,,False,-0.6560433833319446,-1.0055743671152486,-0.5504449596078527
sl_eat_all_ssl_all,12,477f40d1-81d0-4c61-b971-9cbec7552c96,keyboard_acoustic_012-023-100.wav,NatureLM,,False,-6.4475344282006875,-0.7273414884205878,-6.584155292553907
sl_eat_all_ssl_all,12,bf728c91-628d-4477-98ec-1006028bbb0b,274751.flac,WavCaps,,False,-3.3857499113423106,1.4049706196619307,-3.4073952366229143
sl_eat_all_ssl_all,12,9576bf10-17fe-4d70-b256-cb074b749282,7816_108621_000010_0000001.wav,NatureLM,,False,-4.679968411464487,0.630478432883273,-4.895678324189118
sl_eat_all_ssl_all,12,d90636cf-daa5-4dcf-b0be-a765fd95a5ae,481690.flac,iNaturalist,Aves,True,1.4807140539906554,0.17630223192612055,1.5314151026006755
sl_eat_all_ssl_all,12,4a918152-129b-4574-95e4-3553c34c17b9,ICLISTENHF1251_20140702T124216.470Z_047.wav,NatureLM,,False,1.7665584273305248,-0.5912036378867099,1.4775641138857023
sl_eat_all_ssl_all,12,bd7a882e-95a8-41ad-8400-271e0e80938d,631338.flac,iNaturalist,Aves,True,0.3388306441384971,0.5153381607920201,0.6376717663500135
sl_eat_all_ssl_all,12,1653e321-adca-400b-81f7-1544730fd523,SSW_117_20170429_210015Z.022_001.wav,NatureLM,,False,-0.3806206267780784,-0.32886714788106336,-0.278862025792512
sl_eat_all_ssl_all,12,5d03780d-6ef4-469f-b2be-7d22b11b8a50,360006.flac,iNaturalist,Aves,True,2.990603806329588,-0.3572684210810427,2.9250596250525533
sl_eat_all_ssl_all,12,e426f293-f8e3-49bd-82e4-11828c92724e,SSW_149_20170513_140018Z.008_000.wav,NatureLM,,False,1.6301543588186531,0.2769710294174967,1.6244503587486427
sl_eat_all_ssl_all,12,1abc296c-d293-4b87-baf9-4cf214190f7f,67274.flac,NatureLM,,False,-1.5964857735981708,0.4539750833132379,-1.5817850273380532
sl_eat_all_ssl_all,12,6d0d0205-e1eb-4be7-9cb0-94af70279fe2,477774.flac,iNaturalist,Aves,True,0.7501866446102964,-0.47141162998022756,1.014980376010537
sl_eat_all_ssl_all,12,629f1648-8d29-4e5a-940e-79eb0703f101,617913.flac,iNaturalist,Mammalia,True,-1.8108047921995754,-0.4815286105565462,-1.1401451908471802
sl_eat_all_ssl_all,12,7a64772f-5aed-4ef6-9225-640fa177075a,630291.flac,iNaturalist,Aves,True,-3.778949547688248,0.9669097921762122,-3.052723661178673
sl_eat_all_ssl_all,12,921825f0-e47e-4fdf-8530-bd859edf9048,mallet_acoustic_039-054-075.wav,NatureLM,,False,-2.447006113596216,0.30890033859529653,-3.2836944852080996
sl_eat_all_ssl_all,12,73bec562-bea6-4112-97ff-9cd0601c6e2d,464287.flac,iNaturalist,Aves,True,3.2487169923004338,0.09924117142734055,3.1384425752577814
sl_eat_all_ssl_all,12,ae81b11d-cdfe-4f8d-8a1d-dc8e0f3249ad,74843.flac,iNaturalist,Aves,True,3.9169772997982912,-0.8691539612125356,3.3852922520582425
sl_eat_all_ssl_all,12,27d118a4-5eea-4c8b-b3c5-8104d1340887,7698.flac,WavCaps,,False,-1.9841392258077206,0.8742331328280732,-1.554864051642117
sl_eat_all_ssl_all,12,83465c78-281b-4f56-9a33-ace4ce79838c,97752009.flac,Watkins,Mammalia,True,-5.752264580704393,1.5302147639030275,-4.97793533118722
sl_eat_all_ssl_all,12,0f9fc4b0-9460-4f57-b0f2-53caea61f5bd,SSW_233_20170708_040004Z.044_001.wav,NatureLM,,False,-4.585214361269751,-0.3474330820576341,-5.097618852732699
sl_eat_all_ssl_all,12,db9da019-9831-4c00-be40-d3e15f86432a,p374_116_mic23.wav,NatureLM,,False,-0.6853091873170271,0.19676924115178906,-1.2206822802840327
sl_eat_all_ssl_all,12,785cba80-d777-4697-8b08-e92f2e65b547,p244_347_mic22.wav,NatureLM,,False,-5.366763693915852,0.9134347986791332,-5.564421140813896
sl_eat_all_ssl_all,12,2d5ee0b3-1aa4-426d-bfb4-e10da5f17f85,9778000S.flac,Watkins,Mammalia,True,-6.235466951823,2.0798104500142065,-5.3294390726280145
sl_eat_all_ssl_all,12,de27cb8b-2eca-49bc-b151-bd77866e897a,153735.flac,WavCaps,,False,-6.48458715457718,0.08921948932839494,-6.860700478890659
sl_eat_all_ssl_all,12,75b42f8b-fe51-4fb1-9ff5-9991b5efe28b,554938.flac,iNaturalist,Aves,True,-0.6920696870169839,0.2707147756181696,-0.31527213881130833
sl_eat_all_ssl_all,12,57b43305-03ba-4a46-9bf2-d67b0b5f6dde,bass_electronic_032-061-100.wav,NatureLM,,False,1.025248009992242,-0.8199388703461674,0.28256012820934284
sl_eat_all_ssl_all,12,a25d96e7-6053-4ac1-bda6-4190e11f087a,mallet_acoustic_019-063-127.wav,NatureLM,,False,-3.742834415571595,-0.31160319493595595,-4.535552634649205
sl_eat_all_ssl_all,12,5803bdb6-5da8-4ef6-b641-bd4fb2191b23,636786.flac,iNaturalist,Aves,True,0.7543670302816645,-0.10236237867446521,0.8104414398340192
sl_eat_all_ssl_all,12,748178b4-01ef-4f66-9fd2-51a426ba901d,keyboard_electronic_000-069-050.wav,NatureLM,,False,-2.018393513018691,0.365452912102482,-2.7725980599629234
sl_eat_all_ssl_all,12,2d35202a-c249-40f2-9cc6-5beee26338ca,568035.flac,iNaturalist,Aves,True,1.3454849350905735,-0.5064818625244724,1.3626337406582987
sl_eat_all_ssl_all,12,5bcc80dc-e86e-4931-b089-c181346c44b8,Y9FDzG0xNp5s.flac,WavCaps,,False,-0.1777059881025248,0.2793023014450379,0.09413389607132054
sl_eat_all_ssl_all,12,19ee1106-5724-4111-afb2-996b9ca09d31,reed_acoustic_026-040-100.wav,NatureLM,,False,-4.493686184679829,-1.1813478960704595,-4.855269603416837
sl_eat_all_ssl_all,12,bf449bc6-4274-497e-bf2e-69d7e1eb6ade,352813.flac,WavCaps,,False,2.6618928075849526,0.21420231664790484,2.3348690429919703
sl_eat_all_ssl_all,12,11a02b0f-18bc-490b-ac70-3497b873e273,egg beater.wav,NatureLM,,False,-0.8986856866864512,-0.24512333275271617,-1.2512811397163008
sl_eat_all_ssl_all,12,2978c4d5-2820-4b09-810c-348fc5354dbc,140487.flac,iNaturalist,Mammalia,True,-0.3816244499384212,0.361283685143181,0.1370270850958811
sl_eat_all_ssl_all,12,63a007cc-9ee9-49c3-be39-f4fa346b9776,SSW_225_20170701_180012Z.052_000.wav,NatureLM,,False,-1.2967033949031275,0.14979258909244014,-1.095038427718954
sl_eat_all_ssl_all,12,b254bdc5-fc58-436e-b900-c91f57a34163,128239.flac,iNaturalist,Aves,True,-1.412903782215201,-1.1625409467882704,-0.865887117945514
sl_eat_all_ssl_all,12,c05844c0-56fc-48b3-af88-dcb87832b238,organ_electronic_072-046-075.wav,NatureLM,,False,-3.7229502182668495,-0.770147644178172,-3.6789434207081912
sl_eat_all_ssl_all,12,de86b4f6-baa5-4086-825e-1536f74d6c9e,281436.flac,iNaturalist,Aves,True,-1.9762798825617762,0.6929522281612668,-1.1365137852589653
sl_eat_all_ssl_all,12,b11cc9b5-e7e8-4b34-a501-695b1b557ee1,599521.flac,iNaturalist,Aves,True,3.4017723321520004,-0.11290323395841433,3.268813697394823
sl_eat_all_ssl_all,12,3ded9bf0-b19e-4ac8-96a9-4e85662256a8,360176.flac,iNaturalist,Aves,True,2.7344037292223673,0.5970091404651303,2.8642478443502855
sl_eat_all_ssl_all,12,f29f24f0-c2c8-4ec0-b4e2-e834b051d04a,p229_032_mic22.wav,NatureLM,,False,-3.6138734257197216,-0.006743398874212429,-4.375489353938624
sl_eat_all_ssl_all,12,96bb6b75-cd6e-4f93-9c2b-d97b4102b502,1446_122614_000023_0000013.wav,NatureLM,,False,-0.6997042377752458,0.4266681578176124,-1.6036490374400096
sl_eat_all_ssl_all,12,5ca1ab61-6044-4152-9cbf-a35fdd8d3bea,37490.flac,iNaturalist,Aves,True,3.5798947227725986,-0.23778912383295114,3.1213695134947033
sl_eat_all_ssl_all,12,94bd8912-1b44-4a77-9970-93316905bd53,ICLISTENHF1251_20140901T070408.359Z_006.wav,NatureLM,,False,-0.6937657463779483,-0.5493182067538152,-0.7119460940007665
sl_eat_all_ssl_all,12,61f8d469-5b3b-4379-8200-cb3faf7486a7,7511_102419_000027_0000014.wav,NatureLM,,False,-3.355310668894518,-0.2506670342479904,-3.703594671188377
sl_eat_all_ssl_all,12,d759aa3d-4cc8-4805-8026-353637682ddf,SSW_140_20170513_040005Z.018_008.wav,NatureLM,,False,-5.251689055363407,-0.4864468636015626,-5.263130557987191
sl_eat_all_ssl_all,12,494ab59a-9fd8-459e-ba68-b37a832bf186,SSW_086_20170408_130009Z.023_007.wav,NatureLM,,False,1.9941686735241362,-0.14504685934151512,1.7132335755437564
sl_eat_all_ssl_all,12,3875840e-2bb2-46ec-892f-f5a899131e5f,436532.flac,iNaturalist,Aves,True,-0.5496058988922539,0.003546742192079816,-0.2163074702348663
sl_eat_all_ssl_all,12,50b80e58-3fd9-4eb4-ac4c-71ec3d5101a2,151600.flac,iNaturalist,Aves,True,-0.20863451683476808,-0.600847998222845,-0.1701171549997369
sl_eat_all_ssl_all,12,aeebffdb-f337-49f7-a052-3a3452f19f8c,keyboard_electronic_026-097-100.wav,NatureLM,,False,-3.017368170136298,-0.40502234612642307,-3.493346828880356
sl_eat_all_ssl_all,12,db664b46-da75-438e-8757-cc5961fb808c,brass_acoustic_060-063-127.wav,NatureLM,,False,-4.435554424283811,0.9078884375665137,-5.114338503268012
sl_eat_all_ssl_all,12,24579bbb-d9ca-4f44-a94a-1a97f096a9f3,429218.flac,iNaturalist,Aves,True,1.228747908849562,-0.282923802578373,1.4985447157927108
sl_eat_all_ssl_all,12,f8812b4c-ec37-4da0-bb84-b535a2cf20b1,409679.flac,iNaturalist,Aves,True,0.8996458164013206,-0.44137613397596853,1.084494759009213
sl_eat_all_ssl_all,12,3854c209-2d01-4fdf-8938-ecfe26b9698a,572730.flac,iNaturalist,Aves,True,3.8093564446905726,-0.26323460532165166,3.418309340174871
sl_eat_all_ssl_all,12,f52ac1e9-3da5-4323-b8be-50154022bdd0,585506.flac,iNaturalist,Aves,True,0.8628410990131188,0.565526512846575,1.1582358795848329
sl_eat_all_ssl_all,12,7a1b65bd-2d5d-4db2-8f2a-bf66b7d9b1dd,bass_synthetic_126-088-050.wav,NatureLM,,False,-2.0655703409305026,-0.025989800462567825,-2.545473178990502
sl_eat_all_ssl_all,12,e3535cd4-4861-4d41-b5c9-6883957c4d3a,mallet_acoustic_020-086-050.wav,NatureLM,,False,-3.123464066190886,0.23874401451926075,-3.827639518145749
sl_eat_all_ssl_all,12,e0ec1be9-dd40-4477-86b4-dc2d74485cb4,123068.flac,iNaturalist,Aves,True,1.3882326196259487,-0.7891376245229733,1.5308469650053398
sl_eat_all_ssl_all,12,9874db31-1872-4cba-9942-620e986576ed,625811.flac,WavCaps,,False,-6.890426716156116,1.0291151927109634,-5.952063201617671
sl_eat_all_ssl_all,12,ba915582-8962-485f-861d-84f87cba0e7f,440191.flac,iNaturalist,Aves,True,1.0408275218720329,0.056192048294011004,1.3239447695314204
sl_eat_all_ssl_all,12,ff6b23d4-3697-4b97-9746-ef7bafec7240,ICLISTENHF1251_20141201T104339.106Z_025.wav,NatureLM,,False,-2.773022286419499,-0.5669211970133983,-2.642417300714551
sl_eat_all_ssl_all,12,aca533a1-cdcb-4c13-860a-82c92bdde47d,330711.flac,iNaturalist,Aves,True,3.6264003023813394,0.35007338391621795,3.1443332624632374
sl_eat_all_ssl_all,12,7f9ca590-8228-412d-8945-04c2cd22beec,401495.flac,iNaturalist,Amphibia,True,0.8094637458973756,0.5162922294388479,1.1308088340415943
sl_eat_all_ssl_all,12,96a47dc8-1bdc-4246-a0fc-ba9fb3233336,83035019.flac,Watkins,Mammalia,True,0.08406567379371713,-0.3064188822184649,-0.14738173041330682
sl_eat_all_ssl_all,12,ac564bbc-2243-4b3d-ae3b-088eaf4e65ff,536618.flac,iNaturalist,Aves,True,2.5626721972725908,-0.575991217815524,2.3235950621846673
sl_eat_all_ssl_all,12,088da057-5719-4d3b-9beb-e6baaec7206f,231495.flac,iNaturalist,Aves,True,3.608160469880655,-0.26138165092144316,3.315000428618747
sl_eat_all_ssl_all,12,8a711d06-4747-4a99-bd49-891b9dae40aa,07046113.flac,WavCaps,,False,-2.2613292071778215,-0.3961600910437491,-1.8110486619942048
sl_eat_all_ssl_all,12,9575c601-9417-4f6e-b9f6-373c3ac12cf0,189696.flac,iNaturalist,Aves,True,1.9260619989090242,0.17552350504056466,1.8857775826039944
sl_eat_all_ssl_all,12,8f3ff8f0-9d15-4c7e-bec7-e1b8d9338f96,73001002.flac,Watkins,Mammalia,True,-4.5922437253962975,-0.4147966833295744,-3.7233568815518034
sl_eat_all_ssl_all,12,734c9e30-160b-45a1-8e19-0cdb8bea7327,reed_acoustic_015-086-100.wav,NatureLM,,False,-5.899674786150873,1.0056104637966077,-6.147461804069313
sl_eat_all_ssl_all,12,516da4a0-75bb-427d-b12d-e4a97dce00f5,guitar_acoustic_028-056-025.wav,NatureLM,,False,-3.3749104583359144,0.9957559578148947,-3.481730533762809
sl_eat_all_ssl_all,12,f07da3dc-c385-450d-9ad2-f09f3db64967,15383.flac,iNaturalist,Aves,True,2.502031105169242,-0.21757743000967622,2.5675820351843948
sl_eat_all_ssl_all,12,9740dd80-2577-44da-b97e-7c34fe86126e,bass_synthetic_055-090-050.wav,NatureLM,,False,-3.549028789455136,-0.12528661442438715,-4.040468676199511
sl_eat_all_ssl_all,12,b2636c9f-22f2-410f-9357-4ca5399c2688,74573.flac,iNaturalist,Aves,True,-0.24863720644550105,0.01872002289942183,0.3429812341153955
sl_eat_all_ssl_all,12,c1aca1af-5595-4d72-a1d8-71c8b4da3fc5,187180.flac,iNaturalist,Aves,True,0.04365235539764317,-0.14193204083575287,0.3408140798259838
sl_eat_all_ssl_all,12,553090a2-13b2-442c-9013-2f23ebfc492e,299274.flac,iNaturalist,Aves,True,-1.2069227331633963,0.22586107470836425,-0.2097445259246144
sl_eat_all_ssl_all,12,a39e86af-800c-48cb-a4c6-71a747614bd0,ICLISTENHF1251_20141103T235254.811Z_048.wav,NatureLM,,False,1.4856508895804201,-0.28814667702307206,1.2361834083379262
sl_eat_all_ssl_all,12,5d08b01d-eae0-478b-8980-7bd94f971b2a,427181.flac,iNaturalist,Aves,True,0.06020336405434741,0.5539093698782881,0.5473019131536185
sl_eat_all_ssl_all,12,4c60c3b3-9c2b-493b-ab73-a8bb8c34becc,490100.flac,iNaturalist,Aves,True,0.44548615276523695,0.7772189096783603,0.9176322258465558
sl_eat_all_ssl_all,12,206a5564-2708-48d7-9916-4331c5afb1f0,369128.flac,iNaturalist,Aves,True,1.4799799489399974,0.5400718424795049,1.4789050548819669
sl_eat_all_ssl_all,12,4737a6c3-1dbb-44d5-a48e-9efd1a064bee,562852.flac,iNaturalist,Aves,True,2.8282414511340663,-0.3074204733608772,2.456264968596807
sl_eat_all_ssl_all,12,bb4acf9c-af4f-4736-b0ce-7f12cf6fdc59,672642.flac,iNaturalist,Aves,True,-2.694956120185834,0.7192133915950243,-2.0458605929662053
sl_eat_all_ssl_all,12,59b72759-5956-4f4b-8556-c198f6a29b8a,300806.flac,iNaturalist,Mammalia,True,-0.0841030831421861,-0.29279036386800483,0.2383534908565619
sl_eat_all_ssl_all,12,e54c1d0b-b018-4416-8430-4c8949687ec8,113491.flac,iNaturalist,Amphibia,True,-2.2137888566389803,-0.049505025542728245,-1.5102178293212516
sl_eat_all_ssl_all,12,cac6fff4-a44c-4ec2-9006-4f57e74888ac,449756.flac,iNaturalist,Aves,True,2.9723416219352106,-0.4491788613139103,2.662459958925412
sl_eat_all_ssl_all,12,0e0ba821-15c4-4c34-afa0-05f4be6c4484,335852.flac,iNaturalist,Aves,True,1.9370771856241622,-0.08370775893158264,1.866584574267593
sl_eat_all_ssl_all,12,6725007e-7dd3-4060-a13f-56dd2a5b05a1,YNp5CqgFVwsA.wav,NatureLM,,False,-2.420950822257706,-0.4883647866280675,-2.3780994846441383
sl_eat_all_ssl_all,12,4adde8a7-63e6-4948-ac84-031740678e8b,Y5cezddiPBAo.wav,NatureLM,,False,-3.4167539985387023,-1.4676160354132364,-3.50093459230213
sl_eat_all_ssl_all,12,2e32c005-b583-43d8-8082-0651abd5274f,103506.flac,iNaturalist,Aves,True,0.8366785123786373,-0.04182420704055319,1.207775448247368
sl_eat_all_ssl_all,12,1ed8e7c2-6897-4eef-88d6-86845316f6c6,574908.flac,iNaturalist,Insecta,True,-0.13201405411223488,-0.026041670451318888,-0.1021823671147486
sl_eat_all_ssl_all,12,edc2bd4a-373c-44a7-a983-ae61dc069128,574372.flac,iNaturalist,Aves,True,-2.009321327888589,-1.475125886721309,-1.81222053033428
sl_eat_all_ssl_all,12,32004731-1228-4450-a0e2-a9830daba3b7,Tettigonia_viridissima_V1829_25_short.flac,Animal Sound Archive,Insecta,True,-0.6598869190278971,0.0315753025359969,-0.6689740374523562
sl_eat_all_ssl_all,12,eca527eb-183d-4faa-be06-28ce9543b516,670805.flac,iNaturalist,Aves,True,-0.20421248203339973,0.21832541168352398,0.15468952407745012
sl_eat_all_ssl_all,12,3e6b1f2c-5dca-4c77-8767-eb5394ec2c14,ICLISTENHF1251_20140802T044029.421Z_027.wav,NatureLM,,False,2.485309051148374,-0.4865313006851339,2.085470677306927
sl_eat_all_ssl_all,12,41a1dfe4-0973-4f09-988a-329ea7cb7cf5,578883.flac,iNaturalist,Aves,True,4.719869531929229,-0.22034331474256458,3.9849060125252596
sl_eat_all_ssl_all,12,1e08a0f4-be9b-4c76-9c4f-4eac81dc1c40,506582.flac,iNaturalist,Mammalia,True,-2.4485235299658923,0.9076697294591363,-1.8434274325724638
sl_eat_all_ssl_all,12,a8253011-aeba-4dc5-976d-747589d08931,p278_023_mic22.wav,NatureLM,,False,-3.720083216305466,-0.3662715620471301,-4.053090034317259
sl_eat_all_ssl_all,12,1293cd47-9853-4299-8887-04fd759ec354,214557.flac,iNaturalist,Amphibia,True,1.2809158575131523,0.21867672212212708,1.5030046574883973
sl_eat_all_ssl_all,12,ab10bc86-469b-430b-b965-2871ca1ac7d0,YM1KvQp2NUq0.flac,WavCaps,,False,1.007691343061698,-0.19361190570771497,0.8776658550963836
sl_eat_all_ssl_all,12,2300faf5-a5a1-415a-9a63-5b3c676620d6,SSW_151_20170513_160021Z.019_007.wav,NatureLM,,False,1.266654614268557,-0.2917346312557273,1.1003803780062116
sl_eat_all_ssl_all,12,f771d67a-807c-4ccc-889c-52ec3410553c,269541.flac,iNaturalist,Aves,True,3.351711612347982,-0.32134403937872213,2.9248627570921197
sl_eat_all_ssl_all,12,8756b40f-3d0e-4564-bbd3-7c1f25d22bee,651159.flac,iNaturalist,Aves,True,2.785413635228334,0.7636730552855623,2.5980282221822266
sl_eat_all_ssl_all,12,e8bb0aa3-403a-4067-9710-7430f5cc5024,2654_158744_000004_0000071.wav,NatureLM,,False,-6.917788773003922,0.5620013331732728,-6.67014675703059
sl_eat_all_ssl_all,12,4edef489-cb27-4c03-9cb3-c895bdf8cfcd,84426.flac,WavCaps,,False,-1.087437310752818,-0.24408598143586868,-0.8450077687114611
sl_eat_all_ssl_all,12,52009b8f-bdf0-4108-b0f9-bd2c6ec8f900,241573.flac,iNaturalist,Aves,True,2.670600773836405,-0.18838072119342764,2.29707046198552
sl_eat_all_ssl_all,12,b6a69aa0-7c34-464e-b220-78787c6981ab,Y3BwlstxbnWc.wav,NatureLM,,False,-0.20254200730037114,0.07064881688525204,-0.4332923308290132
sl_eat_all_ssl_all,12,f511ce8c-4765-40fb-9c0b-15a9a81aab27,300754.flac,iNaturalist,Aves,True,2.870850451500435,-0.33073544096331414,2.652833947470657
sl_eat_all_ssl_all,12,1a52c6b0-0b42-49cc-9129-0c5f72051ac5,2204_131732_000041_0000012.wav,NatureLM,,False,-4.374427245751132,0.8993931659894299,-4.391234840709691
sl_eat_all_ssl_all,12,c478a113-b56d-4473-bbf3-7b4d73aef7d0,98816.flac,iNaturalist,Aves,True,-0.15504201548957816,-0.36643559646360224,0.17724110163943588
sl_eat_all_ssl_all,12,f4f45305-472d-4860-a969-bf0ce7e2923e,ICLISTENHF1251_20141203T103122.076Z_054.wav,NatureLM,,False,1.0579041212961886,-0.3196634584380329,0.8808885657458634
sl_eat_all_ssl_all,12,dd80e013-1b6f-46c8-8d4b-120f83f37c95,40co0316_2.397_408a010z_-2.397.wav,NatureLM,,False,1.2302757262832558,-0.1168686295367878,0.7051782543776974
sl_eat_all_ssl_all,12,c5494864-94f2-4e0a-9a6d-fbe9a0765227,490788.flac,WavCaps,,False,2.692698064584318,0.4465980684461526,2.51444358220344
sl_eat_all_ssl_all,12,c3706938-d8d8-44b1-a8bd-aa6864d3da7f,184391.flac,iNaturalist,Aves,True,-2.4112700234754696,-0.06842069136377527,-2.255497316198431
sl_eat_all_ssl_all,12,f6d0d363-d291-419f-b412-da0737eb9469,235760.flac,iNaturalist,Aves,True,-0.8959582723244179,0.7492097874859094,-0.6228180950682254
sl_eat_all_ssl_all,12,28fb5f7c-13d7-4da7-b5c0-6b328dfc19c5,Turdus_merula_Tre_N0165_07_short.flac,Animal Sound Archive,Aves,True,3.0549144119700693,-0.060392823942765086,2.8240395309864645
sl_eat_all_ssl_all,12,439d715d-769c-40bb-bd18-70bd9163ee8d,SSW_227_20170701_200015Z.025_010.wav,NatureLM,,False,-3.412890693963651,-0.4054514493603316,-3.3716910459290217
sl_eat_all_ssl_all,12,c610ab73-a57b-429c-8430-cd1e7f0f4d6c,609353.flac,WavCaps,,False,-1.4765311359378601,-0.17974191287868263,-0.9924064634919474
sl_eat_all_ssl_all,12,76790e0b-a744-48d6-bc93-2757d8e14dba,keyboard_electronic_033-050-025.wav,NatureLM,,False,-5.64796978257566,0.4279196376061591,-5.795660103705584
sl_eat_all_ssl_all,12,dc422392-cf30-433e-a7f8-2b025801a7f6,SSW_125_20170506_090007Z.056_007.wav,NatureLM,,False,-0.3808596490438187,-0.9477115972937503,-0.5678433826590934
sl_eat_all_ssl_all,12,8907c5d9-aa7f-4a5c-bb11-5d6b184286ed,organ_electronic_034-054-127.wav,NatureLM,,False,-1.7239269743984786,0.22999598012316635,-2.5632544344384947
sl_eat_all_ssl_all,12,6d6f7493-cc30-4b28-8496-f5773be60572,78007027.flac,Watkins,Mammalia,True,-3.154379278496016,0.7689218094446921,-2.647323347282035
sl_eat_all_ssl_all,12,ee783ab4-be88-4dfe-a4d0-3aaac85badc5,ICLISTENHF1251_20141202T011144.851Z_027.wav,NatureLM,,False,-1.076388466769319,-0.15844845485442177,-1.1383690292621773
sl_eat_all_ssl_all,12,0d0efb49-ae03-4f2e-bc0f-c651d9ce9c6a,p244_082_mic24.wav,NatureLM,,False,-5.287732677549533,1.234397324881659,-4.774305527019284
sl_eat_all_ssl_all,12,7bca125f-ba28-4934-9681-fa5916444ee5,vocal_synthetic_005-076-050.wav,NatureLM,,False,-7.067513753766127,0.5262522322930412,-6.449873669190625
sl_eat_all_ssl_all,12,220b8cb1-f1e1-45bf-9267-a9973d9fb438,guitar_synthetic_008-092-100.wav,NatureLM,,False,-5.937891224929693,1.4485786800734104,-6.155907753012537
sl_eat_all_ssl_all,12,bb721e59-ee82-466f-91d9-19d3586fdfda,ICLISTENHF1251_20140702T183216.535Z_035.wav,NatureLM,,False,2.6339261829457232,-0.4079069626362781,2.1302392139370134
sl_eat_all_ssl_all,12,f777a4d8-a73a-4218-8eaa-f1c8b9602384,reed_acoustic_003-034-100.wav,NatureLM,,False,-8.952777562890518,-0.2853555140249654,-8.593852210789528
sl_eat_all_ssl_all,12,06d39be0-bfce-4c0c-911b-e9c27ef76c76,ICLISTENHF1251_20140901T121408.411Z_018.wav,NatureLM,,False,4.527749139993775,-0.40573560563792943,3.707936626457559
sl_eat_all_ssl_all,12,8bc5604b-86f2-4126-aafa-934bd8e56386,SSW_246_20170708_220025Z.018_007.wav,NatureLM,,False,-3.844249108721604,-0.7627089956032118,-4.1784432759207695
sl_eat_all_ssl_all,12,5c4635a9-bbcb-4055-964e-e1a680f94e50,ICLISTENHF1251_20140702T183216.535Z_054.wav,NatureLM,,False,1.7107516926216522,-0.4505513168171834,1.2753692225599642
sl_eat_all_ssl_all,12,a19b22fe-babd-46ad-a94b-fb5909db58e1,ICLISTENHF1251_20141004T035246.107Z_002.wav,NatureLM,,False,1.923793859956682,-0.5639258569452282,1.4419846373950511
sl_eat_all_ssl_all,12,1a22ad44-2627-47b2-99f3-bb14e084abd1,37301.flac,WavCaps,,False,-5.597373108093329,0.992184178593205,-5.258357709531991
sl_eat_all_ssl_all,12,0c742eaa-2cd8-4877-86fe-82f3c03ad414,6696_73296_000017_0000003.wav,NatureLM,,False,-0.850769626813322,-0.40037677367633384,-1.3903617227915817
sl_eat_all_ssl_all,12,f0b0d77a-d521-40eb-91d2-80f715bc274d,vocal_synthetic_006-090-075.wav,NatureLM,,False,-0.2590891150919336,0.014626197173916403,-0.9415664294121588
sl_eat_all_ssl_all,12,5443139d-7439-4066-8928-850b443c93e9,Y6GmoFefjuHw.wav,NatureLM,,False,-1.4068607815272947,-0.3919003740839284,-1.432098136520077
sl_eat_all_ssl_all,12,e5f13262-458c-4221-8024-8c951f461322,guitar_electronic_037-044-127.wav,NatureLM,,False,-2.136568373066664,0.608937886576367,-2.798364453112136
sl_eat_all_ssl_all,12,b0a58bc9-8bde-4c3a-8a03-b77511bcfb67,4214_7146_000054_0000021.wav,NatureLM,,False,-3.2392236800149647,1.4359438144577008,-3.4178330699063233
sl_eat_all_ssl_all,12,b195ba59-7a66-436b-b9d7-277d58b90f8f,6608400N.flac,Watkins,Mammalia,True,-5.023306371347188,-0.1986608129624679,-4.1661140630545415
sl_eat_all_ssl_all,12,ba8f95cd-ce04-4060-b948-e0818a6e8999,bass_synthetic_008-055-127.wav,NatureLM,,False,-3.254725638861329,-1.5368972770414242,-3.5748268528462916
sl_eat_all_ssl_all,12,56688b9f-09b2-41be-9708-f87b57fd7c3e,Panthera_tigris_S1423_03_short.flac,Animal Sound Archive,Mammalia,True,-0.7086264480217241,0.50043254653994,-0.25053827857623373
sl_eat_all_ssl_all,12,aa4a1377-c129-41d2-a6e3-1418dee8a958,SSW_114_20170429_180011Z.047_017.wav,NatureLM,,False,-2.2549182686541487,-0.17608811771860386,-2.8130258834863984
sl_eat_all_ssl_all,12,d29c730a-30c4-4285-9c49-85b0ce36c05b,882_123267_000037_0000011.wav,NatureLM,,False,-5.5269323390748974,0.6572115216021761,-5.6205471955858
sl_eat_all_ssl_all,12,811f1467-3a96-402f-91b7-9b20956669a7,5601700A.flac,Watkins,Mammalia,True,-5.851734820465506,2.5324777063495456,-4.9991087001555625
sl_eat_all_ssl_all,12,7ca1f2b1-76b2-4493-9470-b763c1a6f099,guitar_electronic_014-050-075.wav,NatureLM,,False,-2.719058764739027,-1.354377362607848,-3.340345473594267
sl_eat_all_ssl_all,12,6b95a6c1-5c50-4060-938d-0d24bbc7f9bf,p288_356_mic12.wav,NatureLM,,False,0.13728437224082982,-0.16768795104982245,-0.20722860774760846
sl_eat_all_ssl_all,12,f466d0cb-9598-4122-86c6-97f876e8ec94,444c020l_0.75853_22go010b_-0.75853.wav,NatureLM,,False,-0.8656866823064988,-0.9925532438523655,-1.0952820990099668
sl_eat_all_ssl_all,12,f0210edb-302b-4538-b9c5-39be5c0c1c9e,Yzat8mWJSJjo.flac,WavCaps,,False,0.474875393381321,-0.20873015448835602,0.10525603106157963
sl_eat_all_ssl_all,12,b0dc3b3a-53ea-40dc-9f22-c657e4eb4629,SSW_021_20170304_110008Z.045_009.wav,NatureLM,,False,-2.0353180762192284,-0.09522710853235614,-1.8154536390545328
sl_eat_all_ssl_all,12,29bbc1a7-a86c-4e1b-92b0-409d0f220895,209a010i_0.056719_40gc020o_-0.056719.wav,NatureLM,,False,-2.092430882328126,-0.6076046044590091,-2.5915482903595226
sl_eat_all_ssl_all,12,6728d88a-5871-4171-a98a-0bfe4dab821d,brass_acoustic_001-037-100.wav,NatureLM,,False,-1.3667252352837354,-0.22224574924060375,-1.7916925590076653
sl_eat_all_ssl_all,12,a8bc19d5-57d6-42d9-95ff-9335d32c0b68,bass_synthetic_106-087-127.wav,NatureLM,,False,-5.235467190621231,1.377936889074714,-5.2909385197921655
sl_eat_all_ssl_all,12,d4af2244-e48e-40cd-803e-a0e001d3bf19,YP7WjiBsM5rU.flac,WavCaps,,False,2.615224130655169,0.109360808936421,1.9243529427018888
sl_eat_all_ssl_all,12,46b4375d-7993-477a-adfc-315e1eab1617,Fringilla_coelebs_Tre_N0067_06_short.flac,Animal Sound Archive,Aves,True,2.385214330509998,-0.14061065655871757,2.30195334103147
sl_eat_all_ssl_all,12,e4a1ea08-a1ba-4abb-b487-8c4a1f8fe9cd,348629.flac,WavCaps,,False,-2.2152711635013587,-0.049698325856515624,-2.119720676065408
sl_eat_all_ssl_all,12,99613f62-eff5-46ae-8b4e-e9ed7d9e9b33,Y2IP8siC6ID0.flac,WavCaps,,False,1.9011258511215607,-0.2771299988117938,1.5146130648527063
sl_eat_all_ssl_all,12,41fcdf68-9418-468c-842d-73340980ab31,369274.flac,WavCaps,,False,-3.8867418225840704,0.11474670209528762,-3.5456793094482704
sl_eat_all_ssl_all,12,ce979d4c-5bd0-4bb2-b7c4-5574e2c906b8,222523.flac,WavCaps,,False,-6.6365423379160084,0.59543390372836,-5.921000715674104
sl_eat_all_ssl_all,12,c6c6f5e7-649b-4254-b411-59319ca8461c,Y8oiyVt6-erA.flac,WavCaps,,False,-2.581779432473772,-0.9426864513224569,-2.0501338361640538
sl_eat_all_ssl_all,12,f6060001-2a4f-4e41-8e24-0aa5b2091834,7900500U.flac,Watkins,Mammalia,True,-3.6126541858549412,0.5475858876089181,-3.185082060949737
sl_eat_all_ssl_all,12,e6d6174d-1753-4cee-bbba-95ff4a6895d9,57026077.flac,Watkins,Mammalia,True,-3.366406439904458,1.7167260912273798,-2.3182828652557994
sl_eat_all_ssl_all,12,8c41264b-bfd3-4c78-aee7-2c5af4087171,Cuculus_canorus_CoMC0004_10_short.flac,Animal Sound Archive,Aves,True,-3.514346028065156,-0.1398025311407679,-2.5153312590801757
sl_eat_all_ssl_all,12,bc1ce63c-8a71-48d4-accb-d4e737357b5c,98681.flac,WavCaps,,False,0.7388320657935457,-0.6349776320564304,0.3118836077243266
sl_eat_all_ssl_all,12,dfafbd62-794b-4311-9e5c-97ab3b52d596,351293.flac,WavCaps,,False,-2.8043470355198328,0.3378278576027025,-2.1457057161220483
sl_eat_all_ssl_all,12,f2cf73c8-1dd2-46c6-88e1-ab9b06bfa3e0,16109.flac,WavCaps,,False,2.5942299765848214,-0.9104181639817159,2.1854342549586128
sl_eat_all_ssl_all,12,341af722-536d-4a37-a23c-9ecb7ba8fa5e,YvMU7ZKY2Eso.flac,WavCaps,,False,-2.0768746419397592,-0.675629144127613,-1.9213355724522343
sl_eat_all_ssl_all,12,83008977-cdd0-4edb-879d-d83b0f8265b2,YqdexSzEvG74.flac,WavCaps,,False,0.19825820983329207,-0.3917228972122281,0.1368568872249906
sl_eat_all_ssl_all,12,2b4b5861-d4e4-4146-aa3e-40877b57dbbb,192431.flac,WavCaps,,False,-0.7117842761798667,-0.20111500879959826,-0.47981640649011525
sl_eat_all_ssl_all,12,b1ddbe75-ce05-4bdf-b471-3a3a4cd90dbe,Turdus_viscivorus_Kr0047_01_short.flac,Animal Sound Archive,Aves,True,1.410338237047123,-0.793885830957501,1.3012526519200236
sl_eat_all_ssl_all,12,ba14f3f1-9bbc-49e1-b02d-ecbef92ea69e,7100101Y.flac,Watkins,Mammalia,True,-4.346328524288174,1.5080919121866418,-3.050296506422649
sl_eat_all_ssl_all,12,6842bdb1-82ce-4b3f-a569-2873f8c02462,7501201J.flac,Watkins,Mammalia,True,-4.703876661274694,1.5315371743938395,-3.516667717822849
sl_eat_all_ssl_all,12,58e4e64e-6933-424d-9672-339d8858c748,578363.flac,WavCaps,,False,-4.036089450470071,1.278966262893342,-3.8750869235254246
sl_eat_all_ssl_all,12,b7b307ab-8046-4718-b84e-8afc0fab5c4c,415265.flac,WavCaps,,False,-1.2327740567941947,0.4967226523690893,-1.3338086782531942
sl_eat_all_ssl_all,12,603159b1-71e0-41ba-a851-7550142042e1,583282.flac,WavCaps,,False,1.0239197492517143,-0.42749294562987616,0.9286419578105862
sl_eat_all_ssl_all,12,2c6743e0-1f2b-4301-b342-a51dda940a2f,Fringilla_coelebs_CoMC0006_05_short.flac,Animal Sound Archive,Aves,True,1.5819959708199873,-0.6649919910817279,1.5030707088050141
sl_eat_all_ssl_all,12,c0583b5c-c4f6-4f86-811f-be7d6b36a7fc,61022007.flac,Watkins,Mammalia,True,-5.177665630081897,1.3834929948417893,-3.4059763550315836
sl_eat_all_ssl_all,12,addd98ad-4c9e-4346-b94e-d7acba62b818,Y_fKTbfYFQKM.flac,WavCaps,,False,-0.6632071892535416,-0.1886196213969413,-0.6190104037161277
sl_eat_all_ssl_all,12,ede654af-061a-4fde-a37d-2e7aeca6f38b,61064003.flac,Watkins,Mammalia,True,-3.160269655597906,-0.49987806301152343,-3.6084033570656797
sl_eat_all_ssl_all,12,4e6fa367-6aa5-4c59-8604-3606a781c2ee,6102102E.flac,Watkins,Mammalia,True,-6.647622561758494,1.2842311741364105,-6.027330347573288
sl_eat_all_ssl_all,12,1746e44f-cf83-42ae-9b7d-9172738f6454,94009001.flac,Watkins,Mammalia,True,-2.472076099596019,1.3568235627720209,-2.238668291022391
sl_eat_all_ssl_all,12,360b140a-467d-4a79-ad1b-47b5e696c804,Y7MJJ3L1t2b0.flac,WavCaps,,False,1.447021583834541,-0.6070618171293343,1.0687571450329538
sl_eat_all_ssl_all,12,67a7e886-69c4-43a1-8efd-17f57760fdde,8002001I.flac,Watkins,Mammalia,True,-5.706841329807771,1.096421863319445,-4.667199625699091
sl_eat_all_ssl_all,12,7a8d6c21-70f8-4648-9e73-0f9cbd980110,9230200N.flac,Watkins,Mammalia,True,-1.977619207089225,0.2490837541159429,-1.3581472910306238
sl_eat_all_ssl_all,12,2fb629a3-99cd-4de4-9249-9e60c314b819,70025008.flac,Watkins,Mammalia,True,-3.2241933658740414,1.2951174272687707,-2.5118552125316684
sl_eat_all_ssl_all,12,955301c0-f6fa-431a-b3a4-1cd68f0765a5,6400500M.flac,Watkins,Mammalia,True,-5.803297540090605,1.190841804785763,-4.554209299214768
sl_eat_all_ssl_all,12,eaf07a39-41f7-4b05-aab0-5d17bf6f8486,331701.flac,WavCaps,,False,-1.0030835818517785,-0.3910332544297791,-0.7813822201952662
sl_eat_all_ssl_all,12,0d3a7844-9043-41b3-b223-2d5feddd119b,Turdus_merula_Co0046_02_short.flac,Animal Sound Archive,Aves,True,-1.2658452377639167,-0.4804229452737152,-0.7997698123674387
sl_eat_all_ssl_all,12,5abe6f6c-25e8-4626-a96b-ac32b84dcb36,166902.flac,WavCaps,,False,3.2700418052070273,0.34124182557319316,2.5645640716769256
sl_eat_all_ssl_all,12,0c699e26-b423-470e-8fb8-b6dfd69d1312,587777.flac,WavCaps,,False,-3.376955769551374,0.4588278060117857,-3.109250739918322
sl_eat_all_ssl_all,12,d77eb5be-0fe0-4f49-be3b-3d38e589ebcb,189216.flac,WavCaps,,False,-3.484343468254934,0.1841682970726494,-3.1993495514235004
sl_eat_all_ssl_all,12,f1316d54-d38f-4ba1-bac8-a6a0bb9e9dc5,613097.flac,WavCaps,,False,-3.209994110020974,-0.8341522026661553,-2.9287125003325203
sl_eat_all_ssl_all,12,21bd08a0-fe5a-4c52-a6aa-2c8d9e9494cc,Anthus_trivialis_Co0099_03_short.flac,Animal Sound Archive,Aves,True,-0.16004072077096265,0.6696058192079679,0.1905095521391853
sl_eat_all_ssl_all,12,34b24319-dd43-4d26-9f62-89a81a6aa5c5,643611.flac,WavCaps,,False,-3.5635908076743528,-1.7180519973120818,-3.9035937959584976
sl_eat_all_ssl_all,12,10d849db-1f13-49f0-bd31-18bfe1078ff5,6400504E.flac,Watkins,Mammalia,True,-2.056338751443377,-0.07760767335576624,-1.538939121514123
sl_eat_all_ssl_all,12,317d215c-8f3e-4dcf-b792-7faadee5e3cb,07010175.flac,WavCaps,,False,-3.5002308967703573,0.1904220709632842,-3.266261830722561
sl_eat_all_ssl_all,12,62462589-ea0c-4392-8245-43d9e71c317a,568042.flac,WavCaps,,False,-5.052755453688457,0.2949429264724022,-4.142460567813779
sl_eat_all_ssl_all,12,6dc17cd6-aaa2-4d7d-ad20-251e755ab8ba,YkCEXTnIJwTY.flac,WavCaps,,False,0.11771392944900327,0.49445343213632065,0.29981942907172265
sl_eat_all_ssl_all,12,49b7ec12-b689-468a-8936-e1ed7e5df334,348266.flac,WavCaps,,False,-2.5393404182070523,-0.23535308002205374,-1.8449260738597129
sl_eat_all_ssl_all,12,6b879f0c-009f-4857-a277-213484450959,60026035.flac,Watkins,Mammalia,True,-1.3838773309256172,0.16105817853525095,-0.9303499763158738
sl_eat_all_ssl_all,12,79041ed9-600d-4c51-a69b-036c29591f23,7100101E.flac,Watkins,Mammalia,True,-4.4613097321655655,1.941333349876259,-3.3591399713743755
sl_eat_all_ssl_all,12,2476dede-5a2b-4218-bc14-85e32343248b,YcbYZQRz09bc.flac,WavCaps,,False,2.4328592754227802,-0.5152922113238396,2.0748378022994984
sl_eat_all_ssl_all,12,eb10f2e6-5813-4711-a733-93643d9e5ee3,97769008.flac,Watkins,Mammalia,True,-4.391934454888085,3.079535930158986,-3.6191794615404813
sl_eat_all_ssl_all,12,8ecc4d79-20a5-404d-b8f3-82e18963ba92,66091007.flac,Watkins,Mammalia,True,-2.4280644331995846,0.8408675471298254,-2.052865671568246
sl_eat_all_ssl_all,12,c1d6affa-7d4b-447a-a5be-e60126aea021,457617.flac,WavCaps,,False,2.061360638156332,-0.30175126102402056,1.8772556074931266
sl_eat_all_ssl_all,12,7a593dae-8614-49bf-bd6b-2da696a11908,615913.flac,WavCaps,,False,-2.4360184205625273,0.4907866822044999,-2.1635441813568694
sl_eat_all_ssl_all,12,8b2034c7-8d72-4a23-9d87-ab5ac194320f,9776100T.flac,Watkins,Mammalia,True,-5.795082205055166,2.0799937964317703,-4.993832354625308
sl_eat_all_ssl_all,12,29da94d6-f609-4c27-b0d1-25c256c1a5a3,91010025.flac,Watkins,Mammalia,True,-0.8857814682322902,0.036450574163088605,-0.7898832260955311
sl_eat_all_ssl_all,12,dff3bdef-5e3d-482f-aeaa-d946ea04f5b4,YGPZhcnRhI-I.flac,WavCaps,,False,1.1475746790780406,0.4655040589602386,1.053319200782775
sl_eat_all_ssl_all,12,b3260e59-56ec-4753-bc23-c5745b827b81,Garrulus_glandarius_DIG0172_09_short.flac,Animal Sound Archive,Aves,True,2.5886505642267013,-0.15507173712897832,2.4385686190698785
sl_eat_all_ssl_all,12,b530fe98-7246-4668-9fe3-7b60e81b2b3a,8800505C.flac,Watkins,Mammalia,True,-1.1484840929335491,0.3445232064168339,-0.9830324153625631
sl_eat_all_ssl_all,12,80d7d06d-657f-4081-9d73-82283223ef6d,94008050.flac,Watkins,Mammalia,True,-4.657838098353071,1.7441602702525636,-3.7685285565229587
sl_eat_all_ssl_all,12,e5a898e9-0ef6-41ff-b708-fd8070201206,8303501T.flac,Watkins,Mammalia,True,-2.4081955431451822,0.6631716840454289,-1.5065327914040314
sl_eat_all_ssl_all,12,001c3789-ff70-4c1f-97d7-b062a60fd962,8353.flac,WavCaps,,False,1.6985873954732624,-0.5047744771694078,1.4038025013594826
sl_eat_all_ssl_all,12,c874c13f-9022-4835-81c1-5c6feeb0cf28,66807.flac,WavCaps,,False,-3.401943333286959,0.6113943353220663,-3.264756544676616
sl_eat_all_ssl_all,12,4cb81bda-57a7-4289-979a-e57d43be08c6,456855.flac,WavCaps,,False,-6.243600670279567,-1.1711669575049422,-6.138769242769616
sl_eat_all_ssl_all,12,728f8fc5-1e66-405d-862a-b29fe12a7b89,Sylvia_curruca_DIG0145_10_short.flac,Animal Sound Archive,Aves,True,0.8787143305802234,1.095681653741586,1.2014140366178845
sl_eat_all_ssl_all,12,5d597ac2-d173-4861-996c-b45ff61e0ca2,220619.flac,WavCaps,,False,-4.800142556364815,1.6212925955210116,-4.516456434337742
sl_eat_all_ssl_all,12,7caca538-5ed9-48f0-ab2d-f53920567e34,86008029.flac,Watkins,Mammalia,True,-6.703929171190792,2.484355845214244,-5.424312040226711
sl_eat_all_ssl_all,12,158d4590-4027-4935-9bba-4a5283219054,148760.flac,WavCaps,,False,-1.2389424236890607,-0.20645936757200498,-1.2238209668818891
sl_eat_all_ssl_all,12,428c3c18-b3d3-4ded-bbc4-3c8c981f4c79,575785.flac,WavCaps,,False,-2.981871162671557,1.1811350370306029,-2.7787449191374134
sl_eat_all_ssl_all,12,c8605f4f-0f8c-4c8f-b072-546af742042f,507771.flac,WavCaps,,False,-5.326295461738814,2.334234039056945,-4.1955928253394115
sl_eat_all_ssl_all,12,7856c895-b7b4-447c-99f6-94a7f867b293,270384.flac,WavCaps,,False,-4.009374898335284,2.091237586868812,-4.094577679585627
sl_eat_all_ssl_all,12,d1f2999a-36d6-4408-8316-7cddc8ba1a54,YV5HhpNIiAJk.flac,WavCaps,,False,-2.13344557177693,0.22208925212126338,-2.142713933884285
sl_eat_all_ssl_all,12,85c2f34f-234b-4888-92a7-f6fca3f807df,342211.flac,WavCaps,,False,0.23945664007308376,-0.4244618269791086,0.29799959134811554
sl_eat_all_ssl_all,12,8a2d83ae-485c-480a-99a2-01a00f830ca1,Ya46fFNSxAXU.flac,WavCaps,,False,-1.9459502150585726,-0.6690268887463768,-1.930254254342855
sl_eat_all_ssl_all,12,9452ad5b-ac41-4a30-afe7-3a8eef57d137,30814.flac,WavCaps,,False,-3.920931956193492,0.3231005111517696,-3.4473821830451388
sl_eat_all_ssl_all,12,bde9fe04-75f8-48a2-b048-9be0b5dbbddd,41731.flac,WavCaps,,False,-4.249043922688438,-0.4060013987044061,-4.535468447914235
sl_eat_all_ssl_all,12,1b90b0b0-b80c-453c-b541-20ae49a6f022,5801801D.flac,Watkins,Mammalia,True,-2.1497871502041046,0.7817366673517243,-1.7164537984826236
sl_eat_all_ssl_all,12,99213f38-7400-448c-9f64-4a687d0037ef,7700600F.flac,Watkins,Mammalia,True,-3.5171673763422233,0.9085951104719499,-3.2527287216102523
sl_eat_all_ssl_all,12,04cfef8f-4a40-4d48-bd98-cbc0771658b0,322546.flac,WavCaps,,False,-2.66430329391301,2.3272148026785087,-2.4137006664044844
sl_eat_all_ssl_all,12,381b3671-fa9f-4cc9-b6ee-e98b76664620,Y7ojteAGwjaA.flac,WavCaps,,False,-1.2498993875106008,0.12121642386126266,-1.0533314365926867
sl_eat_all_ssl_all,12,ab8c15c5-0118-4e34-adcd-2c13197609ad,YuiwqKoIiykA.flac,WavCaps,,False,-4.060884594989495,-0.7487440431028498,-3.721387782669324
sl_eat_all_ssl_all,12,de0e29f9-bf9a-4a7a-978d-5a6c19bba1ab,Y8fMnn6coUhQ.flac,WavCaps,,False,0.5821775932055029,-0.5815371704096239,0.3527320761440018
sl_eat_all_ssl_all,12,29a9b322-8b29-454a-a2c2-e527a19063e0,YfXcm7AaOp_8.flac,WavCaps,,False,-2.0897417308341506,-0.5430751528972024,-2.351245857716718
sl_eat_all_ssl_all,12,7124506c-9392-4b69-9cf9-a7dd620a311d,9400806F.flac,Watkins,Mammalia,True,-5.099816433975565,0.6039567810714621,-4.259964734267488
sl_eat_all_ssl_all,12,50016737-7c8a-49d0-8ea9-3c9bb3e39007,207687.flac,WavCaps,,False,-4.595565073990149,0.40347199324711625,-3.6817325351604135
sl_eat_all_ssl_all,12,6bffd177-4827-42f4-9690-fa6dc57646ee,79040003.flac,Watkins,Mammalia,True,-1.349252937193038,0.597760597428052,-1.0049721750736393
sl_eat_all_ssl_all,12,2cbe148e-f24a-4e6f-830e-341ba4e4a0ed,168681.flac,WavCaps,,False,-0.7729750582813516,-1.0143714800250743,-0.7721714637750814
sl_eat_all_ssl_all,12,74fad971-8614-4838-b32f-0253b26d260f,75003011.flac,Watkins,Mammalia,True,-4.6475354695987825,1.4323906594520843,-3.703244774591721
sl_eat_all_ssl_all,12,2fe68e99-4633-4eb1-be9f-c9e3600b1977,Sylvia_atricapilla_CoMC0018_21_short.flac,Animal Sound Archive,Aves,True,-0.9774316079765552,-1.0288527670950904,-0.8508127069178008
sl_eat_all_ssl_all,12,92c769b5-e035-48f6-83da-457810d37445,615348.flac,WavCaps,,False,-2.1928649486701293,-0.2757142932832667,-2.3035168413202016
sl_eat_all_ssl_all,12,4617b5a8-a226-4662-b005-5eaa24eb43c3,9500300I.flac,Watkins,Mammalia,True,-3.825739667601496,3.0702327423374554,-2.5858366651182356
sl_eat_all_ssl_all,12,029aeed5-40a1-4728-bdb0-c328c4fa78fa,87003005.flac,Watkins,Mammalia,True,-5.658219140440284,2.391157658688403,-4.3835179563634625
sl_eat_all_ssl_all,12,c28e91d9-2870-4611-b52e-32d7b7e611cf,Carduelis_carduelis_PF00656_short.flac,Animal Sound Archive,Aves,True,2.7540884414735043,-0.253241117809177,2.2785073102269564
sl_eat_all_ssl_all,12,e1502208-c3f6-4ddd-b74f-16743dde4b5a,Cervus_elaphus_S1329_07_short.flac,Animal Sound Archive,Mammalia,True,0.5899140427995115,0.6706559640092482,0.5878326112289354
sl_eat_all_ssl_all,12,3eb8700d-deaf-4236-b9c6-ed546b74a1ac,431818.flac,WavCaps,,False,1.1149778492014528,-0.4470024999884588,0.7826759575896318
sl_eat_all_ssl_all,12,6f080f55-6198-461a-851c-e725bd9a49ab,7703501T.flac,Watkins,Mammalia,True,-2.1797327469836727,1.4773441433650825,-1.3628608273352478
sl_eat_all_ssl_all,12,ceda174c-4f87-42a3-957b-9b1b3c522b15,395777.flac,WavCaps,,False,-3.064124684639429,-0.4925252202030607,-2.3503157584973726
sl_eat_all_ssl_all,12,c8bc412b-e406-4263-9aaa-4bb641db0f2e,YDxptko9c9pQ.flac,WavCaps,,False,-1.2781369743660709,-0.13322030083157066,-1.0922288432269478
sl_eat_all_ssl_all,12,681d70f5-83ed-4826-8e82-a4e46abc0606,Turdus_merula_Tre_N0009_05_short.flac,Animal Sound Archive,Aves,True,0.6020358201847995,-0.0031606957822863657,1.037396027159228
sl_eat_all_ssl_all,12,eddd07e8-cb3b-4cfc-8cc6-ac958a5a05e9,75012037.flac,Watkins,Mammalia,True,-1.8322745448347817,1.0704577421827406,-1.196499170553282
sl_eat_all_ssl_all,12,12eb602b-9d55-478e-a006-9818b078a942,9320100X.flac,Watkins,Mammalia,True,2.026231650886899,0.6315373265848222,1.7488689988820756
sl_eat_all_ssl_all,12,2825e212-a3f1-438a-8ccf-fa1238a7cd4f,396665.flac,WavCaps,,False,-1.1401066606590002,0.4675391215208135,-0.4334054270203991
sl_eat_all_ssl_all,12,c2c02eb7-8ecf-45dc-afa7-de86d9471e5a,114604.flac,WavCaps,,False,-4.071886492331672,0.08148870420445185,-4.05230358551303
sl_eat_all_ssl_all,12,43f2653f-f5fe-4ac6-8da5-a0adf649c58f,516056.flac,WavCaps,,False,-1.6664426142444726,-0.7091267353611228,-1.19298077418028
sl_eat_all_ssl_all,12,58d7483b-26c6-4ba7-8443-8bb7da8a48b6,58014023.flac,Watkins,Mammalia,True,-5.706078429365919,1.8826770275033142,-4.052113783309303
sl_eat_all_ssl_all,12,4a83a403-767f-4704-ad86-4de96fde1cf8,273996.flac,WavCaps,,False,1.860291965585127,-0.46880870458880375,1.53045638624424
sl_eat_all_ssl_all,12,5dde818c-06e5-428e-87a2-796c7c12d177,95706.flac,WavCaps,,False,-1.294777084633542,-0.4180872120514896,-1.224320162725046
sl_eat_all_ssl_all,12,83519e91-d36c-450c-a1ef-81fb0d84be7a,97767008.flac,Watkins,Mammalia,True,-4.930587523197706,0.7467938817704579,-4.052011771704645
sl_eat_all_ssl_all,12,30f12a77-e10d-46a0-aad9-82fc21de3ded,YBw_M2cdLIN8.flac,WavCaps,,False,-2.1086610426061836,0.2808050965938856,-1.508982663153632
sl_eat_all_ssl_all,12,be261345-80b0-47bd-adce-81706f310468,9220100L.flac,Watkins,Mammalia,True,-3.558321089110374,1.6207133919641152,-2.860748254224473
sl_eat_all_ssl_all,12,d1e9b24b-6be9-45cf-87f3-3235f2c09b97,7100801A.flac,Watkins,Mammalia,True,-4.363367374170773,1.5749206897916028,-3.445627927748826
sl_eat_all_ssl_all,12,93ee8aaf-1a68-44ea-8984-f77e1da1f0eb,441988.flac,WavCaps,,False,-3.316075251825228,0.8337688247519495,-2.831555202147565
sl_eat_all_ssl_all,12,be26c277-712a-4928-b62a-f1ad152919b0,8501206M.flac,Watkins,Mammalia,True,-4.783921599977061,1.0603349798920374,-3.7130919058759035
sl_eat_all_ssl_all,12,435b7e86-bb17-4054-b7f0-d71148818b65,Y6CG4tvk9PN0.flac,WavCaps,,False,-3.3396613071851373,-0.28331070093810373,-2.9288448727233174
sl_eat_all_ssl_all,12,dd604f70-ca6c-4bd8-8846-f0daf2911753,Y6LNlyOH7dIY.flac,WavCaps,,False,-1.5015418202830209,0.7434950876177753,-1.5564425630225749
sl_eat_all_ssl_all,12,3e46fc4f-67a1-491b-a1ac-7b2278f3e7fc,Acrocephalus_scirpaceus_DIG0161_58_short.flac,Animal Sound Archive,Aves,True,-1.5244034006959022,0.4734247689555323,-0.7059812766346786
sl_eat_all_ssl_all,12,07db07b0-ad92-4e0e-929f-f39c70a475f4,580488.flac,WavCaps,,False,1.0243077270537047,0.026357668454531115,0.9452496231473954
sl_eat_all_ssl_all,12,43436410-0b57-4460-b21c-8938a2a17c38,587142.flac,WavCaps,,False,-7.203915089312438,0.9773617281752514,-6.045816836953856
sl_eat_all_ssl_all,12,d92bea55-71e6-4a39-8874-cb663e3442b4,859.flac,WavCaps,,False,-2.691699288623493,0.17121282361212176,-3.3856381406246996
sl_eat_all_ssl_all,12,0b3c4edd-0b4d-4d9e-a80f-bded96d02348,Y2A9cNdvHr3w.flac,WavCaps,,False,-2.8172168028807336,-0.3617351980883895,-2.222575700537474
sl_eat_all_ssl_all,12,f1bd35c5-1251-4f81-823d-7ebc25b3b167,Neofelis_nebulosa_S0247_01_short.flac,Animal Sound Archive,Mammalia,True,-1.200961712608003,-0.8232975232895331,-1.078649370864435
sl_eat_all_ssl_all,12,5e0a04c0-0697-40ed-9589-86f134f540f7,539809.flac,WavCaps,,False,-2.0163911847533385,-0.410583718577571,-1.5032715970078072
sl_eat_all_ssl_all,12,7ca89421-38e9-45eb-b79a-1676162963f8,YjVGeXnDCiws.flac,WavCaps,,False,-5.051569270224597,0.29278748043829966,-4.583700920625535
sl_eat_all_ssl_all,12,b685cd3f-362a-42e8-bfb7-5d4e2aded2f1,Y1ILADUzj-M0.flac,WavCaps,,False,1.323939619882196,0.6650754057940647,1.0300089250987434
sl_eat_all_ssl_all,12,df5a0d4f-43e1-4545-86f4-be32f1372790,YHOtQseh7MIM.flac,WavCaps,,False,1.045931114226057,-0.8120254153197197,0.5706177166857618
sl_eat_all_ssl_all,12,7db7cab8-2351-40a0-8622-3f96bef6287d,Turdus_merula_Tre_N0119_10_short.flac,Animal Sound Archive,Aves,True,3.8989259752631997,0.05805209359066375,3.534821710894044
sl_eat_all_ssl_all,12,a9546f54-1df9-44f4-b38f-d4e47cedb800,07043290.flac,WavCaps,,False,-1.69008877374359,0.7571538134412036,-1.3048063531717544
sl_eat_all_ssl_all,12,a8685ce4-7100-4e8d-aefa-2078a1383694,393180.flac,WavCaps,,False,-2.2499944314196587,1.1225732191336122,-2.126684212020079
sl_eat_all_ssl_all,12,74bd235b-aa72-4d69-8b8b-7cee91fc12d7,72007015.flac,Watkins,Mammalia,True,-3.2772109037683226,0.8839606964411572,-2.344690769949848
sl_eat_all_ssl_all,12,9e514d40-77bc-4eb9-b079-94d7837be251,360649.flac,WavCaps,,False,0.9351238806988494,0.10826419470037163,0.7981214327386639
sl_eat_all_ssl_all,12,cc585b0f-2f72-42ab-8d73-f0e3a4c233e5,9400901S.flac,Watkins,Mammalia,True,-5.1139705189725335,2.0079328703792036,-4.169580663122538
sl_eat_all_ssl_all,12,9fe9049f-3b3d-4f99-9b2e-14d1b2f792d0,YhsmrvZEc_uw.flac,WavCaps,,False,-0.6074430024914,-0.43671522126639506,-0.6674090373380783
sl_eat_all_ssl_all,12,ef83a0de-3f8b-4457-a334-4a425d70be7b,YGtodrvgjyj0.flac,WavCaps,,False,-0.7698146234508141,-0.3749366223172751,-0.45095003182157345
sl_eat_all_ssl_all,12,505234a4-4b26-41cf-be2a-4b4d9d9d846a,469126.flac,WavCaps,,False,-0.8521898889552255,0.34002841250208926,-0.35291967321248274
sl_eat_all_ssl_all,12,3d3e1887-fc18-4e70-a41e-8ce5b68305d8,63005001.flac,Watkins,Mammalia,True,-4.669246019360802,-0.5905009757290418,-4.028054560340877
sl_eat_all_ssl_all,12,882cd8ad-9001-4ca0-b021-ae74d7aab5a7,7900400L.flac,Watkins,Mammalia,True,-3.4812647819172096,0.020961512906237947,-2.4141877135485115
sl_eat_all_ssl_all,12,d11f1efe-91c5-43a3-991d-bc056976381d,7500303T.flac,Watkins,Mammalia,True,-3.2915304997474553,1.1894923054504924,-2.2548974933890142
sl_eat_all_ssl_all,12,c0962a0a-1409-400d-bffb-9bb6e196051a,8600801Q.flac,Watkins,Mammalia,True,-4.476961847964376,1.9777894144898456,-3.5395347312778016
sl_eat_all_ssl_all,12,8cfe20d9-2b50-4ffa-841b-eb40ff919dbf,Fringilla_coelebs_Co0062_07_short.flac,Animal Sound Archive,Aves,True,1.6567980717958026,-0.8062631281007736,1.4904208837028925
sl_eat_all_ssl_all,12,e3048473-cd5d-4ce2-9660-f4f6e0515e0d,6102204S.flac,Watkins,Mammalia,True,-3.324575525574747,0.9463067576865967,-2.2147616352629047
sl_eat_all_ssl_all,12,ff5e3f46-ae1d-4ac0-8b4f-5be1adcf3e0b,79040007.flac,Watkins,Mammalia,True,-6.476753512050692,1.2121451551144407,-5.502804991796224
sl_eat_all_ssl_all,12,58c0f7cb-8dd8-4f84-bfc1-06b858c224dd,Equus_zebra_S0953_04_short.flac,Animal Sound Archive,Mammalia,True,-3.519137549359081,0.9108992804083813,-2.5495266537323733
sl_eat_all_ssl_all,12,70a388bb-71e3-41fd-8632-284cfb15fe4c,88006029.flac,Watkins,Mammalia,True,-4.120143241073457,1.548602183779877,-3.556112068875628
sl_eat_all_ssl_all,12,ff71a46a-4a12-44ba-a40b-47f08660dba7,61053003.flac,Watkins,Mammalia,True,-6.450973048250571,-0.5938556553445131,-6.67673157887221
sl_eat_all_ssl_all,12,cd1593b5-8364-4ada-9e89-a284f3c63548,9769200H.flac,Watkins,Mammalia,True,-4.004977302841087,0.5501451043649805,-3.718696221698111
sl_eat_all_ssl_all,12,9e2a87e5-2e7c-4334-94ea-7746d2b45433,66091006.flac,Watkins,Mammalia,True,-2.3119910009189537,1.2624780706230467,-1.747715389354199
sl_eat_all_ssl_all,12,35601063-e03d-4668-a80d-c7f53b5fe230,9101200G.flac,Watkins,Mammalia,True,-4.01220561543968,4.681209095786903,-2.8715716853628566
sl_eat_all_ssl_all,12,9db5c2bc-ca9b-4b61-8a85-4c8ebc01f24e,7700800A.flac,Watkins,Mammalia,True,-3.9964398646153607,0.03698395361216983,-3.560654593176656
sl_eat_all_ssl_all,12,a0d76e86-2da8-407d-bad7-7b1a48178285,94008055.flac,Watkins,Mammalia,True,-5.932053369783649,2.281952136649391,-4.619795938139967
sl_eat_all_ssl_all,12,9ec4f6a7-7afa-4052-a7b9-2c6171619646,75001010.flac,Watkins,Mammalia,True,-5.332189457798667,0.09581840532301739,-4.086762656688055
sl_eat_all_ssl_all,12,f8f940fe-9cd3-41c3-a0d0-0c8f0b5f677a,Anthus_trivialis_Co0088_01_short.flac,Animal Sound Archive,Aves,True,-1.4855726986964735,-0.889348593842872,-1.230012120589325
sl_eat_all_ssl_all,12,b1b82430-988c-4b1b-b442-4cdb17d5bb6b,6403100G.flac,Watkins,Mammalia,True,-5.26311692300423,0.6355569157321028,-4.286759496098783
sl_eat_all_ssl_all,12,b1e2de20-3eab-47b3-9d2d-6c6b9c0d5e80,9002708R.flac,Watkins,Mammalia,True,-3.004919037387748,2.892841235882332,-1.5044630891698263
sl_eat_all_ssl_all,12,f65ebf13-eb73-4fef-b10c-1e0763b14dbc,60026041.flac,Watkins,Mammalia,True,-4.725147452952008,0.9150469632596676,-3.846482030903915
sl_eat_all_ssl_all,12,f1dcdae1-9a77-4c65-bf6d-9468dfa301a9,79005004.flac,Watkins,Mammalia,True,-5.197431511606538,0.6838638171140599,-4.523142578444263
sl_eat_all_ssl_all,12,72e8c01f-385e-40fe-a645-c400d2489a71,97750003.flac,Watkins,Mammalia,True,-4.878163345505374,0.8747237122225207,-4.273705987975832
sl_eat_all_ssl_all,12,2cb01763-57e1-4a0e-b795-eae75656a8b1,5702606N.flac,Watkins,Mammalia,True,-5.531590698045546,1.3053144545309245,-3.9137400246209415
sl_eat_all_ssl_all,12,41d48329-93ff-404a-8678-151bf3fbb2f0,9101203S.flac,Watkins,Mammalia,True,-5.256851528749562,1.6521054970710827,-4.628253363777134
sl_eat_all_ssl_all,12,78be6796-a469-4ddd-be22-2f4b3e8c1601,56018004.flac,Watkins,Mammalia,True,-6.191170562932113,0.4588406377366444,-5.66885199430009
sl_eat_all_ssl_all,12,91c2ef47-bd41-4124-945f-8647f2de5788,Fringilla_coelebs_CoMC0004_20_short.flac,Animal Sound Archive,Aves,True,1.7891189379710066,0.05980717862925536,2.012399760825862
sl_eat_all_ssl_all,12,a4612c62-b694-4d48-95ea-d4a99b390271,88006019.flac,Watkins,Mammalia,True,-3.4887348506317917,0.4587395935244195,-3.018940640271219
sl_eat_all_ssl_all,12,65b49b46-ca07-4eca-9386-d47651d297ee,8600801X.flac,Watkins,Mammalia,True,-3.410309788503905,1.7863920415235488,-2.6325944426333345
sl_eat_all_ssl_all,12,6ac3006f-49e7-4d86-9c9b-6c16b3412a8f,8501201S.flac,Watkins,Mammalia,True,-6.451576699455186,1.991317208964761,-5.2145544501704295
sl_eat_all_ssl_all,12,bebd1a1c-0365-48b5-8c74-c1e3f5dae00b,Turdus_merula_Tre_N0101_12_short.flac,Animal Sound Archive,Aves,True,0.990184842884098,0.5923930723031153,1.3527975301145716
sl_eat_all_ssl_all,12,ac0c5ba6-d022-478e-83aa-cd979038f6ce,97781001.flac,Watkins,Mammalia,True,-4.64104103798455,2.5911133684261793,-4.174070952597826
sl_eat_all_ssl_all,12,13145736-ff9f-48ba-901e-eeb040a16495,64055003.flac,Watkins,Mammalia,True,-1.9016917718161994,0.9583395788517739,-1.4873486021471285
sl_eat_all_ssl_all,12,4b0cb268-dc0a-4aec-8442-00984f21edeb,7500305J.flac,Watkins,Mammalia,True,-3.6940938606325293,2.0932760465474987,-3.0207090666964866
sl_eat_all_ssl_all,12,decbbb99-a8a1-4148-9988-206b6baf183e,5801801M.flac,Watkins,Mammalia,True,-1.7613269079464915,0.6419454779323142,-1.3930407282377955
sl_eat_all_ssl_all,12,094e5fd7-f551-496b-811d-f649ad51034c,9776101U.flac,Watkins,Mammalia,True,-5.465784724259808,-0.47287008670002584,-4.609825026812089
sl_eat_all_ssl_all,12,7611bc32-7e8b-4c6b-beea-38b18ea4ea2c,97766002.flac,Watkins,Mammalia,True,-2.626257634785009,0.7281600625831373,-2.3663957997635032
sl_eat_all_ssl_all,12,127d8bc5-ca53-4b42-88fb-677e4e7a3687,9100402F.flac,Watkins,Mammalia,True,-4.506394978021985,1.0948743503285057,-3.344254914365437
sl_eat_all_ssl_all,12,c82e8a21-181d-451c-a9c4-61b569278c5e,Fringilla_coelebs_Tre_N0067_08_short.flac,Animal Sound Archive,Aves,True,3.397192967000451,-0.11651427322718237,3.1403748867390577
sl_eat_all_ssl_all,12,9421a52e-94f1-4c2f-9d14-e4b83fc674fc,97501003.flac,Watkins,Mammalia,True,-4.648344785920734,1.9941517457021702,-4.261376220923808
sl_eat_all_ssl_all,12,5393a567-ded0-4b82-939b-af42e7785e10,9777100K.flac,Watkins,Mammalia,True,-4.380657911769362,2.4968257921647545,-3.559489169248568
sl_eat_all_ssl_all,12,5cf424ab-6501-4962-91fd-ba2c0ce38a37,Cervus_elaphus_DIG0117_03_short.flac,Animal Sound Archive,Mammalia,True,-5.525024223075839,1.0282341728634867,-4.175349737699982
sl_eat_all_ssl_all,12,cd88c22f-f94f-47c5-8dd1-c503f28aecaf,57026059.flac,Watkins,Mammalia,True,-2.491066605022538,1.4597581349838862,-1.731508238651775
sl_eat_all_ssl_all,12,c9a2180e-67f3-4154-851d-7b2443469e62,Fringilla_coelebs_V1998_15_short.flac,Animal Sound Archive,Aves,True,2.66504215418921,0.08213044898730075,2.473811854904372
sl_eat_all_ssl_all,12,90809c3f-33d3-4579-80c6-698a8313ef17,70014002.flac,Watkins,Mammalia,True,-4.462537439229048,2.255522676510727,-3.8199984965951383
sl_eat_all_ssl_all,12,4b17f9cf-5f1c-4881-a0de-b73706f1c147,97782006.flac,Watkins,Mammalia,True,-4.914123306267221,2.2885656801913337,-3.9772627430436507
sl_eat_all_ssl_all,12,4318866f-89c4-4372-8191-4d541f63fc59,7100201K.flac,Watkins,Mammalia,True,-3.998112108152186,2.7579573354648357,-3.2649788759183744
sl_eat_all_ssl_all,12,e14a85c0-c5f1-4825-b3c7-81761702b692,6609000D.flac,Watkins,,True,-2.451910300165441,1.7725617852435542,-1.5662326542281964
sl_eat_all_ssl_all,12,bfb4c658-60fe-4494-b8dd-27be5468a25f,75004003.flac,Watkins,Mammalia,True,-4.632080936036896,1.3997062368326123,-3.9953474083118836
sl_eat_all_ssl_all,12,9c17d34a-35fc-4429-8063-a3e45ffc103e,9420104R.flac,Watkins,Mammalia,True,-4.715282896610882,1.9115440141224085,-4.044374848534444
sl_eat_all_ssl_all,12,7f96d0b2-790e-4b55-b0a3-54c556f61382,8600801I.flac,Watkins,Mammalia,True,-2.771353638969644,0.7360033814304132,-2.0518281833008816
sl_eat_all_ssl_all,12,78062cd0-82e5-4d3f-8cd2-264d9cf7f181,8501206Q.flac,Watkins,Mammalia,True,-4.728568727806475,1.5259325403376336,-3.8852100286790647
sl_eat_all_ssl_all,12,ef7909ac-f653-4101-a5a8-6a91daf733c1,8700301I.flac,Watkins,Mammalia,True,-3.484164901727411,1.2741695876707348,-2.3858094905256406
sl_eat_all_ssl_all,12,e8d393ca-93d8-43e8-9dfe-19a7a1e203b5,64042004.flac,Watkins,Mammalia,True,-0.20725462173301018,0.2121318502947831,0.21278108714333221
sl_eat_all_ssl_all,12,027a7af8-a39a-4bb5-ad74-04f71a5f5c6f,Polyplectron_bicalcaratum_V2082_17_Spur1_short.flac,Animal Sound Archive,Aves,True,-3.36923896858613,-0.4936075248401961,-2.8879238269194207
sl_eat_all_ssl_all,12,751cc542-ea67-4603-89ee-13334847d68f,Fringilla_coelebs_V2001_13_short.flac,Animal Sound Archive,Aves,True,-2.021700888332926,0.03365938737134906,-1.210268979254573
sl_eat_all_ssl_all,12,2e99c343-a1d1-4b04-8889-41703e6fe3af,77008006.flac,Watkins,Mammalia,True,-2.595593045991453,0.48723853300068243,-2.6105445450634477
sl_eat_all_ssl_all,12,d142e6cd-2898-4aeb-a8b0-f54714f1ff85,9420101W.flac,Watkins,Mammalia,True,-2.883030397206009,1.7740608478821827,-2.6665867119071445
sl_eat_all_ssl_all,12,459165a9-930b-44f1-a137-2b1f7d84fb45,68003001.flac,Watkins,Mammalia,True,-5.355125648352796,1.1126362904800275,-3.9251322308524843
sl_eat_all_ssl_all,12,b6612d75-5b6d-4715-a975-3761031d5c3e,Turdus_philomelos_Bru_DAT0011_94_short.flac,Animal Sound Archive,Aves,True,1.026747487761602,-0.07566886409567855,1.2137159723191364
sl_eat_all_ssl_all,12,7bbb23b9-1081-4446-bc02-15e2b8d39773,Falco_subbuteo_PF04122_short.flac,Animal Sound Archive,Aves,True,0.7534901731990129,0.9063362950189044,0.6490406286443422
sl_eat_all_ssl_all,12,a01ddadd-e47a-46db-bc20-dd11802ba8d0,61040009.flac,Watkins,Mammalia,True,-0.7617481018294594,-0.06577216375403123,-0.64690910284053
sl_eat_all_ssl_all,12,455cb9ae-3115-4cca-815f-3923ea00fbbb,Fringilla_coelebs_Tre_N0054_03_short.flac,Animal Sound Archive,Aves,True,2.4160785036540506,0.5411466218309757,2.2127354418860694
sl_eat_all_ssl_all,12,ca5412b7-f91a-4648-8827-691e640f6fe4,6107500R.flac,Watkins,Mammalia,True,-4.7104397056175085,1.0396792039683853,-4.107009191049693
sl_eat_all_ssl_all,12,2682a546-fb75-44f4-a8fc-c28ed5581873,6107200P.flac,Watkins,Mammalia,True,-2.090649135329307,2.0896728316587527,-1.1889218447824559
sl_eat_all_ssl_all,12,80b85db8-3e8a-4983-a78b-7f324700cd07,Poecile_montanus_Tre_P0176_02_short.flac,Animal Sound Archive,Aves,True,-2.352255313163287,-0.6384719535732281,-1.972717596488659
sl_eat_all_ssl_all,12,9ed6905c-d8bd-4aa4-a063-32d93a697922,Tamias_sibiricus_S1118_03_short.flac,Animal Sound Archive,Mammalia,True,-0.7749953741046856,0.3924690125393792,-0.3513079949578964
sl_eat_all_ssl_all,12,dc8cc74a-2116-49ee-b32f-3629cff1f735,Sylvia_borin_CoMC0005_08_short.flac,Animal Sound Archive,Aves,True,1.9831116687685655,-0.3861589353686395,2.113741707940483
sl_eat_all_ssl_all,12,e9d74aff-4677-4b88-af8a-f5b59297ef9c,Vulpes_corsac_K0009_03_short.flac,Animal Sound Archive,Mammalia,True,-0.8815570750898528,-0.19005701743400255,-0.7874158476413151
sl_eat_all_ssl_all,12,ef3a448e-9c0e-4dac-86eb-f5dc9a3148c9,Carpodacus_erythrinus_DIG0177_09_short.flac,Animal Sound Archive,Aves,True,4.53624319971565,0.09357087953874238,4.025153776424228
sl_eat_all_ssl_all,12,ba830332-d4eb-4179-9d72-bbdc5df14ac8,Regulus_regulus_AuMC0283_04_short.flac,Animal Sound Archive,Aves,True,-0.9741324060876528,-1.5822696938408767,-0.6406611875717227
sl_eat_all_ssl_all,12,66229406-8dea-4200-bb06-93e6a063184a,Carpodacus_erythrinus_DIG0177_22_short.flac,Animal Sound Archive,Aves,True,2.5890286329271266,-0.23281388352124643,2.412712562154693
sl_eat_all_ssl_all,12,ee0cee4f-ba26-4692-97ce-d761e9bd62b4,Acrocephalus_palustris_Bru_DAT0114_36A_short.flac,Animal Sound Archive,Aves,True,-2.22354566714197,-0.46691960331304755,-1.3357915969896843
sl_eat_all_ssl_all,12,014b4fb0-db7e-45b3-9c08-2f62590169de,Gracula_religiosa_Lue0100_16_short.flac,Animal Sound Archive,Aves,True,-0.5411837611765475,0.1157166201975434,-0.4952554256903699
sl_eat_all_ssl_all,12,d5a1fc05-301b-482e-9ac9-1e88b8ab4e31,Erithacus_rubecula_Bru_DAT0026_10_short.flac,Animal Sound Archive,Aves,True,2.486507339992351,0.14999955750489055,2.475976714683342
sl_eat_all_ssl_all,12,cf7fd664-0699-4561-8e3d-aba7e1e54b90,Zalophus_californianus_V2061_17_short.flac,Animal Sound Archive,Mammalia,True,-2.090027804281007,-0.1073242195203086,-2.0464415527887336
sl_eat_all_ssl_all,12,cfc2dcde-0fb6-40d5-b3c4-ba7688c24f29,Hippolais_icterina_Co0042_07_short.flac,Animal Sound Archive,Aves,True,1.6352264344535503,-0.49135494673556157,1.5657511009737757
sl_eat_all_ssl_all,12,2fb3653d-0cd3-4681-a93a-f223ea40c143,Erithacus_rubecula_Tre_N0081_04_short.flac,Animal Sound Archive,Aves,True,-0.5872746119437628,-0.677739002640322,-0.006992581208660011
sl_eat_all_ssl_all,12,e1a87f3b-4426-4e80-8c16-e9831129d55f,Turdus_merula_Tre_N0044_06_short.flac,Animal Sound Archive,Aves,True,2.034806896448063,-0.35335279902818645,2.10699441069157
sl_eat_all_ssl_all,12,a3bc944e-cd9a-4596-8366-83e16b2c59eb,Puma_concolor_V2010_12_short.flac,Animal Sound Archive,Mammalia,True,2.102033434435162,0.11201559699157466,1.7936042666943506
sl_eat_all_ssl_all,12,19cd73ad-bc2c-401c-b204-ebb6ce1d31a9,Turdus_pilaris_Kr0032_06_short.flac,Animal Sound Archive,Aves,True,4.628439878473992,-0.2920116977977727,3.986914130270633
sl_eat_all_ssl_all,12,74aff17e-1e25-4f7d-ab7a-94d182fd93f8,Acrocephalus_scirpaceus_DIG0135_04_short.flac,Animal Sound Archive,Aves,True,0.013846033832147733,0.105909688326556,0.48644915852864906
sl_eat_all_ssl_all,12,4bf05381-613c-47a2-8e5e-2283517c774f,Parus_major_DIG_0065_05_short.flac,Animal Sound Archive,Aves,True,-0.7179216749714897,-1.1084595937263468,-0.48063266790453973
sl_eat_all_ssl_all,12,ad569351-520d-4160-848e-22ad3e775faf,Turdus_merula_DIG0169_15_short.flac,Animal Sound Archive,Aves,True,0.4371307686418585,0.1250809958999943,0.7307751576197997
sl_eat_all_ssl_all,12,cb5a8fb8-26ab-4416-83a0-6bcea8798288,Turdus_philomelos_Tre_N0142_03_short.flac,Animal Sound Archive,Aves,True,2.935711273538658,-0.24623323539689324,2.821614868673749
sl_eat_all_ssl_all,12,81dfaead-b89f-4d89-b064-7a9a1ceb1a9e,Certhia_brachydactyla_Kr0030_10_short.flac,Animal Sound Archive,Aves,True,1.9135695109265742,-0.9004865845637442,1.757070637617392
sl_eat_all_ssl_all,12,525384eb-a02b-4b97-918b-ff8ff1ec9515,Erithacus_rubecula_Tre_N0038_06_short.flac,Animal Sound Archive,Aves,True,0.3649245139454779,-0.16020423682624219,0.8588903912499078
sl_eat_all_ssl_all,12,3170a3a4-615e-452f-961b-01226f7947a3,Vulpes_corsac_S0845_09_short.flac,Animal Sound Archive,Mammalia,True,0.8223276149593888,0.0022057853871541577,0.8113781940590687
sl_eat_all_ssl_all,12,d0c5e9c0-8a5b-465f-a3b3-05854c22fefd,Anthus_trivialis_Co0107_01_short.flac,Animal Sound Archive,Aves,True,2.260477504121015,-0.20158164088389985,1.8725706973500125
sl_eat_all_ssl_all,12,b38134d1-6007-4834-825b-feadc045c842,Zoothera_dauma_DIG0145_41_short.flac,Animal Sound Archive,Aves,True,0.18339439737509652,0.3145094754378227,0.6940303134182482
sl_eat_all_ssl_all,12,6f0cbe83-5dc5-40e1-a299-b605bcb96575,Fringilla_coelebs_Tre_N0061_03_short.flac,Animal Sound Archive,Aves,True,3.7331084198488194,-0.34275740240930985,3.3213862399001473
sl_eat_all_ssl_all,12,3f8c3cdc-ed60-4385-894f-9c50f5530134,Leptopelis_aubryi_DIG0174_01_short.flac,Animal Sound Archive,Amphibia,True,1.171853820545272,0.03974003484707224,0.9053449019714994
sl_eat_all_ssl_all,12,ce3aee03-a72c-4048-9c83-b4850e37817c,Erithacus_rubecula_Tre_N0147_04_short.flac,Animal Sound Archive,Aves,True,2.2778971094980163,-0.4260666986368438,2.2606925387609835
sl_eat_all_ssl_all,12,7a071e9e-762d-4048-9f47-5a8b04b2256f,Colobus_guereza_S0984_08_short.flac,Animal Sound Archive,Mammalia,True,1.377563657963034,1.1110239935935473,1.4087782010059546
sl_eat_all_ssl_all,12,4e291984-19a1-4930-b4fb-bde8fef53e86,Turdus_viscivorus_AuMC0183_28_short.flac,Animal Sound Archive,Aves,True,1.361123568459701,-0.07171128189976195,1.4191746580587115
sl_eat_all_ssl_all,12,8069d73d-dfec-47c4-bb76-72b803c79eae,Parus_major_DIG0003_30_short.flac,Animal Sound Archive,Aves,True,3.152252831691889,-0.4017839311478997,2.977995612281366
sl_eat_all_ssl_all,12,4510e941-6d22-4c9e-b1b6-da9401692b5c,Picus_viridis_Tre_N0025_03_short.flac,Animal Sound Archive,Aves,True,2.9181502517259714,0.1345999307843367,2.844186225754032
sl_eat_all_ssl_all,12,ed590401-687c-4716-a86c-d6efa0f636db,Cervus_elaphus_S1316_04_short.flac,Animal Sound Archive,Mammalia,True,-2.3403580293532693,-0.03178449322330887,-1.911195155990958
sl_eat_all_ssl_all,12,859b749f-3461-45e8-8fa7-3036ad79e1ca,Ptilinopus_pulchellus_V2082_06_short.flac,Animal Sound Archive,Aves,True,2.391379254081147,-0.29030860354053833,2.2347261534188005
sl_eat_all_ssl_all,12,0c8237a6-ffcf-40f2-8a78-e054ac2d0feb,Erithacus_rubecula_Bru_DAT0026_04_short.flac,Animal Sound Archive,Aves,True,3.0011986042108894,-0.7631056859313936,2.700710260589126
sl_eat_all_ssl_all,12,bc7066a6-0752-45e7-93b2-6b60d22a07ff,Fringilla_coelebs_Tre_N0060_02_short.flac,Animal Sound Archive,Aves,True,3.377861743916121,-0.48511907202140164,2.9890333945435144
sl_eat_all_ssl_all,12,8afcf96d-c949-4449-8bdd-d28c57251208,Turdus_philomelos_AuMC0183_07_short.flac,Animal Sound Archive,Aves,True,2.579042593410564,-0.0815290512624367,2.831757570085941
sl_eat_all_ssl_all,12,4c8133b5-5da7-42d7-b6c5-114a1072d6ef,Sitta_europaea_Co0149_21_short.flac,Animal Sound Archive,Aves,True,-0.11737280180560658,-1.0584853836704826,-0.030534740081546136
sl_eat_all_ssl_all,12,74df051c-9d73-445d-acfc-fe6e10310472,Spheniscus_humboldti_V2106_08_short.flac,Animal Sound Archive,Aves,True,-0.9412313202586298,-0.15906801828148215,-0.971201596493568
sl_eat_all_ssl_all,12,508f4e6b-fe79-4fe0-addc-fd2ae26c033f,Tringa_totanus_V0522_13_short.flac,Animal Sound Archive,Aves,True,2.9985284586091385,0.3813440719549023,2.715668074294503
sl_eat_all_ssl_all,12,f787e5e8-fe60-4d0f-b3f7-4d712545a1c2,Canis_latrans_DIG0101_16_short.flac,Animal Sound Archive,Mammalia,True,0.21239546099528203,0.2411073936216621,0.4854718677170633
sl_eat_all_ssl_all,12,f6262b3c-18ba-489c-b8de-b8d1fb800224,Turdus_pilaris_DIG0056_10_short.flac,Animal Sound Archive,Aves,True,-0.8594634994062729,-0.13555398689814557,-0.6533806563251018
sl_eat_all_ssl_all,12,fb804c43-73ee-47fe-927b-60b1d3513150,Tyto_alba_V2095_11_short.flac,Animal Sound Archive,Aves,True,-1.4762706529437761,0.9285945487659819,-1.1060032552146746
sl_eat_all_ssl_all,12,5b83a91b-962c-42bf-8117-27467395860e,Fulica_atra_V1542_17_short.flac,Animal Sound Archive,Aves,True,-4.268642920605179,0.9051584207991716,-3.402541922408064
sl_eat_all_ssl_all,12,5b9f94ad-0b40-48e4-9678-451dbca6408c,Anthus_trivialis_Co0104_04_short.flac,Animal Sound Archive,Aves,True,-0.6365015813732292,-0.27254657114726927,-0.4634170510460695
sl_eat_all_ssl_all,12,d6424b36-824b-4dae-82bd-b76d3c2c0ab6,Uncia_uncia_S0747_01_short.flac,Animal Sound Archive,Mammalia,True,-2.7243232269909194,0.9130674839325839,-2.2145445605280836
sl_eat_all_ssl_all,12,ae83334a-b8f8-4434-a290-2eab52738840,Parus_major_Tre_N0062_06_short.flac,Animal Sound Archive,Aves,True,1.7292956662937087,-0.5793050491559976,1.82676733673977
sl_eat_all_ssl_all,12,fb6ff418-4b29-4fd3-9165-7fb85d534815,Alauda_arvensis_DIG0054_13_short.flac,Animal Sound Archive,Aves,True,2.7255079873788204,-0.06776453715242677,2.6244141691799814
sl_eat_all_ssl_all,12,51af16a8-a238-4ae9-8bb9-fed4813d9042,Sylvia_nisoria_Co0163_16_short.flac,Animal Sound Archive,Aves,True,2.3925792096218146,-0.44154484218420054,2.117040625337856
sl_eat_all_ssl_all,12,dd37da80-cf46-4309-ade6-7ac871535dc0,Strix_aluco_DIG0080_02_short.flac,Animal Sound Archive,Aves,True,1.6254411760149357,-0.12849638673812364,1.6983051835198313
sl_eat_all_ssl_all,12,b7c7b37a-1e32-4ea4-868c-5ecc41f2b65e,Anthus_trivialis_Co0088_03_short.flac,Animal Sound Archive,Aves,True,2.107784558128162,-1.1168396046925069,1.8025125341034205
sl_eat_all_ssl_all,12,55cfa116-32aa-41e2-a25d-1c57634e3bb8,Pipistrellus_pipistrellus_DIG0141_29_short.flac,Animal Sound Archive,Mammalia,True,2.153790346108921,-1.0983550577457604,1.9454450486836734
sl_eat_all_ssl_all,12,7f3dfdb2-be02-4783-8c2a-c7cc337a4ef2,Emberiza_citrinella_AuMC0283_03_short.flac,Animal Sound Archive,Aves,True,1.9197353715939687,-0.3377641826588421,1.8692476378812621
sl_eat_all_ssl_all,12,582d2768-f926-4b45-92dc-a7e50d7486ee,Spheniscus_humboldti_V2080_04_short.flac,Animal Sound Archive,Aves,True,-3.3034825148355274,0.24376426584752928,-2.9252303752158397
sl_eat_all_ssl_all,12,b587d813-d483-4978-bd9c-0d72b25e7f96,Fringilla_coelebs_DIG0160_03_short.flac,Animal Sound Archive,Aves,True,0.14997375155214515,-0.18211008897733652,0.5810817442329155
sl_eat_all_ssl_all,12,7d80ff34-a9d9-48e3-8941-cdac4ef9ff4d,Turdus_merula_Tre_N0087_03_short.flac,Animal Sound Archive,Aves,True,2.90423282754544,0.26612364154802853,2.983448335840834
sl_eat_all_ssl_all,12,23ac7c30-21ed-4ae6-996c-726a5f0294da,Parus_major_CoMC0001_25_short.flac,Animal Sound Archive,Aves,True,1.730364604042784,-0.12394166070115359,1.740458275898015
sl_eat_all_ssl_all,12,22503022-c50a-4748-a52e-4e305b3ef32b,Coccothraustes_coccothraustes_PF00848_short.flac,Animal Sound Archive,Aves,True,1.0192957139944976,-0.3631376554590171,1.308679871471496
sl_eat_all_ssl_all,12,8be4f6d7-ee20-4ab3-a774-639c460618d1,Emberiza_citrinella_DIG0060_04_short.flac,Animal Sound Archive,Aves,True,-0.9692669896827875,-0.911302003958676,-0.5800439775537956
sl_eat_all_ssl_all,12,b6dd8de9-0f80-4331-b654-453e435bccb9,Porzana_parva_DIG0118_33_short.flac,Animal Sound Archive,Aves,True,-1.6679124981309577,0.19873547136263847,-0.6929229238203937
sl_eat_all_ssl_all,12,90429448-7441-4693-90b1-4796d9ac96ac,Sylvia_nisoria_DIG0169_27_short.flac,Animal Sound Archive,Aves,True,1.0880473189697626,-0.26633560463430495,1.286636641653314
sl_eat_all_ssl_all,12,d98d86f8-c04b-49cc-8f88-33d220ee592e,Picus_canus_CoMC0001_17_short.flac,Animal Sound Archive,Aves,True,-5.943796383034388,-0.8034346086544077,-4.992282735764789
sl_eat_all_ssl_all,12,eecf3af9-d33c-463c-b096-35e5948b8c7b,Luscinia_megarhynchos_DIG0178_04_short.flac,Animal Sound Archive,Aves,True,2.130241016875101,0.061544629575942214,2.06082509534824
sl_eat_all_ssl_all,12,39ed068b-a96d-40ee-baae-ea54742c441c,Parus_major_Tre_N0011_03_short.flac,Animal Sound Archive,Aves,True,2.04235032748866,0.09454316725257213,2.01795047284852
sl_eat_all_ssl_all,12,a40f19b2-83c4-48e2-9bfb-5dc7eadd29b1,Tringa_nebularia_Kr0005_12_short.flac,Animal Sound Archive,Aves,True,2.513317666794842,-0.22920947789385027,2.543262524997046
sl_eat_all_ssl_all,12,e1d5391b-891b-4195-b991-97f690f75ded,Nucifraga_caryocatactes_CoMC0036_10_short.flac,Animal Sound Archive,Aves,True,-2.0700835484389115,-0.7475713168321863,-1.597073371367828
sl_eat_all_ssl_all,12,e264d864-405b-4617-8f83-0834ad28556d,Pseudeos_fuscata_V2010_03_short.flac,Animal Sound Archive,Aves,True,-2.102288385806144,-0.16822764690862188,-1.4402939252667002
sl_eat_all_ssl_all,12,2525ff9e-0a02-4843-a89c-f40ce0bdcece,Canis_lupus_f_familiaris_S1458_16_short.flac,Animal Sound Archive,Mammalia,True,1.4148555658005666,0.43181028960237,1.6863328838877965
sl_eat_bio_ssl_all,12,345526af-20c5-437b-8741-e197ac6511ed,XC693334-LS_58842%20Dusky-headed%20brushfinch%20song%20B.flac,Xeno-canto,Aves,True,8.47610572000318,-0.6882619629997984,-0.3599853825457402
sl_eat_bio_ssl_all,12,e605b07a-87dd-4723-b812-f84b781c9583,XC126939-Tristram%27s_Starling_2.flac,Xeno-canto,Aves,True,10.565612813791166,-0.9082955666698629,0.038205705591613404
sl_eat_bio_ssl_all,12,61fc36ad-03d6-4171-97fe-5c67821ec6de,530.flac,WavCaps,,False,7.9714197441026275,2.421454796713672,-3.7545632036419008
sl_eat_bio_ssl_all,12,67961220-1a93-4cce-84c6-cbe1bf6aa1bb,keyboard_electronic_023-032-100.wav,NatureLM,,False,7.872753268371119,3.699277493715285,-4.934862437947073
sl_eat_bio_ssl_all,12,5bf599ed-dfa6-41c7-918b-ae6e2f8e4113,XC739803-LS_51498%20Yellow-eyed%20Black%20Flycatcher%20duet%20A.flac,Xeno-canto,Aves,True,8.759297207475338,-3.2139916436721956,1.7660525387341992
sl_eat_bio_ssl_all,12,4d1f5da3-4aa7-4381-9949-f9d4ea9bc7fa,XC682803-5999-4004024-4438.flac,Xeno-canto,Aves,True,9.75073179349345,-1.1093724484334877,0.44101970346082187
sl_eat_bio_ssl_all,12,a7f4feca-c0a2-4598-b8a1-c508590d0f31,XC717693-Willow%20Warbler%20%2B%20Wren_Song_Mizen%20Head_15.04.22_A%2B.flac,Xeno-canto,Aves,True,8.445579046862907,-0.8066287203405499,0.19949588809220464
sl_eat_bio_ssl_all,12,ba79dda8-f0de-4b2a-8947-c1e7feeb58c9,SSW_269_20170819_120014Z.016_007.wav,NatureLM,,False,8.330095719580633,3.045657567687076,-4.179216084675515
sl_eat_bio_ssl_all,12,3a5b71f7-0fda-4a9f-b693-0327aba0b306,SSW_055_20170325_060004Z.055_010.wav,NatureLM,,False,6.500022231205771,4.740358335444915,-5.804652463132387
sl_eat_bio_ssl_all,12,3e92ca8d-18a6-48b2-84d9-e18b76078e72,SSW_039_20170311_110008Z.031_001.wav,NatureLM,,False,7.080056026788094,2.201316310108086,-3.827357814414877
sl_eat_bio_ssl_all,12,53030683-a00c-4303-92c8-5b104a41ad3c,9750402P.flac,Watkins,Mammalia,True,2.2414261808845346,-2.656604865528948,2.1313285022936226
sl_eat_bio_ssl_all,12,16eaecc1-b297-4dce-bfc4-c5ca0d7fa81d,20ta010j_2.0053_209c0108_-2.0053.wav,NatureLM,,False,8.645407425759737,0.8156250317894354,-2.5172288326183887
sl_eat_bio_ssl_all,12,5781d7a0-80ea-4be6-9fd1-9f6be373528b,XC385115-T15.flac,Xeno-canto,Aves,True,7.905677462287636,-0.025526499988859808,0.10988778890864759
sl_eat_bio_ssl_all,12,b795d66d-a577-4b68-bdc1-810b5ff09052,NorthernParula1.flac,Xeno-canto,Aves,True,8.942619686840196,-0.8446806971617788,0.5301705356613429
sl_eat_bio_ssl_all,12,519199ae-1ece-451d-a8e7-16b393685585,256179.flac,iNaturalist,Aves,True,10.68507302898949,0.49631372330145274,-1.2317332868093867
sl_eat_bio_ssl_all,12,484018cf-99a4-4310-a58a-e24c1f9b8d5f,SSW_023_20170304_130010Z.036_009.wav,NatureLM,,False,6.524843255543562,1.6487619932138953,-3.027259093385512
sl_eat_bio_ssl_all,12,3035d7a6-e138-4057-baad-948b688a26d7,XC744361-Bachstelze%2C%20Gesang%20%209.4.2015%20%20Egelsee%2C%20Badesteg%20%20%E2%80%8F%E2%80%8E15_33_24%20VOC_150409-2357.flac,Xeno-canto,Aves,True,10.186638657115255,-2.1913711986339512,1.1933420780460535
sl_eat_bio_ssl_all,12,639d5440-7745-4fbf-943b-2393c1a84ddf,324452.flac,iNaturalist,Aves,True,9.889223624232446,-0.7955771406725165,-0.004775398747679738
sl_eat_bio_ssl_all,12,833701b2-b661-4fbd-868f-07dda09059bf,XC486056-Xiphocolaptes%20promerohyporhynchus.flac,Xeno-canto,Aves,True,8.947199612852602,-1.15574324263007,-0.02117177915769841
sl_eat_bio_ssl_all,12,ac225d2d-bbcb-4f39-8b85-7916f5d8bb94,XC402294-sturnus%20unicolor%203%20chapatales%2024-09-2017.flac,Xeno-canto,Aves,True,9.923863468970751,0.13735328666013547,-0.287299130940315
sl_eat_bio_ssl_all,12,60f1c1bf-2a2e-4c1e-8172-522d397fe80c,XC301952-160131_011%20CANG%20parvipes%204x.flac,Xeno-canto,Aves,True,8.438550947469253,-0.08123214241350718,-0.29025222588120614
sl_eat_bio_ssl_all,12,b0e33146-8f91-4aad-b6d1-9fcd7e68e54c,mallet_acoustic_030-087-050.wav,NatureLM,,False,6.160494374290062,2.8012117977831257,-4.189019977678635
sl_eat_bio_ssl_all,12,9ad7750b-961c-4b95-b04c-2d69c8bce4d2,XC541270-Pied%20Currawong%2009_05_34.flac,Xeno-canto,Aves,True,9.04798390349941,-0.3344226679961322,-0.5794880704683603
sl_eat_bio_ssl_all,12,5083d955-24a1-4232-97a5-37e945c676c7,XC360007-LS104552%20Black%20Magpie%20calls%20B.flac,Xeno-canto,Aves,True,8.621045664346116,-1.190129339686835,0.1549678859569199
sl_eat_bio_ssl_all,12,12556fc5-c2b5-4020-81f4-c47d4c1466e0,XC688225-Goudvink%2020211021%201000%201a.flac,Xeno-canto,Aves,True,10.159786545257095,-2.2656964217718807,1.4032878518764167
sl_eat_bio_ssl_all,12,8dc6aec6-51c4-46f8-bb35-238eacb223aa,310057.flac,iNaturalist,Aves,True,10.439136371208477,-3.667920651749425,1.3893510341231088
sl_eat_bio_ssl_all,12,b74d3698-d9ed-4c8c-8ab7-b0621a69de4e,XC682514-stenkn%C3%A4ck%20lock.flac,Xeno-canto,Aves,True,8.469979561904488,-0.3525617340304965,-0.265486853233327
sl_eat_bio_ssl_all,12,1d8220c1-f1dd-44b6-89a6-8f73c01aefb3,192125.flac,iNaturalist,Aves,True,10.109793413107852,0.12787366943198086,-0.511743201868708
sl_eat_bio_ssl_all,12,75cd84ad-8c2c-4333-88c9-7327f5e3bf23,XC420018-Common%20Bulbul%20on%202.9.17%20at%20Twinga%20Lodge%20TZ%20at%207.10%20for%20.10%20_0448.flac,Xeno-canto,Aves,True,9.599668461839649,-0.5931456729970483,0.24961769485269758
sl_eat_bio_ssl_all,12,eeb57353-2d95-488d-af35-add7e1716977,XC282848-HETH_3-4-15_1330_MtOrd1.flac,Xeno-canto,Aves,True,9.133885790555563,-1.5224550604483817,0.347395112841143
sl_eat_bio_ssl_all,12,8798231a-34af-4290-b188-7ddff7e20192,126066.flac,iNaturalist,Aves,True,8.702074861498362,1.0665107751224419,-1.8030033527376914
sl_eat_bio_ssl_all,12,ff86a050-6731-45f6-b0df-0d4be52cd0d8,XC473849-Prinia_socialis_nom-FL%20calls%20Above%20Munnar%204Feb16%208.40am%20LS119888a.flac,Xeno-canto,Aves,True,7.589379246324669,0.43421390999116594,-0.5521816728862976
sl_eat_bio_ssl_all,12,c91eeae1-4c7c-4d46-bf6a-b81bf31ae996,513777.flac,WavCaps,,False,7.5113376539490195,2.730996587226916,-4.296045852006732
sl_eat_bio_ssl_all,12,6fada358-92cd-4951-bf39-973c259f45e1,7801800C.flac,Watkins,Mammalia,True,2.3174507439165506,-1.5915981415524523,0.36467633163629315
sl_eat_bio_ssl_all,12,04092021-10de-4665-8246-c41d4c842ae9,XC426300-Limpkin%20Corkscrew%20B%2012-21-17.flac,Xeno-canto,Aves,True,9.586877804868216,-1.4932461925718035,-0.3600794999303427
sl_eat_bio_ssl_all,12,a195c3dd-a998-41d3-b4a8-6cda1e490504,Brown_Lory_Nimbokrang_2009-07-12.flac,Xeno-canto,Aves,True,9.41554542629764,0.382682735854569,-1.3383874470142176
sl_eat_bio_ssl_all,12,a4cde161-5f7d-46b0-815d-a5e906e24984,598299.flac,iNaturalist,Amphibia,True,8.714403160176001,-2.0859938692675173,1.138803905855937
sl_eat_bio_ssl_all,12,94635d4d-9fc1-4914-a6c7-2f5f7b03f1e0,172953.flac,iNaturalist,Aves,True,9.10582616391644,0.7646038209725732,-1.1491814354632368
sl_eat_bio_ssl_all,12,cb3a6d2d-fb28-4c97-bca8-4f9b108de2f2,79776.flac,iNaturalist,Aves,True,10.885401340010265,-1.6001451439406402,0.276492821476499
sl_eat_bio_ssl_all,12,d461f4d6-1645-4ea6-a593-3aec461ed21d,XC563725-PROW%20%28M2%29%20-%20Song%20-%20Les%20Arends%20-%202020-05-31%2006_48.flac,Xeno-canto,Aves,True,10.763921528098793,-1.1421370590005626,0.5091042756294111
sl_eat_bio_ssl_all,12,878a679a-f3c4-4277-aae3-b31c9a59c959,XC714401-Grey-winged%20Blackbird%20female%20Call.flac,Xeno-canto,Aves,True,10.146694653838505,-1.2224322758274968,1.0186898870955257
sl_eat_bio_ssl_all,12,f939687a-741c-44f2-b128-f146b4fa529b,XC308832-westMexicanChachalaca-Col-Mx150809.flac,Xeno-canto,Aves,True,9.000122659264424,-1.7962565815586116,-0.7603804920989485
sl_eat_bio_ssl_all,12,fa147d6d-55ca-4786-8269-3a37cb17ce28,XC625226-Carrion%20Crow%200649.flac,Xeno-canto,Aves,True,8.150210406310114,-0.7493319053615588,-0.02615231357809855
sl_eat_bio_ssl_all,12,64b22456-5987-405b-a70e-7acd9c8604c9,20090914_WayKambas_BandedPitta_song.flac,Xeno-canto,Aves,True,9.740493818198123,-0.27725227968136124,-0.5941774448320138
sl_eat_bio_ssl_all,12,2c99f75f-28e7-4df9-b7eb-5ca44807bedd,XC193967-THRUSH_Swainson%27s_c%20ustulatus%20Fish%20Creek%2C%20Hyder%20AK%20062314%201438.flac,Xeno-canto,Aves,True,10.446029961427154,-0.9297564509786109,-0.3574315456227781
sl_eat_bio_ssl_all,12,28da31b7-3b02-4799-a4d5-4d22351dc633,XC510628-Cranioleuca%20sulphurea_Rio%20Grande_1164.flac,Xeno-canto,Aves,True,8.440190650547912,-0.45556266371472365,-0.6419810324405884
sl_eat_bio_ssl_all,12,9c91916b-7620-42c6-a2b4-8da3f3bcf140,XC210152-Corythopis_delalandi_14_12_2014_Amparo_SP_RSS.flac,Xeno-canto,Aves,True,7.385721507774428,0.7840846168137987,-0.6453536969613594
sl_eat_bio_ssl_all,12,c0265934-ab70-410e-a560-21f91e93e762,XC543571-Mino%20kreffti%20kreffti_pcm_191013_06.flac,Xeno-canto,Aves,True,8.623144666438293,-0.3272589284592129,0.014058954553520131
sl_eat_bio_ssl_all,12,a32a40cb-43da-4114-9668-455fc632df45,XC226630-Long-billed%20Woodcreeper%20%206212.flac,Xeno-canto,Aves,True,8.053069227666835,1.5496864510245387,-1.4901428124881584
sl_eat_bio_ssl_all,12,823eb09a-bc66-4ab4-ae43-ec1e805e341b,SSW_070_20170401_100007Z.059_004.wav,NatureLM,,False,8.483613573167307,2.883033903443991,-4.438110059619627
sl_eat_bio_ssl_all,12,99c07b43-3676-4c79-90cb-1c98d412bcca,83084.flac,iNaturalist,Amphibia,True,9.309229109436284,1.7362336145600406,-2.1913505835400446
sl_eat_bio_ssl_all,12,f2650314-83b4-4e4b-a1f1-f93edd739272,SgriseicollisLepipuertoMD5track30.flac,Xeno-canto,Aves,True,7.592891382993404,-1.7432600023188567,0.9540506320625524
sl_eat_bio_ssl_all,12,39c8e491-e1d9-4ab0-97e7-74067bf186b4,259389.flac,iNaturalist,Aves,True,9.803127449903116,0.5706910332365518,-1.2998543296574843
sl_eat_bio_ssl_all,12,1b4e638a-ef28-406c-933d-83aacd20fdfd,XC137559-Cyanomitra_cyanolaema_130404_06.flac,Xeno-canto,Aves,True,8.669245220005116,0.8370896805983974,-1.9420733903472063
sl_eat_bio_ssl_all,12,68df0cb0-a0af-45df-9066-d7d9424040a9,THRUSH%20Slaty%20%28Andean%29_08_Acambuco_Salta_AR_8OCT05_B%20Lopez-Lanus%20%28BLL%20et%20al%202007%29.flac,Xeno-canto,Aves,True,9.589001837682012,-1.928250539589881,1.0023647129083626
sl_eat_bio_ssl_all,12,777045eb-b58b-4bc6-a9ba-900580ff5387,2411%2F15.flac,Xeno-canto,Aves,True,8.190323828007013,-1.0462327476540874,0.10100529288649618
sl_eat_bio_ssl_all,12,1104888f-75ba-4676-b2f3-7095f601daef,XC740599-ziegenm0439.flac,Xeno-canto,Aves,True,9.33374096362925,0.8854686431431071,-1.3339918748860577
sl_eat_bio_ssl_all,12,bf372c58-e740-4020-a974-80d3865f9a60,CARDINAL%20Yellow-billed_05_Otamendi_Campana_Buenos%20Aires_AR_22NOV01_Bernabe%20Lopez-Lanus.flac,Xeno-canto,Aves,True,8.73071630895263,-0.6788609699524824,0.6478956499096591
sl_eat_bio_ssl_all,12,ea4a5b95-6574-468a-8c16-7df995c2ec25,XC413916-RedBelliedPitta_Talaud_072217_song.flac,Xeno-canto,Aves,True,9.995984960014884,-0.4322074788055936,-0.7158081945111159
sl_eat_bio_ssl_all,12,ccb717f9-b508-4e72-a149-36bfa38d9f13,541272.flac,WavCaps,,False,8.89373376631805,0.9367549407756068,-3.1681541984897152
sl_eat_bio_ssl_all,12,d92bc3a1-d8f7-439c-a0c3-2ab375d2c753,2836_5355_000026_0000002.wav,NatureLM,,False,8.285264017762628,0.4272198068704085,-2.3387066911058882
sl_eat_bio_ssl_all,12,6cbd2eb7-b791-452c-95d5-750947a379bd,27686.flac,iNaturalist,Aves,True,9.218667602038252,-0.9230919786674403,-0.3857268984774862
sl_eat_bio_ssl_all,12,afb37eee-ce7c-4964-9b19-86b9b477797a,A%20Buchfink%20C.flac,Xeno-canto,Aves,True,9.175652702100608,-0.9040077755153622,0.7220793945378745
sl_eat_bio_ssl_all,12,eb6d9779-2525-4889-8e90-fef798a9e447,XC585592-200829_2330a.flac,Xeno-canto,Aves,True,9.811461153901927,-0.5392685921434854,0.44143215338010877
sl_eat_bio_ssl_all,12,26df3063-fe3c-48d5-9f5b-f1cdd1c39ddd,XC273712-Lance-tailed%20Manakin%20call.flac,Xeno-canto,Aves,True,9.762259038955033,-0.9675162676111995,-0.04620151787726212
sl_eat_bio_ssl_all,12,e9077a18-b2ee-444e-b7ce-d9ce1a4344fd,XC427482-Hylocharis%20sapphirina%20CONFIRMAR-Caio%20Brito-%28Porto%20Seguro-BA%29-BRITO2813.flac,Xeno-canto,Aves,True,9.592081341175415,-0.9134070751769383,-0.5125361293023111
sl_eat_bio_ssl_all,12,dfa945a5-d725-4213-8024-e95444d30022,SSW_131_20170506_160014Z.056_012.wav,NatureLM,,False,7.830493385032887,-0.6703383891115633,-0.8905654878244313
sl_eat_bio_ssl_all,12,724ad83d-b8bf-40b4-8871-a63ef9997a2d,80951.flac,iNaturalist,Aves,True,9.049121863088411,0.17984624011047523,-0.5502244392138205
sl_eat_bio_ssl_all,12,22d963f6-b54e-4af3-af09-f900ef4999a3,498419.flac,iNaturalist,Aves,True,9.47527765840275,-0.029332360576538097,-0.8064064991671762
sl_eat_bio_ssl_all,12,f2b30269-44ca-4699-a140-8dd03cec428d,XC346690-LS102883%20Pied%20Kingfisher%20call%20B.flac,Xeno-canto,Aves,True,9.690250707905857,-3.9328355519815217,2.158776438223067
sl_eat_bio_ssl_all,12,c83f22a7-fcf1-4fae-be2b-63a0e713fef5,XC703174-DUFL_2021-06-04_Surveyor_Campground_Klamath_County_OR_0834.flac,Xeno-canto,Aves,True,9.822100017682782,-1.3074972311952253,0.20750868396426814
sl_eat_bio_ssl_all,12,64fee962-59fe-4b32-a996-53a8f0a500b0,XC256074-THRASHE_Cur-bil_c_dawn%20OPCNM%20500m%20082012%200531.flac,Xeno-canto,Aves,True,8.619848571150598,-0.11968590802876578,-0.9276535575063867
sl_eat_bio_ssl_all,12,767551e6-6aee-488f-b86a-934001633d21,XC684441-Cape%20Batis%204%20note%20call.flac,Xeno-canto,Aves,True,8.928661156867271,-1.4396443273830524,0.857744252983546
sl_eat_bio_ssl_all,12,f65f769a-7e0f-4a8f-b4c5-407c13a0f3df,XC276215-Muscigralla_brevicauda54cut2A.flac,Xeno-canto,Aves,True,9.673230203650146,-1.6095013325582355,0.28147986131760727
sl_eat_bio_ssl_all,12,0f5c174e-631e-443c-b669-913d7a104b82,413492.flac,WavCaps,,False,7.19360580351433,1.9420522080489937,-2.826954782453636
sl_eat_bio_ssl_all,12,e3017e9b-8dde-411e-9379-397d61190dfa,XC280005-LS_56546%20FALSE%20BAY%20AREA%20Scarlet-chested%20Sunbird%20call%20A.flac,Xeno-canto,Aves,True,9.894137751376753,-2.1728698065346648,0.9435486543398248
sl_eat_bio_ssl_all,12,a012a70a-7061-4d78-99d2-95bfe85811eb,519647.flac,iNaturalist,Aves,True,9.063214492250474,-1.401964871537656,0.9554744596857216
sl_eat_bio_ssl_all,12,d8591970-8835-4997-a360-34765d5f69bf,XC428511-Campylorhamphus%20falcularius3.flac,Xeno-canto,Aves,True,8.983972572192204,-2.8050985127155625,1.236654585293393
sl_eat_bio_ssl_all,12,22d30df2-b2ec-4bb6-94ed-143303dce57e,631192.flac,iNaturalist,Aves,True,9.980466009620358,1.508878335495638,-1.402186495056982
sl_eat_bio_ssl_all,12,45b9c5c2-0617-4b49-845c-ba57e4de9d37,XC698221-RECAV0_210507_1017_lim026_alarme.flac,Xeno-canto,Aves,True,8.879878639115843,-0.5855700270478312,-0.16997593012831302
sl_eat_bio_ssl_all,12,b93a5062-b645-4972-afa0-64f8b52eaf7b,46680.flac,iNaturalist,Aves,True,8.893709815869892,-1.4096255756927072,0.7828575552571724
sl_eat_bio_ssl_all,12,f73d5b6c-4e75-4706-8879-10efb3f9dd6d,XC590985-Megascops%20roraimae%20MNML%20092020.flac,Xeno-canto,Aves,True,8.660347523844482,0.31273082425545184,-0.8806781550714672
sl_eat_bio_ssl_all,12,3c561d9f-faeb-4095-a8df-db39c9f90e29,2413%2F27.flac,Xeno-canto,Aves,True,8.996606520381523,0.6570270404688774,-1.5995832338828788
sl_eat_bio_ssl_all,12,5ff1b801-99e2-4468-8d1a-003bc3b04b9b,XC304310-Coppersmith%20Barbet.flac,Xeno-canto,Aves,True,10.346408887004173,-1.3165649651149418,-0.009812150766889571
sl_eat_bio_ssl_all,12,55b259de-bb5a-430f-b244-4074b68ab8e8,Yyy2Msyv3j5Q.flac,WavCaps,,False,9.713427146861209,-0.44933762128522803,-1.0023001460667194
sl_eat_bio_ssl_all,12,95ee6b95-ab25-4dea-9368-291d38239041,XC499085-190917-100410alveolacinzenta.flac,Xeno-canto,Aves,True,8.714747811735325,1.004155725158917,-1.8879006484676708
sl_eat_bio_ssl_all,12,95692cfb-15bf-4154-972c-e5b56cd998d3,650032.flac,iNaturalist,Aves,True,9.295665586479057,-0.4112338315655848,-0.45284783580281296
sl_eat_bio_ssl_all,12,d2e93f15-608a-4d0a-95c5-fe87761ced2d,XC139158-Northern%20Puffback%20Manegusha.flac,Xeno-canto,Aves,True,9.396531764271764,-0.8013277776123693,-0.23475243672956192
sl_eat_bio_ssl_all,12,44931f2b-2ab3-4914-8242-05d44c65b572,83_11691_000076_0000044.wav,NatureLM,,False,9.717702909922039,1.5441347141330868,-3.2854692327868893
sl_eat_bio_ssl_all,12,ce541065-12f5-4555-ad32-64dcb6a2cbd9,XC538724-Indian%20pitta.flac,Xeno-canto,Aves,True,9.884165014868971,-1.0493011457905908,0.08390062832198075
sl_eat_bio_ssl_all,12,880d47c7-4327-42c4-a423-4b34ab155b4b,133566.flac,iNaturalist,Aves,True,10.941676355489637,-0.4389109428495477,0.11827373450061318
sl_eat_bio_ssl_all,12,5746276e-db0b-49eb-8508-ac908d8e3677,XC133023-2006022014_Cuculus%20clamosus_Nysvli_F%20DEROUSSEN.flac,Xeno-canto,Aves,True,10.755364165045018,-1.5684257496567748,1.1901308349073179
sl_eat_bio_ssl_all,12,58256ccf-1484-4797-acd3-15a9751cc3d9,XC157730-Gampsorhynchus-rufulus-FL%20response%20Chidu%20area%2C%20Mishmi%20%207Apr13%207.33am%20LS113820.flac,Xeno-canto,Aves,True,9.004662727675642,-0.7120847235860872,0.06689740497140206
sl_eat_bio_ssl_all,12,9d183521-c0ab-445b-941e-add62ef1a4bb,40452.flac,iNaturalist,Aves,True,10.646039781375816,-0.42791990449225437,-0.5577353154434934
sl_eat_bio_ssl_all,12,831a5856-1d86-4990-b6d0-4647d9d4bbe4,XC218938-Chestnut-fronted%20Macaw%20B%202035.flac,Xeno-canto,Aves,True,6.98862792952921,-2.4210113804199622,2.4934867787875263
sl_eat_bio_ssl_all,12,cb524d84-593e-4d3b-b733-d8b747ce513c,XC760819-201016_0034-Vattenrall-kattuggla.flac,Xeno-canto,Aves,True,10.717607270039316,-2.4244735068445067,1.0792871653310518
sl_eat_bio_ssl_all,12,57ccbcb8-2320-49db-b21a-1b75139f3ee9,115565.flac,iNaturalist,Aves,True,9.56882564719478,-0.21692107260252813,-0.5330000208393726
sl_eat_bio_ssl_all,12,8bec7a0c-beaf-4a10-adb4-567825faa1cf,XC664893-9%20Saborta%20Warning.flac,Xeno-canto,Aves,True,8.128373699817239,-1.9552198447083742,0.3558553912588249
sl_eat_bio_ssl_all,12,768010b4-e17e-48d6-8a0f-02736799380d,XC561638-cho%20hul%20femelle2.flac,Xeno-canto,Aves,True,8.251501245917549,0.16370412870166606,-0.1935156150341032
sl_eat_bio_ssl_all,12,098334ce-c397-4222-8296-8ffca7fae437,194139.flac,iNaturalist,Aves,True,9.739451769204342,-1.036320473576958,-0.1974109620464688
sl_eat_bio_ssl_all,12,dfd6cbf9-31a5-4bb6-b123-9f59b3ff4daa,SSW_118_20170429_220023Z.001_008.wav,NatureLM,,False,8.366205195046195,0.689319124797722,-2.62570109790441
sl_eat_bio_ssl_all,12,3cb08433-cebb-4c98-898b-80e54ecb219f,32802.flac,iNaturalist,Aves,True,8.86357424380237,-0.4538397185016658,-0.15103135399745782
sl_eat_bio_ssl_all,12,938bd247-c632-47bd-bbe2-f00ed2e54ea8,Serinus_mozambicus_barbatus_20100701_zang_Lake_Bunyonyi_OEG_LS100329egg-z.flac,Xeno-canto,Aves,True,9.733653648869256,0.033632174019532446,-0.47506854626614137
sl_eat_bio_ssl_all,12,0f9889a9-b9a6-4e30-8b08-d0242da6a515,410922.flac,iNaturalist,Aves,True,8.908592062899215,0.5838568362057364,-0.7607833685040659
sl_eat_bio_ssl_all,12,137895f2-c6ee-406a-9eb4-40e40df36b48,XC413503-Surucua%20variado3%20%28Trogon%20surrucura-OK-OK%29.flac,Xeno-canto,Aves,True,9.441483538864356,-2.4249112857924557,0.798315934995872
sl_eat_bio_ssl_all,12,547a075d-83d1-4019-8116-45f9dcc43c5e,XC422294-Blue-banded%20en%20Blue-headed%20Pitta%202%20260218%20Danum.flac,Xeno-canto,Aves,True,8.273040944265095,-0.5618816775514166,-0.8436499969473987
sl_eat_bio_ssl_all,12,bdc650b9-36d5-47ed-824c-13cca43302ff,SSW_154_20170513_190014Z.028_017.wav,NatureLM,,False,8.133734444420174,1.499310721178213,-3.369366836760352
sl_eat_bio_ssl_all,12,6e6fd995-7fe2-447c-8162-1dc4f2f22e6a,XC699785-29-01-2022%206e24%20Pomba%20asa%20branca%20CARAIBAS.flac,Xeno-canto,Aves,True,8.13335683001721,-0.9020620687839,0.4130876544565769
sl_eat_bio_ssl_all,12,c99b124b-07b7-4093-a90b-ffdd2c65a727,684349.flac,iNaturalist,Aves,True,9.559628281106601,-0.3116477953409391,-0.6724675649386862
sl_eat_bio_ssl_all,12,20ba605b-ee08-422c-ba42-f5dcc27d0a22,XC228328-Summer%20Tanager%20A%2015074.flac,Xeno-canto,Aves,True,8.644244610577232,0.4604522967653526,-0.6533051776728929
sl_eat_bio_ssl_all,12,5e87f433-d182-4e50-9aa9-27922cdcbfd2,XC374312-rossignol%20philomele%20tarerach%2066%20not%20seen%20A.flac,Xeno-canto,Aves,True,9.198394974711922,-0.9842586049148927,-0.28709823484412644
sl_eat_bio_ssl_all,12,58d9139e-0f1e-463a-bdf7-0be4801378fd,XC784638-fou-mac-ENC-kerlidic-220123.flac,Xeno-canto,Aves,True,9.972356783819693,-1.471376663910783,0.8885488217588964
sl_eat_bio_ssl_all,12,76dd7bc3-8435-48c0-9f78-d0a3ab3b5b10,YDTngmSh5wnI.wav,NatureLM,,False,10.02527174493494,0.3623286296430204,-1.8932770547689808
sl_eat_bio_ssl_all,12,2c3c454c-0b4e-46df-92f6-e31c1ddc72e1,XC557317-BlackThroatedGreen.flac,Xeno-canto,Aves,True,8.218081446624552,-1.1062980240337352,0.08363966723646477
sl_eat_bio_ssl_all,12,9b448211-8049-4506-9419-b87c7eb56679,145647.flac,iNaturalist,Aves,True,9.721357947061819,0.04752165479258652,-1.189070693910308
sl_eat_bio_ssl_all,12,61b544a0-e4aa-4ae3-b37c-d5f4dab651ec,XC498630-GRACKLE_Gre-tai%20Tepic%20900m%20042519%200707.flac,Xeno-canto,Aves,True,9.031222736094634,0.41624990908101545,-0.6081697250146767
sl_eat_bio_ssl_all,12,93113a3a-def3-467f-a6a8-0aea0e83c63e,XC614959-Pipit%20de%20Richard%20Carolles%2012%20nov%2019.flac,Xeno-canto,Aves,True,8.462209362708478,1.5592085305768433,-1.7745425701591966
sl_eat_bio_ssl_all,12,24b8e155-3f39-4502-8d6c-ae5b54479f95,XC510190-LS_58313%20Hildebrandt%27s%20Starling%20predawn%20song%20B%20Superb%20Starling%20C%20Slender-tailed%20Nightjar%20C.flac,Xeno-canto,Aves,True,9.487757839486182,-0.1512814832213516,-0.010943733035818637
sl_eat_bio_ssl_all,12,aaa9904c-848a-4384-87b1-240b3b528125,121638.flac,iNaturalist,Aves,True,9.740708174818867,-1.4856150102463221,0.8722425310883372
sl_eat_bio_ssl_all,12,1be2c6f6-d8c9-4f70-92e4-b56e5cdea7f0,252028.flac,iNaturalist,Aves,True,8.215993295543019,0.6381251008724106,-0.4349455367741761
sl_eat_bio_ssl_all,12,0de51500-38b0-4fba-91d8-4197b88be5c0,XC268851-carduelis%20carduelis%202%20parque%20alamillo%2010-05-2015.flac,Xeno-canto,Aves,True,10.439357578315303,-1.2301960012297974,0.07303997453872957
sl_eat_bio_ssl_all,12,e5e7833a-1fb9-40f5-a213-ca0cd70e516e,51356.flac,iNaturalist,Aves,True,10.24583913242169,-2.5631856728994293,0.9342424451810385
sl_eat_bio_ssl_all,12,c9baa9ca-fe4c-47a6-914f-639f436c7bfb,SSW_110_20170429_110008Z.012_001.wav,NatureLM,,False,9.042975316480138,0.7536416909241814,-2.2464382408450514
sl_eat_bio_ssl_all,12,c51efe87-1e37-4b67-9577-fdc4f81e35dc,COOT%20Red-gartered_02_La%20Verdosa_25%20de%20Mayo_Buenos%20Aires_AR_20OCT01_Bernabe%20Lopez-Lanus.flac,Xeno-canto,Aves,True,9.893771036318823,-1.0138831993425415,0.2481787760956189
sl_eat_bio_ssl_all,12,93c18450-b237-4c1a-86b8-f3f083500889,151117.flac,iNaturalist,Aves,True,10.464957333499576,0.518987545503703,-1.173228482473013
sl_eat_bio_ssl_all,12,6abc42ac-bced-4f8e-bc1b-15d06257a15c,453053.flac,WavCaps,,False,5.426364712909453,2.932931120744983,-4.581881603672776
sl_eat_bio_ssl_all,12,259b6cdc-b252-4618-b2dd-2002b3a00c2b,411097.flac,iNaturalist,Aves,True,8.773685591400476,0.6573835925220517,-1.111478390554612
sl_eat_bio_ssl_all,12,3afa59d0-3f62-4840-8d8b-166a12870993,XC424030-Myiarchus%20tuberculifer%20R%20Bellavista%2012%2006%202017%203%2055%20pm.flac,Xeno-canto,Aves,True,9.285640119835115,0.9344708059678235,-1.2599969628290744
sl_eat_bio_ssl_all,12,f36d9ee1-b897-4137-91f7-bdf664bc16f7,ICLISTENHF1251_20140904T175409.262Z_038.wav,NatureLM,,False,10.083088505661083,1.1860701996609024,-2.7978115539929767
sl_eat_bio_ssl_all,12,b5f12d26-7328-4f78-b2a5-a3f7a363e89f,XC465758-R37_0108%20Coraya%20Wren.flac,Xeno-canto,Aves,True,6.57021067657278,1.1048406154423196,-1.0640362574109017
sl_eat_bio_ssl_all,12,ad0c2a47-07f3-4f39-93e4-184b117456c3,XC426860-LS108242%20Black-crested%20Bulbul%20song%20B.flac,Xeno-canto,Aves,True,9.424243397375847,-1.0569668700377775,0.6497409160590677
sl_eat_bio_ssl_all,12,0881cd4e-e788-4668-b4b3-a8dce94f0306,156708.flac,iNaturalist,Aves,True,8.772683581272094,-1.900219308032614,0.7701869489498028
sl_eat_bio_ssl_all,12,e5e0eb45-0623-43f2-9fc6-fdffffdcea69,XC390467-White-throated%20Laughingthrush%2001%20-%2015Dec16%20-%20Sigri%20-%201109.flac,Xeno-canto,Aves,True,10.024465536782994,-1.5130958901251983,0.6236375457246173
sl_eat_bio_ssl_all,12,1a705b9e-4b45-4fc0-9ca9-0dc306e7e1e8,SALTATOR%20Golden-billed_17_Putre_I%20Region_CH_4NOV99_Alvaro%20Jaramillo.flac,Xeno-canto,Aves,True,8.021016350619607,0.20952743852632194,-0.4472261506157217
sl_eat_bio_ssl_all,12,a50d1daf-2f9a-4f8a-822f-51ad13bbadb4,YIA3Um5JtMqU.wav,NatureLM,,False,10.013768726552595,-1.0192929912394324,0.15651339082437055
sl_eat_bio_ssl_all,12,f56125d7-e8ff-429a-887a-cf6cc7717b3a,XC277200-PODCRI10h40m35s23jul2015%20%282%29.flac,Xeno-canto,Aves,True,9.48299621162855,-1.2038019521680505,-0.4256395191012894
sl_eat_bio_ssl_all,12,1bff0b95-7210-4a2d-b0f4-8269923f8144,XC504170-26-10-19%2000.07%20Gru%20sopra%20casa%20%28online-audio-converter.com%29.flac,Xeno-canto,Aves,True,8.820557412314471,-0.48028611260498244,0.398753848706519
sl_eat_bio_ssl_all,12,c5a97ecb-3eb2-41e8-82fd-ffd90d062fd7,XC684562-vite-vite-de-cabe%C3%A7a-cinza.flac,Xeno-canto,Aves,True,9.243325108488124,-0.9257370976735237,0.8572557625393591
sl_eat_bio_ssl_all,12,9c65b9d3-98d4-4d13-a705-94529a1c3241,ICLISTENHF1251_20140404T200459.775Z_051.wav,NatureLM,,False,7.910285843273062,1.9339647602739487,-3.5092624607388663
sl_eat_bio_ssl_all,12,09f37e69-9a9c-416b-9c44-86358a8ac40d,XC314241-Unknown%20-%20poss%20gw.flac,Xeno-canto,Aves,True,10.227433846259707,-1.3420841294673354,0.20656620666780778
sl_eat_bio_ssl_all,12,6754e8a8-358b-4094-8b60-c013fa7fa5d8,XC773008-170519_01-Buskskv%C3%A4tta-s%C3%A5ngl%C3%A4rka.flac,Xeno-canto,Aves,True,10.954386901270972,-1.6112625423289886,1.0854619282748603
sl_eat_bio_ssl_all,12,4031dcbb-cf15-4625-8794-0a18eba07430,110409.flac,iNaturalist,Aves,True,9.469647552074385,-0.07652978761761653,-0.09344547919465551
sl_eat_bio_ssl_all,12,f86852f7-a734-4245-a146-857bac1d5a7d,32073.flac,iNaturalist,Aves,True,9.185625405525307,0.8411088765746518,-0.88288056247907
sl_eat_bio_ssl_all,12,d67a295c-5acf-455b-9e1f-2e7e9b8751f7,XC336055-160409-191944_Cyanistes%20teneriffae%20teneriffae_R.flac,Xeno-canto,Aves,True,9.137713959912803,1.865888727043696,-1.2205142247026806
sl_eat_bio_ssl_all,12,4bfa106e-19e4-4a55-bee6-bccdae6395f2,XC762905-LS_51891-Common-Newtonia-song-A.flac,Xeno-canto,Aves,True,9.717921238529517,-2.1992201125243795,0.39166459795036124
sl_eat_bio_ssl_all,12,b7f488dd-4a90-46eb-8d15-2e26c469c741,XC646539-Guira%20guira%20Maceio%20AL%20Ilha%20do%20Lisboa%205%20May%202021%20RSS.flac,Xeno-canto,Aves,True,8.663862610705845,-0.9269677725507528,0.7637262998148864
sl_eat_bio_ssl_all,12,c5fd87a3-5302-492d-bdd6-b742b5cb396b,XC525575-x_IAvH-CSA-5771.flac,Xeno-canto,Aves,True,8.209630815033048,-1.0443756444403602,0.20286726903284036
sl_eat_bio_ssl_all,12,ae52ec88-e2b5-4711-946a-a4cfefdb67c0,373451.flac,iNaturalist,Aves,True,9.667576493338458,-0.47178429652468656,-0.03886654917021781
sl_eat_bio_ssl_all,12,38b5e494-6ef7-45a6-8bc6-d889803c202f,XC567554-Cannaiola%20verdognola1.flac,Xeno-canto,Aves,True,9.310577238444694,-1.3188135094295688,0.33547661884666025
sl_eat_bio_ssl_all,12,cd8055b7-c454-409a-b847-53fca842a0ed,XC629513-MIXPRE-4304.flac,Xeno-canto,Aves,True,9.622341383442636,-1.6098320183799137,0.47447979767369164
sl_eat_bio_ssl_all,12,713a478b-1866-4ec0-9a2a-838d12805843,XC445196-Slaty%20Finch.flac,Xeno-canto,Aves,True,6.216696440029208,3.0817625203268673,-3.6352229722889042
sl_eat_bio_ssl_all,12,fda78aee-aa4a-4375-be28-331f005d0297,bass_synthetic_096-033-100.wav,NatureLM,,False,4.059987577391397,0.5028959911481651,-2.972237075374553
sl_eat_bio_ssl_all,12,e9bef080-ea2f-4a83-a7f9-6c36320a7b9a,XC439825-BECARD_Ros-thr_c_exc%20Uvalama%20400m%20051018%200619.flac,Xeno-canto,Aves,True,8.736850536384095,0.19697733800979766,-1.394761246794244
sl_eat_bio_ssl_all,12,028bccfe-4580-40cf-9127-7b283908caf5,XC485317-PICCAN%20kaes%20jvk190707.flac,Xeno-canto,Aves,True,9.251636439303404,-1.2945958115678295,0.3812623009571676
sl_eat_bio_ssl_all,12,86ca1665-8ebc-441f-87c0-121b189c432a,XC515437-Mirafra_apiata_nom-FL%20song%2035km%20from%20Skittykloof%2022Oct19%207%2C50am%20LS114806b.flac,Xeno-canto,Aves,True,9.73345047027521,-0.2729628892619873,-0.8583667583956166
sl_eat_bio_ssl_all,12,d4f3df4e-8485-4e95-95ff-f21f6382abfb,XC397510-Fork-tailed%20Drongo%20exc%20SPCA%20dam.flac,Xeno-canto,Aves,True,9.403573513360362,-1.3538498538572543,0.7497802601901038
sl_eat_bio_ssl_all,12,df8cbea6-9ca8-4947-a792-330de6f059e1,XC673485-gul%C3%A4rla%20lock%20ossora%202.flac,Xeno-canto,Aves,True,9.122721510088022,-0.9761655305008425,0.8216293091105088
sl_eat_bio_ssl_all,12,e9a8ef71-3906-45ac-965e-ccbb132caa6f,641050.flac,iNaturalist,Aves,True,8.21334384207633,-0.3671861309291391,-0.07529586531919108
sl_eat_bio_ssl_all,12,5cc41868-5483-4ea8-a892-062a57d2d7d0,XC715850-St%C3%B6rre%20korsn%C3%A4bb_120.flac,Xeno-canto,,True,9.651598321716262,-3.5696246339591156,2.758281880033623
sl_eat_bio_ssl_all,12,7169c1ff-a981-44f1-af84-f41da149eee2,SSW_165_20170603_010000Z.001_003.wav,NatureLM,,False,8.80423298197334,0.8441581931229741,-3.1042397815346447
sl_eat_bio_ssl_all,12,a70ec7f2-0aef-4022-b54b-81c81b40d45e,XC591365-Bar-tailed%20godwit%201226.flac,Xeno-canto,Aves,True,9.64162505257698,-2.9607713087478658,1.2341120013263445
sl_eat_bio_ssl_all,12,3c4ce7f6-faf7-4b3c-972d-18a04464be58,XC650670-Cape%20Batis.flac,Xeno-canto,Aves,True,9.287282231771023,-1.649150779149562,1.1397196092680093
sl_eat_bio_ssl_all,12,da51ccbe-bd84-450c-8e48-a2406a977b60,XC632257-Black-capped%20Pygmy%20Tyrant%20March%2020%202021%20105617%20AM.flac,Xeno-canto,Aves,True,10.663335445517838,-1.2756158039881096,0.3379904126555435
sl_eat_bio_ssl_all,12,21078a26-1dd8-4efa-8db3-29e257096438,463843.flac,iNaturalist,Aves,True,9.45376267134942,-0.19249735351495634,-0.24873968712291006
sl_eat_bio_ssl_all,12,381969a4-254e-46e8-a473-a7aee66653b1,7538_100043_000013_0000012.wav,NatureLM,,False,4.809493555593939,0.91649302131141,-3.072663639196356
sl_eat_bio_ssl_all,12,aad98f44-759a-4a72-9b30-5bf077bef385,Sylvia_communis_Co0060_13_short.flac,Animal Sound Archive,Aves,True,8.287672078373847,-0.29878321465135427,-0.013339540802838723
sl_eat_bio_ssl_all,12,c0bb22b8-5fe8-4c8b-a13c-f6761abd1665,YLF-070rGEbQ.flac,WavCaps,,False,9.022140205238404,4.155313124076903,-5.630728208721779
sl_eat_bio_ssl_all,12,8ce5a3bf-5f04-4fc1-86ed-0d193b5d8026,SSW_130_20170506_150010Z.024_010.wav,NatureLM,,False,8.433826317092677,0.4760515391889917,-2.2294465311853098
sl_eat_bio_ssl_all,12,85d6b5cf-22c5-466f-86f0-477c494bfff1,619141.flac,iNaturalist,Aves,True,8.839160058080562,-0.7211796221937055,-0.5877556996387222
sl_eat_bio_ssl_all,12,bf8acb2d-b958-4ffb-9feb-9e89583ac4a7,YoZapEQbSCfw.wav,NatureLM,,False,8.535564859457725,-0.8134317876208526,-1.5683599977480651
sl_eat_bio_ssl_all,12,dffb3b5f-5441-4242-93d7-259ecc0145fb,686932.flac,iNaturalist,Aves,True,9.801874019969935,-1.7464256086409253,0.8587806147877433
sl_eat_bio_ssl_all,12,3eebc371-e43d-4382-9075-2c24d5298cb0,SSW_283_20170826_170022Z.047_008.wav,NatureLM,,False,10.124749029220688,1.6430588866624367,-3.9970651036129605
sl_eat_bio_ssl_all,12,b3c983b0-8943-45f0-87fd-a09a0469276f,596384.flac,iNaturalist,Aves,True,9.848841004170822,0.26776471083361253,-0.058639405902790154
sl_eat_bio_ssl_all,12,155b572c-d1b0-4670-83d1-0e0cdaedb625,SSW_020_20170304_070004Z.030_000.wav,NatureLM,,False,8.924093757916523,1.3369703489884293,-2.951229344458407
sl_eat_bio_ssl_all,12,eef42577-4f66-40f6-9836-b064082e6cb7,262702.flac,iNaturalist,Aves,True,8.714712464009729,0.01952857739741276,-0.3517881153792324
sl_eat_bio_ssl_all,12,44839bec-6e8d-49fa-9e64-c50c2bad3ff5,224489.flac,iNaturalist,Aves,True,8.65579101155707,0.4695277400677049,-0.6534606491876354
sl_eat_bio_ssl_all,12,afa092bb-f85d-4a09-9d0e-d1812b9a0227,brass_acoustic_027-065-100.wav,NatureLM,,False,4.747826796141517,0.9382178217839703,-3.7188444806132397
sl_eat_bio_ssl_all,12,d2553af2-6bda-42e6-bcad-633058a3ce05,SSW_250_20170722_130012Z.053_007.wav,NatureLM,,False,9.6427656032306,-0.3125835758627662,-1.5184940956905155
sl_eat_bio_ssl_all,12,319b430c-7b69-4254-9274-2c98e945fd78,ICLISTENHF1251_20140504T143153.842Z_040.wav,NatureLM,,False,7.320329852260191,2.218815158769448,-4.067068446252198
sl_eat_bio_ssl_all,12,28ef18c3-ad07-49c8-838c-654ead86d6a9,44018.flac,iNaturalist,Aves,True,9.801311773080805,-0.789013847779847,0.028000136397843267
sl_eat_bio_ssl_all,12,a462f272-cffc-4dda-8dd4-055c5d4c89f1,YfEYaxZoQ188.flac,WavCaps,,False,7.80418287791503,0.25182590963647544,-2.040696498865972
sl_eat_bio_ssl_all,12,0d9f5134-436f-49aa-b1cd-d5ab070e6917,621985.flac,iNaturalist,Aves,True,8.757774925263,-1.1612167074401845,-0.35025838093090167
sl_eat_bio_ssl_all,12,77fe7099-9ac9-43e8-97a9-05680b0e60d9,109318.flac,WavCaps,,False,9.187213134064049,2.381625512015494,-3.1626462928591685
sl_eat_bio_ssl_all,12,0831e3b7-8ca8-4d6a-a12a-b1e18ea91aa0,SSW_226_20170701_190013Z.055_005.wav,NatureLM,,False,7.97992271419573,2.0723084492496167,-4.287571149548736
sl_eat_bio_ssl_all,12,477f40d1-81d0-4c61-b971-9cbec7552c96,keyboard_acoustic_012-023-100.wav,NatureLM,,False,5.85315907842131,0.4078715581495054,-2.5921651366847485
sl_eat_bio_ssl_all,12,bf728c91-628d-4477-98ec-1006028bbb0b,274751.flac,WavCaps,,False,6.522110478105003,1.3112258389986007,-3.467576385593632
sl_eat_bio_ssl_all,12,9576bf10-17fe-4d70-b256-cb074b749282,7816_108621_000010_0000001.wav,NatureLM,,False,5.753363217449289,0.6870225722662653,-2.4870534864679907
sl_eat_bio_ssl_all,12,d90636cf-daa5-4dcf-b0be-a765fd95a5ae,481690.flac,iNaturalist,Aves,True,8.838499721953651,0.47916007680800976,-0.19595810760054133
sl_eat_bio_ssl_all,12,4a918152-129b-4574-95e4-3553c34c17b9,ICLISTENHF1251_20140702T124216.470Z_047.wav,NatureLM,,False,9.778565443853772,2.160844059244045,-3.714826844429984
sl_eat_bio_ssl_all,12,bd7a882e-95a8-41ad-8400-271e0e80938d,631338.flac,iNaturalist,Aves,True,9.594064522099629,-3.0290315010518,1.257999847785695
sl_eat_bio_ssl_all,12,1653e321-adca-400b-81f7-1544730fd523,SSW_117_20170429_210015Z.022_001.wav,NatureLM,,False,8.65030402235763,1.549446166215421,-3.6397708496614385
sl_eat_bio_ssl_all,12,5d03780d-6ef4-469f-b2be-7d22b11b8a50,360006.flac,iNaturalist,Aves,True,9.717472950290855,-3.0862181097224424,2.058241862528451
sl_eat_bio_ssl_all,12,e426f293-f8e3-49bd-82e4-11828c92724e,SSW_149_20170513_140018Z.008_000.wav,NatureLM,,False,10.185590126427279,0.21442078123314956,-2.30141370936866
sl_eat_bio_ssl_all,12,1abc296c-d293-4b87-baf9-4cf214190f7f,67274.flac,NatureLM,,False,8.64354009199641,2.65348510715996,-3.9851045850036826
sl_eat_bio_ssl_all,12,6d0d0205-e1eb-4be7-9cb0-94af70279fe2,477774.flac,iNaturalist,Aves,True,9.483051650022844,-0.5724238464130136,-0.6562619163317442
sl_eat_bio_ssl_all,12,629f1648-8d29-4e5a-940e-79eb0703f101,617913.flac,iNaturalist,Mammalia,True,8.233055656193567,-0.6297795041632064,-0.2596324926633753
sl_eat_bio_ssl_all,12,7a64772f-5aed-4ef6-9225-640fa177075a,630291.flac,iNaturalist,Aves,True,9.74056605228666,-1.7316324700478836,0.17926169603924236
sl_eat_bio_ssl_all,12,921825f0-e47e-4fdf-8530-bd859edf9048,mallet_acoustic_039-054-075.wav,NatureLM,,False,7.559830445908685,3.015344505079912,-4.652383355030253
sl_eat_bio_ssl_all,12,73bec562-bea6-4112-97ff-9cd0601c6e2d,464287.flac,iNaturalist,Aves,True,9.041206280351433,-0.19699154980161504,0.636685467844204
sl_eat_bio_ssl_all,12,ae81b11d-cdfe-4f8d-8a1d-dc8e0f3249ad,74843.flac,iNaturalist,Aves,True,8.66398333622646,-0.06874235991441235,-0.18308207795056008
sl_eat_bio_ssl_all,12,27d118a4-5eea-4c8b-b3c5-8104d1340887,7698.flac,WavCaps,,False,4.177445532298591,2.7682279633732536,-3.3302839905243458
sl_eat_bio_ssl_all,12,83465c78-281b-4f56-9a33-ace4ce79838c,97752009.flac,Watkins,Mammalia,True,0.8317682021214068,-3.486005535993247,2.3980392151662007
sl_eat_bio_ssl_all,12,0f9fc4b0-9460-4f57-b0f2-53caea61f5bd,SSW_233_20170708_040004Z.044_001.wav,NatureLM,,False,7.038605642248916,2.14275138255606,-3.81213473665429
sl_eat_bio_ssl_all,12,db9da019-9831-4c00-be40-d3e15f86432a,p374_116_mic23.wav,NatureLM,,False,5.863621424655223,3.0861272892618774,-4.585740967500598
sl_eat_bio_ssl_all,12,785cba80-d777-4697-8b08-e92f2e65b547,p244_347_mic22.wav,NatureLM,,False,8.293404293650305,0.9882886320650384,-2.773238080976688
sl_eat_bio_ssl_all,12,2d5ee0b3-1aa4-426d-bfb4-e10da5f17f85,9778000S.flac,Watkins,Mammalia,True,-0.14606663691401683,-3.850754107128221,2.6583735696263076
sl_eat_bio_ssl_all,12,de27cb8b-2eca-49bc-b151-bd77866e897a,153735.flac,WavCaps,,False,4.718983665319819,0.757812500577653,-3.3275974631809877
sl_eat_bio_ssl_all,12,75b42f8b-fe51-4fb1-9ff5-9991b5efe28b,554938.flac,iNaturalist,Aves,True,9.25251079888806,-0.5974258686370075,-0.25770763568909993
sl_eat_bio_ssl_all,12,57b43305-03ba-4a46-9bf2-d67b0b5f6dde,bass_electronic_032-061-100.wav,NatureLM,,False,8.219026816935035,1.597920215796332,-3.5037924068087314
sl_eat_bio_ssl_all,12,a25d96e7-6053-4ac1-bda6-4190e11f087a,mallet_acoustic_019-063-127.wav,NatureLM,,False,7.300254021563857,3.4370216744542237,-4.969906228043246
sl_eat_bio_ssl_all,12,5803bdb6-5da8-4ef6-b641-bd4fb2191b23,636786.flac,iNaturalist,Aves,True,8.286596845984077,-1.322373985813043,0.35898735138365356
sl_eat_bio_ssl_all,12,748178b4-01ef-4f66-9fd2-51a426ba901d,keyboard_electronic_000-069-050.wav,NatureLM,,False,6.881059757412565,2.292476511179133,-3.744048854670403
sl_eat_bio_ssl_all,12,2d35202a-c249-40f2-9cc6-5beee26338ca,568035.flac,iNaturalist,Aves,True,8.941324930859903,0.3779434374674375,-1.2977692624868793
sl_eat_bio_ssl_all,12,5bcc80dc-e86e-4931-b089-c181346c44b8,Y9FDzG0xNp5s.flac,WavCaps,,False,9.641866772896977,2.7562070965630583,-2.5604291604581917
sl_eat_bio_ssl_all,12,19ee1106-5724-4111-afb2-996b9ca09d31,reed_acoustic_026-040-100.wav,NatureLM,,False,8.54559796642045,2.6656362575816703,-4.377436377527932
sl_eat_bio_ssl_all,12,bf449bc6-4274-497e-bf2e-69d7e1eb6ade,352813.flac,WavCaps,,False,6.420694878737111,4.44062457503096,-4.927463490527646
sl_eat_bio_ssl_all,12,11a02b0f-18bc-490b-ac70-3497b873e273,egg beater.wav,NatureLM,,False,6.378232299708568,3.109357374107481,-3.8959094699741934
sl_eat_bio_ssl_all,12,2978c4d5-2820-4b09-810c-348fc5354dbc,140487.flac,iNaturalist,Mammalia,True,7.464470963959784,-2.3572490560206276,0.2504803911597169
sl_eat_bio_ssl_all,12,63a007cc-9ee9-49c3-be39-f4fa346b9776,SSW_225_20170701_180012Z.052_000.wav,NatureLM,,False,9.13350146110474,1.969996355662772,-3.7277237054793635
sl_eat_bio_ssl_all,12,b254bdc5-fc58-436e-b900-c91f57a34163,128239.flac,iNaturalist,Aves,True,8.581348327729287,-4.984012985686279,2.5940555259138374
sl_eat_bio_ssl_all,12,c05844c0-56fc-48b3-af88-dcb87832b238,organ_electronic_072-046-075.wav,NatureLM,,False,7.945212404833946,3.8556503236610333,-4.609236194442027
sl_eat_bio_ssl_all,12,de86b4f6-baa5-4086-825e-1536f74d6c9e,281436.flac,iNaturalist,Aves,True,7.110505586070314,-1.1934226298842818,0.7204562633916476
sl_eat_bio_ssl_all,12,b11cc9b5-e7e8-4b34-a501-695b1b557ee1,599521.flac,iNaturalist,Aves,True,8.12781952259838,0.22279198553856228,-0.5813762238869786
sl_eat_bio_ssl_all,12,3ded9bf0-b19e-4ac8-96a9-4e85662256a8,360176.flac,iNaturalist,Aves,True,8.837245955845134,0.7599107023051659,-0.9210692127849223
sl_eat_bio_ssl_all,12,f29f24f0-c2c8-4ec0-b4e2-e834b051d04a,p229_032_mic22.wav,NatureLM,,False,7.713710397471115,0.6704191453616741,-2.5265940951899255
sl_eat_bio_ssl_all,12,96bb6b75-cd6e-4f93-9c2b-d97b4102b502,1446_122614_000023_0000013.wav,NatureLM,,False,6.9976118697494085,0.5075069481798262,-2.5124378829024994
sl_eat_bio_ssl_all,12,5ca1ab61-6044-4152-9cbf-a35fdd8d3bea,37490.flac,iNaturalist,Aves,True,10.509576828984628,-0.6370237084535963,-0.26334339708809607
sl_eat_bio_ssl_all,12,94bd8912-1b44-4a77-9970-93316905bd53,ICLISTENHF1251_20140901T070408.359Z_006.wav,NatureLM,,False,10.430732109772999,1.0685502830529567,-2.89965209519309
sl_eat_bio_ssl_all,12,61f8d469-5b3b-4379-8200-cb3faf7486a7,7511_102419_000027_0000014.wav,NatureLM,,False,6.02222456876492,2.290353774353459,-4.0967812383594815
sl_eat_bio_ssl_all,12,d759aa3d-4cc8-4805-8026-353637682ddf,SSW_140_20170513_040005Z.018_008.wav,NatureLM,,False,9.549344630030717,1.6835373955595778,-3.568841012565341
sl_eat_bio_ssl_all,12,494ab59a-9fd8-459e-ba68-b37a832bf186,SSW_086_20170408_130009Z.023_007.wav,NatureLM,,False,9.367903502795322,0.63048884645315,-2.2663240068655353
sl_eat_bio_ssl_all,12,3875840e-2bb2-46ec-892f-f5a899131e5f,436532.flac,iNaturalist,Aves,True,8.172621490824383,-1.4298382899101731,0.5724085555596985
sl_eat_bio_ssl_all,12,50b80e58-3fd9-4eb4-ac4c-71ec3d5101a2,151600.flac,iNaturalist,Aves,True,8.638559958902166,-0.23616853319833986,-0.8828859570458384
sl_eat_bio_ssl_all,12,aeebffdb-f337-49f7-a052-3a3452f19f8c,keyboard_electronic_026-097-100.wav,NatureLM,,False,5.301469039945378,4.557991759654762,-5.861364487874894
sl_eat_bio_ssl_all,12,db664b46-da75-438e-8757-cc5961fb808c,brass_acoustic_060-063-127.wav,NatureLM,,False,5.2003279028464044,1.4357066443963415,-4.100999555500906
sl_eat_bio_ssl_all,12,24579bbb-d9ca-4f44-a94a-1a97f096a9f3,429218.flac,iNaturalist,Aves,True,9.87586829949581,0.3262341836600616,-1.2870248285127335
sl_eat_bio_ssl_all,12,f8812b4c-ec37-4da0-bb84-b535a2cf20b1,409679.flac,iNaturalist,Aves,True,7.037197339056255,-0.12117588503109711,-0.1495401194267043
sl_eat_bio_ssl_all,12,3854c209-2d01-4fdf-8938-ecfe26b9698a,572730.flac,iNaturalist,Aves,True,8.73410230145889,0.12551074035121945,-0.6381825889388224
sl_eat_bio_ssl_all,12,f52ac1e9-3da5-4323-b8be-50154022bdd0,585506.flac,iNaturalist,Aves,True,9.82621201228999,-0.20562875797745872,-0.28240229787403803
sl_eat_bio_ssl_all,12,7a1b65bd-2d5d-4db2-8f2a-bf66b7d9b1dd,bass_synthetic_126-088-050.wav,NatureLM,,False,8.468481783512052,1.824716335910344,-3.879111879307291
sl_eat_bio_ssl_all,12,e3535cd4-4861-4d41-b5c9-6883957c4d3a,mallet_acoustic_020-086-050.wav,NatureLM,,False,7.816815358736667,1.914593428686851,-4.017359370310434
sl_eat_bio_ssl_all,12,e0ec1be9-dd40-4477-86b4-dc2d74485cb4,123068.flac,iNaturalist,Aves,True,8.242064672735559,-0.6437491567069518,-0.14766254669596368
sl_eat_bio_ssl_all,12,9874db31-1872-4cba-9942-620e986576ed,625811.flac,WavCaps,,False,6.900244062745222,0.26943427249875096,-1.3913249701157084
sl_eat_bio_ssl_all,12,ba915582-8962-485f-861d-84f87cba0e7f,440191.flac,iNaturalist,Aves,True,9.060206525686727,-1.735136973435101,0.6110217549259362
sl_eat_bio_ssl_all,12,ff6b23d4-3697-4b97-9746-ef7bafec7240,ICLISTENHF1251_20141201T104339.106Z_025.wav,NatureLM,,False,9.805651851070863,1.0596554166960983,-2.6647110798805946
sl_eat_bio_ssl_all,12,aca533a1-cdcb-4c13-860a-82c92bdde47d,330711.flac,iNaturalist,Aves,True,8.874801095237338,-0.6618728065640995,0.4797209193079054
sl_eat_bio_ssl_all,12,7f9ca590-8228-412d-8945-04c2cd22beec,401495.flac,iNaturalist,Amphibia,True,7.911338734291712,-0.42099570098863426,-0.024835142857752235
sl_eat_bio_ssl_all,12,96a47dc8-1bdc-4246-a0fc-ba9fb3233336,83035019.flac,Watkins,Mammalia,True,2.5173855134441956,-4.4569230570913145,3.283737304649797
sl_eat_bio_ssl_all,12,ac564bbc-2243-4b3d-ae3b-088eaf4e65ff,536618.flac,iNaturalist,Aves,True,10.12902702637043,-1.225651196034205,0.037977620719336525
sl_eat_bio_ssl_all,12,088da057-5719-4d3b-9beb-e6baaec7206f,231495.flac,iNaturalist,Aves,True,7.883170860025132,0.8182880809354999,-1.3520382815350744
sl_eat_bio_ssl_all,12,8a711d06-4747-4a99-bd49-891b9dae40aa,07046113.flac,WavCaps,,False,8.7985587165647,1.4988513795523741,-2.4312331415674233
sl_eat_bio_ssl_all,12,9575c601-9417-4f6e-b9f6-373c3ac12cf0,189696.flac,iNaturalist,Aves,True,9.112153852355632,0.10577503908497743,-0.3262716663543649
sl_eat_bio_ssl_all,12,8f3ff8f0-9d15-4c7e-bec7-e1b8d9338f96,73001002.flac,Watkins,Mammalia,True,6.179786511206782,-0.16639740948306492,-1.1443687612544773
sl_eat_bio_ssl_all,12,734c9e30-160b-45a1-8e19-0cdb8bea7327,reed_acoustic_015-086-100.wav,NatureLM,,False,6.572916918465216,-0.5850508207139711,-1.7665812735028963
sl_eat_bio_ssl_all,12,516da4a0-75bb-427d-b12d-e4a97dce00f5,guitar_acoustic_028-056-025.wav,NatureLM,,False,7.3496061793358916,2.652845269562059,-4.724389927610234
sl_eat_bio_ssl_all,12,f07da3dc-c385-450d-9ad2-f09f3db64967,15383.flac,iNaturalist,Aves,True,9.23185699134456,1.2023932553841594,-0.9182891914145462
sl_eat_bio_ssl_all,12,9740dd80-2577-44da-b97e-7c34fe86126e,bass_synthetic_055-090-050.wav,NatureLM,,False,4.655705202934035,3.0822071244180362,-5.023539989691077
sl_eat_bio_ssl_all,12,b2636c9f-22f2-410f-9357-4ca5399c2688,74573.flac,iNaturalist,Aves,True,7.832142331851547,0.12208240230818768,-0.7664246766661982
sl_eat_bio_ssl_all,12,c1aca1af-5595-4d72-a1d8-71c8b4da3fc5,187180.flac,iNaturalist,Aves,True,8.797347665085523,1.3427713528060767,-1.6574277992145894
sl_eat_bio_ssl_all,12,553090a2-13b2-442c-9013-2f23ebfc492e,299274.flac,iNaturalist,Aves,True,9.998850652733983,1.4364938548709314,-1.4863066000162248
sl_eat_bio_ssl_all,12,a39e86af-800c-48cb-a4c6-71a747614bd0,ICLISTENHF1251_20141103T235254.811Z_048.wav,NatureLM,,False,7.4779891009123745,3.7763417488419018,-4.927580684972155
sl_eat_bio_ssl_all,12,5d08b01d-eae0-478b-8980-7bd94f971b2a,427181.flac,iNaturalist,Aves,True,7.006848237647038,-0.9985763833604324,0.1968019966488357
sl_eat_bio_ssl_all,12,4c60c3b3-9c2b-493b-ab73-a8bb8c34becc,490100.flac,iNaturalist,Aves,True,7.999743213515843,-1.2062245503003268,0.82901802540238
sl_eat_bio_ssl_all,12,206a5564-2708-48d7-9916-4331c5afb1f0,369128.flac,iNaturalist,Aves,True,9.634058378702555,-0.49115630051502923,-0.47748837110424924
sl_eat_bio_ssl_all,12,4737a6c3-1dbb-44d5-a48e-9efd1a064bee,562852.flac,iNaturalist,Aves,True,10.54088692687318,-0.6005273010859613,-0.2633190655751563
sl_eat_bio_ssl_all,12,bb4acf9c-af4f-4736-b0ce-7f12cf6fdc59,672642.flac,iNaturalist,Aves,True,9.169694081085328,-1.9568162223402563,1.1281010906096958
sl_eat_bio_ssl_all,12,59b72759-5956-4f4b-8556-c198f6a29b8a,300806.flac,iNaturalist,Mammalia,True,10.500761777174905,-2.7761434981542052,0.2563470518965558
sl_eat_bio_ssl_all,12,e54c1d0b-b018-4416-8430-4c8949687ec8,113491.flac,iNaturalist,Amphibia,True,7.933207104488399,-0.2660418301992431,-0.5682993509524219
sl_eat_bio_ssl_all,12,cac6fff4-a44c-4ec2-9006-4f57e74888ac,449756.flac,iNaturalist,Aves,True,10.231331641727301,-0.32556455909012283,0.025241310215223134
sl_eat_bio_ssl_all,12,0e0ba821-15c4-4c34-afa0-05f4be6c4484,335852.flac,iNaturalist,Aves,True,8.254261506347117,-1.4519536907359996,0.7610894773052084
sl_eat_bio_ssl_all,12,6725007e-7dd3-4060-a13f-56dd2a5b05a1,YNp5CqgFVwsA.wav,NatureLM,,False,7.705653178845678,0.8983581000925689,-3.0433495785069122
sl_eat_bio_ssl_all,12,4adde8a7-63e6-4948-ac84-031740678e8b,Y5cezddiPBAo.wav,NatureLM,,False,8.10155496376624,-1.1809466287532846,-0.8751385244682599
sl_eat_bio_ssl_all,12,2e32c005-b583-43d8-8082-0651abd5274f,103506.flac,iNaturalist,Aves,True,10.74894630025901,0.7173970094158573,-0.9245909707829751
sl_eat_bio_ssl_all,12,1ed8e7c2-6897-4eef-88d6-86845316f6c6,574908.flac,iNaturalist,Insecta,True,9.430722823264574,-1.2198382058099044,0.22104774013020712
sl_eat_bio_ssl_all,12,edc2bd4a-373c-44a7-a983-ae61dc069128,574372.flac,iNaturalist,Aves,True,8.343439223835484,-1.1053894962866984,0.23729099475736626
sl_eat_bio_ssl_all,12,32004731-1228-4450-a0e2-a9830daba3b7,Tettigonia_viridissima_V1829_25_short.flac,Animal Sound Archive,Insecta,True,9.014518684227305,1.9017458720183735,-2.6322508677492054
sl_eat_bio_ssl_all,12,eca527eb-183d-4faa-be06-28ce9543b516,670805.flac,iNaturalist,Aves,True,7.773535771236789,1.0111507510883517,-1.98681277447775
sl_eat_bio_ssl_all,12,3e6b1f2c-5dca-4c77-8767-eb5394ec2c14,ICLISTENHF1251_20140802T044029.421Z_027.wav,NatureLM,,False,6.405365759825247,2.902502430605523,-4.581379463313363
sl_eat_bio_ssl_all,12,41a1dfe4-0973-4f09-988a-329ea7cb7cf5,578883.flac,iNaturalist,Aves,True,10.224406679926137,-1.066039256055812,-0.13368950276697866
sl_eat_bio_ssl_all,12,1e08a0f4-be9b-4c76-9c4f-4eac81dc1c40,506582.flac,iNaturalist,Mammalia,True,7.994102390563196,-0.449350468418904,-0.6773408114365209
sl_eat_bio_ssl_all,12,a8253011-aeba-4dc5-976d-747589d08931,p278_023_mic22.wav,NatureLM,,False,4.721715250189164,1.6773058250896897,-3.482611467379069
sl_eat_bio_ssl_all,12,1293cd47-9853-4299-8887-04fd759ec354,214557.flac,iNaturalist,Amphibia,True,7.818327870492948,-0.05302757657788204,-0.9340996154796802
sl_eat_bio_ssl_all,12,ab10bc86-469b-430b-b965-2871ca1ac7d0,YM1KvQp2NUq0.flac,WavCaps,,False,9.04657981741391,0.17965199746032923,-2.0804312449643443
sl_eat_bio_ssl_all,12,2300faf5-a5a1-415a-9a63-5b3c676620d6,SSW_151_20170513_160021Z.019_007.wav,NatureLM,,False,9.535526195736391,0.12625699123028467,-2.237490978056622
sl_eat_bio_ssl_all,12,f771d67a-807c-4ccc-889c-52ec3410553c,269541.flac,iNaturalist,Aves,True,9.715204801920699,0.5744652930595597,-1.3958467328718698
sl_eat_bio_ssl_all,12,8756b40f-3d0e-4564-bbd3-7c1f25d22bee,651159.flac,iNaturalist,Aves,True,8.31253799309418,-0.9733906456774262,0.2957804303299092
sl_eat_bio_ssl_all,12,e8bb0aa3-403a-4067-9710-7430f5cc5024,2654_158744_000004_0000071.wav,NatureLM,,False,3.2763233484596004,-1.2231026508748415,-1.6182870943259284
sl_eat_bio_ssl_all,12,4edef489-cb27-4c03-9cb3-c895bdf8cfcd,84426.flac,WavCaps,,False,7.409133521682293,0.7093508296926061,-0.7810059124483527
sl_eat_bio_ssl_all,12,52009b8f-bdf0-4108-b0f9-bd2c6ec8f900,241573.flac,iNaturalist,Aves,True,8.873464170396405,-0.8630940909704141,0.3256680771054685
sl_eat_bio_ssl_all,12,b6a69aa0-7c34-464e-b220-78787c6981ab,Y3BwlstxbnWc.wav,NatureLM,,False,8.088997934231728,1.0702742736107749,-2.959418136545059
sl_eat_bio_ssl_all,12,f511ce8c-4765-40fb-9c0b-15a9a81aab27,300754.flac,iNaturalist,Aves,True,11.00209297361491,-1.6152841276707288,0.9999848347779161
sl_eat_bio_ssl_all,12,1a52c6b0-0b42-49cc-9129-0c5f72051ac5,2204_131732_000041_0000012.wav,NatureLM,,False,6.132031343760481,1.3732655563365976,-2.7620036876352785
sl_eat_bio_ssl_all,12,c478a113-b56d-4473-bbf3-7b4d73aef7d0,98816.flac,iNaturalist,Aves,True,9.588259777891562,-1.7397355878439416,1.0207873106464385
sl_eat_bio_ssl_all,12,f4f45305-472d-4860-a969-bf0ce7e2923e,ICLISTENHF1251_20141203T103122.076Z_054.wav,NatureLM,,False,7.166347208913366,3.1639930364528093,-4.899622754209545
sl_eat_bio_ssl_all,12,dd80e013-1b6f-46c8-8d4b-120f83f37c95,40co0316_2.397_408a010z_-2.397.wav,NatureLM,,False,9.696219897239612,-0.13422412171530418,-2.4243091203982825
sl_eat_bio_ssl_all,12,c5494864-94f2-4e0a-9a6d-fbe9a0765227,490788.flac,WavCaps,,False,8.699610934264442,-0.01652211086460298,-1.7833582488881474
sl_eat_bio_ssl_all,12,c3706938-d8d8-44b1-a8bd-aa6864d3da7f,184391.flac,iNaturalist,Aves,True,6.664376872462252,0.03774389233536524,-0.5292812407327377
sl_eat_bio_ssl_all,12,f6d0d363-d291-419f-b412-da0737eb9469,235760.flac,iNaturalist,Aves,True,9.39097532005883,-0.9643682674695517,0.3757119625785825
sl_eat_bio_ssl_all,12,28fb5f7c-13d7-4da7-b5c0-6b328dfc19c5,Turdus_merula_Tre_N0165_07_short.flac,Animal Sound Archive,Aves,True,10.182724273445896,0.6252998522310169,-0.5342717355948267
sl_eat_bio_ssl_all,12,439d715d-769c-40bb-bd18-70bd9163ee8d,SSW_227_20170701_200015Z.025_010.wav,NatureLM,,False,10.464802082530763,0.26541070552745794,-2.293615918745016
sl_eat_bio_ssl_all,12,c610ab73-a57b-429c-8430-cd1e7f0f4d6c,609353.flac,WavCaps,,False,7.390159813532923,4.5509939381078865,-5.209769054973218
sl_eat_bio_ssl_all,12,76790e0b-a744-48d6-bc93-2757d8e14dba,keyboard_electronic_033-050-025.wav,NatureLM,,False,4.7356787530215865,3.0431958102190726,-4.7629528061994275
sl_eat_bio_ssl_all,12,dc422392-cf30-433e-a7f8-2b025801a7f6,SSW_125_20170506_090007Z.056_007.wav,NatureLM,,False,7.6138453669743065,1.6087077361819306,-3.7289465775263877
sl_eat_bio_ssl_all,12,8907c5d9-aa7f-4a5c-bb11-5d6b184286ed,organ_electronic_034-054-127.wav,NatureLM,,False,6.934222215300096,3.205471704466148,-4.8920624088606095
sl_eat_bio_ssl_all,12,6d6f7493-cc30-4b28-8496-f5773be60572,78007027.flac,Watkins,Mammalia,True,3.466879127564526,-1.1880319846613612,1.529858722803631
sl_eat_bio_ssl_all,12,ee783ab4-be88-4dfe-a4d0-3aaac85badc5,ICLISTENHF1251_20141202T011144.851Z_027.wav,NatureLM,,False,8.148406443841727,2.449672815080965,-4.552757626286052
sl_eat_bio_ssl_all,12,0d0efb49-ae03-4f2e-bc0f-c651d9ce9c6a,p244_082_mic24.wav,NatureLM,,False,4.388843858705258,1.152143707865628,-2.8011139664982156
sl_eat_bio_ssl_all,12,7bca125f-ba28-4934-9681-fa5916444ee5,vocal_synthetic_005-076-050.wav,NatureLM,,False,6.721288781324276,-0.07036592293118438,-2.582165352518452
sl_eat_bio_ssl_all,12,220b8cb1-f1e1-45bf-9267-a9973d9fb438,guitar_synthetic_008-092-100.wav,NatureLM,,False,6.324976701777251,0.8434320243319356,-2.7387210574407117
sl_eat_bio_ssl_all,12,bb721e59-ee82-466f-91d9-19d3586fdfda,ICLISTENHF1251_20140702T183216.535Z_035.wav,NatureLM,,False,10.183996890655337,2.568250254010271,-3.5119800529800456
sl_eat_bio_ssl_all,12,f777a4d8-a73a-4218-8eaa-f1c8b9602384,reed_acoustic_003-034-100.wav,NatureLM,,False,7.966911987663742,0.725068426168112,-2.8387100176686046
sl_eat_bio_ssl_all,12,06d39be0-bfce-4c0c-911b-e9c27ef76c76,ICLISTENHF1251_20140901T121408.411Z_018.wav,NatureLM,,False,10.393608199926316,2.0074943641380014,-3.462401554183897
sl_eat_bio_ssl_all,12,8bc5604b-86f2-4126-aafa-934bd8e56386,SSW_246_20170708_220025Z.018_007.wav,NatureLM,,False,8.46362788045311,0.6227703051168395,-2.83991527294734
sl_eat_bio_ssl_all,12,5c4635a9-bbcb-4055-964e-e1a680f94e50,ICLISTENHF1251_20140702T183216.535Z_054.wav,NatureLM,,False,8.557993643702815,2.260179346962515,-3.2419681071544257
sl_eat_bio_ssl_all,12,a19b22fe-babd-46ad-a94b-fb5909db58e1,ICLISTENHF1251_20141004T035246.107Z_002.wav,NatureLM,,False,9.679659977078273,2.0247614319422467,-3.0720945377770335
sl_eat_bio_ssl_all,12,1a22ad44-2627-47b2-99f3-bb14e084abd1,37301.flac,WavCaps,,False,6.149673380494483,3.600613272706414,-4.112431025709984
sl_eat_bio_ssl_all,12,0c742eaa-2cd8-4877-86fe-82f3c03ad414,6696_73296_000017_0000003.wav,NatureLM,,False,4.980091067666988,1.131002802816469,-2.869354251971804
sl_eat_bio_ssl_all,12,f0b0d77a-d521-40eb-91d2-80f715bc274d,vocal_synthetic_006-090-075.wav,NatureLM,,False,6.894407393315504,2.536841200825263,-2.853092160080448
sl_eat_bio_ssl_all,12,5443139d-7439-4066-8928-850b443c93e9,Y6GmoFefjuHw.wav,NatureLM,,False,8.909124811075584,0.6461214940452014,-2.0510184283033523
sl_eat_bio_ssl_all,12,e5f13262-458c-4221-8024-8c951f461322,guitar_electronic_037-044-127.wav,NatureLM,,False,6.45529910946477,3.169745241852138,-4.651696900941385
sl_eat_bio_ssl_all,12,b0a58bc9-8bde-4c3a-8a03-b77511bcfb67,4214_7146_000054_0000021.wav,NatureLM,,False,4.153856999287295,-0.8712702375639,-1.3052871583973793
sl_eat_bio_ssl_all,12,b195ba59-7a66-436b-b9d7-277d58b90f8f,6608400N.flac,Watkins,Mammalia,True,7.014208270333607,-0.2690147539981249,-0.8017026758520442
sl_eat_bio_ssl_all,12,ba8f95cd-ce04-4060-b948-e0818a6e8999,bass_synthetic_008-055-127.wav,NatureLM,,False,9.743354438431274,0.9546150965207594,-2.8755681042373267
sl_eat_bio_ssl_all,12,56688b9f-09b2-41be-9708-f87b57fd7c3e,Panthera_tigris_S1423_03_short.flac,Animal Sound Archive,Mammalia,True,9.263010679223719,0.6977251853412267,-1.5603068209048148
sl_eat_bio_ssl_all,12,aa4a1377-c129-41d2-a6e3-1418dee8a958,SSW_114_20170429_180011Z.047_017.wav,NatureLM,,False,8.361588763786648,0.8735335074146187,-2.7505920202729124
sl_eat_bio_ssl_all,12,d29c730a-30c4-4285-9c49-85b0ce36c05b,882_123267_000037_0000011.wav,NatureLM,,False,4.40349508730186,2.361740082150604,-3.5146496321744847
sl_eat_bio_ssl_all,12,811f1467-3a96-402f-91b7-9b20956669a7,5601700A.flac,Watkins,Mammalia,True,4.174871910040773,-2.249200681774643,0.6566586223851705
sl_eat_bio_ssl_all,12,7ca1f2b1-76b2-4493-9470-b763c1a6f099,guitar_electronic_014-050-075.wav,NatureLM,,False,9.256672156339803,1.1604512898677286,-2.544371027667037
sl_eat_bio_ssl_all,12,6b95a6c1-5c50-4060-938d-0d24bbc7f9bf,p288_356_mic12.wav,NatureLM,,False,7.366117716224366,3.3209711243092714,-4.166355372802989
sl_eat_bio_ssl_all,12,f466d0cb-9598-4122-86c6-97f876e8ec94,444c020l_0.75853_22go010b_-0.75853.wav,NatureLM,,False,9.186742516255164,2.2019052522722595,-3.7620168952881423
sl_eat_bio_ssl_all,12,f0210edb-302b-4538-b9c5-39be5c0c1c9e,Yzat8mWJSJjo.flac,WavCaps,,False,9.51611195728865,1.631394777728023,-3.1661209670322537
sl_eat_bio_ssl_all,12,b0dc3b3a-53ea-40dc-9f22-c657e4eb4629,SSW_021_20170304_110008Z.045_009.wav,NatureLM,,False,8.171682622277263,1.84896815229562,-3.8647328609106317
sl_eat_bio_ssl_all,12,29bbc1a7-a86c-4e1b-92b0-409d0f220895,209a010i_0.056719_40gc020o_-0.056719.wav,NatureLM,,False,9.244341243324172,1.2944621031900247,-3.294375864600298
sl_eat_bio_ssl_all,12,6728d88a-5871-4171-a98a-0bfe4dab821d,brass_acoustic_001-037-100.wav,NatureLM,,False,9.267695120974276,2.1782327035360667,-4.001658926656641
sl_eat_bio_ssl_all,12,a8bc19d5-57d6-42d9-95ff-9335d32c0b68,bass_synthetic_106-087-127.wav,NatureLM,,False,5.699343953975908,0.7560877195272255,-3.2273607632638286
sl_eat_bio_ssl_all,12,d4af2244-e48e-40cd-803e-a0e001d3bf19,YP7WjiBsM5rU.flac,WavCaps,,False,9.55022563949706,0.22852611637450426,-2.0387625880582014
sl_eat_bio_ssl_all,12,46b4375d-7993-477a-adfc-315e1eab1617,Fringilla_coelebs_Tre_N0067_06_short.flac,Animal Sound Archive,Aves,True,8.8127100299256,-0.675361908922596,0.24995843622440383
sl_eat_bio_ssl_all,12,e4a1ea08-a1ba-4abb-b487-8c4a1f8fe9cd,348629.flac,WavCaps,,False,6.63814675801175,1.5387597418050478,-3.3499815716809116
sl_eat_bio_ssl_all,12,99613f62-eff5-46ae-8b4e-e9ed7d9e9b33,Y2IP8siC6ID0.flac,WavCaps,,False,10.027925066167876,-0.16019968527749517,-1.1897550749035846
sl_eat_bio_ssl_all,12,41fcdf68-9418-468c-842d-73340980ab31,369274.flac,WavCaps,,False,7.568108592784491,0.9885519226168353,-3.134605077494719
sl_eat_bio_ssl_all,12,ce979d4c-5bd0-4bb2-b7c4-5574e2c906b8,222523.flac,WavCaps,,False,8.097053489549065,0.08604749651974752,-2.162694858878603
sl_eat_bio_ssl_all,12,c6c6f5e7-649b-4254-b411-59319ca8461c,Y8oiyVt6-erA.flac,WavCaps,,False,8.837660218475795,-0.6482441895205453,-0.7259721748635769
sl_eat_bio_ssl_all,12,f6060001-2a4f-4e41-8e24-0aa5b2091834,7900500U.flac,Watkins,Mammalia,True,4.527593127840838,-2.2742602452331977,1.36889780131088
sl_eat_bio_ssl_all,12,e6d6174d-1753-4cee-bbba-95ff4a6895d9,57026077.flac,Watkins,Mammalia,True,4.469740596049363,-3.5919708617335977,1.0041219647784858
sl_eat_bio_ssl_all,12,8c41264b-bfd3-4c78-aee7-2c5af4087171,Cuculus_canorus_CoMC0004_10_short.flac,Animal Sound Archive,Aves,True,9.770590216021048,-1.665626835437304,1.2682640151429245
sl_eat_bio_ssl_all,12,bc1ce63c-8a71-48d4-accb-d4e737357b5c,98681.flac,WavCaps,,False,9.037382980940482,0.17636160199810447,-1.4615532784393754
sl_eat_bio_ssl_all,12,dfafbd62-794b-4311-9e5c-97ab3b52d596,351293.flac,WavCaps,,False,8.637564464152534,2.519088099249988,-4.11472284417851
sl_eat_bio_ssl_all,12,f2cf73c8-1dd2-46c6-88e1-ab9b06bfa3e0,16109.flac,WavCaps,,False,10.398233844487562,0.5697368224030721,-1.663522355044412
sl_eat_bio_ssl_all,12,341af722-536d-4a37-a23c-9ecb7ba8fa5e,YvMU7ZKY2Eso.flac,WavCaps,,False,9.628172535898711,0.13976293552278496,-1.9908834290954533
sl_eat_bio_ssl_all,12,83008977-cdd0-4edb-879d-d83b0f8265b2,YqdexSzEvG74.flac,WavCaps,,False,10.085797009874788,-0.6069452760007215,-0.7606317393481756
sl_eat_bio_ssl_all,12,2b4b5861-d4e4-4146-aa3e-40877b57dbbb,192431.flac,WavCaps,,False,8.378373081912327,1.1816927145976517,-3.2484049401484727
sl_eat_bio_ssl_all,12,b1ddbe75-ce05-4bdf-b471-3a3a4cd90dbe,Turdus_viscivorus_Kr0047_01_short.flac,Animal Sound Archive,Aves,True,9.907816285805648,-0.8885410608946418,-0.0749487172649681
sl_eat_bio_ssl_all,12,ba14f3f1-9bbc-49e1-b02d-ecbef92ea69e,7100101Y.flac,Watkins,Mammalia,True,5.267951242532434,-0.6157749409421814,0.9957384604201094
sl_eat_bio_ssl_all,12,6842bdb1-82ce-4b3f-a569-2873f8c02462,7501201J.flac,Watkins,Mammalia,True,6.453219307493994,-3.688972081837041,2.1735195722209713
sl_eat_bio_ssl_all,12,58e4e64e-6933-424d-9672-339d8858c748,578363.flac,WavCaps,,False,6.310979536355502,2.4074185053842903,-4.077744880734701
sl_eat_bio_ssl_all,12,b7b307ab-8046-4718-b84e-8afc0fab5c4c,415265.flac,WavCaps,,False,6.394934398973119,1.9671682751020283,-3.128855948844551
sl_eat_bio_ssl_all,12,603159b1-71e0-41ba-a851-7550142042e1,583282.flac,WavCaps,,False,8.14378746980599,3.668502261908772,-4.974446638039497
sl_eat_bio_ssl_all,12,2c6743e0-1f2b-4301-b342-a51dda940a2f,Fringilla_coelebs_CoMC0006_05_short.flac,Animal Sound Archive,Aves,True,9.271834268814905,0.5519415627127666,-1.1765828759714858
sl_eat_bio_ssl_all,12,c0583b5c-c4f6-4f86-811f-be7d6b36a7fc,61022007.flac,Watkins,Mammalia,True,3.5972475322582493,-3.497305384580092,2.0267026055222397
sl_eat_bio_ssl_all,12,addd98ad-4c9e-4346-b94e-d7acba62b818,Y_fKTbfYFQKM.flac,WavCaps,,False,8.456036128047426,-0.09746532000609331,-0.4850201344269165
sl_eat_bio_ssl_all,12,ede654af-061a-4fde-a37d-2e7aeca6f38b,61064003.flac,Watkins,Mammalia,True,7.443361404684843,-1.5468064671374044,-0.2877303071591619
sl_eat_bio_ssl_all,12,4e6fa367-6aa5-4c59-8604-3606a781c2ee,6102102E.flac,Watkins,Mammalia,True,3.14379024676282,-0.8006875767160355,0.551326037884919
sl_eat_bio_ssl_all,12,1746e44f-cf83-42ae-9b7d-9172738f6454,94009001.flac,Watkins,Mammalia,True,4.278950503179312,-1.8631213715987809,1.7354650957590678
sl_eat_bio_ssl_all,12,360b140a-467d-4a79-ad1b-47b5e696c804,Y7MJJ3L1t2b0.flac,WavCaps,,False,6.223738565190359,2.1080656213402724,-3.3412399576637157
sl_eat_bio_ssl_all,12,67a7e886-69c4-43a1-8efd-17f57760fdde,8002001I.flac,Watkins,Mammalia,True,3.413418269124642,-4.316972604580918,2.7165111129508452
sl_eat_bio_ssl_all,12,7a8d6c21-70f8-4648-9e73-0f9cbd980110,9230200N.flac,Watkins,Mammalia,True,5.625777293866662,-2.7484810246967375,1.56030409464891
sl_eat_bio_ssl_all,12,2fb629a3-99cd-4de4-9249-9e60c314b819,70025008.flac,Watkins,Mammalia,True,4.640171202104396,-0.9148984043431178,-0.3060369492412577
sl_eat_bio_ssl_all,12,955301c0-f6fa-431a-b3a4-1cd68f0765a5,6400500M.flac,Watkins,Mammalia,True,4.084904190833845,-0.8833168788269395,0.2756795033844367
sl_eat_bio_ssl_all,12,eaf07a39-41f7-4b05-aab0-5d17bf6f8486,331701.flac,WavCaps,,False,7.601604858526397,1.6458056428993344,-3.545954018966049
sl_eat_bio_ssl_all,12,0d3a7844-9043-41b3-b223-2d5feddd119b,Turdus_merula_Co0046_02_short.flac,Animal Sound Archive,Aves,True,9.13847395616488,-0.5956329768967417,-0.12511351901426315
sl_eat_bio_ssl_all,12,5abe6f6c-25e8-4626-a96b-ac32b84dcb36,166902.flac,WavCaps,,False,8.070939349106515,0.6075309109604218,-1.6490392704671837
sl_eat_bio_ssl_all,12,0c699e26-b423-470e-8fb8-b6dfd69d1312,587777.flac,WavCaps,,False,6.073523481364772,0.935318652152404,-3.0810194171207756
sl_eat_bio_ssl_all,12,d77eb5be-0fe0-4f49-be3b-3d38e589ebcb,189216.flac,WavCaps,,False,9.09933587710153,0.7989553633349913,-2.1323701653299896
sl_eat_bio_ssl_all,12,f1316d54-d38f-4ba1-bac8-a6a0bb9e9dc5,613097.flac,WavCaps,,False,5.944516150822884,1.762376568034548,-2.9621298353277195
sl_eat_bio_ssl_all,12,21bd08a0-fe5a-4c52-a6aa-2c8d9e9494cc,Anthus_trivialis_Co0099_03_short.flac,Animal Sound Archive,Aves,True,8.366571893223428,-0.17428698660276098,0.34561063258432967
sl_eat_bio_ssl_all,12,34b24319-dd43-4d26-9f62-89a81a6aa5c5,643611.flac,WavCaps,,False,6.4495709078538095,3.351041351109771,-4.701537959188945
sl_eat_bio_ssl_all,12,10d849db-1f13-49f0-bd31-18bfe1078ff5,6400504E.flac,Watkins,Mammalia,True,7.4683971406473315,-1.1216548228559815,-0.4344935440090716
sl_eat_bio_ssl_all,12,317d215c-8f3e-4dcf-b792-7faadee5e3cb,07010175.flac,WavCaps,,False,6.810261265061976,2.6984054166936096,-3.588358766830332
sl_eat_bio_ssl_all,12,62462589-ea0c-4392-8245-43d9e71c317a,568042.flac,WavCaps,,False,5.495221707451924,-0.4500595758061182,-1.076763057432832
sl_eat_bio_ssl_all,12,6dc17cd6-aaa2-4d7d-ad20-251e755ab8ba,YkCEXTnIJwTY.flac,WavCaps,,False,9.554756890826724,-1.601423812033121,-0.11891343302263224
sl_eat_bio_ssl_all,12,49b7ec12-b689-468a-8936-e1ed7e5df334,348266.flac,WavCaps,,False,8.850149877058895,1.0792367436214545,-1.0954147769263272
sl_eat_bio_ssl_all,12,6b879f0c-009f-4857-a277-213484450959,60026035.flac,Watkins,Mammalia,True,1.2094260103863426,-2.619982486128537,2.534135334852791
sl_eat_bio_ssl_all,12,79041ed9-600d-4c51-a69b-036c29591f23,7100101E.flac,Watkins,Mammalia,True,6.373646238391389,0.49880864884848297,0.20937127851887394
sl_eat_bio_ssl_all,12,2476dede-5a2b-4218-bc14-85e32343248b,YcbYZQRz09bc.flac,WavCaps,,False,9.126815183205785,0.6710835868407079,-1.9156018351769142
sl_eat_bio_ssl_all,12,eb10f2e6-5813-4711-a733-93643d9e5ee3,97769008.flac,Watkins,Mammalia,True,2.2917257508850364,-3.981644884970129,1.7070929794625884
sl_eat_bio_ssl_all,12,8ecc4d79-20a5-404d-b8f3-82e18963ba92,66091007.flac,Watkins,Mammalia,True,3.697034374499749,0.6134298142106257,-1.1185348295870936
sl_eat_bio_ssl_all,12,c1d6affa-7d4b-447a-a5be-e60126aea021,457617.flac,WavCaps,,False,9.747455320158391,-0.1937548098008186,-0.28604318925173255
sl_eat_bio_ssl_all,12,7a593dae-8614-49bf-bd6b-2da696a11908,615913.flac,WavCaps,,False,5.755780993541919,-0.270501349231721,-2.1391945516091866
sl_eat_bio_ssl_all,12,8b2034c7-8d72-4a23-9d87-ab5ac194320f,9776100T.flac,Watkins,Mammalia,True,-1.2935887853671988,-5.314606808476693,4.0641519053277895
sl_eat_bio_ssl_all,12,29da94d6-f609-4c27-b0d1-25c256c1a5a3,91010025.flac,Watkins,Mammalia,True,7.898781682665548,-1.2353228778752614,-0.29890379003808687
sl_eat_bio_ssl_all,12,dff3bdef-5e3d-482f-aeaa-d946ea04f5b4,YGPZhcnRhI-I.flac,WavCaps,,False,8.457513026733636,2.011113050119569,-3.5768485884729424
sl_eat_bio_ssl_all,12,b3260e59-56ec-4753-bc23-c5745b827b81,Garrulus_glandarius_DIG0172_09_short.flac,Animal Sound Archive,Aves,True,10.444421852809926,-0.40696457411291,-0.6382298052248923
sl_eat_bio_ssl_all,12,b530fe98-7246-4668-9fe3-7b60e81b2b3a,8800505C.flac,Watkins,Mammalia,True,2.795117662707023,-2.773367363854652,1.5163672325393174
sl_eat_bio_ssl_all,12,80d7d06d-657f-4081-9d73-82283223ef6d,94008050.flac,Watkins,Mammalia,True,3.492207211257292,-2.0848632958469384,2.0823459417634886
sl_eat_bio_ssl_all,12,e5a898e9-0ef6-41ff-b708-fd8070201206,8303501T.flac,Watkins,Mammalia,True,2.223155666613806,-3.337457662317107,2.559928863904703
sl_eat_bio_ssl_all,12,001c3789-ff70-4c1f-97d7-b062a60fd962,8353.flac,WavCaps,,False,9.991024880249288,0.8800796068463171,-2.5385649302988815
sl_eat_bio_ssl_all,12,c874c13f-9022-4835-81c1-5c6feeb0cf28,66807.flac,WavCaps,,False,8.357928203733657,1.156620658524111,-2.7686144084043267
sl_eat_bio_ssl_all,12,4cb81bda-57a7-4289-979a-e57d43be08c6,456855.flac,WavCaps,,False,6.253049321237816,2.2550430207723497,-4.400740715543284
sl_eat_bio_ssl_all,12,728f8fc5-1e66-405d-862a-b29fe12a7b89,Sylvia_curruca_DIG0145_10_short.flac,Animal Sound Archive,Aves,True,7.533911908042869,2.218811588414702,-1.3036018147893174
sl_eat_bio_ssl_all,12,5d597ac2-d173-4861-996c-b45ff61e0ca2,220619.flac,WavCaps,,False,4.4817546813572555,1.7471960351227724,-3.339704088783214
sl_eat_bio_ssl_all,12,7caca538-5ed9-48f0-ab2d-f53920567e34,86008029.flac,Watkins,Mammalia,True,0.5217154686290761,-2.602634818623934,1.9542152559592405
sl_eat_bio_ssl_all,12,158d4590-4027-4935-9bba-4a5283219054,148760.flac,WavCaps,,False,7.08627607607367,2.6121094311792645,-3.635594385565487
sl_eat_bio_ssl_all,12,428c3c18-b3d3-4ded-bbc4-3c8c981f4c79,575785.flac,WavCaps,,False,6.931643936248101,2.65025150433306,-4.017701293210022
sl_eat_bio_ssl_all,12,c8605f4f-0f8c-4c8f-b072-546af742042f,507771.flac,WavCaps,,False,4.226963371201935,-1.170673819799177,-0.0010115476142544821
sl_eat_bio_ssl_all,12,7856c895-b7b4-447c-99f6-94a7f867b293,270384.flac,WavCaps,,False,6.487349381538426,1.6212707542852483,-3.2250690607764163
sl_eat_bio_ssl_all,12,d1f2999a-36d6-4408-8316-7cddc8ba1a54,YV5HhpNIiAJk.flac,WavCaps,,False,8.791383235855847,1.82254441464595,-3.1082818383254454
sl_eat_bio_ssl_all,12,85c2f34f-234b-4888-92a7-f6fca3f807df,342211.flac,WavCaps,,False,8.0434024324657,4.1573112394319836,-4.5697873488813325
sl_eat_bio_ssl_all,12,8a2d83ae-485c-480a-99a2-01a00f830ca1,Ya46fFNSxAXU.flac,WavCaps,,False,7.8724333579144,0.2227527034232042,-2.830704857712425
sl_eat_bio_ssl_all,12,9452ad5b-ac41-4a30-afe7-3a8eef57d137,30814.flac,WavCaps,,False,7.300772498729593,2.8071310134819343,-4.661911984468876
sl_eat_bio_ssl_all,12,bde9fe04-75f8-48a2-b048-9be0b5dbbddd,41731.flac,WavCaps,,False,6.60656493541182,1.6101754973132858,-3.6924280109420566
sl_eat_bio_ssl_all,12,1b90b0b0-b80c-453c-b541-20ae49a6f022,5801801D.flac,Watkins,Mammalia,True,4.267676441210783,0.2106408878238497,0.5944480005960386
sl_eat_bio_ssl_all,12,99213f38-7400-448c-9f64-4a687d0037ef,7700600F.flac,Watkins,Mammalia,True,4.516454170732607,-2.433837483910605,1.3917069223046812
sl_eat_bio_ssl_all,12,04cfef8f-4a40-4d48-bd98-cbc0771658b0,322546.flac,WavCaps,,False,6.877321271121994,3.073326160823909,-3.645330610063939
sl_eat_bio_ssl_all,12,381b3671-fa9f-4cc9-b6ee-e98b76664620,Y7ojteAGwjaA.flac,WavCaps,,False,6.62164621990353,3.80862952000709,-5.38368816932609
sl_eat_bio_ssl_all,12,ab8c15c5-0118-4e34-adcd-2c13197609ad,YuiwqKoIiykA.flac,WavCaps,,False,8.303449317584406,0.4706366214411317,-3.2519631567204352
sl_eat_bio_ssl_all,12,de0e29f9-bf9a-4a7a-978d-5a6c19bba1ab,Y8fMnn6coUhQ.flac,WavCaps,,False,10.337420200884338,0.08603290798873786,-1.489816122458186
sl_eat_bio_ssl_all,12,29a9b322-8b29-454a-a2c2-e527a19063e0,YfXcm7AaOp_8.flac,WavCaps,,False,10.4956469753253,-1.5094733197426873,-0.24497528679164549
sl_eat_bio_ssl_all,12,7124506c-9392-4b69-9cf9-a7dd620a311d,9400806F.flac,Watkins,Mammalia,True,2.4526845305390577,-1.6729970943288808,0.882305335128357
sl_eat_bio_ssl_all,12,50016737-7c8a-49d0-8ea9-3c9bb3e39007,207687.flac,WavCaps,,False,8.420320652222346,0.11845762602528431,-2.1533030783661125
sl_eat_bio_ssl_all,12,6bffd177-4827-42f4-9690-fa6dc57646ee,79040003.flac,Watkins,Mammalia,True,7.038850501823816,2.8995414304513316,-4.164580932358976
sl_eat_bio_ssl_all,12,2cbe148e-f24a-4e6f-830e-341ba4e4a0ed,168681.flac,WavCaps,,False,7.505171354486066,3.3506527286907044,-4.518225928764785
sl_eat_bio_ssl_all,12,74fad971-8614-4838-b32f-0253b26d260f,75003011.flac,Watkins,Mammalia,True,4.149917088954299,-0.07100381177038545,-0.8412321098094508
sl_eat_bio_ssl_all,12,2fe68e99-4633-4eb1-be9f-c9e3600b1977,Sylvia_atricapilla_CoMC0018_21_short.flac,Animal Sound Archive,Aves,True,7.219708662544167,-0.057104144618593033,0.06361108537553273
sl_eat_bio_ssl_all,12,92c769b5-e035-48f6-83da-457810d37445,615348.flac,WavCaps,,False,6.25750586133314,4.034567321399043,-5.311082793028563
sl_eat_bio_ssl_all,12,4617b5a8-a226-4662-b005-5eaa24eb43c3,9500300I.flac,Watkins,Mammalia,True,1.8762559250259336,-3.7616361005011245,1.9215105586007761
sl_eat_bio_ssl_all,12,029aeed5-40a1-4728-bdb0-c328c4fa78fa,87003005.flac,Watkins,Mammalia,True,3.374298827251537,-3.51146103313376,1.293278477203636
sl_eat_bio_ssl_all,12,c28e91d9-2870-4611-b52e-32d7b7e611cf,Carduelis_carduelis_PF00656_short.flac,Animal Sound Archive,Aves,True,9.190951444115651,-1.132300204663105,0.9039162171619237
sl_eat_bio_ssl_all,12,e1502208-c3f6-4ddd-b74f-16743dde4b5a,Cervus_elaphus_S1329_07_short.flac,Animal Sound Archive,Mammalia,True,8.241407643815084,0.752449817039313,-2.1769027930256124
sl_eat_bio_ssl_all,12,3eb8700d-deaf-4236-b9c6-ed546b74a1ac,431818.flac,WavCaps,,False,7.8615570211553205,5.323562869232769,-5.552437097981477
sl_eat_bio_ssl_all,12,6f080f55-6198-461a-851c-e725bd9a49ab,7703501T.flac,Watkins,Mammalia,True,-0.24856356132527632,-3.238322467246644,2.992529696397036
sl_eat_bio_ssl_all,12,ceda174c-4f87-42a3-957b-9b1b3c522b15,395777.flac,WavCaps,,False,7.742998746767045,4.05330203631327,-4.32794631530398
sl_eat_bio_ssl_all,12,c8bc412b-e406-4263-9aaa-4bb641db0f2e,YDxptko9c9pQ.flac,WavCaps,,False,8.078079902408506,1.958636978452723,-3.549849310584569
sl_eat_bio_ssl_all,12,681d70f5-83ed-4826-8e82-a4e46abc0606,Turdus_merula_Tre_N0009_05_short.flac,Animal Sound Archive,Aves,True,9.023828968916705,-1.0795963908129624,0.2898606413983492
sl_eat_bio_ssl_all,12,eddd07e8-cb3b-4cfc-8cc6-ac958a5a05e9,75012037.flac,Watkins,Mammalia,True,6.202828260652642,-3.9201824419939464,2.3275238063308032
sl_eat_bio_ssl_all,12,12eb602b-9d55-478e-a006-9818b078a942,9320100X.flac,Watkins,Mammalia,True,6.250096506113621,-0.08957058621328295,-1.2373387737649906
sl_eat_bio_ssl_all,12,2825e212-a3f1-438a-8ccf-fa1238a7cd4f,396665.flac,WavCaps,,False,8.373082361524993,-0.3093369814398339,-1.2505789838565393
sl_eat_bio_ssl_all,12,c2c02eb7-8ecf-45dc-afa7-de86d9471e5a,114604.flac,WavCaps,,False,9.574754889654141,2.4785546472125426,-4.146228805776901
sl_eat_bio_ssl_all,12,43f2653f-f5fe-4ac6-8da5-a0adf649c58f,516056.flac,WavCaps,,False,7.03325168234453,2.6306846998802462,-3.6730284852270367
sl_eat_bio_ssl_all,12,58d7483b-26c6-4ba7-8443-8bb7da8a48b6,58014023.flac,Watkins,Mammalia,True,2.9563945326142003,-3.4269922101022305,1.7093851079778724
sl_eat_bio_ssl_all,12,4a83a403-767f-4704-ad86-4de96fde1cf8,273996.flac,WavCaps,,False,6.788500410616351,1.022005063332621,-2.7353877936202027
sl_eat_bio_ssl_all,12,5dde818c-06e5-428e-87a2-796c7c12d177,95706.flac,WavCaps,,False,8.063998981157635,2.9989781954279913,-4.302086748605448
sl_eat_bio_ssl_all,12,83519e91-d36c-450c-a1ef-81fb0d84be7a,97767008.flac,Watkins,Mammalia,True,-0.5592542176349187,-1.8564452878204796,1.6828927184802422
sl_eat_bio_ssl_all,12,30f12a77-e10d-46a0-aad9-82fc21de3ded,YBw_M2cdLIN8.flac,WavCaps,,False,8.330054151942907,1.0900049081766516,-2.549201822839049
sl_eat_bio_ssl_all,12,be261345-80b0-47bd-adce-81706f310468,9220100L.flac,Watkins,Mammalia,True,1.6847687414309824,-2.805436038091464,2.3379202605823117
sl_eat_bio_ssl_all,12,d1e9b24b-6be9-45cf-87f3-3235f2c09b97,7100801A.flac,Watkins,Mammalia,True,4.363441245980117,-0.5194134583441202,0.9951803629520002
sl_eat_bio_ssl_all,12,93ee8aaf-1a68-44ea-8984-f77e1da1f0eb,441988.flac,WavCaps,,False,8.990001189879807,0.8143179187370246,-3.805899207376877
sl_eat_bio_ssl_all,12,be26c277-712a-4928-b62a-f1ad152919b0,8501206M.flac,Watkins,Mammalia,True,3.6976226609826632,-4.8754439013902005,3.6104190192534578
sl_eat_bio_ssl_all,12,435b7e86-bb17-4054-b7f0-d71148818b65,Y6CG4tvk9PN0.flac,WavCaps,,False,9.807883476277876,3.2548757893983056,-4.712790913709392
sl_eat_bio_ssl_all,12,dd604f70-ca6c-4bd8-8846-f0daf2911753,Y6LNlyOH7dIY.flac,WavCaps,,False,7.994629744279822,3.354773510901236,-4.850916680490863
sl_eat_bio_ssl_all,12,3e46fc4f-67a1-491b-a1ac-7b2278f3e7fc,Acrocephalus_scirpaceus_DIG0161_58_short.flac,Animal Sound Archive,Aves,True,5.80109254963143,0.336021252563921,-0.2093299209054963
sl_eat_bio_ssl_all,12,07db07b0-ad92-4e0e-929f-f39c70a475f4,580488.flac,WavCaps,,False,8.842022629401654,2.9224544846522984,-2.793519555053095
sl_eat_bio_ssl_all,12,43436410-0b57-4460-b21c-8938a2a17c38,587142.flac,WavCaps,,False,8.204187291069301,-0.8631593845257235,-1.1754111810731527
sl_eat_bio_ssl_all,12,d92bea55-71e6-4a39-8874-cb663e3442b4,859.flac,WavCaps,,False,8.214201992215283,-0.8577112699107294,-1.1979161059302583
sl_eat_bio_ssl_all,12,0b3c4edd-0b4d-4d9e-a80f-bded96d02348,Y2A9cNdvHr3w.flac,WavCaps,,False,8.081300670820413,0.3717685766108758,-1.176902044236014
sl_eat_bio_ssl_all,12,f1bd35c5-1251-4f81-823d-7ebc25b3b167,Neofelis_nebulosa_S0247_01_short.flac,Animal Sound Archive,Mammalia,True,8.200923063611501,-1.276167777710485,-0.6829910511923758
sl_eat_bio_ssl_all,12,5e0a04c0-0697-40ed-9589-86f134f540f7,539809.flac,WavCaps,,False,9.021450054156007,0.42094873386633136,-2.059790526583229
sl_eat_bio_ssl_all,12,7ca89421-38e9-45eb-b79a-1676162963f8,YjVGeXnDCiws.flac,WavCaps,,False,9.078818410301114,-0.9631986407095832,-0.9571074704271422
sl_eat_bio_ssl_all,12,b685cd3f-362a-42e8-bfb7-5d4e2aded2f1,Y1ILADUzj-M0.flac,WavCaps,,False,8.014388055678754,3.0573346559583463,-4.598762979791701
sl_eat_bio_ssl_all,12,df5a0d4f-43e1-4545-86f4-be32f1372790,YHOtQseh7MIM.flac,WavCaps,,False,6.17987708288941,3.1501389513661295,-4.631391120851058
sl_eat_bio_ssl_all,12,7db7cab8-2351-40a0-8622-3f96bef6287d,Turdus_merula_Tre_N0119_10_short.flac,Animal Sound Archive,Aves,True,10.127972135344901,1.085877609414253,-0.5640620284453972
sl_eat_bio_ssl_all,12,a9546f54-1df9-44f4-b38f-d4e47cedb800,07043290.flac,WavCaps,,False,6.677401688764102,4.887397470856308,-5.651395191109808
sl_eat_bio_ssl_all,12,a8685ce4-7100-4e8d-aefa-2078a1383694,393180.flac,WavCaps,,False,7.2762493984231735,1.2357317512386965,-2.2517296508626843
sl_eat_bio_ssl_all,12,74bd235b-aa72-4d69-8b8b-7cee91fc12d7,72007015.flac,Watkins,Mammalia,True,7.351433295051746,-0.7533704714642533,0.10912819167785248
sl_eat_bio_ssl_all,12,9e514d40-77bc-4eb9-b079-94d7837be251,360649.flac,WavCaps,,False,7.319985500862864,3.015048950095293,-4.439579362497306
sl_eat_bio_ssl_all,12,cc585b0f-2f72-42ab-8d73-f0e3a4c233e5,9400901S.flac,Watkins,Mammalia,True,5.366278184311854,-2.583402553090283,2.682890983929449
sl_eat_bio_ssl_all,12,9fe9049f-3b3d-4f99-9b2e-14d1b2f792d0,YhsmrvZEc_uw.flac,WavCaps,,False,9.988924059168145,0.9839150699238107,-2.788088757798562
sl_eat_bio_ssl_all,12,ef83a0de-3f8b-4457-a334-4a425d70be7b,YGtodrvgjyj0.flac,WavCaps,,False,6.643459973018455,5.144022412258497,-6.555564168762944
sl_eat_bio_ssl_all,12,505234a4-4b26-41cf-be2a-4b4d9d9d846a,469126.flac,WavCaps,,False,10.175956017668321,0.3300520650625256,-2.019907454039693
sl_eat_bio_ssl_all,12,3d3e1887-fc18-4e70-a41e-8ce5b68305d8,63005001.flac,Watkins,Mammalia,True,5.618908201033873,-1.5503513029090081,-0.7147365368938806
sl_eat_bio_ssl_all,12,882cd8ad-9001-4ca0-b021-ae74d7aab5a7,7900400L.flac,Watkins,Mammalia,True,4.869888825210974,-2.3415292720738767,1.6338394815386168
sl_eat_bio_ssl_all,12,d11f1efe-91c5-43a3-991d-bc056976381d,7500303T.flac,Watkins,Mammalia,True,2.0136889781151006,-2.6749397267545536,1.170505918777369
sl_eat_bio_ssl_all,12,c0962a0a-1409-400d-bffb-9bb6e196051a,8600801Q.flac,Watkins,Mammalia,True,0.28027906338581454,-1.7047507530956691,1.4130111387947624
sl_eat_bio_ssl_all,12,8cfe20d9-2b50-4ffa-841b-eb40ff919dbf,Fringilla_coelebs_Co0062_07_short.flac,Animal Sound Archive,Aves,True,8.41591133992232,0.147522224536081,0.08015828421528326
sl_eat_bio_ssl_all,12,e3048473-cd5d-4ce2-9660-f4f6e0515e0d,6102204S.flac,Watkins,Mammalia,True,3.460634112956416,-2.0677962820752978,0.8874399075360684
sl_eat_bio_ssl_all,12,ff5e3f46-ae1d-4ac0-8b4f-5be1adcf3e0b,79040007.flac,Watkins,Mammalia,True,6.26841149659683,-0.7284300780196997,-1.5363398298465698
sl_eat_bio_ssl_all,12,58c0f7cb-8dd8-4f84-bfc1-06b858c224dd,Equus_zebra_S0953_04_short.flac,Animal Sound Archive,Mammalia,True,8.941317203086523,0.26749750938694894,-1.3374254911135102
sl_eat_bio_ssl_all,12,70a388bb-71e3-41fd-8632-284cfb15fe4c,88006029.flac,Watkins,Mammalia,True,2.4857592140589553,-3.429597483863455,2.0896772995177315
sl_eat_bio_ssl_all,12,ff71a46a-4a12-44ba-a40b-47f08660dba7,61053003.flac,Watkins,Mammalia,True,8.235601161640009,-0.6768924750304262,-1.1607455182145645
sl_eat_bio_ssl_all,12,cd1593b5-8364-4ada-9e89-a284f3c63548,9769200H.flac,Watkins,Mammalia,True,0.4020845492078886,-4.524644145652465,3.250056109732095
sl_eat_bio_ssl_all,12,9e2a87e5-2e7c-4334-94ea-7746d2b45433,66091006.flac,Watkins,Mammalia,True,5.503523404386565,0.9780514667207516,-1.136374089402621
sl_eat_bio_ssl_all,12,35601063-e03d-4668-a80d-c7f53b5fe230,9101200G.flac,Watkins,Mammalia,True,5.176612717149969,1.5451332301455594,-3.104288559507889
sl_eat_bio_ssl_all,12,9db5c2bc-ca9b-4b61-8a85-4c8ebc01f24e,7700800A.flac,Watkins,Mammalia,True,5.682477861859775,-2.4982249184272103,1.0478239653655264
sl_eat_bio_ssl_all,12,a0d76e86-2da8-407d-bad7-7b1a48178285,94008055.flac,Watkins,Mammalia,True,4.82455667267412,-1.5663348141232873,1.194158261446042
sl_eat_bio_ssl_all,12,9ec4f6a7-7afa-4052-a7b9-2c6171619646,75001010.flac,Watkins,Mammalia,True,1.9572291286836725,-2.964223716477857,2.580135876236147
sl_eat_bio_ssl_all,12,f8f940fe-9cd3-41c3-a0d0-0c8f0b5f677a,Anthus_trivialis_Co0088_01_short.flac,Animal Sound Archive,Aves,True,7.814184265840788,-0.509880038066354,0.5864089928872696
sl_eat_bio_ssl_all,12,b1b82430-988c-4b1b-b442-4cdb17d5bb6b,6403100G.flac,Watkins,Mammalia,True,5.4106809644832055,-1.167121810109242,0.478968839805461
sl_eat_bio_ssl_all,12,b1e2de20-3eab-47b3-9d2d-6c6b9c0d5e80,9002708R.flac,Watkins,Mammalia,True,-0.10028458491218473,-3.6867635713478957,3.935172338458773
sl_eat_bio_ssl_all,12,f65ebf13-eb73-4fef-b10c-1e0763b14dbc,60026041.flac,Watkins,Mammalia,True,0.17494787281535126,-6.514265365664766,4.610134953946557
sl_eat_bio_ssl_all,12,f1dcdae1-9a77-4c65-bf6d-9468dfa301a9,79005004.flac,Watkins,Mammalia,True,5.808257709994814,-2.5505344436146533,1.4166049004859613
sl_eat_bio_ssl_all,12,72e8c01f-385e-40fe-a645-c400d2489a71,97750003.flac,Watkins,Mammalia,True,1.2762601181466797,-2.920397010598313,2.1259184914733127
sl_eat_bio_ssl_all,12,2cb01763-57e1-4a0e-b795-eae75656a8b1,5702606N.flac,Watkins,Mammalia,True,4.4626571620909825,-3.001542034903435,0.7425309076265814
sl_eat_bio_ssl_all,12,41d48329-93ff-404a-8678-151bf3fbb2f0,9101203S.flac,Watkins,Mammalia,True,2.5845861705749633,3.166374899502376,-2.8582673387168307
sl_eat_bio_ssl_all,12,78be6796-a469-4ddd-be22-2f4b3e8c1601,56018004.flac,Watkins,Mammalia,True,4.975521841948843,-1.7771442531690855,0.2237510463536917
sl_eat_bio_ssl_all,12,91c2ef47-bd41-4124-945f-8647f2de5788,Fringilla_coelebs_CoMC0004_20_short.flac,Animal Sound Archive,Aves,True,7.466205904671354,0.216854815057421,0.0892276072783782
sl_eat_bio_ssl_all,12,a4612c62-b694-4d48-95ea-d4a99b390271,88006019.flac,Watkins,Mammalia,True,1.793756852580024,-1.5208273736356275,0.7724926676545739
sl_eat_bio_ssl_all,12,65b49b46-ca07-4eca-9386-d47651d297ee,8600801X.flac,Watkins,Mammalia,True,2.2732248753228985,-1.6913387890585456,1.379013104680689
sl_eat_bio_ssl_all,12,6ac3006f-49e7-4d86-9c9b-6c16b3412a8f,8501201S.flac,Watkins,Mammalia,True,2.2866179810990364,-5.322722295207374,4.208671792510547
sl_eat_bio_ssl_all,12,bebd1a1c-0365-48b5-8c74-c1e3f5dae00b,Turdus_merula_Tre_N0101_12_short.flac,Animal Sound Archive,Aves,True,9.90496118130931,-0.4484753569966611,-0.4863917593175777
sl_eat_bio_ssl_all,12,ac0c5ba6-d022-478e-83aa-cd979038f6ce,97781001.flac,Watkins,Mammalia,True,0.45544180969990544,-2.842990320571551,2.1544739811600495
sl_eat_bio_ssl_all,12,13145736-ff9f-48ba-901e-eeb040a16495,64055003.flac,Watkins,Mammalia,True,5.987242466759907,-1.8369127175954483,-0.3870006619530545
sl_eat_bio_ssl_all,12,4b0cb268-dc0a-4aec-8442-00984f21edeb,7500305J.flac,Watkins,Mammalia,True,3.2771763641828278,-1.4159473666036317,0.356224638089217
sl_eat_bio_ssl_all,12,decbbb99-a8a1-4148-9988-206b6baf183e,5801801M.flac,Watkins,Mammalia,True,5.443786979986683,0.6866983342012153,0.011661085902761381
sl_eat_bio_ssl_all,12,094e5fd7-f551-496b-811d-f649ad51034c,9776101U.flac,Watkins,Mammalia,True,1.2079597824661374,-2.7204992602183733,1.8356325774179758
sl_eat_bio_ssl_all,12,7611bc32-7e8b-4c6b-beea-38b18ea4ea2c,97766002.flac,Watkins,Mammalia,True,0.7171725285615159,-3.597435176453803,2.424755652722304
sl_eat_bio_ssl_all,12,127d8bc5-ca53-4b42-88fb-677e4e7a3687,9100402F.flac,Watkins,Mammalia,True,1.9827342844124682,-2.4010513926078016,1.7892308323508277
sl_eat_bio_ssl_all,12,c82e8a21-181d-451c-a9c4-61b569278c5e,Fringilla_coelebs_Tre_N0067_08_short.flac,Animal Sound Archive,Aves,True,9.647253843318389,-0.4934615270361944,0.4667773303145144
sl_eat_bio_ssl_all,12,9421a52e-94f1-4c2f-9d14-e4b83fc674fc,97501003.flac,Watkins,Mammalia,True,-0.9924417841862679,-3.0694522911182647,2.1697625667408484
sl_eat_bio_ssl_all,12,5393a567-ded0-4b82-939b-af42e7785e10,9777100K.flac,Watkins,Mammalia,True,-0.3739995716796479,-5.583125091160883,4.5906783658200965
sl_eat_bio_ssl_all,12,5cf424ab-6501-4962-91fd-ba2c0ce38a37,Cervus_elaphus_DIG0117_03_short.flac,Animal Sound Archive,Mammalia,True,7.280029432636138,1.4116882618949096,-2.849611242255867
sl_eat_bio_ssl_all,12,cd88c22f-f94f-47c5-8dd1-c503f28aecaf,57026059.flac,Watkins,Mammalia,True,4.657572460618425,-3.725942957222794,1.075266523503135
sl_eat_bio_ssl_all,12,c9a2180e-67f3-4154-851d-7b2443469e62,Fringilla_coelebs_V1998_15_short.flac,Animal Sound Archive,Aves,True,7.3664031170795905,0.35534903520977973,0.30330634332124085
sl_eat_bio_ssl_all,12,90809c3f-33d3-4579-80c6-698a8313ef17,70014002.flac,Watkins,Mammalia,True,1.8937399962590853,-2.367946582834461,0.5107862234844552
sl_eat_bio_ssl_all,12,4b17f9cf-5f1c-4881-a0de-b73706f1c147,97782006.flac,Watkins,Mammalia,True,1.8587469289903624,-1.1983015856905828,0.9308021283540759
sl_eat_bio_ssl_all,12,4318866f-89c4-4372-8191-4d541f63fc59,7100201K.flac,Watkins,Mammalia,True,1.2788237348709883,-1.3239588855369309,0.5189126271948118
sl_eat_bio_ssl_all,12,e14a85c0-c5f1-4825-b3c7-81761702b692,6609000D.flac,Watkins,,True,3.6396872506502262,1.379872523492091,-1.915336726249354
sl_eat_bio_ssl_all,12,bfb4c658-60fe-4494-b8dd-27be5468a25f,75004003.flac,Watkins,Mammalia,True,4.088083419399046,-2.7805767440214493,1.858937044652098
sl_eat_bio_ssl_all,12,9c17d34a-35fc-4429-8063-a3e45ffc103e,9420104R.flac,Watkins,Mammalia,True,0.5503476040566462,-4.865673567917152,3.9038818362547802
sl_eat_bio_ssl_all,12,7f96d0b2-790e-4b55-b0a3-54c556f61382,8600801I.flac,Watkins,Mammalia,True,3.9758749294955984,-0.5344358158848893,0.6711364786512004
sl_eat_bio_ssl_all,12,78062cd0-82e5-4d3f-8cd2-264d9cf7f181,8501206Q.flac,Watkins,Mammalia,True,4.437051710966491,-5.127702666977742,3.333391063605137
sl_eat_bio_ssl_all,12,ef7909ac-f653-4101-a5a8-6a91daf733c1,8700301I.flac,Watkins,Mammalia,True,3.3370719446527852,-2.330273894899735,0.4626760516291992
sl_eat_bio_ssl_all,12,e8d393ca-93d8-43e8-9dfe-19a7a1e203b5,64042004.flac,Watkins,Mammalia,True,6.2637668046033514,-0.7748077676558551,-0.801881623249384
sl_eat_bio_ssl_all,12,027a7af8-a39a-4bb5-ad74-04f71a5f5c6f,Polyplectron_bicalcaratum_V2082_17_Spur1_short.flac,Animal Sound Archive,Aves,True,9.830068453939225,-1.6383053110342884,0.2386145986953463
sl_eat_bio_ssl_all,12,751cc542-ea67-4603-89ee-13334847d68f,Fringilla_coelebs_V2001_13_short.flac,Animal Sound Archive,Aves,True,6.796708621464039,-0.44569784316961036,0.7330781111377962
sl_eat_bio_ssl_all,12,2e99c343-a1d1-4b04-8889-41703e6fe3af,77008006.flac,Watkins,Mammalia,True,6.312018820700706,-2.8759389026642412,1.4847786071685216
sl_eat_bio_ssl_all,12,d142e6cd-2898-4aeb-a8b0-f54714f1ff85,9420101W.flac,Watkins,Mammalia,True,3.082010546705185,-5.347921866636237,3.625757061792224
sl_eat_bio_ssl_all,12,459165a9-930b-44f1-a137-2b1f7d84fb45,68003001.flac,Watkins,Mammalia,True,8.757765612866073,-1.1838382644542167,0.15192302015024528
sl_eat_bio_ssl_all,12,b6612d75-5b6d-4715-a975-3761031d5c3e,Turdus_philomelos_Bru_DAT0011_94_short.flac,Animal Sound Archive,Aves,True,6.996038303231759,-0.8498096476565542,1.106185250902669
sl_eat_bio_ssl_all,12,7bbb23b9-1081-4446-bc02-15e2b8d39773,Falco_subbuteo_PF04122_short.flac,Animal Sound Archive,Aves,True,8.07873092318975,-1.142632613648412,-0.025908802197289305
sl_eat_bio_ssl_all,12,a01ddadd-e47a-46db-bc20-dd11802ba8d0,61040009.flac,Watkins,Mammalia,True,5.70887148364595,1.0498634512513974,-1.4839154281617501
sl_eat_bio_ssl_all,12,455cb9ae-3115-4cca-815f-3923ea00fbbb,Fringilla_coelebs_Tre_N0054_03_short.flac,Animal Sound Archive,Aves,True,8.7097899204079,-1.0626372318522197,0.27733158241555234
sl_eat_bio_ssl_all,12,ca5412b7-f91a-4648-8827-691e640f6fe4,6107500R.flac,Watkins,Mammalia,True,3.9691713682213146,0.15240527789150893,-0.8545506489616319
sl_eat_bio_ssl_all,12,2682a546-fb75-44f4-a8fc-c28ed5581873,6107200P.flac,Watkins,Mammalia,True,3.0237290304121704,-2.8473897448278,1.270138549933749
sl_eat_bio_ssl_all,12,80b85db8-3e8a-4983-a78b-7f324700cd07,Poecile_montanus_Tre_P0176_02_short.flac,Animal Sound Archive,Aves,True,7.910688527160521,0.07968682934204208,0.4272639063718269
sl_eat_bio_ssl_all,12,9ed6905c-d8bd-4aa4-a063-32d93a697922,Tamias_sibiricus_S1118_03_short.flac,Animal Sound Archive,Mammalia,True,8.451770995981597,1.1405714825604316,-1.538413410524436
sl_eat_bio_ssl_all,12,dc8cc74a-2116-49ee-b32f-3629cff1f735,Sylvia_borin_CoMC0005_08_short.flac,Animal Sound Archive,Aves,True,9.0073201011719,0.0671574478120025,0.1962268595676664
sl_eat_bio_ssl_all,12,e9d74aff-4677-4b88-af8a-f5b59297ef9c,Vulpes_corsac_K0009_03_short.flac,Animal Sound Archive,Mammalia,True,10.44308260224648,-1.4778252325200505,-0.02915437895809636
sl_eat_bio_ssl_all,12,ef3a448e-9c0e-4dac-86eb-f5dc9a3148c9,Carpodacus_erythrinus_DIG0177_09_short.flac,Animal Sound Archive,Aves,True,9.490671207780055,1.0134104853737684,-1.044108629977718
sl_eat_bio_ssl_all,12,ba830332-d4eb-4179-9d72-bbdc5df14ac8,Regulus_regulus_AuMC0283_04_short.flac,Animal Sound Archive,Aves,True,8.572178551942912,0.5066654140796527,-0.17492717278211234
sl_eat_bio_ssl_all,12,66229406-8dea-4200-bb06-93e6a063184a,Carpodacus_erythrinus_DIG0177_22_short.flac,Animal Sound Archive,Aves,True,9.452414676301576,-0.01915913114714063,0.006593130281994597
sl_eat_bio_ssl_all,12,ee0cee4f-ba26-4692-97ce-d761e9bd62b4,Acrocephalus_palustris_Bru_DAT0114_36A_short.flac,Animal Sound Archive,Aves,True,5.266192254992674,-0.6041328987421186,0.07146874393990565
sl_eat_bio_ssl_all,12,014b4fb0-db7e-45b3-9c08-2f62590169de,Gracula_religiosa_Lue0100_16_short.flac,Animal Sound Archive,Aves,True,9.387103330941153,0.17863121388014624,-1.4651426585549228
sl_eat_bio_ssl_all,12,d5a1fc05-301b-482e-9ac9-1e88b8ab4e31,Erithacus_rubecula_Bru_DAT0026_10_short.flac,Animal Sound Archive,Aves,True,8.892409792569389,-0.4152002892871973,-0.025147736467746595
sl_eat_bio_ssl_all,12,cf7fd664-0699-4561-8e3d-aba7e1e54b90,Zalophus_californianus_V2061_17_short.flac,Animal Sound Archive,Mammalia,True,10.12848814633172,1.0208759102555751,-1.6411391088303353
sl_eat_bio_ssl_all,12,cfc2dcde-0fb6-40d5-b3c4-ba7688c24f29,Hippolais_icterina_Co0042_07_short.flac,Animal Sound Archive,Aves,True,8.044627620759364,2.10363591783291,-2.0792446804848015
sl_eat_bio_ssl_all,12,2fb3653d-0cd3-4681-a93a-f223ea40c143,Erithacus_rubecula_Tre_N0081_04_short.flac,Animal Sound Archive,Aves,True,8.58328376796933,0.8807396111887342,-1.3865656759451288
sl_eat_bio_ssl_all,12,e1a87f3b-4426-4e80-8c16-e9831129d55f,Turdus_merula_Tre_N0044_06_short.flac,Animal Sound Archive,Aves,True,10.804960085507316,-1.9184358660017735,0.7872202377890472
sl_eat_bio_ssl_all,12,a3bc944e-cd9a-4596-8366-83e16b2c59eb,Puma_concolor_V2010_12_short.flac,Animal Sound Archive,Mammalia,True,9.80240647513361,-0.5232702893264607,-1.217510235164932
sl_eat_bio_ssl_all,12,19cd73ad-bc2c-401c-b204-ebb6ce1d31a9,Turdus_pilaris_Kr0032_06_short.flac,Animal Sound Archive,Aves,True,9.956153413428233,0.1225872559186838,-0.24557285375097515
sl_eat_bio_ssl_all,12,74aff17e-1e25-4f7d-ab7a-94d182fd93f8,Acrocephalus_scirpaceus_DIG0135_04_short.flac,Animal Sound Archive,Aves,True,7.308479373729832,0.09137556822928583,-0.7691878745181717
sl_eat_bio_ssl_all,12,4bf05381-613c-47a2-8e5e-2283517c774f,Parus_major_DIG_0065_05_short.flac,Animal Sound Archive,Aves,True,9.315550225324284,-0.8602568699681763,0.9690616253613425
sl_eat_bio_ssl_all,12,ad569351-520d-4160-848e-22ad3e775faf,Turdus_merula_DIG0169_15_short.flac,Animal Sound Archive,Aves,True,9.503083375657312,-0.10663945326051127,-0.4935098761237009
sl_eat_bio_ssl_all,12,cb5a8fb8-26ab-4416-83a0-6bcea8798288,Turdus_philomelos_Tre_N0142_03_short.flac,Animal Sound Archive,Aves,True,6.761543990058848,-1.1004159868853332,0.5509600447935525
sl_eat_bio_ssl_all,12,81dfaead-b89f-4d89-b064-7a9a1ceb1a9e,Certhia_brachydactyla_Kr0030_10_short.flac,Animal Sound Archive,Aves,True,11.167095557828976,-0.4600003506682495,0.15339308464519208
sl_eat_bio_ssl_all,12,525384eb-a02b-4b97-918b-ff8ff1ec9515,Erithacus_rubecula_Tre_N0038_06_short.flac,Animal Sound Archive,Aves,True,9.618238992576032,-1.8282827155910237,0.9761543374918438
sl_eat_bio_ssl_all,12,3170a3a4-615e-452f-961b-01226f7947a3,Vulpes_corsac_S0845_09_short.flac,Animal Sound Archive,Mammalia,True,10.027975534413482,-0.02966641894281108,-0.7952868697757793
sl_eat_bio_ssl_all,12,d0c5e9c0-8a5b-465f-a3b3-05854c22fefd,Anthus_trivialis_Co0107_01_short.flac,Animal Sound Archive,Aves,True,9.525594111366896,-0.8790368753827553,0.6423829777775334
sl_eat_bio_ssl_all,12,b38134d1-6007-4834-825b-feadc045c842,Zoothera_dauma_DIG0145_41_short.flac,Animal Sound Archive,Aves,True,9.965661130378976,0.553763243992375,-0.6343228213903154
sl_eat_bio_ssl_all,12,6f0cbe83-5dc5-40e1-a299-b605bcb96575,Fringilla_coelebs_Tre_N0061_03_short.flac,Animal Sound Archive,Aves,True,8.925655408627364,-0.25080101265950683,-0.041177496746317876
sl_eat_bio_ssl_all,12,3f8c3cdc-ed60-4385-894f-9c50f5530134,Leptopelis_aubryi_DIG0174_01_short.flac,Animal Sound Archive,Amphibia,True,6.561936643177688,1.774450028403891,-2.2102128586466607
sl_eat_bio_ssl_all,12,ce3aee03-a72c-4048-9c83-b4850e37817c,Erithacus_rubecula_Tre_N0147_04_short.flac,Animal Sound Archive,Aves,True,8.980607803119746,-0.44537517549389016,0.026155491231716566
sl_eat_bio_ssl_all,12,7a071e9e-762d-4048-9f47-5a8b04b2256f,Colobus_guereza_S0984_08_short.flac,Animal Sound Archive,Mammalia,True,7.961006770971412,5.314515328340526,-5.174624258126093
sl_eat_bio_ssl_all,12,4e291984-19a1-4930-b4fb-bde8fef53e86,Turdus_viscivorus_AuMC0183_28_short.flac,Animal Sound Archive,Aves,True,9.89830298513367,-1.821518939310404,1.5067003042804021
sl_eat_bio_ssl_all,12,8069d73d-dfec-47c4-bb76-72b803c79eae,Parus_major_DIG0003_30_short.flac,Animal Sound Archive,Aves,True,8.70350439620294,-1.611107883282844,1.0196948711642293
sl_eat_bio_ssl_all,12,4510e941-6d22-4c9e-b1b6-da9401692b5c,Picus_viridis_Tre_N0025_03_short.flac,Animal Sound Archive,Aves,True,7.655309654103516,0.04916388833141827,0.10726585458619031
sl_eat_bio_ssl_all,12,ed590401-687c-4716-a86c-d6efa0f636db,Cervus_elaphus_S1316_04_short.flac,Animal Sound Archive,Mammalia,True,8.821038049577854,0.09056215700400205,-1.3353282542923486
sl_eat_bio_ssl_all,12,859b749f-3461-45e8-8fa7-3036ad79e1ca,Ptilinopus_pulchellus_V2082_06_short.flac,Animal Sound Archive,Aves,True,9.405498042592118,1.1807394983169894,-1.6395100264237992
sl_eat_bio_ssl_all,12,0c8237a6-ffcf-40f2-8a78-e054ac2d0feb,Erithacus_rubecula_Bru_DAT0026_04_short.flac,Animal Sound Archive,Aves,True,8.982799150639817,0.6498406716679478,-1.0094657766768877
sl_eat_bio_ssl_all,12,bc7066a6-0752-45e7-93b2-6b60d22a07ff,Fringilla_coelebs_Tre_N0060_02_short.flac,Animal Sound Archive,Aves,True,10.096319165723639,-1.6211183102375106,0.6882784093114711
sl_eat_bio_ssl_all,12,8afcf96d-c949-4449-8bdd-d28c57251208,Turdus_philomelos_AuMC0183_07_short.flac,Animal Sound Archive,Aves,True,9.923400992147318,-0.4532308185481546,0.0900031972732962
sl_eat_bio_ssl_all,12,4c8133b5-5da7-42d7-b6c5-114a1072d6ef,Sitta_europaea_Co0149_21_short.flac,Animal Sound Archive,Aves,True,8.053458091320605,1.532979196829035,-1.0028820195599517
sl_eat_bio_ssl_all,12,74df051c-9d73-445d-acfc-fe6e10310472,Spheniscus_humboldti_V2106_08_short.flac,Animal Sound Archive,Aves,True,8.898302503157701,1.2471699189198486,-2.1618611204524614
sl_eat_bio_ssl_all,12,508f4e6b-fe79-4fe0-addc-fd2ae26c033f,Tringa_totanus_V0522_13_short.flac,Animal Sound Archive,Aves,True,10.093164128734543,-0.7665169043579316,-0.3067475356490934
sl_eat_bio_ssl_all,12,f787e5e8-fe60-4d0f-b3f7-4d712545a1c2,Canis_latrans_DIG0101_16_short.flac,Animal Sound Archive,Mammalia,True,9.145299589465687,-1.892707270362585,0.1082410182100717
sl_eat_bio_ssl_all,12,f6262b3c-18ba-489c-b8de-b8d1fb800224,Turdus_pilaris_DIG0056_10_short.flac,Animal Sound Archive,Aves,True,10.124279641697164,-0.9103291578420898,0.5324112096620153
sl_eat_bio_ssl_all,12,fb804c43-73ee-47fe-927b-60b1d3513150,Tyto_alba_V2095_11_short.flac,Animal Sound Archive,Aves,True,8.917757653080823,-1.2930298869182535,0.7741370910787269
sl_eat_bio_ssl_all,12,5b83a91b-962c-42bf-8117-27467395860e,Fulica_atra_V1542_17_short.flac,Animal Sound Archive,Aves,True,6.486729862578518,0.9422386059063208,-1.0776330053769567
sl_eat_bio_ssl_all,12,5b9f94ad-0b40-48e4-9678-451dbca6408c,Anthus_trivialis_Co0104_04_short.flac,Animal Sound Archive,Aves,True,8.769752146211221,-0.4049464319387446,0.6465112470158955
sl_eat_bio_ssl_all,12,d6424b36-824b-4dae-82bd-b76d3c2c0ab6,Uncia_uncia_S0747_01_short.flac,Animal Sound Archive,Mammalia,True,8.905821894984292,1.4628870274597257,-3.136780140645712
sl_eat_bio_ssl_all,12,ae83334a-b8f8-4434-a290-2eab52738840,Parus_major_Tre_N0062_06_short.flac,Animal Sound Archive,Aves,True,9.194691282768222,-1.222159185253843,0.5314278752463011
sl_eat_bio_ssl_all,12,fb6ff418-4b29-4fd3-9165-7fb85d534815,Alauda_arvensis_DIG0054_13_short.flac,Animal Sound Archive,Aves,True,7.971632676097043,-0.827357957038394,-0.25913016661985444
sl_eat_bio_ssl_all,12,51af16a8-a238-4ae9-8bb9-fed4813d9042,Sylvia_nisoria_Co0163_16_short.flac,Animal Sound Archive,Aves,True,8.334747610423657,0.18581678397687407,-0.27019318265571945
sl_eat_bio_ssl_all,12,dd37da80-cf46-4309-ade6-7ac871535dc0,Strix_aluco_DIG0080_02_short.flac,Animal Sound Archive,Aves,True,10.706240991918675,-0.057078137260376804,-0.05666598433049641
sl_eat_bio_ssl_all,12,b7c7b37a-1e32-4ea4-868c-5ecc41f2b65e,Anthus_trivialis_Co0088_03_short.flac,Animal Sound Archive,Aves,True,9.516688696297301,-0.38794473162964005,0.5368149367902348
sl_eat_bio_ssl_all,12,55cfa116-32aa-41e2-a25d-1c57634e3bb8,Pipistrellus_pipistrellus_DIG0141_29_short.flac,Animal Sound Archive,Mammalia,True,10.217935455937624,0.8122086286069072,-1.4452663534941879
sl_eat_bio_ssl_all,12,7f3dfdb2-be02-4783-8c2a-c7cc337a4ef2,Emberiza_citrinella_AuMC0283_03_short.flac,Animal Sound Archive,Aves,True,8.283659542216286,0.7462055157559528,-0.3743694125432049
sl_eat_bio_ssl_all,12,582d2768-f926-4b45-92dc-a7e50d7486ee,Spheniscus_humboldti_V2080_04_short.flac,Animal Sound Archive,Aves,True,7.904402470181338,1.3208321822141365,-2.7064558871198408
sl_eat_bio_ssl_all,12,b587d813-d483-4978-bd9c-0d72b25e7f96,Fringilla_coelebs_DIG0160_03_short.flac,Animal Sound Archive,Aves,True,7.572507091420042,0.925965148779947,-0.6135208725761421
sl_eat_bio_ssl_all,12,7d80ff34-a9d9-48e3-8941-cdac4ef9ff4d,Turdus_merula_Tre_N0087_03_short.flac,Animal Sound Archive,Aves,True,8.851285732008227,-0.28611936508490565,-0.08731450633672933
sl_eat_bio_ssl_all,12,23ac7c30-21ed-4ae6-996c-726a5f0294da,Parus_major_CoMC0001_25_short.flac,Animal Sound Archive,Aves,True,7.736584128683912,-0.24343119649271072,0.20088360056026766
sl_eat_bio_ssl_all,12,22503022-c50a-4748-a52e-4e305b3ef32b,Coccothraustes_coccothraustes_PF00848_short.flac,Animal Sound Archive,Aves,True,9.971703660429888,-1.734921800892013,1.483523908524217
sl_eat_bio_ssl_all,12,8be4f6d7-ee20-4ab3-a774-639c460618d1,Emberiza_citrinella_DIG0060_04_short.flac,Animal Sound Archive,Aves,True,9.755715652581156,0.40760446759013913,-0.3871766152202596
sl_eat_bio_ssl_all,12,b6dd8de9-0f80-4331-b654-453e435bccb9,Porzana_parva_DIG0118_33_short.flac,Animal Sound Archive,Aves,True,9.0842338701987,0.47508775486551047,0.0635269224428695
sl_eat_bio_ssl_all,12,90429448-7441-4693-90b1-4796d9ac96ac,Sylvia_nisoria_DIG0169_27_short.flac,Animal Sound Archive,Aves,True,10.453714906899316,-0.7294156298402006,0.07853544971643789
sl_eat_bio_ssl_all,12,d98d86f8-c04b-49cc-8f88-33d220ee592e,Picus_canus_CoMC0001_17_short.flac,Animal Sound Archive,Aves,True,8.714005957766155,-1.7243543899671712,1.1788208960735709
sl_eat_bio_ssl_all,12,eecf3af9-d33c-463c-b096-35e5948b8c7b,Luscinia_megarhynchos_DIG0178_04_short.flac,Animal Sound Archive,Aves,True,9.14126187606999,0.9181166075274925,-1.1564562606784046
sl_eat_bio_ssl_all,12,39ed068b-a96d-40ee-baae-ea54742c441c,Parus_major_Tre_N0011_03_short.flac,Animal Sound Archive,Aves,True,7.63330883638334,-0.07935838979377086,-0.16727823801336128
sl_eat_bio_ssl_all,12,a40f19b2-83c4-48e2-9bfb-5dc7eadd29b1,Tringa_nebularia_Kr0005_12_short.flac,Animal Sound Archive,Aves,True,9.182138771683988,-0.2496374804888446,0.21180051843924041
sl_eat_bio_ssl_all,12,e1d5391b-891b-4195-b991-97f690f75ded,Nucifraga_caryocatactes_CoMC0036_10_short.flac,Animal Sound Archive,Aves,True,7.518059476787158,-0.36453824788729117,0.5515616046499465
sl_eat_bio_ssl_all,12,e264d864-405b-4617-8f83-0834ad28556d,Pseudeos_fuscata_V2010_03_short.flac,Animal Sound Archive,Aves,True,9.865116982585137,0.17106788384586658,-1.0870834454675045
sl_eat_bio_ssl_all,12,2525ff9e-0a02-4843-a89c-f40ce0bdcece,Canis_lupus_f_familiaris_S1458_16_short.flac,Animal Sound Archive,Mammalia,True,9.203938103884965,-0.5126626198858371,-0.5445904407663182
eat_all,12,345526af-20c5-437b-8741-e197ac6511ed,XC693334-LS_58842%20Dusky-headed%20brushfinch%20song%20B.flac,Xeno-canto,Aves,True,-4.254431010199748,0.1477943303684909,-0.1342950992318195
eat_all,12,e605b07a-87dd-4723-b812-f84b781c9583,XC126939-Tristram%27s_Starling_2.flac,Xeno-canto,Aves,True,-4.917484127530095,0.047440323976815996,-0.33687529013058387
eat_all,12,61fc36ad-03d6-4171-97fe-5c67821ec6de,530.flac,WavCaps,,False,-4.062070507039348,0.39295384544461953,-0.3132058272825755
eat_all,12,67961220-1a93-4cce-84c6-cbe1bf6aa1bb,keyboard_electronic_023-032-100.wav,NatureLM,,False,-3.128044204589725,0.24205867418347318,-0.6548932392226848
eat_all,12,5bf599ed-dfa6-41c7-918b-ae6e2f8e4113,XC739803-LS_51498%20Yellow-eyed%20Black%20Flycatcher%20duet%20A.flac,Xeno-canto,Aves,True,-4.230520617030674,0.46068070267279176,-0.2083921722222833
eat_all,12,4d1f5da3-4aa7-4381-9949-f9d4ea9bc7fa,XC682803-5999-4004024-4438.flac,Xeno-canto,Aves,True,-4.3590492707261195,0.6180070799412397,-0.2011047477296547
eat_all,12,a7f4feca-c0a2-4598-b8a1-c508590d0f31,XC717693-Willow%20Warbler%20%2B%20Wren_Song_Mizen%20Head_15.04.22_A%2B.flac,Xeno-canto,Aves,True,-4.198375749801198,0.4917286179715599,-0.2543857442923738
eat_all,12,ba79dda8-f0de-4b2a-8947-c1e7feeb58c9,SSW_269_20170819_120014Z.016_007.wav,NatureLM,,False,-4.818324004908945,0.4797543354505777,-0.3890190998334132
eat_all,12,3a5b71f7-0fda-4a9f-b693-0327aba0b306,SSW_055_20170325_060004Z.055_010.wav,NatureLM,,False,-4.4829187231878675,0.8509348343712255,-0.3822270163537005
eat_all,12,3e92ca8d-18a6-48b2-84d9-e18b76078e72,SSW_039_20170311_110008Z.031_001.wav,NatureLM,,False,-4.238928271790515,0.7674496406914929,-0.3568532284347957
eat_all,12,53030683-a00c-4303-92c8-5b104a41ad3c,9750402P.flac,Watkins,Mammalia,True,-2.687544906875287,0.3381437266469234,-0.011471406213820728
eat_all,12,16eaecc1-b297-4dce-bfc4-c5ca0d7fa81d,20ta010j_2.0053_209c0108_-2.0053.wav,NatureLM,,False,-4.337279293441986,0.29400625883549014,-0.5556432259456435
eat_all,12,5781d7a0-80ea-4be6-9fd1-9f6be373528b,XC385115-T15.flac,Xeno-canto,Aves,True,-4.488400550931896,0.6091199626229823,-0.2715464959432754
eat_all,12,b795d66d-a577-4b68-bdc1-810b5ff09052,NorthernParula1.flac,Xeno-canto,Aves,True,-4.336577713103626,0.22105000420038184,-0.05610055344178111
eat_all,12,519199ae-1ece-451d-a8e7-16b393685585,256179.flac,iNaturalist,Aves,True,-5.352362029687217,0.6007188576105982,-0.431688567232038
eat_all,12,484018cf-99a4-4310-a58a-e24c1f9b8d5f,SSW_023_20170304_130010Z.036_009.wav,NatureLM,,False,-4.4408773035874916,0.7705024497328896,-0.3441592270309737
eat_all,12,3035d7a6-e138-4057-baad-948b688a26d7,XC744361-Bachstelze%2C%20Gesang%20%209.4.2015%20%20Egelsee%2C%20Badesteg%20%20%E2%80%8F%E2%80%8E15_33_24%20VOC_150409-2357.flac,Xeno-canto,Aves,True,-4.330192957548415,0.44712217959820755,-0.2470577090201434
eat_all,12,639d5440-7745-4fbf-943b-2393c1a84ddf,324452.flac,iNaturalist,Aves,True,-4.712777908419583,0.36486728472258967,-0.2588083749682061
eat_all,12,833701b2-b661-4fbd-868f-07dda09059bf,XC486056-Xiphocolaptes%20promerohyporhynchus.flac,Xeno-canto,Aves,True,-4.3954544475324,0.5450373163888917,-0.17370359419630202
eat_all,12,ac225d2d-bbcb-4f39-8b85-7916f5d8bb94,XC402294-sturnus%20unicolor%203%20chapatales%2024-09-2017.flac,Xeno-canto,Aves,True,-4.887670110889555,0.3607524380026821,-0.20361143416076982
eat_all,12,60f1c1bf-2a2e-4c1e-8172-522d397fe80c,XC301952-160131_011%20CANG%20parvipes%204x.flac,Xeno-canto,Aves,True,-3.623080061677254,0.4649003473481093,-0.14658329124234598
eat_all,12,b0e33146-8f91-4aad-b6d1-9fcd7e68e54c,mallet_acoustic_030-087-050.wav,NatureLM,,False,-3.61277670948441,0.5360602474350128,-0.6927744251187453
eat_all,12,9ad7750b-961c-4b95-b04c-2d69c8bce4d2,XC541270-Pied%20Currawong%2009_05_34.flac,Xeno-canto,Aves,True,-4.566689217687733,0.5472229016185266,-0.27191374081207886
eat_all,12,5083d955-24a1-4232-97a5-37e945c676c7,XC360007-LS104552%20Black%20Magpie%20calls%20B.flac,Xeno-canto,Aves,True,-4.741372038622227,0.575614208011686,-0.33942253811996653
eat_all,12,12556fc5-c2b5-4020-81f4-c47d4c1466e0,XC688225-Goudvink%2020211021%201000%201a.flac,Xeno-canto,Aves,True,-4.488403104631113,0.7901011621230254,-0.22728944243351734
eat_all,12,8dc6aec6-51c4-46f8-bb35-238eacb223aa,310057.flac,iNaturalist,Aves,True,-4.419250058259435,0.7102753683230889,-0.2346182924197601
eat_all,12,b74d3698-d9ed-4c8c-8ab7-b0621a69de4e,XC682514-stenkn%C3%A4ck%20lock.flac,Xeno-canto,Aves,True,-3.3255138880868245,0.30063730402108507,-0.06696781124587245
eat_all,12,1d8220c1-f1dd-44b6-89a6-8f73c01aefb3,192125.flac,iNaturalist,Aves,True,-3.6735226677266777,0.44089902606994513,-0.1034739482341882
eat_all,12,75cd84ad-8c2c-4333-88c9-7327f5e3bf23,XC420018-Common%20Bulbul%20on%202.9.17%20at%20Twinga%20Lodge%20TZ%20at%207.10%20for%20.10%20_0448.flac,Xeno-canto,Aves,True,-3.8386247605289143,0.21028632443856515,-0.09123403482061607
eat_all,12,eeb57353-2d95-488d-af35-add7e1716977,XC282848-HETH_3-4-15_1330_MtOrd1.flac,Xeno-canto,Aves,True,-3.6239634371877116,0.08809379119152436,-0.05648009334385162
eat_all,12,8798231a-34af-4290-b188-7ddff7e20192,126066.flac,iNaturalist,Aves,True,-4.333814954283564,0.5440502687967305,-0.06560995462901292
eat_all,12,ff86a050-6731-45f6-b0df-0d4be52cd0d8,XC473849-Prinia_socialis_nom-FL%20calls%20Above%20Munnar%204Feb16%208.40am%20LS119888a.flac,Xeno-canto,Aves,True,-4.110026038214349,0.34943898168169196,-0.15833416137705714
eat_all,12,c91eeae1-4c7c-4d46-bf6a-b81bf31ae996,513777.flac,WavCaps,,False,-2.8484721776150272,0.3809062092240546,-0.2293957552062226
eat_all,12,6fada358-92cd-4951-bf39-973c259f45e1,7801800C.flac,Watkins,Mammalia,True,-3.7824681240147497,0.7080391894855259,-0.21811966324411253
eat_all,12,04092021-10de-4665-8246-c41d4c842ae9,XC426300-Limpkin%20Corkscrew%20B%2012-21-17.flac,Xeno-canto,Aves,True,-4.463125275235893,0.2132491580465329,-0.2826447352328233
eat_all,12,a195c3dd-a998-41d3-b4a8-6cda1e490504,Brown_Lory_Nimbokrang_2009-07-12.flac,Xeno-canto,Aves,True,-5.589312460570824,0.5311323257282516,-0.5817755000738658
eat_all,12,a4cde161-5f7d-46b0-815d-a5e906e24984,598299.flac,iNaturalist,Amphibia,True,-4.849951740612059,0.6146387216555962,-0.4062602776408568
eat_all,12,94635d4d-9fc1-4914-a6c7-2f5f7b03f1e0,172953.flac,iNaturalist,Aves,True,-3.589760378167009,0.34102624514242164,-0.027478333738486432
eat_all,12,cb3a6d2d-fb28-4c97-bca8-4f9b108de2f2,79776.flac,iNaturalist,Aves,True,-4.49828523380981,0.5042102299065705,-0.13057205627256496
eat_all,12,d461f4d6-1645-4ea6-a593-3aec461ed21d,XC563725-PROW%20%28M2%29%20-%20Song%20-%20Les%20Arends%20-%202020-05-31%2006_48.flac,Xeno-canto,Aves,True,-4.534511338220487,0.3428165750330743,-0.18896364715005076
eat_all,12,878a679a-f3c4-4277-aae3-b31c9a59c959,XC714401-Grey-winged%20Blackbird%20female%20Call.flac,Xeno-canto,Aves,True,-4.237716012674252,0.24970602448554038,-0.13865184238396522
eat_all,12,f939687a-741c-44f2-b128-f146b4fa529b,XC308832-westMexicanChachalaca-Col-Mx150809.flac,Xeno-canto,Aves,True,-3.603216746128073,-0.019530639058509658,-0.03888201177467382
eat_all,12,fa147d6d-55ca-4786-8269-3a37cb17ce28,XC625226-Carrion%20Crow%200649.flac,Xeno-canto,Aves,True,-3.808501295770423,-0.02466887919006938,-0.13418614302216036
eat_all,12,64b22456-5987-405b-a70e-7acd9c8604c9,20090914_WayKambas_BandedPitta_song.flac,Xeno-canto,Aves,True,-4.392210780273203,0.7182098706987972,-0.3592600840462373
eat_all,12,2c99f75f-28e7-4df9-b7eb-5ca44807bedd,XC193967-THRUSH_Swainson%27s_c%20ustulatus%20Fish%20Creek%2C%20Hyder%20AK%20062314%201438.flac,Xeno-canto,Aves,True,-5.16966478558333,0.39426659491076144,-0.3687232113903617
eat_all,12,28da31b7-3b02-4799-a4d5-4d22351dc633,XC510628-Cranioleuca%20sulphurea_Rio%20Grande_1164.flac,Xeno-canto,Aves,True,-4.236963937172728,0.392262031759419,-0.21022330709775408
eat_all,12,9c91916b-7620-42c6-a2b4-8da3f3bcf140,XC210152-Corythopis_delalandi_14_12_2014_Amparo_SP_RSS.flac,Xeno-canto,Aves,True,-4.654405038676789,0.381978171608201,-0.3960449290682453
eat_all,12,c0265934-ab70-410e-a560-21f91e93e762,XC543571-Mino%20kreffti%20kreffti_pcm_191013_06.flac,Xeno-canto,Aves,True,-4.376936900694169,0.03406945081883306,-0.12408000093538901
eat_all,12,a32a40cb-43da-4114-9668-455fc632df45,XC226630-Long-billed%20Woodcreeper%20%206212.flac,Xeno-canto,Aves,True,-4.489812693613701,0.7769717080331683,-0.2603386482047323
eat_all,12,823eb09a-bc66-4ab4-ae43-ec1e805e341b,SSW_070_20170401_100007Z.059_004.wav,NatureLM,,False,-4.644439376292473,0.7017350848903421,-0.41641194922316704
eat_all,12,99c07b43-3676-4c79-90cb-1c98d412bcca,83084.flac,iNaturalist,Amphibia,True,-5.31824110318578,0.8417625445043628,-0.5483645080195789
eat_all,12,f2650314-83b4-4e4b-a1f1-f93edd739272,SgriseicollisLepipuertoMD5track30.flac,Xeno-canto,Aves,True,-3.8069304419321903,0.6091062896224079,-0.09553303765584853
eat_all,12,39c8e491-e1d9-4ab0-97e7-74067bf186b4,259389.flac,iNaturalist,Aves,True,-3.680507637171483,0.39622941124714445,-0.043419202392169925
eat_all,12,1b4e638a-ef28-406c-933d-83aacd20fdfd,XC137559-Cyanomitra_cyanolaema_130404_06.flac,Xeno-canto,Aves,True,-4.646478194465612,0.26461295102372184,-0.2007445039125502
eat_all,12,68df0cb0-a0af-45df-9066-d7d9424040a9,THRUSH%20Slaty%20%28Andean%29_08_Acambuco_Salta_AR_8OCT05_B%20Lopez-Lanus%20%28BLL%20et%20al%202007%29.flac,Xeno-canto,Aves,True,-4.599622410942112,0.6036363021370947,-0.3094712293383494
eat_all,12,777045eb-b58b-4bc6-a9ba-900580ff5387,2411%2F15.flac,Xeno-canto,Aves,True,-4.269036400265939,0.3468238416108874,-0.23822878703767342
eat_all,12,1104888f-75ba-4676-b2f3-7095f601daef,XC740599-ziegenm0439.flac,Xeno-canto,Aves,True,-4.407197078949497,0.501586598399885,-0.3409621327125341
eat_all,12,bf372c58-e740-4020-a974-80d3865f9a60,CARDINAL%20Yellow-billed_05_Otamendi_Campana_Buenos%20Aires_AR_22NOV01_Bernabe%20Lopez-Lanus.flac,Xeno-canto,Aves,True,-4.49880465424698,0.01356503724577035,-0.09803878953953221
eat_all,12,ea4a5b95-6574-468a-8c16-7df995c2ec25,XC413916-RedBelliedPitta_Talaud_072217_song.flac,Xeno-canto,Aves,True,-4.598453147907012,0.45974502867467093,-0.2957309669098744
eat_all,12,ccb717f9-b508-4e72-a149-36bfa38d9f13,541272.flac,WavCaps,,False,-5.112143300950101,0.44865695261151106,-0.4801746569384467
eat_all,12,d92bc3a1-d8f7-439c-a0c3-2ab375d2c753,2836_5355_000026_0000002.wav,NatureLM,,False,-4.455543624442916,0.8377670378889226,-0.9352171004364581
eat_all,12,6cbd2eb7-b791-452c-95d5-750947a379bd,27686.flac,iNaturalist,Aves,True,-3.543933795991941,0.2151843024910049,-0.057630397903412595
eat_all,12,afb37eee-ce7c-4964-9b19-86b9b477797a,A%20Buchfink%20C.flac,Xeno-canto,Aves,True,-4.468520857984326,0.6042985720003125,-0.19724250214055047
eat_all,12,eb6d9779-2525-4889-8e90-fef798a9e447,XC585592-200829_2330a.flac,Xeno-canto,Aves,True,-3.6030700180592685,0.3917797089994247,-0.18152750024524433
eat_all,12,26df3063-fe3c-48d5-9f5b-f1cdd1c39ddd,XC273712-Lance-tailed%20Manakin%20call.flac,Xeno-canto,Aves,True,-4.403245856397301,0.37670826814149994,-0.17758731871476074
eat_all,12,e9077a18-b2ee-444e-b7ce-d9ce1a4344fd,XC427482-Hylocharis%20sapphirina%20CONFIRMAR-Caio%20Brito-%28Porto%20Seguro-BA%29-BRITO2813.flac,Xeno-canto,Aves,True,-4.179550781155333,0.1553085380444261,-0.138306652290692
eat_all,12,dfa945a5-d725-4213-8024-e95444d30022,SSW_131_20170506_160014Z.056_012.wav,NatureLM,,False,-3.3621585989852116,0.41888926050116343,-0.029036995308841462
eat_all,12,724ad83d-b8bf-40b4-8871-a63ef9997a2d,80951.flac,iNaturalist,Aves,True,-4.39728162172139,0.5485292766466369,-0.44078473228050097
eat_all,12,22d963f6-b54e-4af3-af09-f900ef4999a3,498419.flac,iNaturalist,Aves,True,-4.87028375684123,0.3426699461565649,-0.4500753886620332
eat_all,12,f2b30269-44ca-4699-a140-8dd03cec428d,XC346690-LS102883%20Pied%20Kingfisher%20call%20B.flac,Xeno-canto,Aves,True,-3.973436522633796,0.4191817610736206,-0.13827909323852383
eat_all,12,c83f22a7-fcf1-4fae-be2b-63a0e713fef5,XC703174-DUFL_2021-06-04_Surveyor_Campground_Klamath_County_OR_0834.flac,Xeno-canto,Aves,True,-4.1212415775841595,1.037296415490427,-0.32857634382764733
eat_all,12,64fee962-59fe-4b32-a996-53a8f0a500b0,XC256074-THRASHE_Cur-bil_c_dawn%20OPCNM%20500m%20082012%200531.flac,Xeno-canto,Aves,True,-4.067574538544953,0.13646179795111696,-0.08774497967022765
eat_all,12,767551e6-6aee-488f-b86a-934001633d21,XC684441-Cape%20Batis%204%20note%20call.flac,Xeno-canto,Aves,True,-5.223828204568401,0.7042584255346453,-0.5314108900125826
eat_all,12,f65f769a-7e0f-4a8f-b4c5-407c13a0f3df,XC276215-Muscigralla_brevicauda54cut2A.flac,Xeno-canto,Aves,True,-4.211182056289853,0.32860252317399163,-0.09408086123400178
eat_all,12,0f5c174e-631e-443c-b669-913d7a104b82,413492.flac,WavCaps,,False,-3.980279050483732,0.07363242764290509,-0.3579509408294216
eat_all,12,e3017e9b-8dde-411e-9379-397d61190dfa,XC280005-LS_56546%20FALSE%20BAY%20AREA%20Scarlet-chested%20Sunbird%20call%20A.flac,Xeno-canto,Aves,True,-5.087753635185473,0.5116733533944944,-0.38717961640654847
eat_all,12,a012a70a-7061-4d78-99d2-95bfe85811eb,519647.flac,iNaturalist,Aves,True,-4.002421634302895,0.05483731897166738,-0.15949241828407468
eat_all,12,d8591970-8835-4997-a360-34765d5f69bf,XC428511-Campylorhamphus%20falcularius3.flac,Xeno-canto,Aves,True,-4.317534722781717,0.630773088988676,-0.12465342215594963
eat_all,12,22d30df2-b2ec-4bb6-94ed-143303dce57e,631192.flac,iNaturalist,Aves,True,-4.908194433385951,0.354105634090765,-0.23641844210698917
eat_all,12,45b9c5c2-0617-4b49-845c-ba57e4de9d37,XC698221-RECAV0_210507_1017_lim026_alarme.flac,Xeno-canto,Aves,True,-4.861605899826483,0.004184858291931048,-0.34357096174076435
eat_all,12,b93a5062-b645-4972-afa0-64f8b52eaf7b,46680.flac,iNaturalist,Aves,True,-4.376228337363516,0.729743056106603,-0.26719781221784744
eat_all,12,f73d5b6c-4e75-4706-8879-10efb3f9dd6d,XC590985-Megascops%20roraimae%20MNML%20092020.flac,Xeno-canto,Aves,True,-5.315963446039537,0.5310762279052074,-0.46853116330911476
eat_all,12,3c561d9f-faeb-4095-a8df-db39c9f90e29,2413%2F27.flac,Xeno-canto,Aves,True,-4.743748666402336,0.5032261381117196,-0.22477004435128295
eat_all,12,5ff1b801-99e2-4468-8d1a-003bc3b04b9b,XC304310-Coppersmith%20Barbet.flac,Xeno-canto,Aves,True,-4.80181467538963,0.7372304477413242,-0.404061157559756
eat_all,12,55b259de-bb5a-430f-b244-4074b68ab8e8,Yyy2Msyv3j5Q.flac,WavCaps,,False,-4.19570069343884,0.3386225909277729,-0.43560771174328855
eat_all,12,95ee6b95-ab25-4dea-9368-291d38239041,XC499085-190917-100410alveolacinzenta.flac,Xeno-canto,Aves,True,-4.517167895762013,0.8515888823690334,-0.3006742697482918
eat_all,12,95692cfb-15bf-4154-972c-e5b56cd998d3,650032.flac,iNaturalist,Aves,True,-4.561574090181802,0.3949369830994172,-0.27025513075308627
eat_all,12,d2e93f15-608a-4d0a-95c5-fe87761ced2d,XC139158-Northern%20Puffback%20Manegusha.flac,Xeno-canto,Aves,True,-4.323450906512905,0.29074659038280626,-0.16513756595378057
eat_all,12,44931f2b-2ab3-4914-8242-05d44c65b572,83_11691_000076_0000044.wav,NatureLM,,False,-4.753432762504897,0.36708165086291644,-0.7761208048688178
eat_all,12,ce541065-12f5-4555-ad32-64dcb6a2cbd9,XC538724-Indian%20pitta.flac,Xeno-canto,Aves,True,-3.901938514974022,0.520315905132825,-0.14870274520737425
eat_all,12,880d47c7-4327-42c4-a423-4b34ab155b4b,133566.flac,iNaturalist,Aves,True,-4.367878274633961,0.32560218539720953,-0.10669115536739365
eat_all,12,5746276e-db0b-49eb-8508-ac908d8e3677,XC133023-2006022014_Cuculus%20clamosus_Nysvli_F%20DEROUSSEN.flac,Xeno-canto,Aves,True,-4.850106450810577,-0.11356392361916634,-0.30370797935592886
eat_all,12,58256ccf-1484-4797-acd3-15a9751cc3d9,XC157730-Gampsorhynchus-rufulus-FL%20response%20Chidu%20area%2C%20Mishmi%20%207Apr13%207.33am%20LS113820.flac,Xeno-canto,Aves,True,-4.452280939678191,0.22591551006950522,-0.1909551268494522
eat_all,12,9d183521-c0ab-445b-941e-add62ef1a4bb,40452.flac,iNaturalist,Aves,True,-4.128004116026913,0.4258145666351586,-0.10231980101217236
eat_all,12,831a5856-1d86-4990-b6d0-4647d9d4bbe4,XC218938-Chestnut-fronted%20Macaw%20B%202035.flac,Xeno-canto,Aves,True,-4.675154753108489,0.36815997689198676,-0.2838789569305897
eat_all,12,cb524d84-593e-4d3b-b733-d8b747ce513c,XC760819-201016_0034-Vattenrall-kattuggla.flac,Xeno-canto,Aves,True,-4.987053982332888,0.7572657848360351,-0.20572061849649886
eat_all,12,57ccbcb8-2320-49db-b21a-1b75139f3ee9,115565.flac,iNaturalist,Aves,True,-4.835034663684656,0.5351074619067993,-0.3688054460361151
eat_all,12,8bec7a0c-beaf-4a10-adb4-567825faa1cf,XC664893-9%20Saborta%20Warning.flac,Xeno-canto,Aves,True,-4.299701696373224,-0.09382741904638334,-0.3830863964929368
eat_all,12,768010b4-e17e-48d6-8a0f-02736799380d,XC561638-cho%20hul%20femelle2.flac,Xeno-canto,Aves,True,-4.549669998824222,0.13223189943812566,-0.256050109111809
eat_all,12,098334ce-c397-4222-8296-8ffca7fae437,194139.flac,iNaturalist,Aves,True,-4.646448477367609,0.7537295718274474,-0.35053607053474367
eat_all,12,dfd6cbf9-31a5-4bb6-b123-9f59b3ff4daa,SSW_118_20170429_220023Z.001_008.wav,NatureLM,,False,-3.0166188967158245,0.33516520088396523,-0.09690424907125977
eat_all,12,3cb08433-cebb-4c98-898b-80e54ecb219f,32802.flac,iNaturalist,Aves,True,-5.278415268426437,0.7347656515392581,-0.37564923929589866
eat_all,12,938bd247-c632-47bd-bbe2-f00ed2e54ea8,Serinus_mozambicus_barbatus_20100701_zang_Lake_Bunyonyi_OEG_LS100329egg-z.flac,Xeno-canto,Aves,True,-4.37414612832361,0.6270307264910869,-0.2232176529311698
eat_all,12,0f9889a9-b9a6-4e30-8b08-d0242da6a515,410922.flac,iNaturalist,Aves,True,-4.680816191939959,0.7644326004698188,-0.3248695853360696
eat_all,12,137895f2-c6ee-406a-9eb4-40e40df36b48,XC413503-Surucua%20variado3%20%28Trogon%20surrucura-OK-OK%29.flac,Xeno-canto,Aves,True,-5.232334969203396,0.7169765964402783,-0.49502889852246523
eat_all,12,547a075d-83d1-4019-8116-45f9dcc43c5e,XC422294-Blue-banded%20en%20Blue-headed%20Pitta%202%20260218%20Danum.flac,Xeno-canto,Aves,True,-5.1620426667465855,0.40703206686642823,-0.34156053215483756
eat_all,12,bdc650b9-36d5-47ed-824c-13cca43302ff,SSW_154_20170513_190014Z.028_017.wav,NatureLM,,False,-3.4911654796174965,0.5844848011656292,-0.20401557151618402
eat_all,12,6e6fd995-7fe2-447c-8162-1dc4f2f22e6a,XC699785-29-01-2022%206e24%20Pomba%20asa%20branca%20CARAIBAS.flac,Xeno-canto,Aves,True,-4.277123130426141,0.31108182324809563,-0.13695147021026133
eat_all,12,c99b124b-07b7-4093-a90b-ffdd2c65a727,684349.flac,iNaturalist,Aves,True,-4.7833256275472,0.6250243786892475,-0.3164251722803323
eat_all,12,20ba605b-ee08-422c-ba42-f5dcc27d0a22,XC228328-Summer%20Tanager%20A%2015074.flac,Xeno-canto,Aves,True,-4.557294466542125,0.8645442175519263,-0.3367475055264659
eat_all,12,5e87f433-d182-4e50-9aa9-27922cdcbfd2,XC374312-rossignol%20philomele%20tarerach%2066%20not%20seen%20A.flac,Xeno-canto,Aves,True,-4.281490331007452,0.30262679045025953,-0.2500805306144611
eat_all,12,58d9139e-0f1e-463a-bdf7-0be4801378fd,XC784638-fou-mac-ENC-kerlidic-220123.flac,Xeno-canto,Aves,True,-4.382697464248295,0.7648978563909429,-0.22247623130899663
eat_all,12,76dd7bc3-8435-48c0-9f78-d0a3ab3b5b10,YDTngmSh5wnI.wav,NatureLM,,False,-4.056883086897939,0.22254498827048047,-0.4384012215512175
eat_all,12,2c3c454c-0b4e-46df-92f6-e31c1ddc72e1,XC557317-BlackThroatedGreen.flac,Xeno-canto,Aves,True,-4.443002245079506,0.7897820263609071,-0.26556083324186075
eat_all,12,9b448211-8049-4506-9419-b87c7eb56679,145647.flac,iNaturalist,Aves,True,-3.6334626552488656,0.5213858928802919,-0.019529233280333264
eat_all,12,61b544a0-e4aa-4ae3-b37c-d5f4dab651ec,XC498630-GRACKLE_Gre-tai%20Tepic%20900m%20042519%200707.flac,Xeno-canto,Aves,True,-4.419949809690311,0.2784896780055525,-0.10474641542120633
eat_all,12,93113a3a-def3-467f-a6a8-0aea0e83c63e,XC614959-Pipit%20de%20Richard%20Carolles%2012%20nov%2019.flac,Xeno-canto,Aves,True,-2.96679298264679,0.1037680191971414,0.223731040839954
eat_all,12,24b8e155-3f39-4502-8d6c-ae5b54479f95,XC510190-LS_58313%20Hildebrandt%27s%20Starling%20predawn%20song%20B%20Superb%20Starling%20C%20Slender-tailed%20Nightjar%20C.flac,Xeno-canto,Aves,True,-4.162596604418671,0.4587678354457281,-0.23519559837409937
eat_all,12,aaa9904c-848a-4384-87b1-240b3b528125,121638.flac,iNaturalist,Aves,True,-4.838251047631124,0.47184446489137366,-0.28756070566834
eat_all,12,1be2c6f6-d8c9-4f70-92e4-b56e5cdea7f0,252028.flac,iNaturalist,Aves,True,-3.496208147284757,0.15304654905760226,-0.11982222751225977
eat_all,12,0de51500-38b0-4fba-91d8-4197b88be5c0,XC268851-carduelis%20carduelis%202%20parque%20alamillo%2010-05-2015.flac,Xeno-canto,Aves,True,-4.295608748607889,0.48911479940391256,-0.22486520397291188
eat_all,12,e5e7833a-1fb9-40f5-a213-ca0cd70e516e,51356.flac,iNaturalist,Aves,True,-4.794296858393791,0.4749887731928239,-0.26576198206616264
eat_all,12,c9baa9ca-fe4c-47a6-914f-639f436c7bfb,SSW_110_20170429_110008Z.012_001.wav,NatureLM,,False,-4.558111319332923,1.0165782504868828,-0.4388101815458708
eat_all,12,c51efe87-1e37-4b67-9577-fdc4f81e35dc,COOT%20Red-gartered_02_La%20Verdosa_25%20de%20Mayo_Buenos%20Aires_AR_20OCT01_Bernabe%20Lopez-Lanus.flac,Xeno-canto,Aves,True,-3.829883144754705,0.005466243932636006,-0.13403810703806984
eat_all,12,93c18450-b237-4c1a-86b8-f3f083500889,151117.flac,iNaturalist,Aves,True,-4.796870853930502,0.567545593591505,-0.4123950848237712
eat_all,12,6abc42ac-bced-4f8e-bc1b-15d06257a15c,453053.flac,WavCaps,,False,-4.799285523869138,0.8335495989044001,-0.50031757284622
eat_all,12,259b6cdc-b252-4618-b2dd-2002b3a00c2b,411097.flac,iNaturalist,Aves,True,-4.471598591616025,0.3704015549323389,-0.3546773002964394
eat_all,12,3afa59d0-3f62-4840-8d8b-166a12870993,XC424030-Myiarchus%20tuberculifer%20R%20Bellavista%2012%2006%202017%203%2055%20pm.flac,Xeno-canto,Aves,True,-4.502340936625774,0.7521837617560666,-0.37777426281324666
eat_all,12,f36d9ee1-b897-4137-91f7-bdf664bc16f7,ICLISTENHF1251_20140904T175409.262Z_038.wav,NatureLM,,False,-4.270396685269037,0.8085330887948008,-0.5191938430524313
eat_all,12,b5f12d26-7328-4f78-b2a5-a3f7a363e89f,XC465758-R37_0108%20Coraya%20Wren.flac,Xeno-canto,Aves,True,-4.127344710279751,0.6510883625447795,-0.12856981294016767
eat_all,12,ad0c2a47-07f3-4f39-93e4-184b117456c3,XC426860-LS108242%20Black-crested%20Bulbul%20song%20B.flac,Xeno-canto,Aves,True,-5.655532929138323,0.825866325113882,-0.5803495950186899
eat_all,12,0881cd4e-e788-4668-b4b3-a8dce94f0306,156708.flac,iNaturalist,Aves,True,-5.021920319620527,0.9998526454302357,-0.3281003336643246
eat_all,12,e5e0eb45-0623-43f2-9fc6-fdffffdcea69,XC390467-White-throated%20Laughingthrush%2001%20-%2015Dec16%20-%20Sigri%20-%201109.flac,Xeno-canto,Aves,True,-4.8468196316784535,0.7269323101396438,-0.3417309126368735
eat_all,12,1a705b9e-4b45-4fc0-9ca9-0dc306e7e1e8,SALTATOR%20Golden-billed_17_Putre_I%20Region_CH_4NOV99_Alvaro%20Jaramillo.flac,Xeno-canto,Aves,True,-4.557655812915012,0.3193282948496398,-0.2585295900499558
eat_all,12,a50d1daf-2f9a-4f8a-822f-51ad13bbadb4,YIA3Um5JtMqU.wav,NatureLM,,False,-4.223420937622714,0.5893718897855637,-0.307026055345587
eat_all,12,f56125d7-e8ff-429a-887a-cf6cc7717b3a,XC277200-PODCRI10h40m35s23jul2015%20%282%29.flac,Xeno-canto,Aves,True,-5.187799397266183,0.4429528928712799,-0.4171865877819797
eat_all,12,1bff0b95-7210-4a2d-b0f4-8269923f8144,XC504170-26-10-19%2000.07%20Gru%20sopra%20casa%20%28online-audio-converter.com%29.flac,Xeno-canto,Aves,True,-3.9171319301161,0.6091818951305559,-0.18052817276266314
eat_all,12,c5a97ecb-3eb2-41e8-82fd-ffd90d062fd7,XC684562-vite-vite-de-cabe%C3%A7a-cinza.flac,Xeno-canto,Aves,True,-4.18062632355994,0.14983088347935025,-0.1744713896154105
eat_all,12,9c65b9d3-98d4-4d13-a705-94529a1c3241,ICLISTENHF1251_20140404T200459.775Z_051.wav,NatureLM,,False,-5.123086511779119,0.6782871864116469,-0.6535758064154072
eat_all,12,09f37e69-9a9c-416b-9c44-86358a8ac40d,XC314241-Unknown%20-%20poss%20gw.flac,Xeno-canto,Aves,True,-3.7937340432386133,-0.04211485555572067,-0.03239503185986056
eat_all,12,6754e8a8-358b-4094-8b60-c013fa7fa5d8,XC773008-170519_01-Buskskv%C3%A4tta-s%C3%A5ngl%C3%A4rka.flac,Xeno-canto,Aves,True,-3.5970283360358697,0.15692201915674014,0.02688443000271426
eat_all,12,4031dcbb-cf15-4625-8794-0a18eba07430,110409.flac,iNaturalist,Aves,True,-4.007736691274728,0.31374518664658557,-0.4143079628919027
eat_all,12,f86852f7-a734-4245-a146-857bac1d5a7d,32073.flac,iNaturalist,Aves,True,-4.1292466319842625,0.5569781137771734,-0.1870341693071486
eat_all,12,d67a295c-5acf-455b-9e1f-2e7e9b8751f7,XC336055-160409-191944_Cyanistes%20teneriffae%20teneriffae_R.flac,Xeno-canto,Aves,True,-4.620346784215076,0.4473915061298336,-0.19855132243686224
eat_all,12,4bfa106e-19e4-4a55-bee6-bccdae6395f2,XC762905-LS_51891-Common-Newtonia-song-A.flac,Xeno-canto,Aves,True,-4.23750010806985,0.6321951902361581,-0.26275723158299713
eat_all,12,b7f488dd-4a90-46eb-8d15-2e26c469c741,XC646539-Guira%20guira%20Maceio%20AL%20Ilha%20do%20Lisboa%205%20May%202021%20RSS.flac,Xeno-canto,Aves,True,-4.635074023414768,0.6479797347937782,-0.29810902690164864
eat_all,12,c5fd87a3-5302-492d-bdd6-b742b5cb396b,XC525575-x_IAvH-CSA-5771.flac,Xeno-canto,Aves,True,-4.221973549524213,0.22117783641017486,-0.1654185549986975
eat_all,12,ae52ec88-e2b5-4711-946a-a4cfefdb67c0,373451.flac,iNaturalist,Aves,True,-4.0512679483792455,0.15547731610096527,-0.10964220980262673
eat_all,12,38b5e494-6ef7-45a6-8bc6-d889803c202f,XC567554-Cannaiola%20verdognola1.flac,Xeno-canto,Aves,True,-4.241870565224797,0.37159485612554943,-0.08487634452096515
eat_all,12,cd8055b7-c454-409a-b847-53fca842a0ed,XC629513-MIXPRE-4304.flac,Xeno-canto,Aves,True,-4.273766403758294,0.9193713821888274,-0.27796319338543996
eat_all,12,713a478b-1866-4ec0-9a2a-838d12805843,XC445196-Slaty%20Finch.flac,Xeno-canto,Aves,True,-4.215195025665169,0.5586383034438861,-0.22889522386885514
eat_all,12,fda78aee-aa4a-4375-be28-331f005d0297,bass_synthetic_096-033-100.wav,NatureLM,,False,-3.0127872426963886,0.17084966129109178,-0.6824883923108923
eat_all,12,e9bef080-ea2f-4a83-a7f9-6c36320a7b9a,XC439825-BECARD_Ros-thr_c_exc%20Uvalama%20400m%20051018%200619.flac,Xeno-canto,Aves,True,-4.3013535900105495,0.30072762075921233,-0.18551048468522183
eat_all,12,028bccfe-4580-40cf-9127-7b283908caf5,XC485317-PICCAN%20kaes%20jvk190707.flac,Xeno-canto,Aves,True,-4.459183458239391,0.0540294810498268,-0.4520562193341072
eat_all,12,86ca1665-8ebc-441f-87c0-121b189c432a,XC515437-Mirafra_apiata_nom-FL%20song%2035km%20from%20Skittykloof%2022Oct19%207%2C50am%20LS114806b.flac,Xeno-canto,Aves,True,-5.032353777539199,0.6270961770431756,-0.2772923341798722
eat_all,12,d4f3df4e-8485-4e95-95ff-f21f6382abfb,XC397510-Fork-tailed%20Drongo%20exc%20SPCA%20dam.flac,Xeno-canto,Aves,True,-4.477126413847895,0.6374373669684582,-0.28325590620691826
eat_all,12,df8cbea6-9ca8-4947-a792-330de6f059e1,XC673485-gul%C3%A4rla%20lock%20ossora%202.flac,Xeno-canto,Aves,True,-4.802792722682856,0.17095266377239704,-0.25930664538192916
eat_all,12,e9a8ef71-3906-45ac-965e-ccbb132caa6f,641050.flac,iNaturalist,Aves,True,-4.4575440926775425,0.46706796734563055,-0.44839564304324725
eat_all,12,5cc41868-5483-4ea8-a892-062a57d2d7d0,XC715850-St%C3%B6rre%20korsn%C3%A4bb_120.flac,Xeno-canto,,True,-3.952875182620798,0.7224342408488782,-0.32047392443653505
eat_all,12,7169c1ff-a981-44f1-af84-f41da149eee2,SSW_165_20170603_010000Z.001_003.wav,NatureLM,,False,-4.937635997608874,0.812700325731466,-0.44685637866526595
eat_all,12,a70ec7f2-0aef-4022-b54b-81c81b40d45e,XC591365-Bar-tailed%20godwit%201226.flac,Xeno-canto,Aves,True,-3.5612038677402253,0.53370533885836,-0.12635537963604732
eat_all,12,3c4ce7f6-faf7-4b3c-972d-18a04464be58,XC650670-Cape%20Batis.flac,Xeno-canto,Aves,True,-4.3434006763205595,0.5754345347902889,-0.1738081907322831
eat_all,12,da51ccbe-bd84-450c-8e48-a2406a977b60,XC632257-Black-capped%20Pygmy%20Tyrant%20March%2020%202021%20105617%20AM.flac,Xeno-canto,Aves,True,-4.698721845276225,0.8159780440780549,-0.25196878712330184
eat_all,12,21078a26-1dd8-4efa-8db3-29e257096438,463843.flac,iNaturalist,Aves,True,-3.069547891358714,0.28039634055665824,-0.09024371432487056
eat_all,12,381969a4-254e-46e8-a473-a7aee66653b1,7538_100043_000013_0000012.wav,NatureLM,,False,-4.195130807462464,0.15391617902121774,-0.8286051454786674
eat_all,12,aad98f44-759a-4a72-9b30-5bf077bef385,Sylvia_communis_Co0060_13_short.flac,Animal Sound Archive,Aves,True,-4.219554606161793,0.24462700177686283,-0.22176316124456155
eat_all,12,c0bb22b8-5fe8-4c8b-a13c-f6761abd1665,YLF-070rGEbQ.flac,WavCaps,,False,-4.514461495140307,-0.038266165855239564,-0.6155230124789562
eat_all,12,8ce5a3bf-5f04-4fc1-86ed-0d193b5d8026,SSW_130_20170506_150010Z.024_010.wav,NatureLM,,False,-4.733829687270918,1.0822936466677069,-0.4780685545758382
eat_all,12,85d6b5cf-22c5-466f-86f0-477c494bfff1,619141.flac,iNaturalist,Aves,True,-4.6220360467962145,0.47937388481719384,-0.22203670593285885
eat_all,12,bf8acb2d-b958-4ffb-9feb-9e89583ac4a7,YoZapEQbSCfw.wav,NatureLM,,False,-4.490741184636232,0.7345349765338238,-0.5078653757194835
eat_all,12,dffb3b5f-5441-4242-93d7-259ecc0145fb,686932.flac,iNaturalist,Aves,True,-4.905577300400268,0.4293544342332899,-0.3508752157339542
eat_all,12,3eebc371-e43d-4382-9075-2c24d5298cb0,SSW_283_20170826_170022Z.047_008.wav,NatureLM,,False,-4.695833520526035,0.5558086351161329,-0.3425336920469587
eat_all,12,b3c983b0-8943-45f0-87fd-a09a0469276f,596384.flac,iNaturalist,Aves,True,-4.366718428931852,0.5640010630964718,-0.2500384266048491
eat_all,12,155b572c-d1b0-4670-83d1-0e0cdaedb625,SSW_020_20170304_070004Z.030_000.wav,NatureLM,,False,-4.5875145258194845,0.8541053402842687,-0.4464217096227797
eat_all,12,eef42577-4f66-40f6-9836-b064082e6cb7,262702.flac,iNaturalist,Aves,True,-3.7906700039877537,0.6870345438436114,-0.1240730940377538
eat_all,12,44839bec-6e8d-49fa-9e64-c50c2bad3ff5,224489.flac,iNaturalist,Aves,True,-3.2147094860052947,0.4669020019125664,0.18899811486993964
eat_all,12,afa092bb-f85d-4a09-9d0e-d1812b9a0227,brass_acoustic_027-065-100.wav,NatureLM,,False,-3.4831348642338824,0.35622112976914455,-0.9185688522208598
eat_all,12,d2553af2-6bda-42e6-bcad-633058a3ce05,SSW_250_20170722_130012Z.053_007.wav,NatureLM,,False,-4.631295347990814,0.8197696330652688,-0.35990383351796335
eat_all,12,319b430c-7b69-4254-9274-2c98e945fd78,ICLISTENHF1251_20140504T143153.842Z_040.wav,NatureLM,,False,-4.525167999143392,0.9022250251836357,-0.3734679105747435
eat_all,12,28ef18c3-ad07-49c8-838c-654ead86d6a9,44018.flac,iNaturalist,Aves,True,-3.883295220432986,0.5641404263075698,-0.11749538101842566
eat_all,12,a462f272-cffc-4dda-8dd4-055c5d4c89f1,YfEYaxZoQ188.flac,WavCaps,,False,-4.826848047445774,0.12808185409148887,-0.773175817169324
eat_all,12,0d9f5134-436f-49aa-b1cd-d5ab070e6917,621985.flac,iNaturalist,Aves,True,-4.33273214645657,0.16512139739987203,-0.10352776311940637
eat_all,12,77fe7099-9ac9-43e8-97a9-05680b0e60d9,109318.flac,WavCaps,,False,-5.168668554136792,0.7846288995244216,-0.34668982759324407
eat_all,12,0831e3b7-8ca8-4d6a-a12a-b1e18ea91aa0,SSW_226_20170701_190013Z.055_005.wav,NatureLM,,False,-4.292246928775853,1.0152499207095915,-0.4123549375669212
eat_all,12,477f40d1-81d0-4c61-b971-9cbec7552c96,keyboard_acoustic_012-023-100.wav,NatureLM,,False,-3.379068219482159,0.11184191443516152,-0.6526298032095101
eat_all,12,bf728c91-628d-4477-98ec-1006028bbb0b,274751.flac,WavCaps,,False,-3.345694660942018,0.44644828694878375,-0.5364904637677508
eat_all,12,9576bf10-17fe-4d70-b256-cb074b749282,7816_108621_000010_0000001.wav,NatureLM,,False,-3.92750131224927,0.11242874127249913,-0.667763345294518
eat_all,12,d90636cf-daa5-4dcf-b0be-a765fd95a5ae,481690.flac,iNaturalist,Aves,True,-3.8876085331317185,0.2739387338826581,-0.06078748099095577
eat_all,12,4a918152-129b-4574-95e4-3553c34c17b9,ICLISTENHF1251_20140702T124216.470Z_047.wav,NatureLM,,False,-3.8837202481275437,0.7902935406407054,-0.4700369073430476
eat_all,12,bd7a882e-95a8-41ad-8400-271e0e80938d,631338.flac,iNaturalist,Aves,True,-4.979165322332812,0.8782530031323148,-0.5171718717603824
eat_all,12,1653e321-adca-400b-81f7-1544730fd523,SSW_117_20170429_210015Z.022_001.wav,NatureLM,,False,-4.687126263210387,0.675212313863863,-0.4158301252908055
eat_all,12,5d03780d-6ef4-469f-b2be-7d22b11b8a50,360006.flac,iNaturalist,Aves,True,-4.110154943637351,-0.06740437318460485,-0.2692396874101416
eat_all,12,e426f293-f8e3-49bd-82e4-11828c92724e,SSW_149_20170513_140018Z.008_000.wav,NatureLM,,False,-4.75086617905921,0.7316872546629067,-0.35666063826823885
eat_all,12,1abc296c-d293-4b87-baf9-4cf214190f7f,67274.flac,NatureLM,,False,-4.509170494977983,0.10481560398706405,-0.4319189931130388
eat_all,12,6d0d0205-e1eb-4be7-9cb0-94af70279fe2,477774.flac,iNaturalist,Aves,True,-4.53256932337063,0.8671787234171067,-0.3183996592920279
eat_all,12,629f1648-8d29-4e5a-940e-79eb0703f101,617913.flac,iNaturalist,Mammalia,True,-4.405667813389032,0.762172657759347,-0.5249789561962799
eat_all,12,7a64772f-5aed-4ef6-9225-640fa177075a,630291.flac,iNaturalist,Aves,True,-4.194168634226722,0.05943323709258652,-0.4636509179164771
eat_all,12,921825f0-e47e-4fdf-8530-bd859edf9048,mallet_acoustic_039-054-075.wav,NatureLM,,False,-3.4831681046470564,0.47646532230097427,-0.7246957441243702
eat_all,12,73bec562-bea6-4112-97ff-9cd0601c6e2d,464287.flac,iNaturalist,Aves,True,-3.9720623643741244,0.19126044978597426,-0.1371761043024876
eat_all,12,ae81b11d-cdfe-4f8d-8a1d-dc8e0f3249ad,74843.flac,iNaturalist,Aves,True,-4.859901641682688,0.3820801391038854,-0.2616394614649094
eat_all,12,27d118a4-5eea-4c8b-b3c5-8104d1340887,7698.flac,WavCaps,,False,-4.145790639160735,0.5666911552989096,-0.3508554331461689
eat_all,12,83465c78-281b-4f56-9a33-ace4ce79838c,97752009.flac,Watkins,Mammalia,True,-3.2155724650004336,0.30293537225504874,-0.11628119363206083
eat_all,12,0f9fc4b0-9460-4f57-b0f2-53caea61f5bd,SSW_233_20170708_040004Z.044_001.wav,NatureLM,,False,-3.074365783642783,0.4914880048128147,-0.10436392224684271
eat_all,12,db9da019-9831-4c00-be40-d3e15f86432a,p374_116_mic23.wav,NatureLM,,False,-4.48077784957902,0.6280180832911227,-0.8189539352046327
eat_all,12,785cba80-d777-4697-8b08-e92f2e65b547,p244_347_mic22.wav,NatureLM,,False,-3.781987964458398,0.47782952542634616,-0.5648560151120241
eat_all,12,2d5ee0b3-1aa4-426d-bfb4-e10da5f17f85,9778000S.flac,Watkins,Mammalia,True,-2.2878588805350146,0.36651194664845577,-0.15629275875459528
eat_all,12,de27cb8b-2eca-49bc-b151-bd77866e897a,153735.flac,WavCaps,,False,-3.5134251797103166,0.1690551967014848,-0.5807211491873766
eat_all,12,75b42f8b-fe51-4fb1-9ff5-9991b5efe28b,554938.flac,iNaturalist,Aves,True,-4.610647679179003,0.835424019913831,-0.25681764282374686
eat_all,12,57b43305-03ba-4a46-9bf2-d67b0b5f6dde,bass_electronic_032-061-100.wav,NatureLM,,False,-4.6192982786126295,0.720338182334967,-0.6746331035076617
eat_all,12,a25d96e7-6053-4ac1-bda6-4190e11f087a,mallet_acoustic_019-063-127.wav,NatureLM,,False,-3.2397740275099225,0.2760915015640052,-0.623337748051256
eat_all,12,5803bdb6-5da8-4ef6-b641-bd4fb2191b23,636786.flac,iNaturalist,Aves,True,-4.1779181261536795,0.4330917140097451,-0.2842216234280796
eat_all,12,748178b4-01ef-4f66-9fd2-51a426ba901d,keyboard_electronic_000-069-050.wav,NatureLM,,False,-3.208271200566603,0.40830375855334955,-0.6199243667003613
eat_all,12,2d35202a-c249-40f2-9cc6-5beee26338ca,568035.flac,iNaturalist,Aves,True,-4.384433025479785,0.6629216830314881,-0.23994589807056915
eat_all,12,5bcc80dc-e86e-4931-b089-c181346c44b8,Y9FDzG0xNp5s.flac,WavCaps,,False,-4.507321294866191,0.9861219644259889,-0.3875393111734663
eat_all,12,19ee1106-5724-4111-afb2-996b9ca09d31,reed_acoustic_026-040-100.wav,NatureLM,,False,-3.223738400077095,0.37250411450504006,-0.6029799285495361
eat_all,12,bf449bc6-4274-497e-bf2e-69d7e1eb6ade,352813.flac,WavCaps,,False,-3.9913198335338835,0.17690798205741828,-0.16278028977539932
eat_all,12,11a02b0f-18bc-490b-ac70-3497b873e273,egg beater.wav,NatureLM,,False,-5.226034805874507,1.0557961274567922,-0.4990302906765215
eat_all,12,2978c4d5-2820-4b09-810c-348fc5354dbc,140487.flac,iNaturalist,Mammalia,True,-4.887543480464474,0.7030513927156719,-0.43159423256667456
eat_all,12,63a007cc-9ee9-49c3-be39-f4fa346b9776,SSW_225_20170701_180012Z.052_000.wav,NatureLM,,False,-5.024515174269897,0.7116583699308556,-0.41894281172643133
eat_all,12,b254bdc5-fc58-436e-b900-c91f57a34163,128239.flac,iNaturalist,Aves,True,-3.142694340789153,0.3287714609677072,0.0709587612741239
eat_all,12,c05844c0-56fc-48b3-af88-dcb87832b238,organ_electronic_072-046-075.wav,NatureLM,,False,-4.2338375629269125,0.5024008480170639,-0.4718843824788742
eat_all,12,de86b4f6-baa5-4086-825e-1536f74d6c9e,281436.flac,iNaturalist,Aves,True,-4.215545363724563,0.4479621405374421,-0.1910636108455197
eat_all,12,b11cc9b5-e7e8-4b34-a501-695b1b557ee1,599521.flac,iNaturalist,Aves,True,-4.233382686393375,0.6495096901482275,-0.22023438213570906
eat_all,12,3ded9bf0-b19e-4ac8-96a9-4e85662256a8,360176.flac,iNaturalist,Aves,True,-4.42089878530961,0.6545839375982887,-0.060701679154316124
eat_all,12,f29f24f0-c2c8-4ec0-b4e2-e834b051d04a,p229_032_mic22.wav,NatureLM,,False,-3.0268328433707854,0.14332528676653877,-0.4867963172201884
eat_all,12,96bb6b75-cd6e-4f93-9c2b-d97b4102b502,1446_122614_000023_0000013.wav,NatureLM,,False,-3.5288603986635367,0.23585904789511694,-0.5934041168418968
eat_all,12,5ca1ab61-6044-4152-9cbf-a35fdd8d3bea,37490.flac,iNaturalist,Aves,True,-4.052971649585485,0.7719527776452477,-0.34470981368323994
eat_all,12,94bd8912-1b44-4a77-9970-93316905bd53,ICLISTENHF1251_20140901T070408.359Z_006.wav,NatureLM,,False,-4.515226505486785,0.5875648574803424,-0.4962123512927394
eat_all,12,61f8d469-5b3b-4379-8200-cb3faf7486a7,7511_102419_000027_0000014.wav,NatureLM,,False,-5.05468284732172,0.5772855650626193,-0.9737989498861922
eat_all,12,d759aa3d-4cc8-4805-8026-353637682ddf,SSW_140_20170513_040005Z.018_008.wav,NatureLM,,False,-3.645571564205772,0.6375001917026524,-0.24290957324974566
eat_all,12,494ab59a-9fd8-459e-ba68-b37a832bf186,SSW_086_20170408_130009Z.023_007.wav,NatureLM,,False,-4.137492394725221,0.6942624162290015,-0.33511999932938846
eat_all,12,3875840e-2bb2-46ec-892f-f5a899131e5f,436532.flac,iNaturalist,Aves,True,-4.621145867328744,0.5306409810748969,-0.19592331063107762
eat_all,12,50b80e58-3fd9-4eb4-ac4c-71ec3d5101a2,151600.flac,iNaturalist,Aves,True,-4.1344519576101035,0.20174648017595911,-0.2216557330433984
eat_all,12,aeebffdb-f337-49f7-a052-3a3452f19f8c,keyboard_electronic_026-097-100.wav,NatureLM,,False,-3.699486579903133,0.78598794961437,-0.6058921776185768
eat_all,12,db664b46-da75-438e-8757-cc5961fb808c,brass_acoustic_060-063-127.wav,NatureLM,,False,-4.494029128365447,0.660714354447113,-1.1601109365147415
eat_all,12,24579bbb-d9ca-4f44-a94a-1a97f096a9f3,429218.flac,iNaturalist,Aves,True,-4.962092117475873,0.17339666336031925,-0.4677791772755218
eat_all,12,f8812b4c-ec37-4da0-bb84-b535a2cf20b1,409679.flac,iNaturalist,Aves,True,-3.975420778232713,0.3902856257622973,-0.09160222186618835
eat_all,12,3854c209-2d01-4fdf-8938-ecfe26b9698a,572730.flac,iNaturalist,Aves,True,-4.545253358172369,0.9355105685841251,-0.31644766040018785
eat_all,12,f52ac1e9-3da5-4323-b8be-50154022bdd0,585506.flac,iNaturalist,Aves,True,-3.8457645876626354,0.44261739012345686,-0.17246697593493973
eat_all,12,7a1b65bd-2d5d-4db2-8f2a-bf66b7d9b1dd,bass_synthetic_126-088-050.wav,NatureLM,,False,-4.7610585645490575,0.7805374463038863,-0.7192353424416695
eat_all,12,e3535cd4-4861-4d41-b5c9-6883957c4d3a,mallet_acoustic_020-086-050.wav,NatureLM,,False,-3.3786932896349517,0.3083849154547139,-0.7067489675862605
eat_all,12,e0ec1be9-dd40-4477-86b4-dc2d74485cb4,123068.flac,iNaturalist,Aves,True,-3.7112458146137772,0.4847032827839051,0.019893422902365898
eat_all,12,9874db31-1872-4cba-9942-620e986576ed,625811.flac,WavCaps,,False,-2.7066908867947164,0.13813310596544004,-0.47109359849946697
eat_all,12,ba915582-8962-485f-861d-84f87cba0e7f,440191.flac,iNaturalist,Aves,True,-5.195959563768205,0.6885833512490434,-0.5087654025891004
eat_all,12,ff6b23d4-3697-4b97-9746-ef7bafec7240,ICLISTENHF1251_20141201T104339.106Z_025.wav,NatureLM,,False,-4.4248606630408895,1.2169494308509017,-0.5836444590367722
eat_all,12,aca533a1-cdcb-4c13-860a-82c92bdde47d,330711.flac,iNaturalist,Aves,True,-4.409787246562461,0.8572511503552331,-0.21315607974358164
eat_all,12,7f9ca590-8228-412d-8945-04c2cd22beec,401495.flac,iNaturalist,Amphibia,True,-4.643172304615624,0.4965209242224461,-0.23560783279954411
eat_all,12,96a47dc8-1bdc-4246-a0fc-ba9fb3233336,83035019.flac,Watkins,Mammalia,True,-3.0765681727780887,-0.017578928088305912,-0.0004792614723593408
eat_all,12,ac564bbc-2243-4b3d-ae3b-088eaf4e65ff,536618.flac,iNaturalist,Aves,True,-4.672664939908329,0.7042479917219536,-0.2347823290219492
eat_all,12,088da057-5719-4d3b-9beb-e6baaec7206f,231495.flac,iNaturalist,Aves,True,-4.283589002706761,0.7226179879473942,-0.21960406794192994
eat_all,12,8a711d06-4747-4a99-bd49-891b9dae40aa,07046113.flac,WavCaps,,False,-3.8154508518080106,0.16491902059076274,-0.32941769495924295
eat_all,12,9575c601-9417-4f6e-b9f6-373c3ac12cf0,189696.flac,iNaturalist,Aves,True,-4.141332570404613,0.43821872733450146,-0.18252898467860598
eat_all,12,8f3ff8f0-9d15-4c7e-bec7-e1b8d9338f96,73001002.flac,Watkins,Mammalia,True,-3.407034169330066,0.4678132084157953,0.04311497607063075
eat_all,12,734c9e30-160b-45a1-8e19-0cdb8bea7327,reed_acoustic_015-086-100.wav,NatureLM,,False,-2.6130799425948528,0.19555041016058997,-0.5106349391923193
eat_all,12,516da4a0-75bb-427d-b12d-e4a97dce00f5,guitar_acoustic_028-056-025.wav,NatureLM,,False,-5.1113883550875086,0.853408231132088,-0.796648666864175
eat_all,12,f07da3dc-c385-450d-9ad2-f09f3db64967,15383.flac,iNaturalist,Aves,True,-3.8056179708304585,0.3114990389266246,-0.07302976815000894
eat_all,12,9740dd80-2577-44da-b97e-7c34fe86126e,bass_synthetic_055-090-050.wav,NatureLM,,False,-3.5019322911669173,0.1592414720664822,-0.7023932480087853
eat_all,12,b2636c9f-22f2-410f-9357-4ca5399c2688,74573.flac,iNaturalist,Aves,True,-4.708125769173331,0.25499033638223595,-0.2528516050752152
eat_all,12,c1aca1af-5595-4d72-a1d8-71c8b4da3fc5,187180.flac,iNaturalist,Aves,True,-4.102274088026455,0.349130641760064,-0.2344176944067133
eat_all,12,553090a2-13b2-442c-9013-2f23ebfc492e,299274.flac,iNaturalist,Aves,True,-4.00951106482652,0.34929277670446035,-0.13847210231682727
eat_all,12,a39e86af-800c-48cb-a4c6-71a747614bd0,ICLISTENHF1251_20141103T235254.811Z_048.wav,NatureLM,,False,-4.224835873218419,0.6964004382665447,-0.363358979413109
eat_all,12,5d08b01d-eae0-478b-8980-7bd94f971b2a,427181.flac,iNaturalist,Aves,True,-4.195105335572635,0.7185272791241417,-0.3850924221193489
eat_all,12,4c60c3b3-9c2b-493b-ab73-a8bb8c34becc,490100.flac,iNaturalist,Aves,True,-4.433413163634105,0.4780375364785693,-0.24181024236642898
eat_all,12,206a5564-2708-48d7-9916-4331c5afb1f0,369128.flac,iNaturalist,Aves,True,-4.089149810608921,0.2158803192699984,-0.20165092886009534
eat_all,12,4737a6c3-1dbb-44d5-a48e-9efd1a064bee,562852.flac,iNaturalist,Aves,True,-4.144947836784754,0.21184687785670245,-0.2929961968125682
eat_all,12,bb4acf9c-af4f-4736-b0ce-7f12cf6fdc59,672642.flac,iNaturalist,Aves,True,-3.2986777347862617,0.9127821485136642,-0.12241746638012774
eat_all,12,59b72759-5956-4f4b-8556-c198f6a29b8a,300806.flac,iNaturalist,Mammalia,True,-4.8453212334528954,0.663513734424743,-0.353434098045074
eat_all,12,e54c1d0b-b018-4416-8430-4c8949687ec8,113491.flac,iNaturalist,Amphibia,True,-5.125217603666303,0.769239030433681,-0.5560019297480027
eat_all,12,cac6fff4-a44c-4ec2-9006-4f57e74888ac,449756.flac,iNaturalist,Aves,True,-4.163078328851341,0.34444221434594907,-0.18244699550816906
eat_all,12,0e0ba821-15c4-4c34-afa0-05f4be6c4484,335852.flac,iNaturalist,Aves,True,-4.019333968269338,0.9652327204549974,-0.3547663062533907
eat_all,12,6725007e-7dd3-4060-a13f-56dd2a5b05a1,YNp5CqgFVwsA.wav,NatureLM,,False,-4.581912327602056,0.8905436870719468,-0.6589147848081307
eat_all,12,4adde8a7-63e6-4948-ac84-031740678e8b,Y5cezddiPBAo.wav,NatureLM,,False,-4.810335048164232,0.18981651975665637,-0.5826979099423646
eat_all,12,2e32c005-b583-43d8-8082-0651abd5274f,103506.flac,iNaturalist,Aves,True,-4.42793966705649,0.49246606298473,-0.2813393678557926
eat_all,12,1ed8e7c2-6897-4eef-88d6-86845316f6c6,574908.flac,iNaturalist,Insecta,True,-3.5379617203195872,0.2832688441122342,-0.09684143826055154
eat_all,12,edc2bd4a-373c-44a7-a983-ae61dc069128,574372.flac,iNaturalist,Aves,True,-4.37731826117863,0.20374235669495652,-0.2183059826744035
eat_all,12,32004731-1228-4450-a0e2-a9830daba3b7,Tettigonia_viridissima_V1829_25_short.flac,Animal Sound Archive,Insecta,True,-4.897052763609512,-0.28895536899452845,-0.4501777497216665
eat_all,12,eca527eb-183d-4faa-be06-28ce9543b516,670805.flac,iNaturalist,Aves,True,-4.3753855499926555,0.6230855658618217,-0.2517506137555566
eat_all,12,3e6b1f2c-5dca-4c77-8767-eb5394ec2c14,ICLISTENHF1251_20140802T044029.421Z_027.wav,NatureLM,,False,-4.203305805214225,0.40303305998007805,-0.3416487864657094
eat_all,12,41a1dfe4-0973-4f09-988a-329ea7cb7cf5,578883.flac,iNaturalist,Aves,True,-4.1580064849859815,0.4980358345283262,-0.19356985768560972
eat_all,12,1e08a0f4-be9b-4c76-9c4f-4eac81dc1c40,506582.flac,iNaturalist,Mammalia,True,-3.884914442115446,0.5857026896445847,-0.19934404065809258
eat_all,12,a8253011-aeba-4dc5-976d-747589d08931,p278_023_mic22.wav,NatureLM,,False,-5.94025018380579,0.4408941004179855,-1.0884998913000992
eat_all,12,1293cd47-9853-4299-8887-04fd759ec354,214557.flac,iNaturalist,Amphibia,True,-4.269870297422094,0.6559051422176192,-0.1476958084631359
eat_all,12,ab10bc86-469b-430b-b965-2871ca1ac7d0,YM1KvQp2NUq0.flac,WavCaps,,False,-3.919111798953457,-0.01593125142807894,-0.330060469291667
eat_all,12,2300faf5-a5a1-415a-9a63-5b3c676620d6,SSW_151_20170513_160021Z.019_007.wav,NatureLM,,False,-4.195026661799139,0.89348219515841,-0.3680226055979211
eat_all,12,f771d67a-807c-4ccc-889c-52ec3410553c,269541.flac,iNaturalist,Aves,True,-4.15758002287919,0.7073229886151029,-0.2805597179154331
eat_all,12,8756b40f-3d0e-4564-bbd3-7c1f25d22bee,651159.flac,iNaturalist,Aves,True,-4.417901892110395,0.2429364182416956,-0.26643375656231694
eat_all,12,e8bb0aa3-403a-4067-9710-7430f5cc5024,2654_158744_000004_0000071.wav,NatureLM,,False,-3.4276077964027847,-0.0691700708569584,-0.5773797445331418
eat_all,12,4edef489-cb27-4c03-9cb3-c895bdf8cfcd,84426.flac,WavCaps,,False,-3.8350435850253346,0.22237519293414193,-0.05546861786608068
eat_all,12,52009b8f-bdf0-4108-b0f9-bd2c6ec8f900,241573.flac,iNaturalist,Aves,True,-3.977820141487096,0.682707480537356,-0.2174470452704296
eat_all,12,b6a69aa0-7c34-464e-b220-78787c6981ab,Y3BwlstxbnWc.wav,NatureLM,,False,-4.396014872381857,0.576000816271431,-0.39781522566396427
eat_all,12,f511ce8c-4765-40fb-9c0b-15a9a81aab27,300754.flac,iNaturalist,Aves,True,-4.380803419750151,0.5964072428522795,-0.48573393746568916
eat_all,12,1a52c6b0-0b42-49cc-9129-0c5f72051ac5,2204_131732_000041_0000012.wav,NatureLM,,False,-2.773128251302714,-0.08016053258661462,-0.41035355012520625
eat_all,12,c478a113-b56d-4473-bbf3-7b4d73aef7d0,98816.flac,iNaturalist,Aves,True,-4.488139083370246,0.45643274894654096,-0.305633294082551
eat_all,12,f4f45305-472d-4860-a969-bf0ce7e2923e,ICLISTENHF1251_20141203T103122.076Z_054.wav,NatureLM,,False,-4.856941442158589,1.0365339530561535,-0.6876522773548877
eat_all,12,dd80e013-1b6f-46c8-8d4b-120f83f37c95,40co0316_2.397_408a010z_-2.397.wav,NatureLM,,False,-4.7766247417070975,0.5352300947659445,-0.6353045767076986
eat_all,12,c5494864-94f2-4e0a-9a6d-fbe9a0765227,490788.flac,WavCaps,,False,-4.473440464984607,0.5981704414800534,-0.3978950589084317
eat_all,12,c3706938-d8d8-44b1-a8bd-aa6864d3da7f,184391.flac,iNaturalist,Aves,True,-4.345558036305928,0.8506274635160258,-0.4693658455659871
eat_all,12,f6d0d363-d291-419f-b412-da0737eb9469,235760.flac,iNaturalist,Aves,True,-3.3682119011281886,0.4428220265700658,0.08638580515322564
eat_all,12,28fb5f7c-13d7-4da7-b5c0-6b328dfc19c5,Turdus_merula_Tre_N0165_07_short.flac,Animal Sound Archive,Aves,True,-4.17537949590528,0.659211313307624,-0.18385175301232293
eat_all,12,439d715d-769c-40bb-bd18-70bd9163ee8d,SSW_227_20170701_200015Z.025_010.wav,NatureLM,,False,-3.4090042437696626,0.5268520914561431,-0.10738334131211791
eat_all,12,c610ab73-a57b-429c-8430-cd1e7f0f4d6c,609353.flac,WavCaps,,False,-4.14270084000202,0.8790463560120041,-0.7132034519361831
eat_all,12,76790e0b-a744-48d6-bc93-2757d8e14dba,keyboard_electronic_033-050-025.wav,NatureLM,,False,-2.862703550655326,0.1884986093059096,-0.7056020073105902
eat_all,12,dc422392-cf30-433e-a7f8-2b025801a7f6,SSW_125_20170506_090007Z.056_007.wav,NatureLM,,False,-4.239459626902299,0.288761778527469,-0.28939996366536785
eat_all,12,8907c5d9-aa7f-4a5c-bb11-5d6b184286ed,organ_electronic_034-054-127.wav,NatureLM,,False,-2.7839177896792773,0.4666748333181733,-0.5181849847256859
eat_all,12,6d6f7493-cc30-4b28-8496-f5773be60572,78007027.flac,Watkins,Mammalia,True,-3.409396326020404,0.595110157536689,-0.1039181623329235
eat_all,12,ee783ab4-be88-4dfe-a4d0-3aaac85badc5,ICLISTENHF1251_20141202T011144.851Z_027.wav,NatureLM,,False,-4.653009777313229,0.9486279922631564,-0.603364675083726
eat_all,12,0d0efb49-ae03-4f2e-bc0f-c651d9ce9c6a,p244_082_mic24.wav,NatureLM,,False,-4.193390711502548,-0.07241996523327965,-0.7303367728430201
eat_all,12,7bca125f-ba28-4934-9681-fa5916444ee5,vocal_synthetic_005-076-050.wav,NatureLM,,False,-4.697597397263549,0.7783264963006004,-0.8954127214070065
eat_all,12,220b8cb1-f1e1-45bf-9267-a9973d9fb438,guitar_synthetic_008-092-100.wav,NatureLM,,False,-3.1855096707260877,0.36924444709115267,-0.7940445565732239
eat_all,12,bb721e59-ee82-466f-91d9-19d3586fdfda,ICLISTENHF1251_20140702T183216.535Z_035.wav,NatureLM,,False,-3.9904498574995486,0.8624055601949692,-0.5007172030733305
eat_all,12,f777a4d8-a73a-4218-8eaa-f1c8b9602384,reed_acoustic_003-034-100.wav,NatureLM,,False,-4.002456938042345,0.5557152607123506,-0.5849079073879564
eat_all,12,06d39be0-bfce-4c0c-911b-e9c27ef76c76,ICLISTENHF1251_20140901T121408.411Z_018.wav,NatureLM,,False,-4.523629972735663,0.6912251799428132,-0.543837468165244
eat_all,12,8bc5604b-86f2-4126-aafa-934bd8e56386,SSW_246_20170708_220025Z.018_007.wav,NatureLM,,False,-3.3297660778924625,0.504987242944468,-0.12118544649763849
eat_all,12,5c4635a9-bbcb-4055-964e-e1a680f94e50,ICLISTENHF1251_20140702T183216.535Z_054.wav,NatureLM,,False,-4.081425807399313,0.5921200139955497,-0.40650480728580624
eat_all,12,a19b22fe-babd-46ad-a94b-fb5909db58e1,ICLISTENHF1251_20141004T035246.107Z_002.wav,NatureLM,,False,-4.317396894664444,0.8633650481548651,-0.525722158811414
eat_all,12,1a22ad44-2627-47b2-99f3-bb14e084abd1,37301.flac,WavCaps,,False,-3.117135274980152,0.5302284833573849,-0.4304480034286842
eat_all,12,0c742eaa-2cd8-4877-86fe-82f3c03ad414,6696_73296_000017_0000003.wav,NatureLM,,False,-4.36013536507223,-0.15506009991082562,-0.7392221570166662
eat_all,12,f0b0d77a-d521-40eb-91d2-80f715bc274d,vocal_synthetic_006-090-075.wav,NatureLM,,False,-3.825319161935937,0.6765741120520663,-0.8818833915721946
eat_all,12,5443139d-7439-4066-8928-850b443c93e9,Y6GmoFefjuHw.wav,NatureLM,,False,-4.248282405555898,0.4811237217954513,-0.5074058258062172
eat_all,12,e5f13262-458c-4221-8024-8c951f461322,guitar_electronic_037-044-127.wav,NatureLM,,False,-4.08793933751355,1.028921860190927,-0.901418626693614
eat_all,12,b0a58bc9-8bde-4c3a-8a03-b77511bcfb67,4214_7146_000054_0000021.wav,NatureLM,,False,-4.187756052429181,0.025492513828324764,-0.8824189290057897
eat_all,12,b195ba59-7a66-436b-b9d7-277d58b90f8f,6608400N.flac,Watkins,Mammalia,True,-3.874403000519295,0.014654350600726493,-0.14611259632207194
eat_all,12,ba8f95cd-ce04-4060-b948-e0818a6e8999,bass_synthetic_008-055-127.wav,NatureLM,,False,-3.9885962286478223,0.6027627336173821,-0.5773799207078822
eat_all,12,56688b9f-09b2-41be-9708-f87b57fd7c3e,Panthera_tigris_S1423_03_short.flac,Animal Sound Archive,Mammalia,True,-4.336590214748007,0.07615904160446646,-0.3692689348462595
eat_all,12,aa4a1377-c129-41d2-a6e3-1418dee8a958,SSW_114_20170429_180011Z.047_017.wav,NatureLM,,False,-3.0291605260119034,0.15462491110196938,-0.052789422932243035
eat_all,12,d29c730a-30c4-4285-9c49-85b0ce36c05b,882_123267_000037_0000011.wav,NatureLM,,False,-3.5342771914518987,0.18859290029042702,-0.5942990086430038
eat_all,12,811f1467-3a96-402f-91b7-9b20956669a7,5601700A.flac,Watkins,Mammalia,True,-3.333249544447751,0.6751351673177455,-0.17924185654059857
eat_all,12,7ca1f2b1-76b2-4493-9470-b763c1a6f099,guitar_electronic_014-050-075.wav,NatureLM,,False,-3.3519487672360624,0.264809880939405,-0.5427216630782883
eat_all,12,6b95a6c1-5c50-4060-938d-0d24bbc7f9bf,p288_356_mic12.wav,NatureLM,,False,-5.428213392249363,0.12723383340330918,-0.9597875271119052
eat_all,12,f466d0cb-9598-4122-86c6-97f876e8ec94,444c020l_0.75853_22go010b_-0.75853.wav,NatureLM,,False,-3.7510910639346786,0.2600419830025559,-0.21652658501422845
eat_all,12,f0210edb-302b-4538-b9c5-39be5c0c1c9e,Yzat8mWJSJjo.flac,WavCaps,,False,-4.034522416452306,0.14303695014311796,-0.2903951639596974
eat_all,12,b0dc3b3a-53ea-40dc-9f22-c657e4eb4629,SSW_021_20170304_110008Z.045_009.wav,NatureLM,,False,-4.379995906293293,0.7010362276717498,-0.29820103593652303
eat_all,12,29bbc1a7-a86c-4e1b-92b0-409d0f220895,209a010i_0.056719_40gc020o_-0.056719.wav,NatureLM,,False,-3.3712598544782013,0.5755165118082924,-0.13038573944112086
eat_all,12,6728d88a-5871-4171-a98a-0bfe4dab821d,brass_acoustic_001-037-100.wav,NatureLM,,False,-4.287781127630611,0.32463233926000445,-0.621967556724775
eat_all,12,a8bc19d5-57d6-42d9-95ff-9335d32c0b68,bass_synthetic_106-087-127.wav,NatureLM,,False,-2.1372032599381168,0.26454367758877717,-0.4161364663725672
eat_all,12,d4af2244-e48e-40cd-803e-a0e001d3bf19,YP7WjiBsM5rU.flac,WavCaps,,False,-3.9892226690009247,0.15376619720704726,-0.427799933220915
eat_all,12,46b4375d-7993-477a-adfc-315e1eab1617,Fringilla_coelebs_Tre_N0067_06_short.flac,Animal Sound Archive,Aves,True,-4.691054569108049,0.39086784872229857,-0.22631554781445445
eat_all,12,e4a1ea08-a1ba-4abb-b487-8c4a1f8fe9cd,348629.flac,WavCaps,,False,-4.209376129437667,0.27104963085403067,-0.5155990726664775
eat_all,12,99613f62-eff5-46ae-8b4e-e9ed7d9e9b33,Y2IP8siC6ID0.flac,WavCaps,,False,-3.5816587853795703,0.12476374978722533,-0.14568475187800484
eat_all,12,41fcdf68-9418-468c-842d-73340980ab31,369274.flac,WavCaps,,False,-3.335238231276719,0.44046584967040936,-0.5452433129329244
eat_all,12,ce979d4c-5bd0-4bb2-b7c4-5574e2c906b8,222523.flac,WavCaps,,False,-4.277086982798659,0.2817162475692533,-0.575064707617998
eat_all,12,c6c6f5e7-649b-4254-b411-59319ca8461c,Y8oiyVt6-erA.flac,WavCaps,,False,-4.16328554574416,0.47842717844811794,-0.32741324652131465
eat_all,12,f6060001-2a4f-4e41-8e24-0aa5b2091834,7900500U.flac,Watkins,Mammalia,True,-2.6617709203819437,0.2677507326368257,0.18046945352191332
eat_all,12,e6d6174d-1753-4cee-bbba-95ff4a6895d9,57026077.flac,Watkins,Mammalia,True,-2.7723316653081094,0.18279308640739617,0.14531315991637517
eat_all,12,8c41264b-bfd3-4c78-aee7-2c5af4087171,Cuculus_canorus_CoMC0004_10_short.flac,Animal Sound Archive,Aves,True,-4.138575816285831,0.23642753342986986,0.006539217653660723
eat_all,12,bc1ce63c-8a71-48d4-accb-d4e737357b5c,98681.flac,WavCaps,,False,-4.318244847862117,0.6887892783386281,-0.2790001582419934
eat_all,12,dfafbd62-794b-4311-9e5c-97ab3b52d596,351293.flac,WavCaps,,False,-4.375618735779401,0.12073362601338564,-0.337656858376267
eat_all,12,f2cf73c8-1dd2-46c6-88e1-ab9b06bfa3e0,16109.flac,WavCaps,,False,-4.042012689024475,0.7533297119641906,-0.24492119500189855
eat_all,12,341af722-536d-4a37-a23c-9ecb7ba8fa5e,YvMU7ZKY2Eso.flac,WavCaps,,False,-5.066474412484833,0.21287937949852492,-0.8364287665661868
eat_all,12,83008977-cdd0-4edb-879d-d83b0f8265b2,YqdexSzEvG74.flac,WavCaps,,False,-4.2009015762349105,1.1689338204200352,-0.37913550959277276
eat_all,12,2b4b5861-d4e4-4146-aa3e-40877b57dbbb,192431.flac,WavCaps,,False,-4.275171820224525,0.12317149539277239,-0.4198647853418656
eat_all,12,b1ddbe75-ce05-4bdf-b471-3a3a4cd90dbe,Turdus_viscivorus_Kr0047_01_short.flac,Animal Sound Archive,Aves,True,-4.608011995755204,0.5211784000403429,-0.2531146526711716
eat_all,12,ba14f3f1-9bbc-49e1-b02d-ecbef92ea69e,7100101Y.flac,Watkins,Mammalia,True,-2.696185225692159,0.36912795359681133,0.3737974543987126
eat_all,12,6842bdb1-82ce-4b3f-a569-2873f8c02462,7501201J.flac,Watkins,Mammalia,True,-2.8106055001749586,0.18067157011240004,0.20473265342578612
eat_all,12,58e4e64e-6933-424d-9672-339d8858c748,578363.flac,WavCaps,,False,-3.6482354685014178,0.7675895856409427,-0.6082492021151971
eat_all,12,b7b307ab-8046-4718-b84e-8afc0fab5c4c,415265.flac,WavCaps,,False,-3.7905569421687906,0.08843911392866316,-0.6687587278942946
eat_all,12,603159b1-71e0-41ba-a851-7550142042e1,583282.flac,WavCaps,,False,-3.815660776637665,0.32038084155624025,-0.39722622246446204
eat_all,12,2c6743e0-1f2b-4301-b342-a51dda940a2f,Fringilla_coelebs_CoMC0006_05_short.flac,Animal Sound Archive,Aves,True,-4.257810232914014,0.5792379295779202,-0.20180062866811185
eat_all,12,c0583b5c-c4f6-4f86-811f-be7d6b36a7fc,61022007.flac,Watkins,Mammalia,True,-2.9077216127044965,0.20539752905201497,0.04000436732342305
eat_all,12,addd98ad-4c9e-4346-b94e-d7acba62b818,Y_fKTbfYFQKM.flac,WavCaps,,False,-4.71260405035796,0.3029392835300264,-0.41335299134916087
eat_all,12,ede654af-061a-4fde-a37d-2e7aeca6f38b,61064003.flac,Watkins,Mammalia,True,-3.3069365681084886,0.5736708464848448,-0.37946444943749685
eat_all,12,4e6fa367-6aa5-4c59-8604-3606a781c2ee,6102102E.flac,Watkins,Mammalia,True,-1.4699347279573511,0.17630418051503247,0.5094309141550466
eat_all,12,1746e44f-cf83-42ae-9b7d-9172738f6454,94009001.flac,Watkins,Mammalia,True,-2.753525081943442,0.15840507494531403,0.34410310545026346
eat_all,12,360b140a-467d-4a79-ad1b-47b5e696c804,Y7MJJ3L1t2b0.flac,WavCaps,,False,-4.695443012207033,1.004971881292023,-0.538231001411209
eat_all,12,67a7e886-69c4-43a1-8efd-17f57760fdde,8002001I.flac,Watkins,Mammalia,True,-3.5206077814444066,0.3698317270322238,0.06320780790550695
eat_all,12,7a8d6c21-70f8-4648-9e73-0f9cbd980110,9230200N.flac,Watkins,Mammalia,True,-4.172644672416931,0.2636343849839016,-0.29770300594608656
eat_all,12,2fb629a3-99cd-4de4-9249-9e60c314b819,70025008.flac,Watkins,Mammalia,True,-3.932722021053629,0.8385615471209328,-0.4550492298056427
eat_all,12,955301c0-f6fa-431a-b3a4-1cd68f0765a5,6400500M.flac,Watkins,Mammalia,True,-3.1228477064980877,0.6386070642788939,0.045755082435268685
eat_all,12,eaf07a39-41f7-4b05-aab0-5d17bf6f8486,331701.flac,WavCaps,,False,-4.171546871345786,0.8764807663234782,-0.19109980809189217
eat_all,12,0d3a7844-9043-41b3-b223-2d5feddd119b,Turdus_merula_Co0046_02_short.flac,Animal Sound Archive,Aves,True,-4.102931044083594,0.5220562360466346,-0.2224529946888324
eat_all,12,5abe6f6c-25e8-4626-a96b-ac32b84dcb36,166902.flac,WavCaps,,False,-3.5871884412725743,0.27586363358103155,-0.5969120586285069
eat_all,12,0c699e26-b423-470e-8fb8-b6dfd69d1312,587777.flac,WavCaps,,False,-3.280955686709203,-0.18221857163936309,-0.109656635328039
eat_all,12,d77eb5be-0fe0-4f49-be3b-3d38e589ebcb,189216.flac,WavCaps,,False,-3.7199150143805504,0.22514305196091486,-0.2859010936437698
eat_all,12,f1316d54-d38f-4ba1-bac8-a6a0bb9e9dc5,613097.flac,WavCaps,,False,-2.594156735668025,-0.012583627217248455,-0.43482976293419984
eat_all,12,21bd08a0-fe5a-4c52-a6aa-2c8d9e9494cc,Anthus_trivialis_Co0099_03_short.flac,Animal Sound Archive,Aves,True,-4.219498691411242,0.46933211350801984,-0.33376147279590845
eat_all,12,34b24319-dd43-4d26-9f62-89a81a6aa5c5,643611.flac,WavCaps,,False,-2.891264269073629,0.3246651557984678,-0.4309696475033123
eat_all,12,10d849db-1f13-49f0-bd31-18bfe1078ff5,6400504E.flac,Watkins,Mammalia,True,-4.394057746101158,0.4889180069718489,-0.3060461380041971
eat_all,12,317d215c-8f3e-4dcf-b792-7faadee5e3cb,07010175.flac,WavCaps,,False,-4.4539604572589155,0.7486828529001112,-0.34696189401368305
eat_all,12,62462589-ea0c-4392-8245-43d9e71c317a,568042.flac,WavCaps,,False,-3.8564531654990946,0.5702112242681084,-0.5050297796083071
eat_all,12,6dc17cd6-aaa2-4d7d-ad20-251e755ab8ba,YkCEXTnIJwTY.flac,WavCaps,,False,-4.861858781285571,0.4776266862612443,-0.4080336864129276
eat_all,12,49b7ec12-b689-468a-8936-e1ed7e5df334,348266.flac,WavCaps,,False,-4.162942007513322,0.4543342679987887,-0.2438273493856683
eat_all,12,6b879f0c-009f-4857-a277-213484450959,60026035.flac,Watkins,Mammalia,True,-3.792834325709198,0.8541136764156163,0.01498945003949051
eat_all,12,79041ed9-600d-4c51-a69b-036c29591f23,7100101E.flac,Watkins,Mammalia,True,-3.3092212889816075,0.38445416252127507,0.3207007144576676
eat_all,12,2476dede-5a2b-4218-bc14-85e32343248b,YcbYZQRz09bc.flac,WavCaps,,False,-4.055075384933053,0.5433075756158581,-0.30245936329157036
eat_all,12,eb10f2e6-5813-4711-a733-93643d9e5ee3,97769008.flac,Watkins,Mammalia,True,-3.410271215957959,0.42018918817945583,-0.2526299520057794
eat_all,12,8ecc4d79-20a5-404d-b8f3-82e18963ba92,66091007.flac,Watkins,Mammalia,True,-2.9977971397998684,0.2753963420209567,-0.05323303353867084
eat_all,12,c1d6affa-7d4b-447a-a5be-e60126aea021,457617.flac,WavCaps,,False,-4.557578137979149,0.5615490618843044,-0.27113094647438574
eat_all,12,7a593dae-8614-49bf-bd6b-2da696a11908,615913.flac,WavCaps,,False,-4.239426440616501,0.702017781033668,-0.5088713428874705
eat_all,12,8b2034c7-8d72-4a23-9d87-ab5ac194320f,9776100T.flac,Watkins,Mammalia,True,-0.8296913665418693,0.014877366161346217,0.2705348517663109
eat_all,12,29da94d6-f609-4c27-b0d1-25c256c1a5a3,91010025.flac,Watkins,Mammalia,True,-4.32616832767946,-0.058605577706290574,-0.2635791765183343
eat_all,12,dff3bdef-5e3d-482f-aeaa-d946ea04f5b4,YGPZhcnRhI-I.flac,WavCaps,,False,-5.033487699880313,0.35179068704095817,-0.4361416131618634
eat_all,12,b3260e59-56ec-4753-bc23-c5745b827b81,Garrulus_glandarius_DIG0172_09_short.flac,Animal Sound Archive,Aves,True,-3.757232958296728,0.37092423522952933,-0.09333283642911444
eat_all,12,b530fe98-7246-4668-9fe3-7b60e81b2b3a,8800505C.flac,Watkins,Mammalia,True,-3.5657902603185976,0.04663386396953466,-0.09068442956336378
eat_all,12,80d7d06d-657f-4081-9d73-82283223ef6d,94008050.flac,Watkins,Mammalia,True,-2.659149270100616,0.2961758650322891,0.3547996963661093
eat_all,12,e5a898e9-0ef6-41ff-b708-fd8070201206,8303501T.flac,Watkins,Mammalia,True,-3.145187890351609,0.2174293277028515,0.07099017965826215
eat_all,12,001c3789-ff70-4c1f-97d7-b062a60fd962,8353.flac,WavCaps,,False,-3.868748760281454,0.8112556535527751,-0.4542467790468032
eat_all,12,c874c13f-9022-4835-81c1-5c6feeb0cf28,66807.flac,WavCaps,,False,-3.648702976853982,0.43235218398535036,-0.5955489642653709
eat_all,12,4cb81bda-57a7-4289-979a-e57d43be08c6,456855.flac,WavCaps,,False,-4.22906922879327,0.5115748145049696,-0.4057752790546244
eat_all,12,728f8fc5-1e66-405d-862a-b29fe12a7b89,Sylvia_curruca_DIG0145_10_short.flac,Animal Sound Archive,Aves,True,-4.130922500811898,0.06521547333855107,-0.1322943220205421
eat_all,12,5d597ac2-d173-4861-996c-b45ff61e0ca2,220619.flac,WavCaps,,False,-4.1628999013990455,0.16924243720783066,-0.9091719423315179
eat_all,12,7caca538-5ed9-48f0-ab2d-f53920567e34,86008029.flac,Watkins,Mammalia,True,-1.9714836889424212,-0.11812344065484506,0.4706001015740155
eat_all,12,158d4590-4027-4935-9bba-4a5283219054,148760.flac,WavCaps,,False,-4.429707349217649,0.9281606374920177,-0.4286855845331774
eat_all,12,428c3c18-b3d3-4ded-bbc4-3c8c981f4c79,575785.flac,WavCaps,,False,-3.424461767931857,0.07576701577660355,-0.42579940365668556
eat_all,12,c8605f4f-0f8c-4c8f-b072-546af742042f,507771.flac,WavCaps,,False,-4.057553756672153,0.3673604164276902,-0.5103199986435883
eat_all,12,7856c895-b7b4-447c-99f6-94a7f867b293,270384.flac,WavCaps,,False,-3.654645064063202,0.0897618465069962,-0.6048650517765763
eat_all,12,d1f2999a-36d6-4408-8316-7cddc8ba1a54,YV5HhpNIiAJk.flac,WavCaps,,False,-4.172361456683733,0.7582653285862208,-0.5492062695978779
eat_all,12,85c2f34f-234b-4888-92a7-f6fca3f807df,342211.flac,WavCaps,,False,-4.3510546036051485,0.4189168935557652,-0.1849982700452233
eat_all,12,8a2d83ae-485c-480a-99a2-01a00f830ca1,Ya46fFNSxAXU.flac,WavCaps,,False,-3.9283055422730744,0.4198872467155857,-0.2595771461674935
eat_all,12,9452ad5b-ac41-4a30-afe7-3a8eef57d137,30814.flac,WavCaps,,False,-4.883549668750697,0.9712802053495004,-0.5606512929199831
eat_all,12,bde9fe04-75f8-48a2-b048-9be0b5dbbddd,41731.flac,WavCaps,,False,-4.928559640873402,0.2814477057911198,-0.9622863424187915
eat_all,12,1b90b0b0-b80c-453c-b541-20ae49a6f022,5801801D.flac,Watkins,Mammalia,True,-4.103071223923822,0.29368295746641215,-0.15456798464693827
eat_all,12,99213f38-7400-448c-9f64-4a687d0037ef,7700600F.flac,Watkins,Mammalia,True,-1.9508187573361622,0.5206710870419254,0.050913319745493825
eat_all,12,04cfef8f-4a40-4d48-bd98-cbc0771658b0,322546.flac,WavCaps,,False,-3.491054103687653,0.08253478075518414,-0.19434878278205567
eat_all,12,381b3671-fa9f-4cc9-b6ee-e98b76664620,Y7ojteAGwjaA.flac,WavCaps,,False,-4.441780211576253,0.38253871726281347,-0.3002354931562805
eat_all,12,ab8c15c5-0118-4e34-adcd-2c13197609ad,YuiwqKoIiykA.flac,WavCaps,,False,-4.348578937234752,0.11236598981110685,-0.33458280528485684
eat_all,12,de0e29f9-bf9a-4a7a-978d-5a6c19bba1ab,Y8fMnn6coUhQ.flac,WavCaps,,False,-4.491504878753578,0.34592090400612274,-0.49806557927944384
eat_all,12,29a9b322-8b29-454a-a2c2-e527a19063e0,YfXcm7AaOp_8.flac,WavCaps,,False,-4.61386062362125,0.6116423991043763,-0.5579783321660144
eat_all,12,7124506c-9392-4b69-9cf9-a7dd620a311d,9400806F.flac,Watkins,Mammalia,True,-2.362838256061716,0.16484107291695937,0.2946684873577813
eat_all,12,50016737-7c8a-49d0-8ea9-3c9bb3e39007,207687.flac,WavCaps,,False,-4.551150091973963,0.23758327659043088,-0.4746606020714515
eat_all,12,6bffd177-4827-42f4-9690-fa6dc57646ee,79040003.flac,Watkins,Mammalia,True,-4.85497609355068,0.8434767324449202,-0.4985309495665714
eat_all,12,2cbe148e-f24a-4e6f-830e-341ba4e4a0ed,168681.flac,WavCaps,,False,-4.6160131405077465,0.4206299302843924,-0.3794962601112541
eat_all,12,74fad971-8614-4838-b32f-0253b26d260f,75003011.flac,Watkins,Mammalia,True,-2.966520629026694,0.356477099609675,0.10400039935170183
eat_all,12,2fe68e99-4633-4eb1-be9f-c9e3600b1977,Sylvia_atricapilla_CoMC0018_21_short.flac,Animal Sound Archive,Aves,True,-4.033358457317646,0.27699973461890387,-0.29051389299245767
eat_all,12,92c769b5-e035-48f6-83da-457810d37445,615348.flac,WavCaps,,False,-5.058623121756281,0.6241495473220502,-0.9113326494799525
eat_all,12,4617b5a8-a226-4662-b005-5eaa24eb43c3,9500300I.flac,Watkins,Mammalia,True,-2.8939826334639926,0.23717572410527565,0.03345740957333082
eat_all,12,029aeed5-40a1-4728-bdb0-c328c4fa78fa,87003005.flac,Watkins,Mammalia,True,-2.8014593361935853,0.3629960344832741,0.1656179438766493
eat_all,12,c28e91d9-2870-4611-b52e-32d7b7e611cf,Carduelis_carduelis_PF00656_short.flac,Animal Sound Archive,Aves,True,-4.866653228673418,0.6078515969039844,-0.347753153119762
eat_all,12,e1502208-c3f6-4ddd-b74f-16743dde4b5a,Cervus_elaphus_S1329_07_short.flac,Animal Sound Archive,Mammalia,True,-4.76628356526709,0.3298758798742037,-0.6125930859975138
eat_all,12,3eb8700d-deaf-4236-b9c6-ed546b74a1ac,431818.flac,WavCaps,,False,-4.582163695990051,0.6786595741161987,-0.6133307567073232
eat_all,12,6f080f55-6198-461a-851c-e725bd9a49ab,7703501T.flac,Watkins,Mammalia,True,-3.129901257247888,0.6336832073573069,0.3587534268330139
eat_all,12,ceda174c-4f87-42a3-957b-9b1b3c522b15,395777.flac,WavCaps,,False,-4.918244704004079,0.7178282914713741,-0.31249228721119804
eat_all,12,c8bc412b-e406-4263-9aaa-4bb641db0f2e,YDxptko9c9pQ.flac,WavCaps,,False,-4.8113840090094655,0.6587427161652829,-0.5510416338727698
eat_all,12,681d70f5-83ed-4826-8e82-a4e46abc0606,Turdus_merula_Tre_N0009_05_short.flac,Animal Sound Archive,Aves,True,-4.0743093278820925,0.16978521516984219,-0.13612057823895546
eat_all,12,eddd07e8-cb3b-4cfc-8cc6-ac958a5a05e9,75012037.flac,Watkins,Mammalia,True,-3.3134496613056763,0.15073494606345594,0.11940838087910963
eat_all,12,12eb602b-9d55-478e-a006-9818b078a942,9320100X.flac,Watkins,Mammalia,True,-4.482605215442203,0.47722554809479656,-0.5855949419745506
eat_all,12,2825e212-a3f1-438a-8ccf-fa1238a7cd4f,396665.flac,WavCaps,,False,-4.3063312609953375,0.6704116427020506,-0.1747227371276906
eat_all,12,c2c02eb7-8ecf-45dc-afa7-de86d9471e5a,114604.flac,WavCaps,,False,-4.631850675979547,0.32140863542264597,-0.6258073360556423
eat_all,12,43f2653f-f5fe-4ac6-8da5-a0adf649c58f,516056.flac,WavCaps,,False,-4.453183135868025,0.3708193363104502,-0.22588349104937397
eat_all,12,58d7483b-26c6-4ba7-8443-8bb7da8a48b6,58014023.flac,Watkins,Mammalia,True,-2.832607435592889,0.45675254223910733,0.13382477625578898
eat_all,12,4a83a403-767f-4704-ad86-4de96fde1cf8,273996.flac,WavCaps,,False,-4.0212396174053415,0.09922113374425826,-0.4994205431099378
eat_all,12,5dde818c-06e5-428e-87a2-796c7c12d177,95706.flac,WavCaps,,False,-4.651959925844299,0.7839938604657143,-0.4027682501075736
eat_all,12,83519e91-d36c-450c-a1ef-81fb0d84be7a,97767008.flac,Watkins,Mammalia,True,-3.6513290505297205,0.49125569660652313,-0.059718641765339975
eat_all,12,30f12a77-e10d-46a0-aad9-82fc21de3ded,YBw_M2cdLIN8.flac,WavCaps,,False,-4.30221495990353,0.14174434013866788,-0.4047636435707905
eat_all,12,be261345-80b0-47bd-adce-81706f310468,9220100L.flac,Watkins,Mammalia,True,-2.6401842222533976,0.3094249283602603,-0.019775898590946347
eat_all,12,d1e9b24b-6be9-45cf-87f3-3235f2c09b97,7100801A.flac,Watkins,Mammalia,True,-3.087190168885848,0.42025585093096296,0.3272061652681362
eat_all,12,93ee8aaf-1a68-44ea-8984-f77e1da1f0eb,441988.flac,WavCaps,,False,-4.564917470267019,0.32719812784731644,-0.534601656278871
eat_all,12,be26c277-712a-4928-b62a-f1ad152919b0,8501206M.flac,Watkins,Mammalia,True,-3.686592610247233,0.7472778391580133,0.08747408383596939
eat_all,12,435b7e86-bb17-4054-b7f0-d71148818b65,Y6CG4tvk9PN0.flac,WavCaps,,False,-4.617694580699378,0.1392738564763019,-0.5615894239644722
eat_all,12,dd604f70-ca6c-4bd8-8846-f0daf2911753,Y6LNlyOH7dIY.flac,WavCaps,,False,-4.36719013101052,0.06722742627198805,-0.5240794790372443
eat_all,12,3e46fc4f-67a1-491b-a1ac-7b2278f3e7fc,Acrocephalus_scirpaceus_DIG0161_58_short.flac,Animal Sound Archive,Aves,True,-4.628741202971824,0.08619166576713189,-0.18743373375644218
eat_all,12,07db07b0-ad92-4e0e-929f-f39c70a475f4,580488.flac,WavCaps,,False,-4.182522604677971,0.8744262196540563,-0.27982308038676246
eat_all,12,43436410-0b57-4460-b21c-8938a2a17c38,587142.flac,WavCaps,,False,-3.4564920786515434,0.6361292540415262,-0.22679307036819762
eat_all,12,d92bea55-71e6-4a39-8874-cb663e3442b4,859.flac,WavCaps,,False,-3.3770429651576563,-0.15434546851735167,-0.38494339996837507
eat_all,12,0b3c4edd-0b4d-4d9e-a80f-bded96d02348,Y2A9cNdvHr3w.flac,WavCaps,,False,-5.0885881381005715,0.9577310127408215,-0.5780449122775754
eat_all,12,f1bd35c5-1251-4f81-823d-7ebc25b3b167,Neofelis_nebulosa_S0247_01_short.flac,Animal Sound Archive,Mammalia,True,-3.9134200594279798,0.3092163412679719,-0.16369817461112712
eat_all,12,5e0a04c0-0697-40ed-9589-86f134f540f7,539809.flac,WavCaps,,False,-3.8675861827241627,0.32524878701674637,-0.18238058882466876
eat_all,12,7ca89421-38e9-45eb-b79a-1676162963f8,YjVGeXnDCiws.flac,WavCaps,,False,-4.745152581627291,0.45321797915121265,-0.815930602113107
eat_all,12,b685cd3f-362a-42e8-bfb7-5d4e2aded2f1,Y1ILADUzj-M0.flac,WavCaps,,False,-4.077686505531576,-0.08971584905328697,-0.4179530749886633
eat_all,12,df5a0d4f-43e1-4545-86f4-be32f1372790,YHOtQseh7MIM.flac,WavCaps,,False,-4.830128047193586,-0.0020304518789537873,-0.6002494512471552
eat_all,12,7db7cab8-2351-40a0-8622-3f96bef6287d,Turdus_merula_Tre_N0119_10_short.flac,Animal Sound Archive,Aves,True,-5.160876932817462,1.0196884046982557,-0.4110327942790979
eat_all,12,a9546f54-1df9-44f4-b38f-d4e47cedb800,07043290.flac,WavCaps,,False,-3.638569232075798,0.12905218548515623,-0.5615112720185021
eat_all,12,a8685ce4-7100-4e8d-aefa-2078a1383694,393180.flac,WavCaps,,False,-3.594601906639271,0.10500238574872509,-0.4098862395277457
eat_all,12,74bd235b-aa72-4d69-8b8b-7cee91fc12d7,72007015.flac,Watkins,Mammalia,True,-2.8104092190688332,0.14565369236858486,0.17656776374239785
eat_all,12,9e514d40-77bc-4eb9-b079-94d7837be251,360649.flac,WavCaps,,False,-4.760716034031697,-0.013940653771892186,-0.6364904731916523
eat_all,12,cc585b0f-2f72-42ab-8d73-f0e3a4c233e5,9400901S.flac,Watkins,Mammalia,True,-3.117224441798358,0.5128311167353976,0.1819414321916086
eat_all,12,9fe9049f-3b3d-4f99-9b2e-14d1b2f792d0,YhsmrvZEc_uw.flac,WavCaps,,False,-4.436842237675588,0.4875429438783059,-0.6019812272874057
eat_all,12,ef83a0de-3f8b-4457-a334-4a425d70be7b,YGtodrvgjyj0.flac,WavCaps,,False,-3.930797140913673,-0.09150049100972851,-0.33598697058896787
eat_all,12,505234a4-4b26-41cf-be2a-4b4d9d9d846a,469126.flac,WavCaps,,False,-4.471508847560668,0.14369537274707728,-0.2564197740198718
eat_all,12,3d3e1887-fc18-4e70-a41e-8ce5b68305d8,63005001.flac,Watkins,Mammalia,True,-3.174624660669227,0.4458414684610762,0.18256361141438848
eat_all,12,882cd8ad-9001-4ca0-b021-ae74d7aab5a7,7900400L.flac,Watkins,Mammalia,True,-3.2591062988450203,0.45673600781583623,0.19683337109505789
eat_all,12,d11f1efe-91c5-43a3-991d-bc056976381d,7500303T.flac,Watkins,Mammalia,True,-4.363244413859549,0.47131052380559296,-0.32368248747083944
eat_all,12,c0962a0a-1409-400d-bffb-9bb6e196051a,8600801Q.flac,Watkins,Mammalia,True,-3.2818503410319764,0.13117696392871775,0.26014550882393783
eat_all,12,8cfe20d9-2b50-4ffa-841b-eb40ff919dbf,Fringilla_coelebs_Co0062_07_short.flac,Animal Sound Archive,Aves,True,-4.366469644845074,0.45673454468533525,-0.26332617453899687
eat_all,12,e3048473-cd5d-4ce2-9660-f4f6e0515e0d,6102204S.flac,Watkins,Mammalia,True,-2.8851012617430767,0.27453397418994807,0.02564205287355978
eat_all,12,ff5e3f46-ae1d-4ac0-8b4f-5be1adcf3e0b,79040007.flac,Watkins,Mammalia,True,-2.8981580878226136,0.55394895840105,-0.09239745003656659
eat_all,12,58c0f7cb-8dd8-4f84-bfc1-06b858c224dd,Equus_zebra_S0953_04_short.flac,Animal Sound Archive,Mammalia,True,-4.469131398869004,0.3375683993401446,-0.3733091142264413
eat_all,12,70a388bb-71e3-41fd-8632-284cfb15fe4c,88006029.flac,Watkins,Mammalia,True,-2.6606839482123616,0.37742732688744157,0.19970256976905187
eat_all,12,ff71a46a-4a12-44ba-a40b-47f08660dba7,61053003.flac,Watkins,Mammalia,True,-3.320706559049777,0.58625559577763,-0.3936026741846
eat_all,12,cd1593b5-8364-4ada-9e89-a284f3c63548,9769200H.flac,Watkins,Mammalia,True,-3.204786585538269,0.21799310936048494,-0.09793326854471329
eat_all,12,9e2a87e5-2e7c-4334-94ea-7746d2b45433,66091006.flac,Watkins,Mammalia,True,-3.5293275462625355,0.15633040537655518,-0.13462372899463199
eat_all,12,35601063-e03d-4668-a80d-c7f53b5fe230,9101200G.flac,Watkins,Mammalia,True,-3.0975470700520424,0.22247199303224552,0.20563416715513538
eat_all,12,9db5c2bc-ca9b-4b61-8a85-4c8ebc01f24e,7700800A.flac,Watkins,Mammalia,True,-2.4518844187929174,0.3280568183509757,-0.07762380496132865
eat_all,12,a0d76e86-2da8-407d-bad7-7b1a48178285,94008055.flac,Watkins,Mammalia,True,-2.900327517352234,0.4486091582051517,0.3469966849361279
eat_all,12,9ec4f6a7-7afa-4052-a7b9-2c6171619646,75001010.flac,Watkins,Mammalia,True,-3.030968100036281,0.5418638149025143,0.20642951304002244
eat_all,12,f8f940fe-9cd3-41c3-a0d0-0c8f0b5f677a,Anthus_trivialis_Co0088_01_short.flac,Animal Sound Archive,Aves,True,-5.419688363943459,0.9365033329139452,-0.5092253047321874
eat_all,12,b1b82430-988c-4b1b-b442-4cdb17d5bb6b,6403100G.flac,Watkins,Mammalia,True,-2.4967238791505935,0.3449220329837365,0.1312979471781167
eat_all,12,b1e2de20-3eab-47b3-9d2d-6c6b9c0d5e80,9002708R.flac,Watkins,Mammalia,True,-3.296081811071552,0.4980259734158151,0.07311192543157907
eat_all,12,f65ebf13-eb73-4fef-b10c-1e0763b14dbc,60026041.flac,Watkins,Mammalia,True,-3.313303027080536,0.6343040921677594,0.007037093868426547
eat_all,12,f1dcdae1-9a77-4c65-bf6d-9468dfa301a9,79005004.flac,Watkins,Mammalia,True,-2.7074362796629146,0.3779525410502896,-0.13338034873664556
eat_all,12,72e8c01f-385e-40fe-a645-c400d2489a71,97750003.flac,Watkins,Mammalia,True,-3.6053543295097956,0.6461812961260864,-0.22416713617530543
eat_all,12,2cb01763-57e1-4a0e-b795-eae75656a8b1,5702606N.flac,Watkins,Mammalia,True,-3.0131981107209342,0.39398512147739817,0.14665362808269486
eat_all,12,41d48329-93ff-404a-8678-151bf3fbb2f0,9101203S.flac,Watkins,Mammalia,True,-3.0980961750875284,0.39675935150012875,0.115112517959367
eat_all,12,78be6796-a469-4ddd-be22-2f4b3e8c1601,56018004.flac,Watkins,Mammalia,True,-2.730221161620187,0.2602617896681485,0.0471031987014483
eat_all,12,91c2ef47-bd41-4124-945f-8647f2de5788,Fringilla_coelebs_CoMC0004_20_short.flac,Animal Sound Archive,Aves,True,-4.42841796911325,0.5032984836437528,-0.16303227914120283
eat_all,12,a4612c62-b694-4d48-95ea-d4a99b390271,88006019.flac,Watkins,Mammalia,True,-2.8480363410130414,0.6007587180338383,0.08081844089191056
eat_all,12,65b49b46-ca07-4eca-9386-d47651d297ee,8600801X.flac,Watkins,Mammalia,True,-2.90534595148889,0.004581876190687506,0.2561950281582155
eat_all,12,6ac3006f-49e7-4d86-9c9b-6c16b3412a8f,8501201S.flac,Watkins,Mammalia,True,-3.418278863120384,0.7613710371649137,0.09158770341822481
eat_all,12,bebd1a1c-0365-48b5-8c74-c1e3f5dae00b,Turdus_merula_Tre_N0101_12_short.flac,Animal Sound Archive,Aves,True,-4.147592580827299,0.4913088343679517,-0.19274993499311593
eat_all,12,ac0c5ba6-d022-478e-83aa-cd979038f6ce,97781001.flac,Watkins,Mammalia,True,-3.0901528511135963,0.40921725980778006,-0.1340016181254516
eat_all,12,13145736-ff9f-48ba-901e-eeb040a16495,64055003.flac,Watkins,Mammalia,True,-2.8064640860785413,0.0006938320623296329,0.1409182831603964
eat_all,12,4b0cb268-dc0a-4aec-8442-00984f21edeb,7500305J.flac,Watkins,Mammalia,True,-2.7679065770923907,0.33186433344159616,-0.022645091191045658
eat_all,12,decbbb99-a8a1-4148-9988-206b6baf183e,5801801M.flac,Watkins,Mammalia,True,-4.2675962166916355,0.5678468211072918,-0.2612323091368359
eat_all,12,094e5fd7-f551-496b-811d-f649ad51034c,9776101U.flac,Watkins,Mammalia,True,-2.3519130787267324,0.1498754876521532,0.04477353624933375
eat_all,12,7611bc32-7e8b-4c6b-beea-38b18ea4ea2c,97766002.flac,Watkins,Mammalia,True,-3.272484787992951,0.6077551868858645,0.01065991670145311
eat_all,12,127d8bc5-ca53-4b42-88fb-677e4e7a3687,9100402F.flac,Watkins,Mammalia,True,-3.1338030245645534,0.40259534111701856,0.11623180159840713
eat_all,12,c82e8a21-181d-451c-a9c4-61b569278c5e,Fringilla_coelebs_Tre_N0067_08_short.flac,Animal Sound Archive,Aves,True,-3.95186376307326,0.31105389536156447,-0.04879859039110129
eat_all,12,9421a52e-94f1-4c2f-9d14-e4b83fc674fc,97501003.flac,Watkins,Mammalia,True,-3.186368179055901,0.384504302753807,-0.13509557735324762
eat_all,12,5393a567-ded0-4b82-939b-af42e7785e10,9777100K.flac,Watkins,Mammalia,True,-1.9206713448879789,0.3590119812381116,0.26380855390849817
eat_all,12,5cf424ab-6501-4962-91fd-ba2c0ce38a37,Cervus_elaphus_DIG0117_03_short.flac,Animal Sound Archive,Mammalia,True,-3.6569484484762516,0.22505892901997787,-0.4499464606856949
eat_all,12,cd88c22f-f94f-47c5-8dd1-c503f28aecaf,57026059.flac,Watkins,Mammalia,True,-3.3728314493944644,-0.0650373995542575,0.07208550080794668
eat_all,12,c9a2180e-67f3-4154-851d-7b2443469e62,Fringilla_coelebs_V1998_15_short.flac,Animal Sound Archive,Aves,True,-4.560110876278151,0.38708219373286135,-0.1570356081988588
eat_all,12,90809c3f-33d3-4579-80c6-698a8313ef17,70014002.flac,Watkins,Mammalia,True,-3.834494301659963,0.4887635600496238,-0.3364080945505977
eat_all,12,4b17f9cf-5f1c-4881-a0de-b73706f1c147,97782006.flac,Watkins,Mammalia,True,-3.526190032104858,0.29663608542425696,-0.18107928071926788
eat_all,12,4318866f-89c4-4372-8191-4d541f63fc59,7100201K.flac,Watkins,Mammalia,True,-2.7996433903007434,0.4948827430326511,0.16391307127542482
eat_all,12,e14a85c0-c5f1-4825-b3c7-81761702b692,6609000D.flac,Watkins,,True,-3.02977905788023,0.38045212798583516,0.04428568569060873
eat_all,12,bfb4c658-60fe-4494-b8dd-27be5468a25f,75004003.flac,Watkins,Mammalia,True,-2.766045093969878,0.4526124545796573,0.267015802923987
eat_all,12,9c17d34a-35fc-4429-8063-a3e45ffc103e,9420104R.flac,Watkins,Mammalia,True,-2.8164563015781363,0.14996796190144315,0.03574076619929348
eat_all,12,7f96d0b2-790e-4b55-b0a3-54c556f61382,8600801I.flac,Watkins,Mammalia,True,-4.366711114953145,0.4440688887887251,-0.2445438811299867
eat_all,12,78062cd0-82e5-4d3f-8cd2-264d9cf7f181,8501206Q.flac,Watkins,Mammalia,True,-3.3951909924066763,0.7084907261459201,0.09200956552882447
eat_all,12,ef7909ac-f653-4101-a5a8-6a91daf733c1,8700301I.flac,Watkins,Mammalia,True,-2.9977808150377294,0.37896222159813175,0.05263867056819499
eat_all,12,e8d393ca-93d8-43e8-9dfe-19a7a1e203b5,64042004.flac,Watkins,Mammalia,True,-5.007582629377108,0.7441994336918956,-0.6559146692368806
eat_all,12,027a7af8-a39a-4bb5-ad74-04f71a5f5c6f,Polyplectron_bicalcaratum_V2082_17_Spur1_short.flac,Animal Sound Archive,Aves,True,-4.288224812716652,0.5333318911865861,-0.3277752218367842
eat_all,12,751cc542-ea67-4603-89ee-13334847d68f,Fringilla_coelebs_V2001_13_short.flac,Animal Sound Archive,Aves,True,-4.953162914565567,0.4882885429238685,-0.44043934800928086
eat_all,12,2e99c343-a1d1-4b04-8889-41703e6fe3af,77008006.flac,Watkins,Mammalia,True,-2.5432209980564915,0.4430457483582997,-0.18457222650651173
eat_all,12,d142e6cd-2898-4aeb-a8b0-f54714f1ff85,9420101W.flac,Watkins,Mammalia,True,-3.212802505406907,0.005361165598739004,-0.045984106150493684
eat_all,12,459165a9-930b-44f1-a137-2b1f7d84fb45,68003001.flac,Watkins,Mammalia,True,-3.908225622376313,0.4949452932541585,0.012307073069579899
eat_all,12,b6612d75-5b6d-4715-a975-3761031d5c3e,Turdus_philomelos_Bru_DAT0011_94_short.flac,Animal Sound Archive,Aves,True,-4.488751990275646,0.0719320111883617,-0.1354944205115402
eat_all,12,7bbb23b9-1081-4446-bc02-15e2b8d39773,Falco_subbuteo_PF04122_short.flac,Animal Sound Archive,Aves,True,-4.896232513795135,0.5230955552124605,-0.4151114620347759
eat_all,12,a01ddadd-e47a-46db-bc20-dd11802ba8d0,61040009.flac,Watkins,Mammalia,True,-4.521757215962087,0.8854896005743017,-0.5697247656266793
eat_all,12,455cb9ae-3115-4cca-815f-3923ea00fbbb,Fringilla_coelebs_Tre_N0054_03_short.flac,Animal Sound Archive,Aves,True,-5.028955452025155,0.7514596351110143,-0.2383970350493955
eat_all,12,ca5412b7-f91a-4648-8827-691e640f6fe4,6107500R.flac,Watkins,Mammalia,True,-3.216562832796913,0.6315895209224385,-0.1508589885710039
eat_all,12,2682a546-fb75-44f4-a8fc-c28ed5581873,6107200P.flac,Watkins,Mammalia,True,-3.234614191461203,0.06728365721909564,0.09379493795223004
eat_all,12,80b85db8-3e8a-4983-a78b-7f324700cd07,Poecile_montanus_Tre_P0176_02_short.flac,Animal Sound Archive,Aves,True,-3.7590536765735316,0.5620993310328191,-0.10627738710766585
eat_all,12,9ed6905c-d8bd-4aa4-a063-32d93a697922,Tamias_sibiricus_S1118_03_short.flac,Animal Sound Archive,Mammalia,True,-5.289161172458753,-0.12397967135628957,-0.6112074923312181
eat_all,12,dc8cc74a-2116-49ee-b32f-3629cff1f735,Sylvia_borin_CoMC0005_08_short.flac,Animal Sound Archive,Aves,True,-4.988743818066492,0.16986406017537656,-0.272062023045469
eat_all,12,e9d74aff-4677-4b88-af8a-f5b59297ef9c,Vulpes_corsac_K0009_03_short.flac,Animal Sound Archive,Mammalia,True,-4.2781214924112145,0.30926438960507424,-0.410869564069764
eat_all,12,ef3a448e-9c0e-4dac-86eb-f5dc9a3148c9,Carpodacus_erythrinus_DIG0177_09_short.flac,Animal Sound Archive,Aves,True,-4.931810975120758,0.6372634196159047,-0.2143057629807348
eat_all,12,ba830332-d4eb-4179-9d72-bbdc5df14ac8,Regulus_regulus_AuMC0283_04_short.flac,Animal Sound Archive,Aves,True,-4.743130708802636,0.8913763586282089,-0.4234029190156997
eat_all,12,66229406-8dea-4200-bb06-93e6a063184a,Carpodacus_erythrinus_DIG0177_22_short.flac,Animal Sound Archive,Aves,True,-4.5825053907763555,0.7179931149082835,-0.18502203903001996
eat_all,12,ee0cee4f-ba26-4692-97ce-d761e9bd62b4,Acrocephalus_palustris_Bru_DAT0114_36A_short.flac,Animal Sound Archive,Aves,True,-4.908069478203917,0.9102133329611724,-0.5089042392149296
eat_all,12,014b4fb0-db7e-45b3-9c08-2f62590169de,Gracula_religiosa_Lue0100_16_short.flac,Animal Sound Archive,Aves,True,-4.205701279553875,0.15402066945143178,-0.326359561269453
eat_all,12,d5a1fc05-301b-482e-9ac9-1e88b8ab4e31,Erithacus_rubecula_Bru_DAT0026_10_short.flac,Animal Sound Archive,Aves,True,-4.137219085388422,0.46542110762126576,-0.10970588233445833
eat_all,12,cf7fd664-0699-4561-8e3d-aba7e1e54b90,Zalophus_californianus_V2061_17_short.flac,Animal Sound Archive,Mammalia,True,-3.9038431500024924,0.12115787303211772,-0.43921694954978485
eat_all,12,cfc2dcde-0fb6-40d5-b3c4-ba7688c24f29,Hippolais_icterina_Co0042_07_short.flac,Animal Sound Archive,Aves,True,-4.610148056062696,0.1293791393797915,-0.13686768723599949
eat_all,12,2fb3653d-0cd3-4681-a93a-f223ea40c143,Erithacus_rubecula_Tre_N0081_04_short.flac,Animal Sound Archive,Aves,True,-4.405881352719398,0.18242553728902366,-0.09996704466708828
eat_all,12,e1a87f3b-4426-4e80-8c16-e9831129d55f,Turdus_merula_Tre_N0044_06_short.flac,Animal Sound Archive,Aves,True,-4.470867136990585,0.3057393112304736,-0.24047424551129049
eat_all,12,a3bc944e-cd9a-4596-8366-83e16b2c59eb,Puma_concolor_V2010_12_short.flac,Animal Sound Archive,Mammalia,True,-4.784427757275489,0.2748904643679945,-0.32224188663322195
eat_all,12,19cd73ad-bc2c-401c-b204-ebb6ce1d31a9,Turdus_pilaris_Kr0032_06_short.flac,Animal Sound Archive,Aves,True,-4.094782363124132,0.36529190577591575,-0.251944458207003
eat_all,12,74aff17e-1e25-4f7d-ab7a-94d182fd93f8,Acrocephalus_scirpaceus_DIG0135_04_short.flac,Animal Sound Archive,Aves,True,-5.064967244876048,0.5264113936846604,-0.3309811845759877
eat_all,12,4bf05381-613c-47a2-8e5e-2283517c774f,Parus_major_DIG_0065_05_short.flac,Animal Sound Archive,Aves,True,-4.476049110083297,0.574597540302891,-0.4255365477837259
eat_all,12,ad569351-520d-4160-848e-22ad3e775faf,Turdus_merula_DIG0169_15_short.flac,Animal Sound Archive,Aves,True,-4.0669185130685275,0.14061392161073155,-0.08691332408972241
eat_all,12,cb5a8fb8-26ab-4416-83a0-6bcea8798288,Turdus_philomelos_Tre_N0142_03_short.flac,Animal Sound Archive,Aves,True,-3.9613715183475895,0.025325407286507645,-0.02846775259375628
eat_all,12,81dfaead-b89f-4d89-b064-7a9a1ceb1a9e,Certhia_brachydactyla_Kr0030_10_short.flac,Animal Sound Archive,Aves,True,-4.691787581134829,0.06506525599034932,-0.1689370110139005
eat_all,12,525384eb-a02b-4b97-918b-ff8ff1ec9515,Erithacus_rubecula_Tre_N0038_06_short.flac,Animal Sound Archive,Aves,True,-3.5812283609960964,0.2374631008125022,0.04031799079581616
eat_all,12,3170a3a4-615e-452f-961b-01226f7947a3,Vulpes_corsac_S0845_09_short.flac,Animal Sound Archive,Mammalia,True,-4.225600575962645,0.031781695783238306,-0.3157856145204814
eat_all,12,d0c5e9c0-8a5b-465f-a3b3-05854c22fefd,Anthus_trivialis_Co0107_01_short.flac,Animal Sound Archive,Aves,True,-4.902746876096805,0.5159982695651761,-0.39988530127411
eat_all,12,b38134d1-6007-4834-825b-feadc045c842,Zoothera_dauma_DIG0145_41_short.flac,Animal Sound Archive,Aves,True,-3.5350506873939995,0.5195137016351231,-0.02496876560166586
eat_all,12,6f0cbe83-5dc5-40e1-a299-b605bcb96575,Fringilla_coelebs_Tre_N0061_03_short.flac,Animal Sound Archive,Aves,True,-4.090625861611477,0.40674016716963374,-0.10166630361414827
eat_all,12,3f8c3cdc-ed60-4385-894f-9c50f5530134,Leptopelis_aubryi_DIG0174_01_short.flac,Animal Sound Archive,Amphibia,True,-4.4056029222890345,0.7668487363866876,-0.3893327737932072
eat_all,12,ce3aee03-a72c-4048-9c83-b4850e37817c,Erithacus_rubecula_Tre_N0147_04_short.flac,Animal Sound Archive,Aves,True,-3.9980216085801015,0.28256736540496563,0.03169661937502502
eat_all,12,7a071e9e-762d-4048-9f47-5a8b04b2256f,Colobus_guereza_S0984_08_short.flac,Animal Sound Archive,Mammalia,True,-4.392876777471402,0.9411332040631438,-0.3289410936871961
eat_all,12,4e291984-19a1-4930-b4fb-bde8fef53e86,Turdus_viscivorus_AuMC0183_28_short.flac,Animal Sound Archive,Aves,True,-4.008637493490239,0.5791238038585107,-0.09841967415279196
eat_all,12,8069d73d-dfec-47c4-bb76-72b803c79eae,Parus_major_DIG0003_30_short.flac,Animal Sound Archive,Aves,True,-4.8314512589699845,0.4438207551590177,-0.20037994487701077
eat_all,12,4510e941-6d22-4c9e-b1b6-da9401692b5c,Picus_viridis_Tre_N0025_03_short.flac,Animal Sound Archive,Aves,True,-3.6514707871704495,0.37772560387686654,-0.15000318333066265
eat_all,12,ed590401-687c-4716-a86c-d6efa0f636db,Cervus_elaphus_S1316_04_short.flac,Animal Sound Archive,Mammalia,True,-5.239577762628894,0.1894943036662104,-0.6815698211387832
eat_all,12,859b749f-3461-45e8-8fa7-3036ad79e1ca,Ptilinopus_pulchellus_V2082_06_short.flac,Animal Sound Archive,Aves,True,-4.051397312573887,-0.06360583388490695,-0.18860463596893173
eat_all,12,0c8237a6-ffcf-40f2-8a78-e054ac2d0feb,Erithacus_rubecula_Bru_DAT0026_04_short.flac,Animal Sound Archive,Aves,True,-4.089414051407022,0.4922913013314617,-0.0783155102704578
eat_all,12,bc7066a6-0752-45e7-93b2-6b60d22a07ff,Fringilla_coelebs_Tre_N0060_02_short.flac,Animal Sound Archive,Aves,True,-4.672071566830807,0.5577455603884597,-0.36244160779338497
eat_all,12,8afcf96d-c949-4449-8bdd-d28c57251208,Turdus_philomelos_AuMC0183_07_short.flac,Animal Sound Archive,Aves,True,-3.887074475075529,0.5719824917668663,-0.02432381393867486
eat_all,12,4c8133b5-5da7-42d7-b6c5-114a1072d6ef,Sitta_europaea_Co0149_21_short.flac,Animal Sound Archive,Aves,True,-4.3017819755275575,0.44446918450070066,-0.21513316341858135
eat_all,12,74df051c-9d73-445d-acfc-fe6e10310472,Spheniscus_humboldti_V2106_08_short.flac,Animal Sound Archive,Aves,True,-5.1509570378854095,0.0035397971782931137,-0.6960404838198089
eat_all,12,508f4e6b-fe79-4fe0-addc-fd2ae26c033f,Tringa_totanus_V0522_13_short.flac,Animal Sound Archive,Aves,True,-4.750047912057093,0.6777356306071002,-0.3226409770973846
eat_all,12,f787e5e8-fe60-4d0f-b3f7-4d712545a1c2,Canis_latrans_DIG0101_16_short.flac,Animal Sound Archive,Mammalia,True,-4.601731429126488,0.5018365476096676,-0.27392769871129524
eat_all,12,f6262b3c-18ba-489c-b8de-b8d1fb800224,Turdus_pilaris_DIG0056_10_short.flac,Animal Sound Archive,Aves,True,-3.3582946120920845,0.21841467530726683,-0.1504714807202204
eat_all,12,fb804c43-73ee-47fe-927b-60b1d3513150,Tyto_alba_V2095_11_short.flac,Animal Sound Archive,Aves,True,-4.275245206391682,0.5250314608344739,-0.42772813472391485
eat_all,12,5b83a91b-962c-42bf-8117-27467395860e,Fulica_atra_V1542_17_short.flac,Animal Sound Archive,Aves,True,-3.663982027064791,0.272129342117459,-0.2004855721791175
eat_all,12,5b9f94ad-0b40-48e4-9678-451dbca6408c,Anthus_trivialis_Co0104_04_short.flac,Animal Sound Archive,Aves,True,-4.932171025479697,0.49707517573231425,-0.4506285101561538
eat_all,12,d6424b36-824b-4dae-82bd-b76d3c2c0ab6,Uncia_uncia_S0747_01_short.flac,Animal Sound Archive,Mammalia,True,-5.017246849314376,0.27117767373085355,-0.5372148165834671
eat_all,12,ae83334a-b8f8-4434-a290-2eab52738840,Parus_major_Tre_N0062_06_short.flac,Animal Sound Archive,Aves,True,-4.611479995236348,0.99242446399285,-0.24067589261049452
eat_all,12,fb6ff418-4b29-4fd3-9165-7fb85d534815,Alauda_arvensis_DIG0054_13_short.flac,Animal Sound Archive,Aves,True,-4.803492459772916,0.5970371692972454,-0.2181620616365454
eat_all,12,51af16a8-a238-4ae9-8bb9-fed4813d9042,Sylvia_nisoria_Co0163_16_short.flac,Animal Sound Archive,Aves,True,-4.396720777350973,0.2916225207171933,-0.2644847093031016
eat_all,12,dd37da80-cf46-4309-ade6-7ac871535dc0,Strix_aluco_DIG0080_02_short.flac,Animal Sound Archive,Aves,True,-4.156769950215862,0.4293652185922512,-0.20235825627494575
eat_all,12,b7c7b37a-1e32-4ea4-868c-5ecc41f2b65e,Anthus_trivialis_Co0088_03_short.flac,Animal Sound Archive,Aves,True,-4.587610687090178,0.38644530003662636,-0.4612822811877125
eat_all,12,55cfa116-32aa-41e2-a25d-1c57634e3bb8,Pipistrellus_pipistrellus_DIG0141_29_short.flac,Animal Sound Archive,Mammalia,True,-4.370689523625475,0.7183799696787114,-0.21701640740932
eat_all,12,7f3dfdb2-be02-4783-8c2a-c7cc337a4ef2,Emberiza_citrinella_AuMC0283_03_short.flac,Animal Sound Archive,Aves,True,-4.192773449948243,0.19332559768578586,-0.12469853146696977
eat_all,12,582d2768-f926-4b45-92dc-a7e50d7486ee,Spheniscus_humboldti_V2080_04_short.flac,Animal Sound Archive,Aves,True,-4.850834855514195,0.17168368473826426,-0.6132087414194204
eat_all,12,b587d813-d483-4978-bd9c-0d72b25e7f96,Fringilla_coelebs_DIG0160_03_short.flac,Animal Sound Archive,Aves,True,-4.286126284255841,0.4783789966400306,-0.2884575103186212
eat_all,12,7d80ff34-a9d9-48e3-8941-cdac4ef9ff4d,Turdus_merula_Tre_N0087_03_short.flac,Animal Sound Archive,Aves,True,-4.655732528105162,0.10774067567891066,-0.26797943318635575
eat_all,12,23ac7c30-21ed-4ae6-996c-726a5f0294da,Parus_major_CoMC0001_25_short.flac,Animal Sound Archive,Aves,True,-4.591027563442939,0.8170023644892235,-0.35920925418964367
eat_all,12,22503022-c50a-4748-a52e-4e305b3ef32b,Coccothraustes_coccothraustes_PF00848_short.flac,Animal Sound Archive,Aves,True,-4.093557625085486,0.8337520893435082,-0.2667856017882821
eat_all,12,8be4f6d7-ee20-4ab3-a774-639c460618d1,Emberiza_citrinella_DIG0060_04_short.flac,Animal Sound Archive,Aves,True,-3.940445486610742,0.5565282302676359,-0.3048114143171438
eat_all,12,b6dd8de9-0f80-4331-b654-453e435bccb9,Porzana_parva_DIG0118_33_short.flac,Animal Sound Archive,Aves,True,-4.77324985780449,-0.2751243687438079,-0.3458020335168112
eat_all,12,90429448-7441-4693-90b1-4796d9ac96ac,Sylvia_nisoria_DIG0169_27_short.flac,Animal Sound Archive,Aves,True,-4.301827377700638,0.29680297723696913,-0.15400845589522438
eat_all,12,d98d86f8-c04b-49cc-8f88-33d220ee592e,Picus_canus_CoMC0001_17_short.flac,Animal Sound Archive,Aves,True,-3.3428475090248835,0.4782392591914492,0.010647537280344538
eat_all,12,eecf3af9-d33c-463c-b096-35e5948b8c7b,Luscinia_megarhynchos_DIG0178_04_short.flac,Animal Sound Archive,Aves,True,-4.024822041661227,0.5230508652365504,-0.13855818891796817
eat_all,12,39ed068b-a96d-40ee-baae-ea54742c441c,Parus_major_Tre_N0011_03_short.flac,Animal Sound Archive,Aves,True,-4.483074438904362,0.7817891081444246,-0.348885153939131
eat_all,12,a40f19b2-83c4-48e2-9bfb-5dc7eadd29b1,Tringa_nebularia_Kr0005_12_short.flac,Animal Sound Archive,Aves,True,-3.756806428548094,0.7854453216508956,-0.19292561178681664
eat_all,12,e1d5391b-891b-4195-b991-97f690f75ded,Nucifraga_caryocatactes_CoMC0036_10_short.flac,Animal Sound Archive,Aves,True,-4.660688851147259,0.28428983783293177,-0.425131017577344
eat_all,12,e264d864-405b-4617-8f83-0834ad28556d,Pseudeos_fuscata_V2010_03_short.flac,Animal Sound Archive,Aves,True,-4.576485148229191,0.3039979449404726,-0.3535347235079997
eat_all,12,2525ff9e-0a02-4843-a89c-f40ce0bdcece,Canis_lupus_f_familiaris_S1458_16_short.flac,Animal Sound Archive,Mammalia,True,-4.354850573835591,0.634348579190237,-0.2760978554697201
eat_bio,12,345526af-20c5-437b-8741-e197ac6511ed,XC693334-LS_58842%20Dusky-headed%20brushfinch%20song%20B.flac,Xeno-canto,Aves,True,3.8605209260541855,-0.6574444728453688,-1.1171897643304916
eat_bio,12,e605b07a-87dd-4723-b812-f84b781c9583,XC126939-Tristram%27s_Starling_2.flac,Xeno-canto,Aves,True,3.9467636317843007,-0.7437635597796883,-1.0309848465684628
eat_bio,12,61fc36ad-03d6-4171-97fe-5c67821ec6de,530.flac,WavCaps,,False,3.6639645648183,-0.5247005123259808,-1.103026459909172
eat_bio,12,67961220-1a93-4cce-84c6-cbe1bf6aa1bb,keyboard_electronic_023-032-100.wav,NatureLM,,False,4.207279703089895,0.9547456101551307,-2.2018035542151497
eat_bio,12,5bf599ed-dfa6-41c7-918b-ae6e2f8e4113,XC739803-LS_51498%20Yellow-eyed%20Black%20Flycatcher%20duet%20A.flac,Xeno-canto,Aves,True,3.2629532270346897,-0.6521756841948688,-0.8363036350516179
eat_bio,12,4d1f5da3-4aa7-4381-9949-f9d4ea9bc7fa,XC682803-5999-4004024-4438.flac,Xeno-canto,Aves,True,3.8064473161012233,-0.6614816630773455,-0.9919890054881648
eat_bio,12,a7f4feca-c0a2-4598-b8a1-c508590d0f31,XC717693-Willow%20Warbler%20%2B%20Wren_Song_Mizen%20Head_15.04.22_A%2B.flac,Xeno-canto,Aves,True,3.4763984361369067,-0.6412659602603155,-0.9086025864046997
eat_bio,12,ba79dda8-f0de-4b2a-8947-c1e7feeb58c9,SSW_269_20170819_120014Z.016_007.wav,NatureLM,,False,2.93040919623047,-0.5687113932343526,-0.721649877980324
eat_bio,12,3a5b71f7-0fda-4a9f-b693-0327aba0b306,SSW_055_20170325_060004Z.055_010.wav,NatureLM,,False,2.7216223606934595,-0.5486202194347313,-0.7190741298028573
eat_bio,12,3e92ca8d-18a6-48b2-84d9-e18b76078e72,SSW_039_20170311_110008Z.031_001.wav,NatureLM,,False,2.873670835880728,-0.5556025222810086,-0.7392001140490682
eat_bio,12,53030683-a00c-4303-92c8-5b104a41ad3c,9750402P.flac,Watkins,Mammalia,True,4.093341477098112,0.692654069170523,-1.1519005661009216
eat_bio,12,16eaecc1-b297-4dce-bfc4-c5ca0d7fa81d,20ta010j_2.0053_209c0108_-2.0053.wav,NatureLM,,False,3.868440371276197,-0.677605933521713,-1.0939251357741342
eat_bio,12,5781d7a0-80ea-4be6-9fd1-9f6be373528b,XC385115-T15.flac,Xeno-canto,Aves,True,3.3067230812861914,-0.5673414115058699,-0.8772533457953157
eat_bio,12,b795d66d-a577-4b68-bdc1-810b5ff09052,NorthernParula1.flac,Xeno-canto,Aves,True,3.4591125687561606,-0.6435050817920043,-0.7243306329979797
eat_bio,12,519199ae-1ece-451d-a8e7-16b393685585,256179.flac,iNaturalist,Aves,True,3.7374179240266963,-0.7219763131844605,-0.8606980868300919
eat_bio,12,484018cf-99a4-4310-a58a-e24c1f9b8d5f,SSW_023_20170304_130010Z.036_009.wav,NatureLM,,False,2.647865380840233,-0.5160201407988195,-0.6451811348027496
eat_bio,12,3035d7a6-e138-4057-baad-948b688a26d7,XC744361-Bachstelze%2C%20Gesang%20%209.4.2015%20%20Egelsee%2C%20Badesteg%20%20%E2%80%8F%E2%80%8E15_33_24%20VOC_150409-2357.flac,Xeno-canto,Aves,True,3.355918577582558,-0.5712974882248272,-0.9721662786059804
eat_bio,12,639d5440-7745-4fbf-943b-2393c1a84ddf,324452.flac,iNaturalist,Aves,True,3.540051926978032,-0.6908293558272607,-0.8408899139785259
eat_bio,12,833701b2-b661-4fbd-868f-07dda09059bf,XC486056-Xiphocolaptes%20promerohyporhynchus.flac,Xeno-canto,Aves,True,3.2451766003201445,-0.6416297232047432,-0.6868803065644661
eat_bio,12,ac225d2d-bbcb-4f39-8b85-7916f5d8bb94,XC402294-sturnus%20unicolor%203%20chapatales%2024-09-2017.flac,Xeno-canto,Aves,True,3.4034928936685356,-0.750765791847793,-0.7889896750370357
eat_bio,12,60f1c1bf-2a2e-4c1e-8172-522d397fe80c,XC301952-160131_011%20CANG%20parvipes%204x.flac,Xeno-canto,Aves,True,3.81504214611259,-0.385081212818889,-1.0256363513652609
eat_bio,12,b0e33146-8f91-4aad-b6d1-9fcd7e68e54c,mallet_acoustic_030-087-050.wav,NatureLM,,False,3.8264137058856367,0.5102920356879497,-1.9564001295662252
eat_bio,12,9ad7750b-961c-4b95-b04c-2d69c8bce4d2,XC541270-Pied%20Currawong%2009_05_34.flac,Xeno-canto,Aves,True,3.5448382084234145,-0.7024350769606295,-0.8922075551637877
eat_bio,12,5083d955-24a1-4232-97a5-37e945c676c7,XC360007-LS104552%20Black%20Magpie%20calls%20B.flac,Xeno-canto,Aves,True,3.6483136539109338,-0.6354143065400055,-0.9793412307340337
eat_bio,12,12556fc5-c2b5-4020-81f4-c47d4c1466e0,XC688225-Goudvink%2020211021%201000%201a.flac,Xeno-canto,Aves,True,3.1073306673372634,-0.6051406249350949,-0.6956430299166849
eat_bio,12,8dc6aec6-51c4-46f8-bb35-238eacb223aa,310057.flac,iNaturalist,Aves,True,4.043598869772607,-0.40535252736926064,-1.034459876581805
eat_bio,12,b74d3698-d9ed-4c8c-8ab7-b0621a69de4e,XC682514-stenkn%C3%A4ck%20lock.flac,Xeno-canto,Aves,True,3.5266991546319693,0.6381321424205424,-1.0145513618539537
eat_bio,12,1d8220c1-f1dd-44b6-89a6-8f73c01aefb3,192125.flac,iNaturalist,Aves,True,2.46108353557278,-0.08631607070255942,-0.7748511017444414
eat_bio,12,75cd84ad-8c2c-4333-88c9-7327f5e3bf23,XC420018-Common%20Bulbul%20on%202.9.17%20at%20Twinga%20Lodge%20TZ%20at%207.10%20for%20.10%20_0448.flac,Xeno-canto,Aves,True,3.4434901211151265,-0.6938252325441571,-0.7861347288672424
eat_bio,12,eeb57353-2d95-488d-af35-add7e1716977,XC282848-HETH_3-4-15_1330_MtOrd1.flac,Xeno-canto,Aves,True,4.120159909388716,0.29090533462797585,-1.3352818786047422
eat_bio,12,8798231a-34af-4290-b188-7ddff7e20192,126066.flac,iNaturalist,Aves,True,3.5569443724684784,0.08165967424584225,-0.7740338988586193
eat_bio,12,ff86a050-6731-45f6-b0df-0d4be52cd0d8,XC473849-Prinia_socialis_nom-FL%20calls%20Above%20Munnar%204Feb16%208.40am%20LS119888a.flac,Xeno-canto,Aves,True,3.4380368816825437,-0.6415985602524966,-0.963768706879721
eat_bio,12,c91eeae1-4c7c-4d46-bf6a-b81bf31ae996,513777.flac,WavCaps,,False,3.538423972907915,0.26417958850567164,-1.4421899093738912
eat_bio,12,6fada358-92cd-4951-bf39-973c259f45e1,7801800C.flac,Watkins,Mammalia,True,3.741917391899723,0.16667047789372416,-1.173216610998831
eat_bio,12,04092021-10de-4665-8246-c41d4c842ae9,XC426300-Limpkin%20Corkscrew%20B%2012-21-17.flac,Xeno-canto,Aves,True,4.523295272543559,-0.7459656806331683,-1.3049607281741893
eat_bio,12,a195c3dd-a998-41d3-b4a8-6cda1e490504,Brown_Lory_Nimbokrang_2009-07-12.flac,Xeno-canto,Aves,True,3.2374535443666463,-0.6264337537903013,-0.8402594148335333
eat_bio,12,a4cde161-5f7d-46b0-815d-a5e906e24984,598299.flac,iNaturalist,Amphibia,True,3.879565670603171,-0.7319752197283755,-0.9929018229130715
eat_bio,12,94635d4d-9fc1-4914-a6c7-2f5f7b03f1e0,172953.flac,iNaturalist,Aves,True,3.660832443935914,-0.5698945224475387,-0.8809124702382497
eat_bio,12,cb3a6d2d-fb28-4c97-bca8-4f9b108de2f2,79776.flac,iNaturalist,Aves,True,3.048751990909944,-0.6505335581110203,-0.6805590230334896
eat_bio,12,d461f4d6-1645-4ea6-a593-3aec461ed21d,XC563725-PROW%20%28M2%29%20-%20Song%20-%20Les%20Arends%20-%202020-05-31%2006_48.flac,Xeno-canto,Aves,True,3.576008766296051,-0.5919413784788335,-0.9211645669716225
eat_bio,12,878a679a-f3c4-4277-aae3-b31c9a59c959,XC714401-Grey-winged%20Blackbird%20female%20Call.flac,Xeno-canto,Aves,True,3.5775146394772737,-0.630261103347089,-0.8674789114733605
eat_bio,12,f939687a-741c-44f2-b128-f146b4fa529b,XC308832-westMexicanChachalaca-Col-Mx150809.flac,Xeno-canto,Aves,True,3.8303411696390253,-0.7148475838164543,-1.0516083746721234
eat_bio,12,fa147d6d-55ca-4786-8269-3a37cb17ce28,XC625226-Carrion%20Crow%200649.flac,Xeno-canto,Aves,True,3.884143452908498,-0.2320823656271772,-1.0395435954321255
eat_bio,12,64b22456-5987-405b-a70e-7acd9c8604c9,20090914_WayKambas_BandedPitta_song.flac,Xeno-canto,Aves,True,3.2451632934551786,-0.6145004846949599,-0.8960937005171802
eat_bio,12,2c99f75f-28e7-4df9-b7eb-5ca44807bedd,XC193967-THRUSH_Swainson%27s_c%20ustulatus%20Fish%20Creek%2C%20Hyder%20AK%20062314%201438.flac,Xeno-canto,Aves,True,3.5480885313893373,-0.564730354962794,-1.0243419365923558
eat_bio,12,28da31b7-3b02-4799-a4d5-4d22351dc633,XC510628-Cranioleuca%20sulphurea_Rio%20Grande_1164.flac,Xeno-canto,Aves,True,3.2267959510244273,-0.5722075511961721,-0.7569656208850208
eat_bio,12,9c91916b-7620-42c6-a2b4-8da3f3bcf140,XC210152-Corythopis_delalandi_14_12_2014_Amparo_SP_RSS.flac,Xeno-canto,Aves,True,3.271386577592176,-0.5327149390658648,-0.9407508043954058
eat_bio,12,c0265934-ab70-410e-a560-21f91e93e762,XC543571-Mino%20kreffti%20kreffti_pcm_191013_06.flac,Xeno-canto,Aves,True,3.5498390296669955,-0.637636146181262,-0.8936917291419006
eat_bio,12,a32a40cb-43da-4114-9668-455fc632df45,XC226630-Long-billed%20Woodcreeper%20%206212.flac,Xeno-canto,Aves,True,3.141352106018897,-0.6947877533076227,-0.7479971717491762
eat_bio,12,823eb09a-bc66-4ab4-ae43-ec1e805e341b,SSW_070_20170401_100007Z.059_004.wav,NatureLM,,False,3.1253103606397605,-0.6332864358939888,-0.8366044370669843
eat_bio,12,99c07b43-3676-4c79-90cb-1c98d412bcca,83084.flac,iNaturalist,Amphibia,True,3.5016587648297426,-0.6554073727782639,-1.0373896927042354
eat_bio,12,f2650314-83b4-4e4b-a1f1-f93edd739272,SgriseicollisLepipuertoMD5track30.flac,Xeno-canto,Aves,True,2.998653693584011,-0.5484217214032764,-0.6688101383740713
eat_bio,12,39c8e491-e1d9-4ab0-97e7-74067bf186b4,259389.flac,iNaturalist,Aves,True,3.3593734854422816,-0.6502414264147856,-0.860250452829715
eat_bio,12,1b4e638a-ef28-406c-933d-83aacd20fdfd,XC137559-Cyanomitra_cyanolaema_130404_06.flac,Xeno-canto,Aves,True,3.486456049418242,-0.6523947810547829,-0.9189027296472643
eat_bio,12,68df0cb0-a0af-45df-9066-d7d9424040a9,THRUSH%20Slaty%20%28Andean%29_08_Acambuco_Salta_AR_8OCT05_B%20Lopez-Lanus%20%28BLL%20et%20al%202007%29.flac,Xeno-canto,Aves,True,3.1717441950246776,-0.41663881308434303,-1.0353399551930873
eat_bio,12,777045eb-b58b-4bc6-a9ba-900580ff5387,2411%2F15.flac,Xeno-canto,Aves,True,3.774557271300549,-0.6325161086398426,-0.970425412446673
eat_bio,12,1104888f-75ba-4676-b2f3-7095f601daef,XC740599-ziegenm0439.flac,Xeno-canto,Aves,True,2.989101859252948,-0.42421619046544407,-1.1054125160178296
eat_bio,12,bf372c58-e740-4020-a974-80d3865f9a60,CARDINAL%20Yellow-billed_05_Otamendi_Campana_Buenos%20Aires_AR_22NOV01_Bernabe%20Lopez-Lanus.flac,Xeno-canto,Aves,True,4.3366059899340215,-0.074642767763308,-1.2407650034301647
eat_bio,12,ea4a5b95-6574-468a-8c16-7df995c2ec25,XC413916-RedBelliedPitta_Talaud_072217_song.flac,Xeno-canto,Aves,True,3.3297300393000637,-0.6173687707824316,-0.875606245977102
eat_bio,12,ccb717f9-b508-4e72-a149-36bfa38d9f13,541272.flac,WavCaps,,False,3.947651521427638,-0.7822535378385234,-1.0561948786165003
eat_bio,12,d92bc3a1-d8f7-439c-a0c3-2ab375d2c753,2836_5355_000026_0000002.wav,NatureLM,,False,4.354005625736359,0.07423438617583256,-1.7860756768437884
eat_bio,12,6cbd2eb7-b791-452c-95d5-750947a379bd,27686.flac,iNaturalist,Aves,True,3.1658808120620603,-0.09918210690844662,-0.9015508220442644
eat_bio,12,afb37eee-ce7c-4964-9b19-86b9b477797a,A%20Buchfink%20C.flac,Xeno-canto,Aves,True,3.3768643229002397,-0.6707103583718067,-0.7604637647931611
eat_bio,12,eb6d9779-2525-4889-8e90-fef798a9e447,XC585592-200829_2330a.flac,Xeno-canto,Aves,True,3.482497607419918,-0.3955873446332861,-0.9162605796634725
eat_bio,12,26df3063-fe3c-48d5-9f5b-f1cdd1c39ddd,XC273712-Lance-tailed%20Manakin%20call.flac,Xeno-canto,Aves,True,3.2816447984061043,-0.5988871147867201,-0.8632495752247342
eat_bio,12,e9077a18-b2ee-444e-b7ce-d9ce1a4344fd,XC427482-Hylocharis%20sapphirina%20CONFIRMAR-Caio%20Brito-%28Porto%20Seguro-BA%29-BRITO2813.flac,Xeno-canto,Aves,True,4.114866938729857,-0.2937993985154682,-1.0492303445018112
eat_bio,12,dfa945a5-d725-4213-8024-e95444d30022,SSW_131_20170506_160014Z.056_012.wav,NatureLM,,False,3.5059770387092493,0.11187154220961598,-0.9381815852291466
eat_bio,12,724ad83d-b8bf-40b4-8871-a63ef9997a2d,80951.flac,iNaturalist,Aves,True,3.4691433828449645,-0.569990109555917,-1.0391049418835963
eat_bio,12,22d963f6-b54e-4af3-af09-f900ef4999a3,498419.flac,iNaturalist,Aves,True,3.1579604763357025,-0.4485459890919505,-1.2132327669791796
eat_bio,12,f2b30269-44ca-4699-a140-8dd03cec428d,XC346690-LS102883%20Pied%20Kingfisher%20call%20B.flac,Xeno-canto,Aves,True,2.970149146126207,-0.49061871675720115,-0.8551031987506917
eat_bio,12,c83f22a7-fcf1-4fae-be2b-63a0e713fef5,XC703174-DUFL_2021-06-04_Surveyor_Campground_Klamath_County_OR_0834.flac,Xeno-canto,Aves,True,2.6759416302406427,-0.3842034763516984,-0.8164775785719521
eat_bio,12,64fee962-59fe-4b32-a996-53a8f0a500b0,XC256074-THRASHE_Cur-bil_c_dawn%20OPCNM%20500m%20082012%200531.flac,Xeno-canto,Aves,True,2.8572453838693566,-0.5317103677607208,-0.7405451658823274
eat_bio,12,767551e6-6aee-488f-b86a-934001633d21,XC684441-Cape%20Batis%204%20note%20call.flac,Xeno-canto,Aves,True,3.722976251683681,-0.7157084867365471,-1.095227930193404
eat_bio,12,f65f769a-7e0f-4a8f-b4c5-407c13a0f3df,XC276215-Muscigralla_brevicauda54cut2A.flac,Xeno-canto,Aves,True,3.268218862502368,-0.6793362445525881,-0.7170712574034268
eat_bio,12,0f5c174e-631e-443c-b669-913d7a104b82,413492.flac,WavCaps,,False,4.466379891624999,-0.7013340794956064,-1.3063550220427176
eat_bio,12,e3017e9b-8dde-411e-9379-397d61190dfa,XC280005-LS_56546%20FALSE%20BAY%20AREA%20Scarlet-chested%20Sunbird%20call%20A.flac,Xeno-canto,Aves,True,3.742449759194481,-0.6027494189251735,-1.0796576732230836
eat_bio,12,a012a70a-7061-4d78-99d2-95bfe85811eb,519647.flac,iNaturalist,Aves,True,4.0362325393924445,-0.31865208437752485,-1.1056876547653895
eat_bio,12,d8591970-8835-4997-a360-34765d5f69bf,XC428511-Campylorhamphus%20falcularius3.flac,Xeno-canto,Aves,True,3.338216199066065,-0.5847526270201536,-0.8297763226512502
eat_bio,12,22d30df2-b2ec-4bb6-94ed-143303dce57e,631192.flac,iNaturalist,Aves,True,3.193058050537075,-0.6464041739365116,-0.7293859142010125
eat_bio,12,45b9c5c2-0617-4b49-845c-ba57e4de9d37,XC698221-RECAV0_210507_1017_lim026_alarme.flac,Xeno-canto,Aves,True,3.6611830113068486,-0.6403396484568766,-1.0590548492585317
eat_bio,12,b93a5062-b645-4972-afa0-64f8b52eaf7b,46680.flac,iNaturalist,Aves,True,3.021986937813901,-0.6101717102945928,-0.681374933797933
eat_bio,12,f73d5b6c-4e75-4706-8879-10efb3f9dd6d,XC590985-Megascops%20roraimae%20MNML%20092020.flac,Xeno-canto,Aves,True,3.915713972867993,-0.7171981831600391,-1.0287260647116523
eat_bio,12,3c561d9f-faeb-4095-a8df-db39c9f90e29,2413%2F27.flac,Xeno-canto,Aves,True,3.1975369477637794,-0.6489129254117989,-0.6857066505809584
eat_bio,12,5ff1b801-99e2-4468-8d1a-003bc3b04b9b,XC304310-Coppersmith%20Barbet.flac,Xeno-canto,Aves,True,3.5865752980178884,-0.7073757494647049,-0.8681192703831984
eat_bio,12,55b259de-bb5a-430f-b244-4074b68ab8e8,Yyy2Msyv3j5Q.flac,WavCaps,,False,3.459235964415289,-0.6268080866511272,-1.008021575096976
eat_bio,12,95ee6b95-ab25-4dea-9368-291d38239041,XC499085-190917-100410alveolacinzenta.flac,Xeno-canto,Aves,True,2.975448970289525,-0.6280337017099895,-0.7215923722872433
eat_bio,12,95692cfb-15bf-4154-972c-e5b56cd998d3,650032.flac,iNaturalist,Aves,True,3.1920870634078122,-0.473740335862773,-0.9153907662053753
eat_bio,12,d2e93f15-608a-4d0a-95c5-fe87761ced2d,XC139158-Northern%20Puffback%20Manegusha.flac,Xeno-canto,Aves,True,3.483970033058429,-0.667227226679433,-0.8383140066629531
eat_bio,12,44931f2b-2ab3-4914-8242-05d44c65b572,83_11691_000076_0000044.wav,NatureLM,,False,4.214928227973976,-0.7078939127810404,-1.382349885968876
eat_bio,12,ce541065-12f5-4555-ad32-64dcb6a2cbd9,XC538724-Indian%20pitta.flac,Xeno-canto,Aves,True,3.3420839419702837,-0.6676520995767521,-0.8825364947111407
eat_bio,12,880d47c7-4327-42c4-a423-4b34ab155b4b,133566.flac,iNaturalist,Aves,True,3.206142721247231,-0.6653223259847354,-0.6453956443734291
eat_bio,12,5746276e-db0b-49eb-8508-ac908d8e3677,XC133023-2006022014_Cuculus%20clamosus_Nysvli_F%20DEROUSSEN.flac,Xeno-canto,Aves,True,3.918327491989041,-0.7775710613143321,-0.941054678820401
eat_bio,12,58256ccf-1484-4797-acd3-15a9751cc3d9,XC157730-Gampsorhynchus-rufulus-FL%20response%20Chidu%20area%2C%20Mishmi%20%207Apr13%207.33am%20LS113820.flac,Xeno-canto,Aves,True,3.9064865424164257,-0.7641796377623069,-1.0071960973027072
eat_bio,12,9d183521-c0ab-445b-941e-add62ef1a4bb,40452.flac,iNaturalist,Aves,True,3.325042978570998,-0.6330541756659968,-0.7949883810117876
eat_bio,12,831a5856-1d86-4990-b6d0-4647d9d4bbe4,XC218938-Chestnut-fronted%20Macaw%20B%202035.flac,Xeno-canto,Aves,True,3.418753922895818,-0.6932647841747328,-0.8598887129550318
eat_bio,12,cb524d84-593e-4d3b-b733-d8b747ce513c,XC760819-201016_0034-Vattenrall-kattuggla.flac,Xeno-canto,Aves,True,3.0609483081281383,-0.5707739539874206,-0.6699741688709908
eat_bio,12,57ccbcb8-2320-49db-b21a-1b75139f3ee9,115565.flac,iNaturalist,Aves,True,3.716889931353495,-0.6739583580362274,-0.970687615729434
eat_bio,12,8bec7a0c-beaf-4a10-adb4-567825faa1cf,XC664893-9%20Saborta%20Warning.flac,Xeno-canto,Aves,True,4.3918510198738065,-0.5207961361095979,-1.3578521996835333
eat_bio,12,768010b4-e17e-48d6-8a0f-02736799380d,XC561638-cho%20hul%20femelle2.flac,Xeno-canto,Aves,True,3.4693270471435755,-0.6261759615586375,-0.8903429778919918
eat_bio,12,098334ce-c397-4222-8296-8ffca7fae437,194139.flac,iNaturalist,Aves,True,3.22476397405478,-0.6717624498670616,-0.707593444480469
eat_bio,12,dfd6cbf9-31a5-4bb6-b123-9f59b3ff4daa,SSW_118_20170429_220023Z.001_008.wav,NatureLM,,False,3.3611637513200896,0.21444188469733122,-0.8881555792039674
eat_bio,12,3cb08433-cebb-4c98-898b-80e54ecb219f,32802.flac,iNaturalist,Aves,True,3.425226282692762,-0.7080563524625039,-0.7693465718569592
eat_bio,12,938bd247-c632-47bd-bbe2-f00ed2e54ea8,Serinus_mozambicus_barbatus_20100701_zang_Lake_Bunyonyi_OEG_LS100329egg-z.flac,Xeno-canto,Aves,True,3.472052520069889,-0.632148248292314,-0.9200457172689633
eat_bio,12,0f9889a9-b9a6-4e30-8b08-d0242da6a515,410922.flac,iNaturalist,Aves,True,3.8471802734446854,-0.12659377894594462,-1.119701677473124
eat_bio,12,137895f2-c6ee-406a-9eb4-40e40df36b48,XC413503-Surucua%20variado3%20%28Trogon%20surrucura-OK-OK%29.flac,Xeno-canto,Aves,True,3.8263917617205307,-0.6480987351092327,-0.9166373059322359
eat_bio,12,547a075d-83d1-4019-8116-45f9dcc43c5e,XC422294-Blue-banded%20en%20Blue-headed%20Pitta%202%20260218%20Danum.flac,Xeno-canto,Aves,True,3.8015590054915824,-0.6896793026904454,-0.9849905243438496
eat_bio,12,bdc650b9-36d5-47ed-824c-13cca43302ff,SSW_154_20170513_190014Z.028_017.wav,NatureLM,,False,3.5098449543029915,0.24847048228656496,-1.00228085098929
eat_bio,12,6e6fd995-7fe2-447c-8162-1dc4f2f22e6a,XC699785-29-01-2022%206e24%20Pomba%20asa%20branca%20CARAIBAS.flac,Xeno-canto,Aves,True,3.246680473583453,-0.6492026297480442,-0.7804036960524401
eat_bio,12,c99b124b-07b7-4093-a90b-ffdd2c65a727,684349.flac,iNaturalist,Aves,True,2.8724494202651143,-0.5735061262722753,-0.6190723249391761
eat_bio,12,20ba605b-ee08-422c-ba42-f5dcc27d0a22,XC228328-Summer%20Tanager%20A%2015074.flac,Xeno-canto,Aves,True,3.476201316330055,-0.6390972870897049,-0.9517384745979053
eat_bio,12,5e87f433-d182-4e50-9aa9-27922cdcbfd2,XC374312-rossignol%20philomele%20tarerach%2066%20not%20seen%20A.flac,Xeno-canto,Aves,True,3.8081455030317026,-0.7072367947091603,-1.02233004593409
eat_bio,12,58d9139e-0f1e-463a-bdf7-0be4801378fd,XC784638-fou-mac-ENC-kerlidic-220123.flac,Xeno-canto,Aves,True,3.687117407176367,-0.480393794787533,-0.8120652928825671
eat_bio,12,76dd7bc3-8435-48c0-9f78-d0a3ab3b5b10,YDTngmSh5wnI.wav,NatureLM,,False,4.212758123360222,-0.6601716320917266,-1.269917913334062
eat_bio,12,2c3c454c-0b4e-46df-92f6-e31c1ddc72e1,XC557317-BlackThroatedGreen.flac,Xeno-canto,Aves,True,3.1356002966635863,-0.5011731290972814,-0.9294339843411773
eat_bio,12,9b448211-8049-4506-9419-b87c7eb56679,145647.flac,iNaturalist,Aves,True,2.5788697583930524,-0.5398952970931857,-0.5707767056021686
eat_bio,12,61b544a0-e4aa-4ae3-b37c-d5f4dab651ec,XC498630-GRACKLE_Gre-tai%20Tepic%20900m%20042519%200707.flac,Xeno-canto,Aves,True,3.2239729959640915,-0.5481067789519947,-0.9358510947937203
eat_bio,12,93113a3a-def3-467f-a6a8-0aea0e83c63e,XC614959-Pipit%20de%20Richard%20Carolles%2012%20nov%2019.flac,Xeno-canto,Aves,True,3.5855128612239806,0.3051533473164264,-0.8253678124902346
eat_bio,12,24b8e155-3f39-4502-8d6c-ae5b54479f95,XC510190-LS_58313%20Hildebrandt%27s%20Starling%20predawn%20song%20B%20Superb%20Starling%20C%20Slender-tailed%20Nightjar%20C.flac,Xeno-canto,Aves,True,3.16420355746511,-0.5701431460050678,-0.8622625672707047
eat_bio,12,aaa9904c-848a-4384-87b1-240b3b528125,121638.flac,iNaturalist,Aves,True,3.4672710235280872,-0.6274335913404339,-0.812425291174246
eat_bio,12,1be2c6f6-d8c9-4f70-92e4-b56e5cdea7f0,252028.flac,iNaturalist,Aves,True,4.09470124402058,0.21216065812205154,-1.1826179916503
eat_bio,12,0de51500-38b0-4fba-91d8-4197b88be5c0,XC268851-carduelis%20carduelis%202%20parque%20alamillo%2010-05-2015.flac,Xeno-canto,Aves,True,3.4421696994014055,-0.6715008277677247,-0.8192914757777467
eat_bio,12,e5e7833a-1fb9-40f5-a213-ca0cd70e516e,51356.flac,iNaturalist,Aves,True,3.4268393171301126,-0.6552287369314693,-0.8868596556067899
eat_bio,12,c9baa9ca-fe4c-47a6-914f-639f436c7bfb,SSW_110_20170429_110008Z.012_001.wav,NatureLM,,False,3.2170036878435204,-0.645446154141848,-0.8595010910820416
eat_bio,12,c51efe87-1e37-4b67-9577-fdc4f81e35dc,COOT%20Red-gartered_02_La%20Verdosa_25%20de%20Mayo_Buenos%20Aires_AR_20OCT01_Bernabe%20Lopez-Lanus.flac,Xeno-canto,Aves,True,3.7163854387607547,-0.43738975750643394,-1.0035490105315916
eat_bio,12,93c18450-b237-4c1a-86b8-f3f083500889,151117.flac,iNaturalist,Aves,True,3.5597006683304637,-0.6402724395217048,-0.9679308093110817
eat_bio,12,6abc42ac-bced-4f8e-bc1b-15d06257a15c,453053.flac,WavCaps,,False,3.995487407550681,-0.37839581710112463,-1.1737511842835522
eat_bio,12,259b6cdc-b252-4618-b2dd-2002b3a00c2b,411097.flac,iNaturalist,Aves,True,3.6944068424816043,-0.525622251883934,-1.0931988530790138
eat_bio,12,3afa59d0-3f62-4840-8d8b-166a12870993,XC424030-Myiarchus%20tuberculifer%20R%20Bellavista%2012%2006%202017%203%2055%20pm.flac,Xeno-canto,Aves,True,3.412105832581072,-0.5820988270861688,-1.1405314490984395
eat_bio,12,f36d9ee1-b897-4137-91f7-bdf664bc16f7,ICLISTENHF1251_20140904T175409.262Z_038.wav,NatureLM,,False,2.6753377588500857,-0.3390823282325137,-1.1623196185906184
eat_bio,12,b5f12d26-7328-4f78-b2a5-a3f7a363e89f,XC465758-R37_0108%20Coraya%20Wren.flac,Xeno-canto,Aves,True,3.252196908570958,-0.6071623402313929,-0.7783584827038814
eat_bio,12,ad0c2a47-07f3-4f39-93e4-184b117456c3,XC426860-LS108242%20Black-crested%20Bulbul%20song%20B.flac,Xeno-canto,Aves,True,3.5772490019376506,-0.6287847742935965,-0.9790784412326998
eat_bio,12,0881cd4e-e788-4668-b4b3-a8dce94f0306,156708.flac,iNaturalist,Aves,True,2.806438712478888,-0.5821910941441855,-0.5768135925989869
eat_bio,12,e5e0eb45-0623-43f2-9fc6-fdffffdcea69,XC390467-White-throated%20Laughingthrush%2001%20-%2015Dec16%20-%20Sigri%20-%201109.flac,Xeno-canto,Aves,True,3.5966190847087196,-0.7191663895992693,-0.8837416348931079
eat_bio,12,1a705b9e-4b45-4fc0-9ca9-0dc306e7e1e8,SALTATOR%20Golden-billed_17_Putre_I%20Region_CH_4NOV99_Alvaro%20Jaramillo.flac,Xeno-canto,Aves,True,3.4010337084853965,-0.4876849590097716,-1.0465744947400277
eat_bio,12,a50d1daf-2f9a-4f8a-822f-51ad13bbadb4,YIA3Um5JtMqU.wav,NatureLM,,False,3.4651760170115105,-0.5476362791166085,-0.990443349682213
eat_bio,12,f56125d7-e8ff-429a-887a-cf6cc7717b3a,XC277200-PODCRI10h40m35s23jul2015%20%282%29.flac,Xeno-canto,Aves,True,3.7399694135064006,-0.7510678881748502,-0.9273700447809972
eat_bio,12,1bff0b95-7210-4a2d-b0f4-8269923f8144,XC504170-26-10-19%2000.07%20Gru%20sopra%20casa%20%28online-audio-converter.com%29.flac,Xeno-canto,Aves,True,3.0328565137409793,-0.6260517391334237,-0.7542165830321691
eat_bio,12,c5a97ecb-3eb2-41e8-82fd-ffd90d062fd7,XC684562-vite-vite-de-cabe%C3%A7a-cinza.flac,Xeno-canto,Aves,True,3.2460886021189665,-0.588137349253171,-0.8532495832007523
eat_bio,12,9c65b9d3-98d4-4d13-a705-94529a1c3241,ICLISTENHF1251_20140404T200459.775Z_051.wav,NatureLM,,False,3.0692370472473627,-0.4008366888746349,-1.2867609452651556
eat_bio,12,09f37e69-9a9c-416b-9c44-86358a8ac40d,XC314241-Unknown%20-%20poss%20gw.flac,Xeno-canto,Aves,True,3.441417339553203,-0.610434586027762,-0.9165203993654332
eat_bio,12,6754e8a8-358b-4094-8b60-c013fa7fa5d8,XC773008-170519_01-Buskskv%C3%A4tta-s%C3%A5ngl%C3%A4rka.flac,Xeno-canto,Aves,True,3.181956954485048,-0.5709866208007202,-0.7789039066363184
eat_bio,12,4031dcbb-cf15-4625-8794-0a18eba07430,110409.flac,iNaturalist,Aves,True,3.881873484810919,-0.6265754109921859,-1.2812917204334813
eat_bio,12,f86852f7-a734-4245-a146-857bac1d5a7d,32073.flac,iNaturalist,Aves,True,3.6273769986181663,-0.6775338381800535,-0.9395414018516179
eat_bio,12,d67a295c-5acf-455b-9e1f-2e7e9b8751f7,XC336055-160409-191944_Cyanistes%20teneriffae%20teneriffae_R.flac,Xeno-canto,Aves,True,3.797547866408174,-0.6727497008738857,-1.0583405274846849
eat_bio,12,4bfa106e-19e4-4a55-bee6-bccdae6395f2,XC762905-LS_51891-Common-Newtonia-song-A.flac,Xeno-canto,Aves,True,3.593984876363577,-0.6590095465803126,-0.9709690563631733
eat_bio,12,b7f488dd-4a90-46eb-8d15-2e26c469c741,XC646539-Guira%20guira%20Maceio%20AL%20Ilha%20do%20Lisboa%205%20May%202021%20RSS.flac,Xeno-canto,Aves,True,3.819061563820937,-0.6648269253671026,-0.9902572869165756
eat_bio,12,c5fd87a3-5302-492d-bdd6-b742b5cb396b,XC525575-x_IAvH-CSA-5771.flac,Xeno-canto,Aves,True,3.13306915033669,-0.6608478494365966,-0.6864112701006181
eat_bio,12,ae52ec88-e2b5-4711-946a-a4cfefdb67c0,373451.flac,iNaturalist,Aves,True,3.5106216916838036,-0.6800626698730609,-0.8569865191729312
eat_bio,12,38b5e494-6ef7-45a6-8bc6-d889803c202f,XC567554-Cannaiola%20verdognola1.flac,Xeno-canto,Aves,True,3.0125048969974064,-0.5988206454679299,-0.6687262155158623
eat_bio,12,cd8055b7-c454-409a-b847-53fca842a0ed,XC629513-MIXPRE-4304.flac,Xeno-canto,Aves,True,3.501926626800164,-0.6425209915693071,-0.8438331458750298
eat_bio,12,713a478b-1866-4ec0-9a2a-838d12805843,XC445196-Slaty%20Finch.flac,Xeno-canto,Aves,True,3.7479293818044015,-0.6377707096955438,-0.9673559886783065
eat_bio,12,fda78aee-aa4a-4375-be28-331f005d0297,bass_synthetic_096-033-100.wav,NatureLM,,False,4.730496730472895,1.0188354875186802,-2.1099511175003878
eat_bio,12,e9bef080-ea2f-4a83-a7f9-6c36320a7b9a,XC439825-BECARD_Ros-thr_c_exc%20Uvalama%20400m%20051018%200619.flac,Xeno-canto,Aves,True,3.2396345766857366,-0.6032046833913842,-0.8684421619163033
eat_bio,12,028bccfe-4580-40cf-9127-7b283908caf5,XC485317-PICCAN%20kaes%20jvk190707.flac,Xeno-canto,Aves,True,4.390924564350901,-0.6140759113997032,-1.3462549426033124
eat_bio,12,86ca1665-8ebc-441f-87c0-121b189c432a,XC515437-Mirafra_apiata_nom-FL%20song%2035km%20from%20Skittykloof%2022Oct19%207%2C50am%20LS114806b.flac,Xeno-canto,Aves,True,2.8883560893672775,-0.5650944186416873,-0.6484605419346205
eat_bio,12,d4f3df4e-8485-4e95-95ff-f21f6382abfb,XC397510-Fork-tailed%20Drongo%20exc%20SPCA%20dam.flac,Xeno-canto,Aves,True,3.440398272688832,-0.5844466443139428,-0.9480557943358481
eat_bio,12,df8cbea6-9ca8-4947-a792-330de6f059e1,XC673485-gul%C3%A4rla%20lock%20ossora%202.flac,Xeno-canto,Aves,True,3.9487759693225413,-0.34683589268902293,-1.044636901529166
eat_bio,12,e9a8ef71-3906-45ac-965e-ccbb132caa6f,641050.flac,iNaturalist,Aves,True,4.305727882852366,0.647905123131123,-2.0400692909651044
eat_bio,12,5cc41868-5483-4ea8-a892-062a57d2d7d0,XC715850-St%C3%B6rre%20korsn%C3%A4bb_120.flac,Xeno-canto,,True,3.310711098786245,-0.6855697186984087,-0.870427837180618
eat_bio,12,7169c1ff-a981-44f1-af84-f41da149eee2,SSW_165_20170603_010000Z.001_003.wav,NatureLM,,False,2.6289385950098176,-0.5165935322951749,-0.6920210444741197
eat_bio,12,a70ec7f2-0aef-4022-b54b-81c81b40d45e,XC591365-Bar-tailed%20godwit%201226.flac,Xeno-canto,Aves,True,3.5240554378236744,0.0200215033671923,-0.9011518023246685
eat_bio,12,3c4ce7f6-faf7-4b3c-972d-18a04464be58,XC650670-Cape%20Batis.flac,Xeno-canto,Aves,True,3.085498350269231,-0.5695555225556886,-0.8140266214289771
eat_bio,12,da51ccbe-bd84-450c-8e48-a2406a977b60,XC632257-Black-capped%20Pygmy%20Tyrant%20March%2020%202021%20105617%20AM.flac,Xeno-canto,Aves,True,3.3303688705235075,-0.6390567655318944,-0.7962856392919079
eat_bio,12,21078a26-1dd8-4efa-8db3-29e257096438,463843.flac,iNaturalist,Aves,True,3.8018530820879177,0.13054270033426746,-1.181276852889466
eat_bio,12,381969a4-254e-46e8-a473-a7aee66653b1,7538_100043_000013_0000012.wav,NatureLM,,False,4.417499707492184,1.1388579958807492,-2.4615150247973574
eat_bio,12,aad98f44-759a-4a72-9b30-5bf077bef385,Sylvia_communis_Co0060_13_short.flac,Animal Sound Archive,Aves,True,3.713116908489805,-0.48764137731466584,-1.062359820691803
eat_bio,12,c0bb22b8-5fe8-4c8b-a13c-f6761abd1665,YLF-070rGEbQ.flac,WavCaps,,False,4.434581729524258,-0.444380868421932,-1.5447694027136107
eat_bio,12,8ce5a3bf-5f04-4fc1-86ed-0d193b5d8026,SSW_130_20170506_150010Z.024_010.wav,NatureLM,,False,3.000417225769964,-0.576068246950822,-0.7739150431179973
eat_bio,12,85d6b5cf-22c5-466f-86f0-477c494bfff1,619141.flac,iNaturalist,Aves,True,3.4962658589178996,-0.5907752991056598,-0.9768738220333107
eat_bio,12,bf8acb2d-b958-4ffb-9feb-9e89583ac4a7,YoZapEQbSCfw.wav,NatureLM,,False,4.122978960297563,-0.6994769085441388,-1.2739857078991397
eat_bio,12,dffb3b5f-5441-4242-93d7-259ecc0145fb,686932.flac,iNaturalist,Aves,True,3.5802415852342535,-0.551984835506147,-1.100683078951985
eat_bio,12,3eebc371-e43d-4382-9075-2c24d5298cb0,SSW_283_20170826_170022Z.047_008.wav,NatureLM,,False,2.974100869005736,-0.6126461401844119,-0.7200872806636612
eat_bio,12,b3c983b0-8943-45f0-87fd-a09a0469276f,596384.flac,iNaturalist,Aves,True,3.882289770388375,-0.38845734015162225,-0.926601556162099
eat_bio,12,155b572c-d1b0-4670-83d1-0e0cdaedb625,SSW_020_20170304_070004Z.030_000.wav,NatureLM,,False,3.1575165882435785,-0.6191370820601796,-0.9197698930856437
eat_bio,12,eef42577-4f66-40f6-9836-b064082e6cb7,262702.flac,iNaturalist,Aves,True,3.4419271384028303,0.12382356208369702,-0.8190182979641466
eat_bio,12,44839bec-6e8d-49fa-9e64-c50c2bad3ff5,224489.flac,iNaturalist,Aves,True,3.3262559700957848,-0.0991895055874743,-0.7250656947189574
eat_bio,12,afa092bb-f85d-4a09-9d0e-d1812b9a0227,brass_acoustic_027-065-100.wav,NatureLM,,False,4.973053751444709,1.2039572340289633,-2.468956227434299
eat_bio,12,d2553af2-6bda-42e6-bcad-633058a3ce05,SSW_250_20170722_130012Z.053_007.wav,NatureLM,,False,2.763008833794331,-0.5893970091331009,-0.7304898460522683
eat_bio,12,319b430c-7b69-4254-9274-2c98e945fd78,ICLISTENHF1251_20140504T143153.842Z_040.wav,NatureLM,,False,2.5058393530786818,-0.5095442719849379,-0.7695447392557065
eat_bio,12,28ef18c3-ad07-49c8-838c-654ead86d6a9,44018.flac,iNaturalist,Aves,True,2.812135461873167,-0.6275331767492535,-0.5950235100666312
eat_bio,12,a462f272-cffc-4dda-8dd4-055c5d4c89f1,YfEYaxZoQ188.flac,WavCaps,,False,3.949363858640418,-0.6936869047183567,-1.248171430747135
eat_bio,12,0d9f5134-436f-49aa-b1cd-d5ab070e6917,621985.flac,iNaturalist,Aves,True,3.1867010782236704,-0.6346165996832035,-0.7302885666847508
eat_bio,12,77fe7099-9ac9-43e8-97a9-05680b0e60d9,109318.flac,WavCaps,,False,3.3153629038084893,-0.6808392278270419,-0.7717154470019684
eat_bio,12,0831e3b7-8ca8-4d6a-a12a-b1e18ea91aa0,SSW_226_20170701_190013Z.055_005.wav,NatureLM,,False,3.1755954759497116,-0.6270060876853358,-0.8877699301132606
eat_bio,12,477f40d1-81d0-4c61-b971-9cbec7552c96,keyboard_acoustic_012-023-100.wav,NatureLM,,False,4.0279337760985445,0.6805616633222936,-1.9722028675326444
eat_bio,12,bf728c91-628d-4477-98ec-1006028bbb0b,274751.flac,WavCaps,,False,3.5110459240692933,0.33729231125191295,-1.583022116392025
eat_bio,12,9576bf10-17fe-4d70-b256-cb074b749282,7816_108621_000010_0000001.wav,NatureLM,,False,4.821557407303011,0.9228519543563081,-2.30612477985503
eat_bio,12,d90636cf-daa5-4dcf-b0be-a765fd95a5ae,481690.flac,iNaturalist,Aves,True,3.9451875128374048,-0.48457817423299837,-1.0155432428891602
eat_bio,12,4a918152-129b-4574-95e4-3553c34c17b9,ICLISTENHF1251_20140702T124216.470Z_047.wav,NatureLM,,False,2.5685239829782005,-0.32422639345245785,-1.0886561896386788
eat_bio,12,bd7a882e-95a8-41ad-8400-271e0e80938d,631338.flac,iNaturalist,Aves,True,3.0298840826577247,-0.5465155244254956,-0.8222623194950701
eat_bio,12,1653e321-adca-400b-81f7-1544730fd523,SSW_117_20170429_210015Z.022_001.wav,NatureLM,,False,2.653496718575185,-0.5374267954169845,-0.6563724839374481
eat_bio,12,5d03780d-6ef4-469f-b2be-7d22b11b8a50,360006.flac,iNaturalist,Aves,True,3.9281478190982546,-0.5004322821789791,-1.3983977218365267
eat_bio,12,e426f293-f8e3-49bd-82e4-11828c92724e,SSW_149_20170513_140018Z.008_000.wav,NatureLM,,False,2.9427727941888877,-0.5917877963456488,-0.7649999862413537
eat_bio,12,1abc296c-d293-4b87-baf9-4cf214190f7f,67274.flac,NatureLM,,False,3.7364215615353555,-0.6497771068786427,-1.0370527873218438
eat_bio,12,6d0d0205-e1eb-4be7-9cb0-94af70279fe2,477774.flac,iNaturalist,Aves,True,3.083158497093413,-0.619425371540673,-0.7251158244353003
eat_bio,12,629f1648-8d29-4e5a-940e-79eb0703f101,617913.flac,iNaturalist,Mammalia,True,3.791830226301138,-0.7388197450487746,-1.1012159997432889
eat_bio,12,7a64772f-5aed-4ef6-9225-640fa177075a,630291.flac,iNaturalist,Aves,True,4.378551053706134,-0.25661520882708955,-1.4329612186067702
eat_bio,12,921825f0-e47e-4fdf-8530-bd859edf9048,mallet_acoustic_039-054-075.wav,NatureLM,,False,3.8877773681638024,0.5707145892703653,-2.0477069509280783
eat_bio,12,73bec562-bea6-4112-97ff-9cd0601c6e2d,464287.flac,iNaturalist,Aves,True,3.655079427467635,-0.4979481590580653,-0.8721868537238958
eat_bio,12,ae81b11d-cdfe-4f8d-8a1d-dc8e0f3249ad,74843.flac,iNaturalist,Aves,True,3.3861774179513997,-0.5965571969190167,-0.7247246838484317
eat_bio,12,27d118a4-5eea-4c8b-b3c5-8104d1340887,7698.flac,WavCaps,,False,3.5779178321092058,-0.6762034635616048,-1.0361751212160144
eat_bio,12,83465c78-281b-4f56-9a33-ace4ce79838c,97752009.flac,Watkins,Mammalia,True,3.269162074019143,0.4397495346862483,-1.1011464892549248
eat_bio,12,0f9fc4b0-9460-4f57-b0f2-53caea61f5bd,SSW_233_20170708_040004Z.044_001.wav,NatureLM,,False,2.9570840549242856,0.2642467223771644,-0.8497813483934611
eat_bio,12,db9da019-9831-4c00-be40-d3e15f86432a,p374_116_mic23.wav,NatureLM,,False,4.275862247754639,0.06417686188264715,-1.859054708044173
eat_bio,12,785cba80-d777-4697-8b08-e92f2e65b547,p244_347_mic22.wav,NatureLM,,False,3.5672350415967258,0.5075268168324187,-1.3710591703365922
eat_bio,12,2d5ee0b3-1aa4-426d-bfb4-e10da5f17f85,9778000S.flac,Watkins,Mammalia,True,4.090178618115655,0.9568917727208839,-1.516789917793645
eat_bio,12,de27cb8b-2eca-49bc-b151-bd77866e897a,153735.flac,WavCaps,,False,3.7606418109967703,0.1318709673824086,-1.560060560911546
eat_bio,12,75b42f8b-fe51-4fb1-9ff5-9991b5efe28b,554938.flac,iNaturalist,Aves,True,3.34380975225163,-0.6668013392152898,-0.8079649036941073
eat_bio,12,57b43305-03ba-4a46-9bf2-d67b0b5f6dde,bass_electronic_032-061-100.wav,NatureLM,,False,3.3481182174034143,-0.3421100462197349,-1.2598317727140982
eat_bio,12,a25d96e7-6053-4ac1-bda6-4190e11f087a,mallet_acoustic_019-063-127.wav,NatureLM,,False,3.9263061779681774,0.21315956012637385,-1.832902467593604
eat_bio,12,5803bdb6-5da8-4ef6-b641-bd4fb2191b23,636786.flac,iNaturalist,Aves,True,3.3076893254520026,-0.533596386370129,-0.9658131140758648
eat_bio,12,748178b4-01ef-4f66-9fd2-51a426ba901d,keyboard_electronic_000-069-050.wav,NatureLM,,False,3.766856945057385,0.311961760810214,-1.8499900813821504
eat_bio,12,2d35202a-c249-40f2-9cc6-5beee26338ca,568035.flac,iNaturalist,Aves,True,3.4738709695072507,-0.49274011258814676,-0.9478267366935174
eat_bio,12,5bcc80dc-e86e-4931-b089-c181346c44b8,Y9FDzG0xNp5s.flac,WavCaps,,False,3.237330556353232,-0.6095631905449547,-0.8258431815288869
eat_bio,12,19ee1106-5724-4111-afb2-996b9ca09d31,reed_acoustic_026-040-100.wav,NatureLM,,False,3.658044286939263,0.4701649504502876,-1.7008323960307234
eat_bio,12,bf449bc6-4274-497e-bf2e-69d7e1eb6ade,352813.flac,WavCaps,,False,3.835665174776676,-0.7643266234211722,-0.9323737347913151
eat_bio,12,11a02b0f-18bc-490b-ac70-3497b873e273,egg beater.wav,NatureLM,,False,2.8674849922372077,-0.5943396564583012,-0.7212295313881313
eat_bio,12,2978c4d5-2820-4b09-810c-348fc5354dbc,140487.flac,iNaturalist,Mammalia,True,3.8263859684368677,-0.591411776990913,-1.1784407335292424
eat_bio,12,63a007cc-9ee9-49c3-be39-f4fa346b9776,SSW_225_20170701_180012Z.052_000.wav,NatureLM,,False,2.964295412730274,-0.6168191800189907,-0.7314774589267113
eat_bio,12,b254bdc5-fc58-436e-b900-c91f57a34163,128239.flac,iNaturalist,Aves,True,3.127524539358257,0.05046125720065872,-0.820680966543098
eat_bio,12,c05844c0-56fc-48b3-af88-dcb87832b238,organ_electronic_072-046-075.wav,NatureLM,,False,3.1584544343705234,-0.37269613662482803,-1.3084770747972259
eat_bio,12,de86b4f6-baa5-4086-825e-1536f74d6c9e,281436.flac,iNaturalist,Aves,True,3.603331255892213,-0.6520494773262897,-0.9297155465002043
eat_bio,12,b11cc9b5-e7e8-4b34-a501-695b1b557ee1,599521.flac,iNaturalist,Aves,True,2.914408189885813,-0.4995048308888483,-0.9187850719393947
eat_bio,12,3ded9bf0-b19e-4ac8-96a9-4e85662256a8,360176.flac,iNaturalist,Aves,True,3.1441303121043958,-0.6598864331314439,-0.5878051948177068
eat_bio,12,f29f24f0-c2c8-4ec0-b4e2-e834b051d04a,p229_032_mic22.wav,NatureLM,,False,4.209296633639827,0.7773680608072909,-1.8397907086831509
eat_bio,12,96bb6b75-cd6e-4f93-9c2b-d97b4102b502,1446_122614_000023_0000013.wav,NatureLM,,False,4.383504447862466,0.22592606555968034,-1.8878470290563523
eat_bio,12,5ca1ab61-6044-4152-9cbf-a35fdd8d3bea,37490.flac,iNaturalist,Aves,True,3.0505185053897694,-0.5569593353348412,-0.8343742408862587
eat_bio,12,94bd8912-1b44-4a77-9970-93316905bd53,ICLISTENHF1251_20140901T070408.359Z_006.wav,NatureLM,,False,3.0168257866517134,-0.4000520934330615,-1.199923469149866
eat_bio,12,61f8d469-5b3b-4379-8200-cb3faf7486a7,7511_102419_000027_0000014.wav,NatureLM,,False,4.767216499094218,-0.021122309899733432,-1.9051444700441535
eat_bio,12,d759aa3d-4cc8-4805-8026-353637682ddf,SSW_140_20170513_040005Z.018_008.wav,NatureLM,,False,3.506295991771499,0.1605930974370634,-1.0264983767091649
eat_bio,12,494ab59a-9fd8-459e-ba68-b37a832bf186,SSW_086_20170408_130009Z.023_007.wav,NatureLM,,False,3.2773765807535513,-0.6216641584103921,-0.8730599164712315
eat_bio,12,3875840e-2bb2-46ec-892f-f5a899131e5f,436532.flac,iNaturalist,Aves,True,3.4610876389223835,-0.6601803684571688,-0.8625000013090526
eat_bio,12,50b80e58-3fd9-4eb4-ac4c-71ec3d5101a2,151600.flac,iNaturalist,Aves,True,3.5426597978596277,-0.5859769290599945,-1.0804007527535078
eat_bio,12,aeebffdb-f337-49f7-a052-3a3452f19f8c,keyboard_electronic_026-097-100.wav,NatureLM,,False,3.7200689414458195,0.40879422455252723,-1.8064130460462606
eat_bio,12,db664b46-da75-438e-8757-cc5961fb808c,brass_acoustic_060-063-127.wav,NatureLM,,False,4.0872704807950475,0.3149484414130179,-1.9477464246270415
eat_bio,12,24579bbb-d9ca-4f44-a94a-1a97f096a9f3,429218.flac,iNaturalist,Aves,True,3.306643709739582,-0.5148982493560318,-1.0197181029361406
eat_bio,12,f8812b4c-ec37-4da0-bb84-b535a2cf20b1,409679.flac,iNaturalist,Aves,True,3.6226129492143873,-0.0730143609335421,-0.9884756195312356
eat_bio,12,3854c209-2d01-4fdf-8938-ecfe26b9698a,572730.flac,iNaturalist,Aves,True,3.0247437383720834,-0.6118472758269056,-0.7317773646090487
eat_bio,12,f52ac1e9-3da5-4323-b8be-50154022bdd0,585506.flac,iNaturalist,Aves,True,3.635834431537774,-0.6992232864798998,-0.9244928929704354
eat_bio,12,7a1b65bd-2d5d-4db2-8f2a-bf66b7d9b1dd,bass_synthetic_126-088-050.wav,NatureLM,,False,3.551335251523897,-0.4080230207054848,-1.3290322730727486
eat_bio,12,e3535cd4-4861-4d41-b5c9-6883957c4d3a,mallet_acoustic_020-086-050.wav,NatureLM,,False,3.629919244228446,0.5919081562224835,-1.917370764230018
eat_bio,12,e0ec1be9-dd40-4477-86b4-dc2d74485cb4,123068.flac,iNaturalist,Aves,True,2.8418950753330328,-0.5828590871376661,-0.5782993034956543
eat_bio,12,9874db31-1872-4cba-9942-620e986576ed,625811.flac,WavCaps,,False,5.12691732986046,1.3328226402319376,-2.1580190207412544
eat_bio,12,ba915582-8962-485f-861d-84f87cba0e7f,440191.flac,iNaturalist,Aves,True,3.3030052777676717,-0.677170820774756,-0.8056522308533814
eat_bio,12,ff6b23d4-3697-4b97-9746-ef7bafec7240,ICLISTENHF1251_20141201T104339.106Z_025.wav,NatureLM,,False,2.2551999623982506,-0.3615619095797195,-0.9987766531699955
eat_bio,12,aca533a1-cdcb-4c13-860a-82c92bdde47d,330711.flac,iNaturalist,Aves,True,3.337743713832631,-0.175712618335141,-0.7812317890284383
eat_bio,12,7f9ca590-8228-412d-8945-04c2cd22beec,401495.flac,iNaturalist,Amphibia,True,3.5522520297209343,-0.6378154871053812,-0.8850154713173112
eat_bio,12,96a47dc8-1bdc-4246-a0fc-ba9fb3233336,83035019.flac,Watkins,Mammalia,True,3.94883712433515,0.6705462672204623,-1.1514211336601163
eat_bio,12,ac564bbc-2243-4b3d-ae3b-088eaf4e65ff,536618.flac,iNaturalist,Aves,True,3.0612913668215183,-0.5911165889901587,-0.7948398957785368
eat_bio,12,088da057-5719-4d3b-9beb-e6baaec7206f,231495.flac,iNaturalist,Aves,True,2.748084362519819,-0.5669543588424202,-0.6542181432120308
eat_bio,12,8a711d06-4747-4a99-bd49-891b9dae40aa,07046113.flac,WavCaps,,False,3.2120357781976505,-0.32580476823023397,-1.2014089325171449
eat_bio,12,9575c601-9417-4f6e-b9f6-373c3ac12cf0,189696.flac,iNaturalist,Aves,True,3.471225693782762,-0.5651777783561871,-0.8552446454736398
eat_bio,12,8f3ff8f0-9d15-4c7e-bec7-e1b8d9338f96,73001002.flac,Watkins,Mammalia,True,3.793716165205265,0.19501582501115533,-1.0253542296053686
eat_bio,12,734c9e30-160b-45a1-8e19-0cdb8bea7327,reed_acoustic_015-086-100.wav,NatureLM,,False,4.036805956119275,1.2185458945766734,-2.13074160994136
eat_bio,12,516da4a0-75bb-427d-b12d-e4a97dce00f5,guitar_acoustic_028-056-025.wav,NatureLM,,False,3.1520497753368595,-0.45380406903467885,-1.1497066609528948
eat_bio,12,f07da3dc-c385-450d-9ad2-f09f3db64967,15383.flac,iNaturalist,Aves,True,3.6541324712054384,-0.7237236309517994,-0.85908900571703
eat_bio,12,9740dd80-2577-44da-b97e-7c34fe86126e,bass_synthetic_055-090-050.wav,NatureLM,,False,4.550650276862676,0.718400952561752,-2.170624777922146
eat_bio,12,b2636c9f-22f2-410f-9357-4ca5399c2688,74573.flac,iNaturalist,Aves,True,4.20690178900657,-0.8382160819899489,-1.1048399802675244
eat_bio,12,c1aca1af-5595-4d72-a1d8-71c8b4da3fc5,187180.flac,iNaturalist,Aves,True,3.6046582603498987,-0.6624086607965625,-0.8940940421673531
eat_bio,12,553090a2-13b2-442c-9013-2f23ebfc492e,299274.flac,iNaturalist,Aves,True,3.5509168128617103,-0.6284706287920143,-0.8436284349182546
eat_bio,12,a39e86af-800c-48cb-a4c6-71a747614bd0,ICLISTENHF1251_20141103T235254.811Z_048.wav,NatureLM,,False,2.4056884222282435,-0.37426251999516547,-0.8587436887498435
eat_bio,12,5d08b01d-eae0-478b-8980-7bd94f971b2a,427181.flac,iNaturalist,Aves,True,3.7117366911035377,-0.6543115849847343,-1.0874453737796217
eat_bio,12,4c60c3b3-9c2b-493b-ab73-a8bb8c34becc,490100.flac,iNaturalist,Aves,True,3.92689662338276,-0.08769495704410585,-1.1703108375413898
eat_bio,12,206a5564-2708-48d7-9916-4331c5afb1f0,369128.flac,iNaturalist,Aves,True,3.485184409866835,-0.6618687953977949,-0.8494479882529912
eat_bio,12,4737a6c3-1dbb-44d5-a48e-9efd1a064bee,562852.flac,iNaturalist,Aves,True,3.586409724127261,-0.5951668227947379,-0.981761358314263
eat_bio,12,bb4acf9c-af4f-4736-b0ce-7f12cf6fdc59,672642.flac,iNaturalist,Aves,True,3.636356539697877,0.4197228339324969,-1.11065056263585
eat_bio,12,59b72759-5956-4f4b-8556-c198f6a29b8a,300806.flac,iNaturalist,Mammalia,True,3.059286360902945,-0.6225582015478885,-0.6919936248900153
eat_bio,12,e54c1d0b-b018-4416-8430-4c8949687ec8,113491.flac,iNaturalist,Amphibia,True,3.505827268486607,-0.6566983937198768,-1.060081523012446
eat_bio,12,cac6fff4-a44c-4ec2-9006-4f57e74888ac,449756.flac,iNaturalist,Aves,True,3.1195124440099367,-0.5494486471821984,-0.8805396193681005
eat_bio,12,0e0ba821-15c4-4c34-afa0-05f4be6c4484,335852.flac,iNaturalist,Aves,True,3.5249368850341836,-0.40401985002972457,-1.0606892602780174
eat_bio,12,6725007e-7dd3-4060-a13f-56dd2a5b05a1,YNp5CqgFVwsA.wav,NatureLM,,False,3.7412634729902217,-0.6589787242087484,-1.215379520696702
eat_bio,12,4adde8a7-63e6-4948-ac84-031740678e8b,Y5cezddiPBAo.wav,NatureLM,,False,4.256410484594426,-0.7895020834094505,-1.3240473193919011
eat_bio,12,2e32c005-b583-43d8-8082-0651abd5274f,103506.flac,iNaturalist,Aves,True,3.43137702372788,-0.6498362755787287,-0.8628414199126144
eat_bio,12,1ed8e7c2-6897-4eef-88d6-86845316f6c6,574908.flac,iNaturalist,Insecta,True,3.8519132744374804,-0.506230701079968,-0.9654778560831032
eat_bio,12,edc2bd4a-373c-44a7-a983-ae61dc069128,574372.flac,iNaturalist,Aves,True,3.352146100159203,-0.6500422338816674,-0.7688277597617835
eat_bio,12,32004731-1228-4450-a0e2-a9830daba3b7,Tettigonia_viridissima_V1829_25_short.flac,Animal Sound Archive,Insecta,True,4.317945103279435,-0.7342064527837923,-1.2631775039209718
eat_bio,12,eca527eb-183d-4faa-be06-28ce9543b516,670805.flac,iNaturalist,Aves,True,3.4226090138106215,-0.6550763228585255,-0.8279297226609552
eat_bio,12,3e6b1f2c-5dca-4c77-8767-eb5394ec2c14,ICLISTENHF1251_20140802T044029.421Z_027.wav,NatureLM,,False,2.825678714679149,-0.4250946638286552,-1.0300330052784752
eat_bio,12,41a1dfe4-0973-4f09-988a-329ea7cb7cf5,578883.flac,iNaturalist,Aves,True,3.3055346124376332,-0.6109372410857695,-0.7941198689173982
eat_bio,12,1e08a0f4-be9b-4c76-9c4f-4eac81dc1c40,506582.flac,iNaturalist,Mammalia,True,3.6827829057281827,0.2899811864684996,-1.3589330514211242
eat_bio,12,a8253011-aeba-4dc5-976d-747589d08931,p278_023_mic22.wav,NatureLM,,False,5.131664206673242,-0.49794570788522663,-1.8523432428084485
eat_bio,12,1293cd47-9853-4299-8887-04fd759ec354,214557.flac,iNaturalist,Amphibia,True,3.405310639120553,-0.6471715419306485,-0.8886748515908871
eat_bio,12,ab10bc86-469b-430b-b965-2871ca1ac7d0,YM1KvQp2NUq0.flac,WavCaps,,False,3.9364521243564554,-0.6141112796991984,-1.0615525291067982
eat_bio,12,2300faf5-a5a1-415a-9a63-5b3c676620d6,SSW_151_20170513_160021Z.019_007.wav,NatureLM,,False,3.2247693197853624,-0.6351281283084789,-0.840259194580756
eat_bio,12,f771d67a-807c-4ccc-889c-52ec3410553c,269541.flac,iNaturalist,Aves,True,3.5271646632764315,-0.5388045718677152,-0.9343862667582564
eat_bio,12,8756b40f-3d0e-4564-bbd3-7c1f25d22bee,651159.flac,iNaturalist,Aves,True,3.964575645501522,-0.47837099418272216,-1.0265121813876312
eat_bio,12,e8bb0aa3-403a-4067-9710-7430f5cc5024,2654_158744_000004_0000071.wav,NatureLM,,False,4.4445775250793,0.8007116398296128,-2.027423819644202
eat_bio,12,4edef489-cb27-4c03-9cb3-c895bdf8cfcd,84426.flac,WavCaps,,False,3.15236468309362,-0.631296450588612,-0.7391066805956599
eat_bio,12,52009b8f-bdf0-4108-b0f9-bd2c6ec8f900,241573.flac,iNaturalist,Aves,True,3.21211638132998,-0.4466525882279657,-0.9000774469875825
eat_bio,12,b6a69aa0-7c34-464e-b220-78787c6981ab,Y3BwlstxbnWc.wav,NatureLM,,False,3.5776409252883394,-0.6929439458907036,-0.9605128490403451
eat_bio,12,f511ce8c-4765-40fb-9c0b-15a9a81aab27,300754.flac,iNaturalist,Aves,True,3.694073895183913,-0.560084934628647,-1.0419867696568599
eat_bio,12,1a52c6b0-0b42-49cc-9129-0c5f72051ac5,2204_131732_000041_0000012.wav,NatureLM,,False,4.020899861870547,0.6593592695847079,-1.7825641940953152
eat_bio,12,c478a113-b56d-4473-bbf3-7b4d73aef7d0,98816.flac,iNaturalist,Aves,True,3.030089305792179,-0.5587300104509907,-0.7495478932845472
eat_bio,12,f4f45305-472d-4860-a969-bf0ce7e2923e,ICLISTENHF1251_20141203T103122.076Z_054.wav,NatureLM,,False,2.5805124620162796,-0.3680069301553349,-1.0423684058079628
eat_bio,12,dd80e013-1b6f-46c8-8d4b-120f83f37c95,40co0316_2.397_408a010z_-2.397.wav,NatureLM,,False,3.329860041045836,-0.6425021321089747,-0.8518646964546737
eat_bio,12,c5494864-94f2-4e0a-9a6d-fbe9a0765227,490788.flac,WavCaps,,False,3.2733030929709805,-0.4775033431587184,-1.2122131637655922
eat_bio,12,c3706938-d8d8-44b1-a8bd-aa6864d3da7f,184391.flac,iNaturalist,Aves,True,3.693508129608144,0.28290649081975255,-1.5280022531591642
eat_bio,12,f6d0d363-d291-419f-b412-da0737eb9469,235760.flac,iNaturalist,Aves,True,3.1502985454622103,0.1512048976705771,-0.729422671721811
eat_bio,12,28fb5f7c-13d7-4da7-b5c0-6b328dfc19c5,Turdus_merula_Tre_N0165_07_short.flac,Animal Sound Archive,Aves,True,3.4713112430554114,-0.712426017666424,-0.7515060563664012
eat_bio,12,439d715d-769c-40bb-bd18-70bd9163ee8d,SSW_227_20170701_200015Z.025_010.wav,NatureLM,,False,3.178577463555297,0.10433588992059342,-0.7645294209168745
eat_bio,12,c610ab73-a57b-429c-8430-cd1e7f0f4d6c,609353.flac,WavCaps,,False,3.906702625249385,-0.27768695142894506,-1.5491526683916659
eat_bio,12,76790e0b-a744-48d6-bc93-2757d8e14dba,keyboard_electronic_033-050-025.wav,NatureLM,,False,5.2936158223062355,1.3054830498710221,-2.3131993990618804
eat_bio,12,dc422392-cf30-433e-a7f8-2b025801a7f6,SSW_125_20170506_090007Z.056_007.wav,NatureLM,,False,3.097213371892432,-0.610243597410594,-0.7938108209446955
eat_bio,12,8907c5d9-aa7f-4a5c-bb11-5d6b184286ed,organ_electronic_034-054-127.wav,NatureLM,,False,3.4429827053183537,0.17653139007598698,-1.5980097396010193
eat_bio,12,6d6f7493-cc30-4b28-8496-f5773be60572,78007027.flac,Watkins,Mammalia,True,4.0150148452798335,0.6853380399423239,-1.004973473223549
eat_bio,12,ee783ab4-be88-4dfe-a4d0-3aaac85badc5,ICLISTENHF1251_20141202T011144.851Z_027.wav,NatureLM,,False,2.8823899095029497,-0.41073234394945196,-1.1675575404490652
eat_bio,12,0d0efb49-ae03-4f2e-bc0f-c651d9ce9c6a,p244_082_mic24.wav,NatureLM,,False,4.591318662413339,0.9935537256133896,-2.3752250298749136
eat_bio,12,7bca125f-ba28-4934-9681-fa5916444ee5,vocal_synthetic_005-076-050.wav,NatureLM,,False,4.083597263765961,0.005335903827003274,-1.6238946268167231
eat_bio,12,220b8cb1-f1e1-45bf-9267-a9973d9fb438,guitar_synthetic_008-092-100.wav,NatureLM,,False,4.9410382210423816,1.4061427334734948,-2.5645391344177453
eat_bio,12,bb721e59-ee82-466f-91d9-19d3586fdfda,ICLISTENHF1251_20140702T183216.535Z_035.wav,NatureLM,,False,2.574864517988385,-0.3282190467151117,-1.0521600882108542
eat_bio,12,f777a4d8-a73a-4218-8eaa-f1c8b9602384,reed_acoustic_003-034-100.wav,NatureLM,,False,3.0539248084750854,-0.320792891152194,-1.1596756070906822
eat_bio,12,06d39be0-bfce-4c0c-911b-e9c27ef76c76,ICLISTENHF1251_20140901T121408.411Z_018.wav,NatureLM,,False,2.9776753236348066,-0.4012921415175304,-1.2531163342036973
eat_bio,12,8bc5604b-86f2-4126-aafa-934bd8e56386,SSW_246_20170708_220025Z.018_007.wav,NatureLM,,False,3.1935145796000217,0.14614605334999556,-0.7280728591789649
eat_bio,12,5c4635a9-bbcb-4055-964e-e1a680f94e50,ICLISTENHF1251_20140702T183216.535Z_054.wav,NatureLM,,False,2.5269830572753342,-0.325516708988054,-1.028788778141097
eat_bio,12,a19b22fe-babd-46ad-a94b-fb5909db58e1,ICLISTENHF1251_20141004T035246.107Z_002.wav,NatureLM,,False,2.7582556651174692,-0.34494969960285016,-1.130199502543511
eat_bio,12,1a22ad44-2627-47b2-99f3-bb14e084abd1,37301.flac,WavCaps,,False,3.6675475253773437,0.5939599218325334,-1.7694351893239064
eat_bio,12,0c742eaa-2cd8-4877-86fe-82f3c03ad414,6696_73296_000017_0000003.wav,NatureLM,,False,4.413203891045676,0.3959148731913588,-2.1938949190882857
eat_bio,12,f0b0d77a-d521-40eb-91d2-80f715bc274d,vocal_synthetic_006-090-075.wav,NatureLM,,False,4.105518125540922,0.7163571134633276,-2.079601685091638
eat_bio,12,5443139d-7439-4066-8928-850b443c93e9,Y6GmoFefjuHw.wav,NatureLM,,False,4.425546428267415,-0.7589507044193406,-1.2774748294314426
eat_bio,12,e5f13262-458c-4221-8024-8c951f461322,guitar_electronic_037-044-127.wav,NatureLM,,False,3.7416622097205914,0.28861075331351055,-1.8395190033682451
eat_bio,12,b0a58bc9-8bde-4c3a-8a03-b77511bcfb67,4214_7146_000054_0000021.wav,NatureLM,,False,4.338142949176639,1.188854558961065,-2.13743706090086
eat_bio,12,b195ba59-7a66-436b-b9d7-277d58b90f8f,6608400N.flac,Watkins,Mammalia,True,3.720793187602151,-0.17405608648023974,-0.954532521275135
eat_bio,12,ba8f95cd-ce04-4060-b948-e0818a6e8999,bass_synthetic_008-055-127.wav,NatureLM,,False,2.799555395155987,-0.2901249598926231,-1.1173984809629045
eat_bio,12,56688b9f-09b2-41be-9708-f87b57fd7c3e,Panthera_tigris_S1423_03_short.flac,Animal Sound Archive,Mammalia,True,3.671090376304569,-0.7550669018198339,-0.9825407017641274
eat_bio,12,aa4a1377-c129-41d2-a6e3-1418dee8a958,SSW_114_20170429_180011Z.047_017.wav,NatureLM,,False,3.463800231119501,0.19888088459433176,-0.8412450155836049
eat_bio,12,d29c730a-30c4-4285-9c49-85b0ce36c05b,882_123267_000037_0000011.wav,NatureLM,,False,4.833090476405628,0.6623745315617112,-2.1632181008585274
eat_bio,12,811f1467-3a96-402f-91b7-9b20956669a7,5601700A.flac,Watkins,Mammalia,True,4.4185648358823,0.6587178615781427,-1.398058275344777
eat_bio,12,7ca1f2b1-76b2-4493-9470-b763c1a6f099,guitar_electronic_014-050-075.wav,NatureLM,,False,4.032096773569438,0.3459014194911355,-1.7618653147888153
eat_bio,12,6b95a6c1-5c50-4060-938d-0d24bbc7f9bf,p288_356_mic12.wav,NatureLM,,False,4.430685729270272,-0.3257149306838711,-1.9027149175743783
eat_bio,12,f466d0cb-9598-4122-86c6-97f876e8ec94,444c020l_0.75853_22go010b_-0.75853.wav,NatureLM,,False,3.10312260758292,-0.5924260494369502,-0.7781846813005796
eat_bio,12,f0210edb-302b-4538-b9c5-39be5c0c1c9e,Yzat8mWJSJjo.flac,WavCaps,,False,4.149466657739364,-0.7263063540735243,-1.2088380030635453
eat_bio,12,b0dc3b3a-53ea-40dc-9f22-c657e4eb4629,SSW_021_20170304_110008Z.045_009.wav,NatureLM,,False,2.6821375550806423,-0.4947703340888816,-0.671368067623301
eat_bio,12,29bbc1a7-a86c-4e1b-92b0-409d0f220895,209a010i_0.056719_40gc020o_-0.056719.wav,NatureLM,,False,3.3598208923087602,-0.3028769444005046,-0.9146566873764644
eat_bio,12,6728d88a-5871-4171-a98a-0bfe4dab821d,brass_acoustic_001-037-100.wav,NatureLM,,False,3.4797684254503425,-0.29809011147442527,-1.302771898574834
eat_bio,12,a8bc19d5-57d6-42d9-95ff-9335d32c0b68,bass_synthetic_106-087-127.wav,NatureLM,,False,4.667256206315038,1.0955007127700873,-2.225994911226973
eat_bio,12,d4af2244-e48e-40cd-803e-a0e001d3bf19,YP7WjiBsM5rU.flac,WavCaps,,False,4.231064784069665,-0.6731261615720504,-1.3102051813390807
eat_bio,12,46b4375d-7993-477a-adfc-315e1eab1617,Fringilla_coelebs_Tre_N0067_06_short.flac,Animal Sound Archive,Aves,True,3.4680910560497296,-0.6608601851499486,-0.846665114280474
eat_bio,12,e4a1ea08-a1ba-4abb-b487-8c4a1f8fe9cd,348629.flac,WavCaps,,False,4.097879554776454,-0.1638657256904719,-1.7485749322251507
eat_bio,12,99613f62-eff5-46ae-8b4e-e9ed7d9e9b33,Y2IP8siC6ID0.flac,WavCaps,,False,3.4231953677199587,-0.5804292097314556,-0.9045441133824471
eat_bio,12,41fcdf68-9418-468c-842d-73340980ab31,369274.flac,WavCaps,,False,3.4112013666404373,0.31023356314300343,-1.5005834242860119
eat_bio,12,ce979d4c-5bd0-4bb2-b7c4-5574e2c906b8,222523.flac,WavCaps,,False,4.493452153924267,-0.0438881306320133,-1.609855148657565
eat_bio,12,c6c6f5e7-649b-4254-b411-59319ca8461c,Y8oiyVt6-erA.flac,WavCaps,,False,4.252949187931607,-0.7117901840413647,-1.1755579425689564
eat_bio,12,f6060001-2a4f-4e41-8e24-0aa5b2091834,7900500U.flac,Watkins,Mammalia,True,3.8725606955707175,0.7946799486282787,-0.743370959485916
eat_bio,12,e6d6174d-1753-4cee-bbba-95ff4a6895d9,57026077.flac,Watkins,Mammalia,True,3.682960268149472,0.1931585144055082,-0.9739667267296944
eat_bio,12,8c41264b-bfd3-4c78-aee7-2c5af4087171,Cuculus_canorus_CoMC0004_10_short.flac,Animal Sound Archive,Aves,True,4.061528547954189,0.08815981877859458,-1.0439968108218416
eat_bio,12,bc1ce63c-8a71-48d4-accb-d4e737357b5c,98681.flac,WavCaps,,False,3.5361973910921676,-0.6983268298399915,-0.8897005780613092
eat_bio,12,dfafbd62-794b-4311-9e5c-97ab3b52d596,351293.flac,WavCaps,,False,3.9647318878777527,-0.7370541764582972,-1.1333295710344669
eat_bio,12,f2cf73c8-1dd2-46c6-88e1-ab9b06bfa3e0,16109.flac,WavCaps,,False,2.8399401282498333,-0.5646127956632947,-0.6794446493060287
eat_bio,12,341af722-536d-4a37-a23c-9ecb7ba8fa5e,YvMU7ZKY2Eso.flac,WavCaps,,False,4.668079527751188,-0.8418473667333881,-1.4045674545644746
eat_bio,12,83008977-cdd0-4edb-879d-d83b0f8265b2,YqdexSzEvG74.flac,WavCaps,,False,2.8825121615541036,-0.5688346969444223,-0.9081575193029171
eat_bio,12,2b4b5861-d4e4-4146-aa3e-40877b57dbbb,192431.flac,WavCaps,,False,3.9946973037834344,-0.7547473378652605,-1.1124593670636305
eat_bio,12,b1ddbe75-ce05-4bdf-b471-3a3a4cd90dbe,Turdus_viscivorus_Kr0047_01_short.flac,Animal Sound Archive,Aves,True,3.7540554337026815,-0.7057812417136198,-0.94288846893524
eat_bio,12,ba14f3f1-9bbc-49e1-b02d-ecbef92ea69e,7100101Y.flac,Watkins,Mammalia,True,3.068011533706213,0.3058937066334395,-0.5757841044689129
eat_bio,12,6842bdb1-82ce-4b3f-a569-2873f8c02462,7501201J.flac,Watkins,Mammalia,True,3.2000259229362933,0.38654979718990634,-0.7191335733324095
eat_bio,12,58e4e64e-6933-424d-9672-339d8858c748,578363.flac,WavCaps,,False,3.1451666043939634,0.027235182791073786,-1.26460734846313
eat_bio,12,b7b307ab-8046-4718-b84e-8afc0fab5c4c,415265.flac,WavCaps,,False,4.259292623681425,0.7083489698930925,-1.9467071002196552
eat_bio,12,603159b1-71e0-41ba-a851-7550142042e1,583282.flac,WavCaps,,False,3.8908688775572937,-0.5203654930007358,-1.4576905714250104
eat_bio,12,2c6743e0-1f2b-4301-b342-a51dda940a2f,Fringilla_coelebs_CoMC0006_05_short.flac,Animal Sound Archive,Aves,True,3.0695741380603803,-0.6169279718146847,-0.6964547704650882
eat_bio,12,c0583b5c-c4f6-4f86-811f-be7d6b36a7fc,61022007.flac,Watkins,Mammalia,True,4.048336910692907,0.4673372605957029,-1.1933767841854825
eat_bio,12,addd98ad-4c9e-4346-b94e-d7acba62b818,Y_fKTbfYFQKM.flac,WavCaps,,False,4.409051727655454,-0.49087913580235304,-1.2533882188422545
eat_bio,12,ede654af-061a-4fde-a37d-2e7aeca6f38b,61064003.flac,Watkins,Mammalia,True,3.5022784090235803,0.5465872881141961,-1.7940746387739162
eat_bio,12,4e6fa367-6aa5-4c59-8604-3606a781c2ee,6102102E.flac,Watkins,Mammalia,True,4.098347007615758,1.0349401448092261,-0.9482209179448574
eat_bio,12,1746e44f-cf83-42ae-9b7d-9172738f6454,94009001.flac,Watkins,Mammalia,True,3.652610433230151,0.6593430692757251,-0.7622142848065202
eat_bio,12,360b140a-467d-4a79-ad1b-47b5e696c804,Y7MJJ3L1t2b0.flac,WavCaps,,False,3.3031265465096658,-0.6032435894794284,-1.0179714351176163
eat_bio,12,67a7e886-69c4-43a1-8efd-17f57760fdde,8002001I.flac,Watkins,Mammalia,True,4.0592269062188455,0.49526365856536353,-1.0473819464719545
eat_bio,12,7a8d6c21-70f8-4648-9e73-0f9cbd980110,9230200N.flac,Watkins,Mammalia,True,4.090949931385774,-0.5563572916015223,-1.0829185452602743
eat_bio,12,2fb629a3-99cd-4de4-9249-9e60c314b819,70025008.flac,Watkins,Mammalia,True,4.442810068374508,0.5671582384966978,-1.2937294331617781
eat_bio,12,955301c0-f6fa-431a-b3a4-1cd68f0765a5,6400500M.flac,Watkins,Mammalia,True,3.883258084301211,0.5915571561143863,-1.0621233704220068
eat_bio,12,eaf07a39-41f7-4b05-aab0-5d17bf6f8486,331701.flac,WavCaps,,False,3.8358363744487187,-0.13892171454537006,-1.1290451452610808
eat_bio,12,0d3a7844-9043-41b3-b223-2d5feddd119b,Turdus_merula_Co0046_02_short.flac,Animal Sound Archive,Aves,True,3.7947381331427374,-0.6359639148652696,-0.9834181701413269
eat_bio,12,5abe6f6c-25e8-4626-a96b-ac32b84dcb36,166902.flac,WavCaps,,False,3.4747945605362234,0.3185445689952095,-1.6745475492446085
eat_bio,12,0c699e26-b423-470e-8fb8-b6dfd69d1312,587777.flac,WavCaps,,False,4.178882947348647,-0.053133553442063,-1.3455489251312154
eat_bio,12,d77eb5be-0fe0-4f49-be3b-3d38e589ebcb,189216.flac,WavCaps,,False,3.9368182549124167,-0.12122238530527205,-1.2239187934872404
eat_bio,12,f1316d54-d38f-4ba1-bac8-a6a0bb9e9dc5,613097.flac,WavCaps,,False,4.893681340499416,1.0872980878611511,-1.965201512627334
eat_bio,12,21bd08a0-fe5a-4c52-a6aa-2c8d9e9494cc,Anthus_trivialis_Co0099_03_short.flac,Animal Sound Archive,Aves,True,3.63764385746439,-0.43831992016481924,-1.035602993837543
eat_bio,12,34b24319-dd43-4d26-9f62-89a81a6aa5c5,643611.flac,WavCaps,,False,4.3940603511722225,0.763676264008074,-1.9334413633150418
eat_bio,12,10d849db-1f13-49f0-bd31-18bfe1078ff5,6400504E.flac,Watkins,Mammalia,True,3.982102293581492,-0.7242184582835269,-1.080799641738604
eat_bio,12,317d215c-8f3e-4dcf-b792-7faadee5e3cb,07010175.flac,WavCaps,,False,3.816098796263587,-0.6748590276013648,-1.0393518327175821
eat_bio,12,62462589-ea0c-4392-8245-43d9e71c317a,568042.flac,WavCaps,,False,4.849550250761049,1.0440117692814683,-1.7501495862348517
eat_bio,12,6dc17cd6-aaa2-4d7d-ad20-251e755ab8ba,YkCEXTnIJwTY.flac,WavCaps,,False,3.6778409326579027,-0.6680290971509775,-0.9531731137959281
eat_bio,12,49b7ec12-b689-468a-8936-e1ed7e5df334,348266.flac,WavCaps,,False,3.9982398051056767,-0.8175789740123243,-1.006261318061526
eat_bio,12,6b879f0c-009f-4857-a277-213484450959,60026035.flac,Watkins,Mammalia,True,3.4278029315350724,-0.24191372588726626,-0.806750852482643
eat_bio,12,79041ed9-600d-4c51-a69b-036c29591f23,7100101E.flac,Watkins,Mammalia,True,3.1628051467914293,0.08118931408632199,-0.6505366486511208
eat_bio,12,2476dede-5a2b-4218-bc14-85e32343248b,YcbYZQRz09bc.flac,WavCaps,,False,3.1850582776405942,-0.6298363741492993,-0.9069016312312093
eat_bio,12,eb10f2e6-5813-4711-a733-93643d9e5ee3,97769008.flac,Watkins,Mammalia,True,3.3422133035360306,0.41547220792551637,-1.1281880910672109
eat_bio,12,8ecc4d79-20a5-404d-b8f3-82e18963ba92,66091007.flac,Watkins,Mammalia,True,4.3122871947455215,0.39093600729790584,-1.2080364528946335
eat_bio,12,c1d6affa-7d4b-447a-a5be-e60126aea021,457617.flac,WavCaps,,False,3.5124610960203606,-0.6421016525228226,-0.859329483239335
eat_bio,12,7a593dae-8614-49bf-bd6b-2da696a11908,615913.flac,WavCaps,,False,4.475072149119232,0.08090655207085723,-1.6064470861776463
eat_bio,12,8b2034c7-8d72-4a23-9d87-ab5ac194320f,9776100T.flac,Watkins,Mammalia,True,4.398017986860737,1.1539201678141686,-1.6550949077347035
eat_bio,12,29da94d6-f609-4c27-b0d1-25c256c1a5a3,91010025.flac,Watkins,Mammalia,True,4.099586810348657,-0.7257073502934733,-1.0987518848893827
eat_bio,12,dff3bdef-5e3d-482f-aeaa-d946ea04f5b4,YGPZhcnRhI-I.flac,WavCaps,,False,3.945031625043152,-0.8058332459941298,-0.9996826045054226
eat_bio,12,b3260e59-56ec-4753-bc23-c5745b827b81,Garrulus_glandarius_DIG0172_09_short.flac,Animal Sound Archive,Aves,True,3.3350646931359234,-0.6115552864742593,-0.7643201740041755
eat_bio,12,b530fe98-7246-4668-9fe3-7b60e81b2b3a,8800505C.flac,Watkins,Mammalia,True,3.655804402482863,-0.12017002493046783,-1.0322024459596644
eat_bio,12,80d7d06d-657f-4081-9d73-82283223ef6d,94008050.flac,Watkins,Mammalia,True,3.4300050220297624,0.5926810721019639,-0.6628436734774179
eat_bio,12,e5a898e9-0ef6-41ff-b708-fd8070201206,8303501T.flac,Watkins,Mammalia,True,3.761382925266666,0.19769479009814733,-0.9752733682010918
eat_bio,12,001c3789-ff70-4c1f-97d7-b062a60fd962,8353.flac,WavCaps,,False,3.20659377002462,-0.390665074266461,-0.9647661450025768
eat_bio,12,c874c13f-9022-4835-81c1-5c6feeb0cf28,66807.flac,WavCaps,,False,3.4000206744676635,0.10597380635167697,-1.3317635620718742
eat_bio,12,4cb81bda-57a7-4289-979a-e57d43be08c6,456855.flac,WavCaps,,False,4.235377757811116,-0.6800563390547085,-1.3142698441910454
eat_bio,12,728f8fc5-1e66-405d-862a-b29fe12a7b89,Sylvia_curruca_DIG0145_10_short.flac,Animal Sound Archive,Aves,True,3.984608335827388,-0.18120157655126304,-1.141480992807309
eat_bio,12,5d597ac2-d173-4861-996c-b45ff61e0ca2,220619.flac,WavCaps,,False,4.077263509720783,0.6988675367655971,-1.708859925828773
eat_bio,12,7caca538-5ed9-48f0-ab2d-f53920567e34,86008029.flac,Watkins,Mammalia,True,4.209580998394865,0.7292100264615831,-0.9514410858557966
eat_bio,12,158d4590-4027-4935-9bba-4a5283219054,148760.flac,WavCaps,,False,3.171739327238067,-0.5537856593766005,-0.9491634699742131
eat_bio,12,428c3c18-b3d3-4ded-bbc4-3c8c981f4c79,575785.flac,WavCaps,,False,4.3182901421070605,0.09122427940123937,-1.6071094426132788
eat_bio,12,c8605f4f-0f8c-4c8f-b072-546af742042f,507771.flac,WavCaps,,False,4.577487256801871,0.5180964800136263,-1.845380568027431
eat_bio,12,7856c895-b7b4-447c-99f6-94a7f867b293,270384.flac,WavCaps,,False,4.575871822118959,0.2781545110274705,-1.926531039743843
eat_bio,12,d1f2999a-36d6-4408-8316-7cddc8ba1a54,YV5HhpNIiAJk.flac,WavCaps,,False,4.102571877925815,-0.5895276548167512,-1.2047449539187234
eat_bio,12,85c2f34f-234b-4888-92a7-f6fca3f807df,342211.flac,WavCaps,,False,3.078155179111425,-0.6544170396095372,-0.6878513612989456
eat_bio,12,8a2d83ae-485c-480a-99a2-01a00f830ca1,Ya46fFNSxAXU.flac,WavCaps,,False,3.6811553469468943,-0.7829723920988246,-0.9757635224075927
eat_bio,12,9452ad5b-ac41-4a30-afe7-3a8eef57d137,30814.flac,WavCaps,,False,3.516624644420897,-0.7011900078077675,-1.02244753795447
eat_bio,12,bde9fe04-75f8-48a2-b048-9be0b5dbbddd,41731.flac,WavCaps,,False,4.008885617024277,0.08499615103459551,-1.7662041752387663
eat_bio,12,1b90b0b0-b80c-453c-b541-20ae49a6f022,5801801D.flac,Watkins,Mammalia,True,3.9881101975956836,-0.3222248162299758,-0.9912156503558384
eat_bio,12,99213f38-7400-448c-9f64-4a687d0037ef,7700600F.flac,Watkins,Mammalia,True,3.6115529572922442,0.6642769695863908,-1.4334677545116619
eat_bio,12,04cfef8f-4a40-4d48-bd98-cbc0771658b0,322546.flac,WavCaps,,False,4.0404641027441075,0.06633469139002862,-1.2950443443942308
eat_bio,12,381b3671-fa9f-4cc9-b6ee-e98b76664620,Y7ojteAGwjaA.flac,WavCaps,,False,3.7289258232813216,-0.6811899644349007,-0.9975693498373956
eat_bio,12,ab8c15c5-0118-4e34-adcd-2c13197609ad,YuiwqKoIiykA.flac,WavCaps,,False,3.3772387039068574,-0.6707776880334095,-0.9890355972392698
eat_bio,12,de0e29f9-bf9a-4a7a-978d-5a6c19bba1ab,Y8fMnn6coUhQ.flac,WavCaps,,False,3.9469478189714278,-0.6338344010478179,-1.130519035553568
eat_bio,12,29a9b322-8b29-454a-a2c2-e527a19063e0,YfXcm7AaOp_8.flac,WavCaps,,False,3.964961203933083,-0.7442692596203073,-1.207996327894056
eat_bio,12,7124506c-9392-4b69-9cf9-a7dd620a311d,9400806F.flac,Watkins,Mammalia,True,3.376901093618074,0.6315608947364867,-0.680304441158425
eat_bio,12,50016737-7c8a-49d0-8ea9-3c9bb3e39007,207687.flac,WavCaps,,False,4.325031312772529,-0.777356913449107,-1.1981165049090976
eat_bio,12,6bffd177-4827-42f4-9690-fa6dc57646ee,79040003.flac,Watkins,Mammalia,True,3.9577206564674894,-0.7359437432143077,-1.1453886969083569
eat_bio,12,2cbe148e-f24a-4e6f-830e-341ba4e4a0ed,168681.flac,WavCaps,,False,4.104863904533498,-0.3023918836518631,-1.0646400300540018
eat_bio,12,74fad971-8614-4838-b32f-0253b26d260f,75003011.flac,Watkins,Mammalia,True,4.038475036170773,0.5775268640022783,-0.964422050923243
eat_bio,12,2fe68e99-4633-4eb1-be9f-c9e3600b1977,Sylvia_atricapilla_CoMC0018_21_short.flac,Animal Sound Archive,Aves,True,3.9830708288488337,-0.405155836817313,-1.1055774707967627
eat_bio,12,92c769b5-e035-48f6-83da-457810d37445,615348.flac,WavCaps,,False,5.0623335573832,-0.7301062827490928,-1.7168918903102377
eat_bio,12,4617b5a8-a226-4662-b005-5eaa24eb43c3,9500300I.flac,Watkins,Mammalia,True,4.117334715199052,0.6447455704085164,-1.0652800242813414
eat_bio,12,029aeed5-40a1-4728-bdb0-c328c4fa78fa,87003005.flac,Watkins,Mammalia,True,3.6418193694833487,0.3317013943380985,-0.8786918445634199
eat_bio,12,c28e91d9-2870-4611-b52e-32d7b7e611cf,Carduelis_carduelis_PF00656_short.flac,Animal Sound Archive,Aves,True,3.571584541678223,-0.7155448892662459,-0.877109987150262
eat_bio,12,e1502208-c3f6-4ddd-b74f-16743dde4b5a,Cervus_elaphus_S1329_07_short.flac,Animal Sound Archive,Mammalia,True,4.297524896961671,-0.5938341964760228,-1.3206619017849226
eat_bio,12,3eb8700d-deaf-4236-b9c6-ed546b74a1ac,431818.flac,WavCaps,,False,4.2598477532690735,-0.4335185293588574,-1.631085902494459
eat_bio,12,6f080f55-6198-461a-851c-e725bd9a49ab,7703501T.flac,Watkins,Mammalia,True,3.35292366113084,0.4285059273010073,-0.6369721685908827
eat_bio,12,ceda174c-4f87-42a3-957b-9b1b3c522b15,395777.flac,WavCaps,,False,3.2675097321404634,-0.635070331616947,-0.6841939049695229
eat_bio,12,c8bc412b-e406-4263-9aaa-4bb641db0f2e,YDxptko9c9pQ.flac,WavCaps,,False,4.4421541069397845,-0.6654898106940142,-1.3271651579027333
eat_bio,12,681d70f5-83ed-4826-8e82-a4e46abc0606,Turdus_merula_Tre_N0009_05_short.flac,Animal Sound Archive,Aves,True,3.334376223609171,-0.6542650525197105,-0.761462385840876
eat_bio,12,eddd07e8-cb3b-4cfc-8cc6-ac958a5a05e9,75012037.flac,Watkins,Mammalia,True,3.1998378865563786,0.2685060332748329,-0.7620560225033652
eat_bio,12,12eb602b-9d55-478e-a006-9818b078a942,9320100X.flac,Watkins,Mammalia,True,3.7827097488857926,-0.12538771489035896,-1.3195465107480215
eat_bio,12,2825e212-a3f1-438a-8ccf-fa1238a7cd4f,396665.flac,WavCaps,,False,2.665145621492626,-0.6047501913226674,-0.5568655715621157
eat_bio,12,c2c02eb7-8ecf-45dc-afa7-de86d9471e5a,114604.flac,WavCaps,,False,4.2547835958814915,-0.4682624596138241,-1.3890550917663123
eat_bio,12,43f2653f-f5fe-4ac6-8da5-a0adf649c58f,516056.flac,WavCaps,,False,2.8267566457502045,-0.5793932700614917,-0.6551175006089867
eat_bio,12,58d7483b-26c6-4ba7-8443-8bb7da8a48b6,58014023.flac,Watkins,Mammalia,True,3.470815498804743,0.4055184740080482,-0.7205616928013489
eat_bio,12,4a83a403-767f-4704-ad86-4de96fde1cf8,273996.flac,WavCaps,,False,4.563313378517237,0.061136463862756535,-1.8275768925934297
eat_bio,12,5dde818c-06e5-428e-87a2-796c7c12d177,95706.flac,WavCaps,,False,3.457211958625448,-0.6202080530525564,-0.9152114779407282
eat_bio,12,83519e91-d36c-450c-a1ef-81fb0d84be7a,97767008.flac,Watkins,Mammalia,True,3.928250704272443,0.4384601155729302,-1.0408131449828562
eat_bio,12,30f12a77-e10d-46a0-aad9-82fc21de3ded,YBw_M2cdLIN8.flac,WavCaps,,False,4.106477943194905,-0.6957782811284647,-1.221106034982726
eat_bio,12,be261345-80b0-47bd-adce-81706f310468,9220100L.flac,Watkins,Mammalia,True,3.417956189803007,0.577417440139291,-1.1283886308465774
eat_bio,12,d1e9b24b-6be9-45cf-87f3-3235f2c09b97,7100801A.flac,Watkins,Mammalia,True,3.1524960743038934,0.3201287724364298,-0.6590580463911466
eat_bio,12,93ee8aaf-1a68-44ea-8984-f77e1da1f0eb,441988.flac,WavCaps,,False,3.1780538094196453,-0.6244510059883563,-0.8374283079362123
eat_bio,12,be26c277-712a-4928-b62a-f1ad152919b0,8501206M.flac,Watkins,Mammalia,True,3.8724750202919545,0.38532024275688465,-0.7543371685578832
eat_bio,12,435b7e86-bb17-4054-b7f0-d71148818b65,Y6CG4tvk9PN0.flac,WavCaps,,False,3.84038990348277,-0.6680520784394792,-1.0989135919794741
eat_bio,12,dd604f70-ca6c-4bd8-8846-f0daf2911753,Y6LNlyOH7dIY.flac,WavCaps,,False,4.339579986741534,-0.6589080366503678,-1.2873758028579407
eat_bio,12,3e46fc4f-67a1-491b-a1ac-7b2278f3e7fc,Acrocephalus_scirpaceus_DIG0161_58_short.flac,Animal Sound Archive,Aves,True,4.009499282635632,-0.7296325599073004,-1.0917505556947333
eat_bio,12,07db07b0-ad92-4e0e-929f-f39c70a475f4,580488.flac,WavCaps,,False,3.939786470317543,-0.7787508114805357,-1.0625190534415978
eat_bio,12,43436410-0b57-4460-b21c-8938a2a17c38,587142.flac,WavCaps,,False,3.772227424108853,-0.7483562153335841,-1.0053454350676898
eat_bio,12,d92bea55-71e6-4a39-8874-cb663e3442b4,859.flac,WavCaps,,False,4.04517643364358,0.18961758088802394,-1.6330431229683566
eat_bio,12,0b3c4edd-0b4d-4d9e-a80f-bded96d02348,Y2A9cNdvHr3w.flac,WavCaps,,False,3.789924176147042,-0.6933580883963133,-1.073353450192855
eat_bio,12,f1bd35c5-1251-4f81-823d-7ebc25b3b167,Neofelis_nebulosa_S0247_01_short.flac,Animal Sound Archive,Mammalia,True,4.1148970434783925,-0.6250666455670784,-1.0481135003193263
eat_bio,12,5e0a04c0-0697-40ed-9589-86f134f540f7,539809.flac,WavCaps,,False,3.5725587881382417,-0.6638797142448793,-0.8964941286028077
eat_bio,12,7ca89421-38e9-45eb-b79a-1676162963f8,YjVGeXnDCiws.flac,WavCaps,,False,4.747066648110431,-0.9045461449392901,-1.3764803934468368
eat_bio,12,b685cd3f-362a-42e8-bfb7-5d4e2aded2f1,Y1ILADUzj-M0.flac,WavCaps,,False,4.283400775696439,-0.6644113985556934,-1.2832322323193914
eat_bio,12,df5a0d4f-43e1-4545-86f4-be32f1372790,YHOtQseh7MIM.flac,WavCaps,,False,4.054260885981551,-0.7075808280752991,-1.2192110902010855
eat_bio,12,7db7cab8-2351-40a0-8622-3f96bef6287d,Turdus_merula_Tre_N0119_10_short.flac,Animal Sound Archive,Aves,True,3.079867551914883,-0.5900109384372889,-0.6658030500828488
eat_bio,12,a9546f54-1df9-44f4-b38f-d4e47cedb800,07043290.flac,WavCaps,,False,4.068725971483861,-0.0012120569055951158,-1.6676318375768218
eat_bio,12,a8685ce4-7100-4e8d-aefa-2078a1383694,393180.flac,WavCaps,,False,4.079283408350584,-0.008252777303700831,-1.4200040823430327
eat_bio,12,74bd235b-aa72-4d69-8b8b-7cee91fc12d7,72007015.flac,Watkins,Mammalia,True,3.802842340770134,0.38081022652344454,-0.9901779606949652
eat_bio,12,9e514d40-77bc-4eb9-b079-94d7837be251,360649.flac,WavCaps,,False,4.023124258689996,-0.6280103893338522,-1.2963726611627928
eat_bio,12,cc585b0f-2f72-42ab-8d73-f0e3a4c233e5,9400901S.flac,Watkins,Mammalia,True,3.5792208647450683,0.44869225572912946,-0.6778240057785775
eat_bio,12,9fe9049f-3b3d-4f99-9b2e-14d1b2f792d0,YhsmrvZEc_uw.flac,WavCaps,,False,4.721185800229348,-0.7961984948345825,-1.4934871703655124
eat_bio,12,ef83a0de-3f8b-4457-a334-4a425d70be7b,YGtodrvgjyj0.flac,WavCaps,,False,3.8785667792806082,-0.6162318280569894,-1.1420985429869641
eat_bio,12,505234a4-4b26-41cf-be2a-4b4d9d9d846a,469126.flac,WavCaps,,False,3.1441937356596035,-0.6995715400412333,-0.7529885007178128
eat_bio,12,3d3e1887-fc18-4e70-a41e-8ce5b68305d8,63005001.flac,Watkins,Mammalia,True,3.993957580869654,0.43450321148499343,-0.8413895233991437
eat_bio,12,882cd8ad-9001-4ca0-b021-ae74d7aab5a7,7900400L.flac,Watkins,Mammalia,True,3.395167828646526,0.2031951506459636,-0.7252336923492978
eat_bio,12,d11f1efe-91c5-43a3-991d-bc056976381d,7500303T.flac,Watkins,Mammalia,True,4.701702214870358,-0.3515809955292103,-1.3109948196654184
eat_bio,12,c0962a0a-1409-400d-bffb-9bb6e196051a,8600801Q.flac,Watkins,Mammalia,True,4.327114487234751,0.41275205240031687,-1.078991415457988
eat_bio,12,8cfe20d9-2b50-4ffa-841b-eb40ff919dbf,Fringilla_coelebs_Co0062_07_short.flac,Animal Sound Archive,Aves,True,3.7783068689623116,-0.5276437376956709,-1.0223830918919083
eat_bio,12,e3048473-cd5d-4ce2-9660-f4f6e0515e0d,6102204S.flac,Watkins,Mammalia,True,3.740949104622503,0.23520372383167942,-1.1481455285978606
eat_bio,12,ff5e3f46-ae1d-4ac0-8b4f-5be1adcf3e0b,79040007.flac,Watkins,Mammalia,True,3.835409867350537,0.45482509085559614,-1.3379039311790244
eat_bio,12,58c0f7cb-8dd8-4f84-bfc1-06b858c224dd,Equus_zebra_S0953_04_short.flac,Animal Sound Archive,Mammalia,True,4.185745530483829,-0.3657721597416839,-1.1463786559817615
eat_bio,12,70a388bb-71e3-41fd-8632-284cfb15fe4c,88006029.flac,Watkins,Mammalia,True,3.8815277643759805,0.36746430663942514,-0.9663501912917347
eat_bio,12,ff71a46a-4a12-44ba-a40b-47f08660dba7,61053003.flac,Watkins,Mammalia,True,4.265979329009282,0.6839618199792329,-2.158529649066832
eat_bio,12,cd1593b5-8364-4ada-9e89-a284f3c63548,9769200H.flac,Watkins,Mammalia,True,4.178798517597397,0.8455933102476136,-0.9141407227464178
eat_bio,12,9e2a87e5-2e7c-4334-94ea-7746d2b45433,66091006.flac,Watkins,Mammalia,True,4.136785921006061,0.4128966114440127,-1.1702559000912622
eat_bio,12,35601063-e03d-4668-a80d-c7f53b5fe230,9101200G.flac,Watkins,Mammalia,True,3.7452815044607974,0.40034599691305783,-0.7565750771832298
eat_bio,12,9db5c2bc-ca9b-4b61-8a85-4c8ebc01f24e,7700800A.flac,Watkins,Mammalia,True,3.3936981747266484,0.7632921875659431,-1.5431784606415622
eat_bio,12,a0d76e86-2da8-407d-bad7-7b1a48178285,94008055.flac,Watkins,Mammalia,True,3.0294978305040545,0.35587937215321414,-0.5609298496679858
eat_bio,12,9ec4f6a7-7afa-4052-a7b9-2c6171619646,75001010.flac,Watkins,Mammalia,True,3.3978684057575386,0.5181985903998655,-0.7172508962396004
eat_bio,12,f8f940fe-9cd3-41c3-a0d0-0c8f0b5f677a,Anthus_trivialis_Co0088_01_short.flac,Animal Sound Archive,Aves,True,3.633504380818965,-0.6171733570511905,-0.9256269789858074
eat_bio,12,b1b82430-988c-4b1b-b442-4cdb17d5bb6b,6403100G.flac,Watkins,Mammalia,True,4.166217032596413,0.39914813814594,-1.306065768865737
eat_bio,12,b1e2de20-3eab-47b3-9d2d-6c6b9c0d5e80,9002708R.flac,Watkins,Mammalia,True,3.1150133705983385,0.13609051905168132,-0.8297560931797614
eat_bio,12,f65ebf13-eb73-4fef-b10c-1e0763b14dbc,60026041.flac,Watkins,Mammalia,True,4.1700939526279015,0.5980086762406789,-0.8626133416566084
eat_bio,12,f1dcdae1-9a77-4c65-bf6d-9468dfa301a9,79005004.flac,Watkins,Mammalia,True,3.458972914078598,0.6459130357368084,-1.4877000508851728
eat_bio,12,72e8c01f-385e-40fe-a645-c400d2489a71,97750003.flac,Watkins,Mammalia,True,3.5885045109659375,0.6600586277848797,-1.1214075170389521
eat_bio,12,2cb01763-57e1-4a0e-b795-eae75656a8b1,5702606N.flac,Watkins,Mammalia,True,3.736004389692347,0.45579883464877996,-0.886040591859761
eat_bio,12,41d48329-93ff-404a-8678-151bf3fbb2f0,9101203S.flac,Watkins,Mammalia,True,3.4382681563165143,0.6315269698576599,-0.7853494167334877
eat_bio,12,78be6796-a469-4ddd-be22-2f4b3e8c1601,56018004.flac,Watkins,Mammalia,True,3.7542620743163653,0.28888838405563766,-1.1315412493241284
eat_bio,12,91c2ef47-bd41-4124-945f-8647f2de5788,Fringilla_coelebs_CoMC0004_20_short.flac,Animal Sound Archive,Aves,True,3.245801693536707,-0.5999924426396188,-0.719807625435311
eat_bio,12,a4612c62-b694-4d48-95ea-d4a99b390271,88006019.flac,Watkins,Mammalia,True,3.47605731591039,0.13530174723895727,-1.028216620041389
eat_bio,12,65b49b46-ca07-4eca-9386-d47651d297ee,8600801X.flac,Watkins,Mammalia,True,4.260533739146297,0.3654746537869496,-1.0454631697417136
eat_bio,12,6ac3006f-49e7-4d86-9c9b-6c16b3412a8f,8501201S.flac,Watkins,Mammalia,True,3.9598945685642644,0.6180006337949886,-0.8754488000860843
eat_bio,12,bebd1a1c-0365-48b5-8c74-c1e3f5dae00b,Turdus_merula_Tre_N0101_12_short.flac,Animal Sound Archive,Aves,True,3.681204133728478,-0.7479873224439282,-0.9029001089015459
eat_bio,12,ac0c5ba6-d022-478e-83aa-cd979038f6ce,97781001.flac,Watkins,Mammalia,True,3.6014489286880145,0.734542895873611,-1.1796043323544083
eat_bio,12,13145736-ff9f-48ba-901e-eeb040a16495,64055003.flac,Watkins,Mammalia,True,4.228004769756005,0.6911693233875438,-1.0514660615433091
eat_bio,12,4b0cb268-dc0a-4aec-8442-00984f21edeb,7500305J.flac,Watkins,Mammalia,True,4.092332116056498,0.692789344101451,-1.0451854248676953
eat_bio,12,decbbb99-a8a1-4148-9988-206b6baf183e,5801801M.flac,Watkins,Mammalia,True,3.7480437653789895,-0.5991972742767304,-0.9611448271941728
eat_bio,12,094e5fd7-f551-496b-811d-f649ad51034c,9776101U.flac,Watkins,Mammalia,True,3.8794458130811895,0.8362232054169779,-1.1205077402816617
eat_bio,12,7611bc32-7e8b-4c6b-beea-38b18ea4ea2c,97766002.flac,Watkins,Mammalia,True,3.9679057553646704,0.6321003406177284,-1.1742144466153486
eat_bio,12,127d8bc5-ca53-4b42-88fb-677e4e7a3687,9100402F.flac,Watkins,Mammalia,True,3.5536113257785424,0.17731524126464981,-0.9590023107198183
eat_bio,12,c82e8a21-181d-451c-a9c4-61b569278c5e,Fringilla_coelebs_Tre_N0067_08_short.flac,Animal Sound Archive,Aves,True,3.2420759251851408,-0.6273912775011801,-0.744654567182075
eat_bio,12,9421a52e-94f1-4c2f-9d14-e4b83fc674fc,97501003.flac,Watkins,Mammalia,True,4.024534877054231,0.895169193254404,-1.050492158616255
eat_bio,12,5393a567-ded0-4b82-939b-af42e7785e10,9777100K.flac,Watkins,Mammalia,True,4.132977864010057,1.195512246786329,-1.151424629688226
eat_bio,12,5cf424ab-6501-4962-91fd-ba2c0ce38a37,Cervus_elaphus_DIG0117_03_short.flac,Animal Sound Archive,Mammalia,True,4.295198367120024,-0.12620535747125652,-1.4465902866163896
eat_bio,12,cd88c22f-f94f-47c5-8dd1-c503f28aecaf,57026059.flac,Watkins,Mammalia,True,3.9721184658539106,-0.04071189233317529,-0.9942535348319436
eat_bio,12,c9a2180e-67f3-4154-851d-7b2443469e62,Fringilla_coelebs_V1998_15_short.flac,Animal Sound Archive,Aves,True,3.33321941556242,-0.6353899955221697,-0.7962286714105539
eat_bio,12,90809c3f-33d3-4579-80c6-698a8313ef17,70014002.flac,Watkins,Mammalia,True,4.26138132002055,0.6213457194437693,-1.2207129759510782
eat_bio,12,4b17f9cf-5f1c-4881-a0de-b73706f1c147,97782006.flac,Watkins,Mammalia,True,3.793667214672412,0.5612282669106391,-1.2844267735913077
eat_bio,12,4318866f-89c4-4372-8191-4d541f63fc59,7100201K.flac,Watkins,Mammalia,True,3.615386641573709,0.9979827864466961,-0.9298096943737106
eat_bio,12,e14a85c0-c5f1-4825-b3c7-81761702b692,6609000D.flac,Watkins,,True,3.4572936303717965,0.0027768634503486933,-0.9376240198177284
eat_bio,12,bfb4c658-60fe-4494-b8dd-27be5468a25f,75004003.flac,Watkins,Mammalia,True,3.353837641493021,0.5419644519549245,-0.6264112876030687
eat_bio,12,9c17d34a-35fc-4429-8063-a3e45ffc103e,9420104R.flac,Watkins,Mammalia,True,3.8232152354077704,0.7157481620377293,-1.0424737549751908
eat_bio,12,7f96d0b2-790e-4b55-b0a3-54c556f61382,8600801I.flac,Watkins,Mammalia,True,4.482685123566068,-0.6316064840965785,-1.206923972852399
eat_bio,12,78062cd0-82e5-4d3f-8cd2-264d9cf7f181,8501206Q.flac,Watkins,Mammalia,True,3.7993731864951066,0.3242444258311233,-0.7546188809152767
eat_bio,12,ef7909ac-f653-4101-a5a8-6a91daf733c1,8700301I.flac,Watkins,Mammalia,True,3.346487921972196,0.2561203321371034,-0.8744521813304572
eat_bio,12,e8d393ca-93d8-43e8-9dfe-19a7a1e203b5,64042004.flac,Watkins,Mammalia,True,4.650833346767755,-0.7648437623276922,-1.4632302172627671
eat_bio,12,027a7af8-a39a-4bb5-ad74-04f71a5f5c6f,Polyplectron_bicalcaratum_V2082_17_Spur1_short.flac,Animal Sound Archive,Aves,True,4.133067508654443,-0.6462481378363143,-1.1541867421697936
eat_bio,12,751cc542-ea67-4603-89ee-13334847d68f,Fringilla_coelebs_V2001_13_short.flac,Animal Sound Archive,Aves,True,3.909822325707212,-0.5137806394347916,-1.0865652479939616
eat_bio,12,2e99c343-a1d1-4b04-8889-41703e6fe3af,77008006.flac,Watkins,Mammalia,True,3.2911354080763284,0.7002870611708699,-1.3715365490390776
eat_bio,12,d142e6cd-2898-4aeb-a8b0-f54714f1ff85,9420101W.flac,Watkins,Mammalia,True,3.9242197200320588,0.9185073846796592,-1.0072010404533667
eat_bio,12,459165a9-930b-44f1-a137-2b1f7d84fb45,68003001.flac,Watkins,Mammalia,True,3.5923117324137226,0.2929845714341833,-0.854753787475996
eat_bio,12,b6612d75-5b6d-4715-a975-3761031d5c3e,Turdus_philomelos_Bru_DAT0011_94_short.flac,Animal Sound Archive,Aves,True,3.4496635961460465,-0.6967846481381279,-0.6954147607628518
eat_bio,12,7bbb23b9-1081-4446-bc02-15e2b8d39773,Falco_subbuteo_PF04122_short.flac,Animal Sound Archive,Aves,True,3.1529863568189045,-0.6400279932041131,-0.7676454582511475
eat_bio,12,a01ddadd-e47a-46db-bc20-dd11802ba8d0,61040009.flac,Watkins,Mammalia,True,3.3351886597179297,-0.6087529520781281,-1.1224959620081971
eat_bio,12,455cb9ae-3115-4cca-815f-3923ea00fbbb,Fringilla_coelebs_Tre_N0054_03_short.flac,Animal Sound Archive,Aves,True,3.362094765108041,-0.6668634768070754,-0.7324154796981582
eat_bio,12,ca5412b7-f91a-4648-8827-691e640f6fe4,6107500R.flac,Watkins,Mammalia,True,3.971491459379995,0.721237138811366,-0.7295841721279527
eat_bio,12,2682a546-fb75-44f4-a8fc-c28ed5581873,6107200P.flac,Watkins,Mammalia,True,3.7116290189412964,0.490914607890174,-0.8859180358122312
eat_bio,12,80b85db8-3e8a-4983-a78b-7f324700cd07,Poecile_montanus_Tre_P0176_02_short.flac,Animal Sound Archive,Aves,True,3.568781729353712,-0.23568257331251038,-0.8864541274797076
eat_bio,12,9ed6905c-d8bd-4aa4-a063-32d93a697922,Tamias_sibiricus_S1118_03_short.flac,Animal Sound Archive,Mammalia,True,4.559496252574653,-0.6913306199440219,-1.3638354841134894
eat_bio,12,dc8cc74a-2116-49ee-b32f-3629cff1f735,Sylvia_borin_CoMC0005_08_short.flac,Animal Sound Archive,Aves,True,3.5650910325920324,-0.6945451655746523,-0.8314047390015781
eat_bio,12,e9d74aff-4677-4b88-af8a-f5b59297ef9c,Vulpes_corsac_K0009_03_short.flac,Animal Sound Archive,Mammalia,True,4.042924555676352,-0.5759542905052564,-1.2349760109620245
eat_bio,12,ef3a448e-9c0e-4dac-86eb-f5dc9a3148c9,Carpodacus_erythrinus_DIG0177_09_short.flac,Animal Sound Archive,Aves,True,3.721227209780205,-0.7390328473324776,-0.793216197761712
eat_bio,12,ba830332-d4eb-4179-9d72-bbdc5df14ac8,Regulus_regulus_AuMC0283_04_short.flac,Animal Sound Archive,Aves,True,3.6271815605245328,-0.6492848679863552,-0.9019122857604237
eat_bio,12,66229406-8dea-4200-bb06-93e6a063184a,Carpodacus_erythrinus_DIG0177_22_short.flac,Animal Sound Archive,Aves,True,3.6002772382482915,-0.6647030857993304,-0.8713127981450844
eat_bio,12,ee0cee4f-ba26-4692-97ce-d761e9bd62b4,Acrocephalus_palustris_Bru_DAT0114_36A_short.flac,Animal Sound Archive,Aves,True,4.074503997332419,-0.6880823346894552,-1.1234116102869875
eat_bio,12,014b4fb0-db7e-45b3-9c08-2f62590169de,Gracula_religiosa_Lue0100_16_short.flac,Animal Sound Archive,Aves,True,4.193978286610228,-0.6976406030256133,-1.1316087276659843
eat_bio,12,d5a1fc05-301b-482e-9ac9-1e88b8ab4e31,Erithacus_rubecula_Bru_DAT0026_10_short.flac,Animal Sound Archive,Aves,True,3.411912879426436,-0.6087323862079347,-0.7751484506221068
eat_bio,12,cf7fd664-0699-4561-8e3d-aba7e1e54b90,Zalophus_californianus_V2061_17_short.flac,Animal Sound Archive,Mammalia,True,3.7698302465663347,-0.3967148355831175,-1.205985560268135
eat_bio,12,cfc2dcde-0fb6-40d5-b3c4-ba7688c24f29,Hippolais_icterina_Co0042_07_short.flac,Animal Sound Archive,Aves,True,4.279666815720569,-0.7497324859337482,-1.1721938192237569
eat_bio,12,2fb3653d-0cd3-4681-a93a-f223ea40c143,Erithacus_rubecula_Tre_N0081_04_short.flac,Animal Sound Archive,Aves,True,2.902252089953555,-0.5618844024897737,-0.619212795721537
eat_bio,12,e1a87f3b-4426-4e80-8c16-e9831129d55f,Turdus_merula_Tre_N0044_06_short.flac,Animal Sound Archive,Aves,True,3.342819918289746,-0.5908885820570312,-0.8419809212406322
eat_bio,12,a3bc944e-cd9a-4596-8366-83e16b2c59eb,Puma_concolor_V2010_12_short.flac,Animal Sound Archive,Mammalia,True,3.594521373525991,-0.6964739948934685,-0.8974848952737575
eat_bio,12,19cd73ad-bc2c-401c-b204-ebb6ce1d31a9,Turdus_pilaris_Kr0032_06_short.flac,Animal Sound Archive,Aves,True,4.223364074288098,-0.5079371599699731,-1.1134141755704443
eat_bio,12,74aff17e-1e25-4f7d-ab7a-94d182fd93f8,Acrocephalus_scirpaceus_DIG0135_04_short.flac,Animal Sound Archive,Aves,True,3.3067718712486918,-0.6242143877794037,-0.8160018637817339
eat_bio,12,4bf05381-613c-47a2-8e5e-2283517c774f,Parus_major_DIG_0065_05_short.flac,Animal Sound Archive,Aves,True,3.8951974353143086,-0.36177167001184646,-1.1732498686035329
eat_bio,12,ad569351-520d-4160-848e-22ad3e775faf,Turdus_merula_DIG0169_15_short.flac,Animal Sound Archive,Aves,True,3.298678445498289,-0.6405196624169321,-0.7010508806323061
eat_bio,12,cb5a8fb8-26ab-4416-83a0-6bcea8798288,Turdus_philomelos_Tre_N0142_03_short.flac,Animal Sound Archive,Aves,True,2.9540514972172724,-0.5394348780282983,-0.710247778956985
eat_bio,12,81dfaead-b89f-4d89-b064-7a9a1ceb1a9e,Certhia_brachydactyla_Kr0030_10_short.flac,Animal Sound Archive,Aves,True,4.120998543216163,-0.6041101354062045,-1.0470529742896988
eat_bio,12,525384eb-a02b-4b97-918b-ff8ff1ec9515,Erithacus_rubecula_Tre_N0038_06_short.flac,Animal Sound Archive,Aves,True,3.168458979929357,-0.6193152271669574,-0.6810309777437119
eat_bio,12,3170a3a4-615e-452f-961b-01226f7947a3,Vulpes_corsac_S0845_09_short.flac,Animal Sound Archive,Mammalia,True,4.152403353196178,-0.6154009291665415,-1.1500776471213658
eat_bio,12,d0c5e9c0-8a5b-465f-a3b3-05854c22fefd,Anthus_trivialis_Co0107_01_short.flac,Animal Sound Archive,Aves,True,4.022682817421086,-0.45434454395268287,-1.1554583927913409
eat_bio,12,b38134d1-6007-4834-825b-feadc045c842,Zoothera_dauma_DIG0145_41_short.flac,Animal Sound Archive,Aves,True,4.873245076143041,-0.3498545730183855,-1.301814487173903
eat_bio,12,6f0cbe83-5dc5-40e1-a299-b605bcb96575,Fringilla_coelebs_Tre_N0061_03_short.flac,Animal Sound Archive,Aves,True,3.1483332176798027,-0.5885473674835984,-0.6516606899987181
eat_bio,12,3f8c3cdc-ed60-4385-894f-9c50f5530134,Leptopelis_aubryi_DIG0174_01_short.flac,Animal Sound Archive,Amphibia,True,4.113540673639354,-0.14666150663464697,-1.2145755655591424
eat_bio,12,ce3aee03-a72c-4048-9c83-b4850e37817c,Erithacus_rubecula_Tre_N0147_04_short.flac,Animal Sound Archive,Aves,True,3.2124258313985603,-0.6084903582081874,-0.7098601456388274
eat_bio,12,7a071e9e-762d-4048-9f47-5a8b04b2256f,Colobus_guereza_S0984_08_short.flac,Animal Sound Archive,Mammalia,True,3.053738649745249,-0.5747047043238738,-0.7625586301876255
eat_bio,12,4e291984-19a1-4930-b4fb-bde8fef53e86,Turdus_viscivorus_AuMC0183_28_short.flac,Animal Sound Archive,Aves,True,3.3405884402951336,-0.5342763899463598,-0.7898645891914489
eat_bio,12,8069d73d-dfec-47c4-bb76-72b803c79eae,Parus_major_DIG0003_30_short.flac,Animal Sound Archive,Aves,True,3.4092588334874394,-0.6890476962864256,-0.7384497325479652
eat_bio,12,4510e941-6d22-4c9e-b1b6-da9401692b5c,Picus_viridis_Tre_N0025_03_short.flac,Animal Sound Archive,Aves,True,3.8896310777430525,-0.2887982604488895,-1.1266961723885849
eat_bio,12,ed590401-687c-4716-a86c-d6efa0f636db,Cervus_elaphus_S1316_04_short.flac,Animal Sound Archive,Mammalia,True,4.358594186216651,-0.5137548890158652,-1.2983088690564162
eat_bio,12,859b749f-3461-45e8-8fa7-3036ad79e1ca,Ptilinopus_pulchellus_V2082_06_short.flac,Animal Sound Archive,Aves,True,3.9224083487172554,-0.6496373061049767,-1.0283421205928547
eat_bio,12,0c8237a6-ffcf-40f2-8a78-e054ac2d0feb,Erithacus_rubecula_Bru_DAT0026_04_short.flac,Animal Sound Archive,Aves,True,3.422751337867865,-0.6490715786066803,-0.7839990299989285
eat_bio,12,bc7066a6-0752-45e7-93b2-6b60d22a07ff,Fringilla_coelebs_Tre_N0060_02_short.flac,Animal Sound Archive,Aves,True,4.151370807176706,-0.5263126218508307,-1.1025020987379328
eat_bio,12,8afcf96d-c949-4449-8bdd-d28c57251208,Turdus_philomelos_AuMC0183_07_short.flac,Animal Sound Archive,Aves,True,3.410716962151898,-0.6531328722140959,-0.772096055810889
eat_bio,12,4c8133b5-5da7-42d7-b6c5-114a1072d6ef,Sitta_europaea_Co0149_21_short.flac,Animal Sound Archive,Aves,True,2.9953365315777845,-0.4804604151978408,-0.7665418884908697
eat_bio,12,74df051c-9d73-445d-acfc-fe6e10310472,Spheniscus_humboldti_V2106_08_short.flac,Animal Sound Archive,Aves,True,4.502268923482004,-0.26489176856829866,-1.569379688759553
eat_bio,12,508f4e6b-fe79-4fe0-addc-fd2ae26c033f,Tringa_totanus_V0522_13_short.flac,Animal Sound Archive,Aves,True,4.408324086273358,-0.559933719293061,-1.2158427391019788
eat_bio,12,f787e5e8-fe60-4d0f-b3f7-4d712545a1c2,Canis_latrans_DIG0101_16_short.flac,Animal Sound Archive,Mammalia,True,3.285150644105432,-0.5069568050845987,-0.868251232006157
eat_bio,12,f6262b3c-18ba-489c-b8de-b8d1fb800224,Turdus_pilaris_DIG0056_10_short.flac,Animal Sound Archive,Aves,True,3.9745813364617626,0.2565575473394333,-1.3338780612029641
eat_bio,12,fb804c43-73ee-47fe-927b-60b1d3513150,Tyto_alba_V2095_11_short.flac,Animal Sound Archive,Aves,True,3.800162252282214,-0.4008739374693053,-1.1775008025996443
eat_bio,12,5b83a91b-962c-42bf-8117-27467395860e,Fulica_atra_V1542_17_short.flac,Animal Sound Archive,Aves,True,4.303995623897787,0.7333276412065685,-1.4253378164549149
eat_bio,12,5b9f94ad-0b40-48e4-9678-451dbca6408c,Anthus_trivialis_Co0104_04_short.flac,Animal Sound Archive,Aves,True,4.1967967033469735,-0.43839223905937963,-1.306364906730544
eat_bio,12,d6424b36-824b-4dae-82bd-b76d3c2c0ab6,Uncia_uncia_S0747_01_short.flac,Animal Sound Archive,Mammalia,True,4.684124726309567,-0.8461429053258636,-1.2820524700546871
eat_bio,12,ae83334a-b8f8-4434-a290-2eab52738840,Parus_major_Tre_N0062_06_short.flac,Animal Sound Archive,Aves,True,2.9475022669877458,-0.6345341101044468,-0.6430096230497683
eat_bio,12,fb6ff418-4b29-4fd3-9165-7fb85d534815,Alauda_arvensis_DIG0054_13_short.flac,Animal Sound Archive,Aves,True,3.33970509933607,-0.6544071556555671,-0.8033717792290791
eat_bio,12,51af16a8-a238-4ae9-8bb9-fed4813d9042,Sylvia_nisoria_Co0163_16_short.flac,Animal Sound Archive,Aves,True,3.882532998438194,-0.4963014097597852,-1.1869897604611583
eat_bio,12,dd37da80-cf46-4309-ade6-7ac871535dc0,Strix_aluco_DIG0080_02_short.flac,Animal Sound Archive,Aves,True,4.001191380698883,-0.5172689191236927,-1.0639886150646465
eat_bio,12,b7c7b37a-1e32-4ea4-868c-5ecc41f2b65e,Anthus_trivialis_Co0088_03_short.flac,Animal Sound Archive,Aves,True,3.656866365519238,-0.24743778952272444,-1.2059429239694937
eat_bio,12,55cfa116-32aa-41e2-a25d-1c57634e3bb8,Pipistrellus_pipistrellus_DIG0141_29_short.flac,Animal Sound Archive,Mammalia,True,3.0404981064508574,-0.5223774539375748,-0.7068043221857571
eat_bio,12,7f3dfdb2-be02-4783-8c2a-c7cc337a4ef2,Emberiza_citrinella_AuMC0283_03_short.flac,Animal Sound Archive,Aves,True,3.7151175420804434,-0.5315773939951568,-0.9441881570799542
eat_bio,12,582d2768-f926-4b45-92dc-a7e50d7486ee,Spheniscus_humboldti_V2080_04_short.flac,Animal Sound Archive,Aves,True,4.355610111213806,-0.7719090994679156,-1.2613814504780874
eat_bio,12,b587d813-d483-4978-bd9c-0d72b25e7f96,Fringilla_coelebs_DIG0160_03_short.flac,Animal Sound Archive,Aves,True,4.035694739879985,-0.458082543269279,-1.1376559102045718
eat_bio,12,7d80ff34-a9d9-48e3-8941-cdac4ef9ff4d,Turdus_merula_Tre_N0087_03_short.flac,Animal Sound Archive,Aves,True,3.7609845504067088,-0.6401697850047035,-0.9801896755755694
eat_bio,12,23ac7c30-21ed-4ae6-996c-726a5f0294da,Parus_major_CoMC0001_25_short.flac,Animal Sound Archive,Aves,True,3.3322309941688655,-0.510649355192261,-0.9184349475315241
eat_bio,12,22503022-c50a-4748-a52e-4e305b3ef32b,Coccothraustes_coccothraustes_PF00848_short.flac,Animal Sound Archive,Aves,True,3.6720556689171406,-0.4535822992065397,-1.069798927967356
eat_bio,12,8be4f6d7-ee20-4ab3-a774-639c460618d1,Emberiza_citrinella_DIG0060_04_short.flac,Animal Sound Archive,Aves,True,3.6273206952581276,-0.18591504911689102,-1.1578386171144768
eat_bio,12,b6dd8de9-0f80-4331-b654-453e435bccb9,Porzana_parva_DIG0118_33_short.flac,Animal Sound Archive,Aves,True,3.3560045570607184,-0.6247557464123332,-0.8093483632969237
eat_bio,12,90429448-7441-4693-90b1-4796d9ac96ac,Sylvia_nisoria_DIG0169_27_short.flac,Animal Sound Archive,Aves,True,3.3194982341669794,-0.6448798071664419,-0.7874092305700052
eat_bio,12,d98d86f8-c04b-49cc-8f88-33d220ee592e,Picus_canus_CoMC0001_17_short.flac,Animal Sound Archive,Aves,True,4.310810588869828,0.48594415586195605,-1.1338981738096017
eat_bio,12,eecf3af9-d33c-463c-b096-35e5948b8c7b,Luscinia_megarhynchos_DIG0178_04_short.flac,Animal Sound Archive,Aves,True,3.098264670672628,-0.5734537446398087,-0.718117513681317
eat_bio,12,39ed068b-a96d-40ee-baae-ea54742c441c,Parus_major_Tre_N0011_03_short.flac,Animal Sound Archive,Aves,True,3.7637257913583664,-0.6354418563933886,-0.9923551983539763
eat_bio,12,a40f19b2-83c4-48e2-9bfb-5dc7eadd29b1,Tringa_nebularia_Kr0005_12_short.flac,Animal Sound Archive,Aves,True,3.504128613564986,-0.6934492184875264,-0.7936802447220571
eat_bio,12,e1d5391b-891b-4195-b991-97f690f75ded,Nucifraga_caryocatactes_CoMC0036_10_short.flac,Animal Sound Archive,Aves,True,3.9447382847808554,-0.4536988583711221,-1.1107094003299256
eat_bio,12,e264d864-405b-4617-8f83-0834ad28556d,Pseudeos_fuscata_V2010_03_short.flac,Animal Sound Archive,Aves,True,4.845180463528728,-0.7129275640497919,-1.3443342158279172
eat_bio,12,2525ff9e-0a02-4843-a89c-f40ce0bdcece,Canis_lupus_f_familiaris_S1458_16_short.flac,Animal Sound Archive,Mammalia,True,3.686706144410464,-0.6857281494527826,-0.9585206858304789
random_init_eat_seed42,12,345526af-20c5-437b-8741-e197ac6511ed,XC693334-LS_58842%20Dusky-headed%20brushfinch%20song%20B.flac,Xeno-canto,Aves,True,18.57518465878868,1.5768645037803979,15.016439166064501
random_init_eat_seed42,12,e605b07a-87dd-4723-b812-f84b781c9583,XC126939-Tristram%27s_Starling_2.flac,Xeno-canto,Aves,True,20.69256718515824,0.8706230856235724,17.47456287291726
random_init_eat_seed42,12,61fc36ad-03d6-4171-97fe-5c67821ec6de,530.flac,WavCaps,,False,1.8291512666370475,-0.06924817018922758,2.97075175248664
random_init_eat_seed42,12,67961220-1a93-4cce-84c6-cbe1bf6aa1bb,keyboard_electronic_023-032-100.wav,NatureLM,,False,-4.962612646920282,24.607304440478053,-15.750704139725467
random_init_eat_seed42,12,5bf599ed-dfa6-41c7-918b-ae6e2f8e4113,XC739803-LS_51498%20Yellow-eyed%20Black%20Flycatcher%20duet%20A.flac,Xeno-canto,Aves,True,21.344129855995202,0.14802813555870678,18.014562398240596
random_init_eat_seed42,12,4d1f5da3-4aa7-4381-9949-f9d4ea9bc7fa,XC682803-5999-4004024-4438.flac,Xeno-canto,Aves,True,23.111343653440862,0.3232019294107636,18.691882490508107
random_init_eat_seed42,12,a7f4feca-c0a2-4598-b8a1-c508590d0f31,XC717693-Willow%20Warbler%20%2B%20Wren_Song_Mizen%20Head_15.04.22_A%2B.flac,Xeno-canto,Aves,True,22.963377349151916,0.014478959185019458,18.399467406067863
random_init_eat_seed42,12,ba79dda8-f0de-4b2a-8947-c1e7feeb58c9,SSW_269_20170819_120014Z.016_007.wav,NatureLM,,False,25.08944923718488,-0.1969906824536629,19.848546249649637
random_init_eat_seed42,12,3a5b71f7-0fda-4a9f-b693-0327aba0b306,SSW_055_20170325_060004Z.055_010.wav,NatureLM,,False,21.664315682425528,0.8311125850343801,18.88572768390519
random_init_eat_seed42,12,3e92ca8d-18a6-48b2-84d9-e18b76078e72,SSW_039_20170311_110008Z.031_001.wav,NatureLM,,False,25.425719065114382,0.35316405208419704,19.844332289480796
random_init_eat_seed42,12,53030683-a00c-4303-92c8-5b104a41ad3c,9750402P.flac,Watkins,Mammalia,True,-10.190767880875987,22.388358042304088,-17.60902234599656
random_init_eat_seed42,12,16eaecc1-b297-4dce-bfc4-c5ca0d7fa81d,20ta010j_2.0053_209c0108_-2.0053.wav,NatureLM,,False,23.01985310938527,1.5409545119243193,18.86072534071986
random_init_eat_seed42,12,5781d7a0-80ea-4be6-9fd1-9f6be373528b,XC385115-T15.flac,Xeno-canto,Aves,True,25.037926048050217,0.25116432347883344,19.51461425497012
random_init_eat_seed42,12,b795d66d-a577-4b68-bdc1-810b5ff09052,NorthernParula1.flac,Xeno-canto,Aves,True,-9.571419189447127,-2.2421113910321244,-2.527117831478621
random_init_eat_seed42,12,519199ae-1ece-451d-a8e7-16b393685585,256179.flac,iNaturalist,Aves,True,24.419151331009196,1.3351748027673238,19.42874204665931
random_init_eat_seed42,12,484018cf-99a4-4310-a58a-e24c1f9b8d5f,SSW_023_20170304_130010Z.036_009.wav,NatureLM,,False,25.22178524649763,0.6091818514563959,19.899779373722033
random_init_eat_seed42,12,3035d7a6-e138-4057-baad-948b688a26d7,XC744361-Bachstelze%2C%20Gesang%20%209.4.2015%20%20Egelsee%2C%20Badesteg%20%20%E2%80%8F%E2%80%8E15_33_24%20VOC_150409-2357.flac,Xeno-canto,Aves,True,12.08176633726551,0.5003954248124667,10.894657085006772
random_init_eat_seed42,12,639d5440-7745-4fbf-943b-2393c1a84ddf,324452.flac,iNaturalist,Aves,True,18.300842714125814,0.6911471041178394,16.189020573314192
random_init_eat_seed42,12,833701b2-b661-4fbd-868f-07dda09059bf,XC486056-Xiphocolaptes%20promerohyporhynchus.flac,Xeno-canto,Aves,True,21.255986734656478,-0.513769220788487,19.25327389119071
random_init_eat_seed42,12,ac225d2d-bbcb-4f39-8b85-7916f5d8bb94,XC402294-sturnus%20unicolor%203%20chapatales%2024-09-2017.flac,Xeno-canto,Aves,True,22.853391451024997,1.0077838073679792,18.91741005357262
random_init_eat_seed42,12,60f1c1bf-2a2e-4c1e-8172-522d397fe80c,XC301952-160131_011%20CANG%20parvipes%204x.flac,Xeno-canto,Aves,True,-18.75033937760647,2.814096663362908,-13.149314295459979
random_init_eat_seed42,12,b0e33146-8f91-4aad-b6d1-9fcd7e68e54c,mallet_acoustic_030-087-050.wav,NatureLM,,False,0.7604109817640083,22.41158897064187,-10.4496876362041
random_init_eat_seed42,12,9ad7750b-961c-4b95-b04c-2d69c8bce4d2,XC541270-Pied%20Currawong%2009_05_34.flac,Xeno-canto,Aves,True,11.26311564567185,0.17594504590724525,11.914924724277954
random_init_eat_seed42,12,5083d955-24a1-4232-97a5-37e945c676c7,XC360007-LS104552%20Black%20Magpie%20calls%20B.flac,Xeno-canto,Aves,True,8.717705512854515,-1.2853521739487395,10.104549745700727
random_init_eat_seed42,12,12556fc5-c2b5-4020-81f4-c47d4c1466e0,XC688225-Goudvink%2020211021%201000%201a.flac,Xeno-canto,Aves,True,14.97702617868975,-0.4829138902946611,15.449247289038148
random_init_eat_seed42,12,8dc6aec6-51c4-46f8-bb35-238eacb223aa,310057.flac,iNaturalist,Aves,True,-20.6828459549741,1.2398202091465844,-14.305465994863544
random_init_eat_seed42,12,b74d3698-d9ed-4c8c-8ab7-b0621a69de4e,XC682514-stenkn%C3%A4ck%20lock.flac,Xeno-canto,Aves,True,-10.547027597747011,20.944805535870472,-17.17501648464885
random_init_eat_seed42,12,1d8220c1-f1dd-44b6-89a6-8f73c01aefb3,192125.flac,iNaturalist,Aves,True,18.014054406664833,15.27103228055504,6.866235038121771
random_init_eat_seed42,12,75cd84ad-8c2c-4333-88c9-7327f5e3bf23,XC420018-Common%20Bulbul%20on%202.9.17%20at%20Twinga%20Lodge%20TZ%20at%207.10%20for%20.10%20_0448.flac,Xeno-canto,Aves,True,13.373311207165717,-1.260708059228775,14.635374192822844
random_init_eat_seed42,12,eeb57353-2d95-488d-af35-add7e1716977,XC282848-HETH_3-4-15_1330_MtOrd1.flac,Xeno-canto,Aves,True,-20.96750523674196,5.752042472953937,-17.9665183808714
random_init_eat_seed42,12,8798231a-34af-4290-b188-7ddff7e20192,126066.flac,iNaturalist,Aves,True,-23.49123953785626,1.5354024422313983,-17.076761011359245
random_init_eat_seed42,12,ff86a050-6731-45f6-b0df-0d4be52cd0d8,XC473849-Prinia_socialis_nom-FL%20calls%20Above%20Munnar%204Feb16%208.40am%20LS119888a.flac,Xeno-canto,Aves,True,16.841745404363024,0.06115751575692578,14.993040013234655
random_init_eat_seed42,12,c91eeae1-4c7c-4d46-bf6a-b81bf31ae996,513777.flac,WavCaps,,False,1.2443393995982246,22.030452424178282,-9.341544489711556
random_init_eat_seed42,12,6fada358-92cd-4951-bf39-973c259f45e1,7801800C.flac,Watkins,Mammalia,True,-22.77848089146528,2.964669427411941,-17.255748336186624
random_init_eat_seed42,12,04092021-10de-4665-8246-c41d4c842ae9,XC426300-Limpkin%20Corkscrew%20B%2012-21-17.flac,Xeno-canto,Aves,True,18.77744498551756,-0.7269645329058506,16.760452476023527
random_init_eat_seed42,12,a195c3dd-a998-41d3-b4a8-6cda1e490504,Brown_Lory_Nimbokrang_2009-07-12.flac,Xeno-canto,Aves,True,-5.20460935623785,-3.042294887380728,0.48234043484658384
random_init_eat_seed42,12,a4cde161-5f7d-46b0-815d-a5e906e24984,598299.flac,iNaturalist,Amphibia,True,22.791020845141276,0.3124774619400299,18.749668566255465
random_init_eat_seed42,12,94635d4d-9fc1-4914-a6c7-2f5f7b03f1e0,172953.flac,iNaturalist,Aves,True,22.265035391485995,5.7418148887112395,16.06967937404318
random_init_eat_seed42,12,cb3a6d2d-fb28-4c97-bca8-4f9b108de2f2,79776.flac,iNaturalist,Aves,True,25.507462424301607,0.7984895714549504,19.661606910140442
random_init_eat_seed42,12,d461f4d6-1645-4ea6-a593-3aec461ed21d,XC563725-PROW%20%28M2%29%20-%20Song%20-%20Les%20Arends%20-%202020-05-31%2006_48.flac,Xeno-canto,Aves,True,22.132805587282295,0.055762766673660924,18.17411713242832
random_init_eat_seed42,12,878a679a-f3c4-4277-aae3-b31c9a59c959,XC714401-Grey-winged%20Blackbird%20female%20Call.flac,Xeno-canto,Aves,True,22.46480260954822,1.622931226566998,18.112672182389733
random_init_eat_seed42,12,f939687a-741c-44f2-b128-f146b4fa529b,XC308832-westMexicanChachalaca-Col-Mx150809.flac,Xeno-canto,Aves,True,8.070260675730143,-0.054567300681814646,8.993326026165915
random_init_eat_seed42,12,fa147d6d-55ca-4786-8269-3a37cb17ce28,XC625226-Carrion%20Crow%200649.flac,Xeno-canto,Aves,True,-18.500429765107988,3.389097423544677,-13.702737957639558
random_init_eat_seed42,12,64b22456-5987-405b-a70e-7acd9c8604c9,20090914_WayKambas_BandedPitta_song.flac,Xeno-canto,Aves,True,19.300973495786536,1.2953930762817167,16.20739855480162
random_init_eat_seed42,12,2c99f75f-28e7-4df9-b7eb-5ca44807bedd,XC193967-THRUSH_Swainson%27s_c%20ustulatus%20Fish%20Creek%2C%20Hyder%20AK%20062314%201438.flac,Xeno-canto,Aves,True,23.55715169141776,0.8721691731592704,18.664505094542932
random_init_eat_seed42,12,28da31b7-3b02-4799-a4d5-4d22351dc633,XC510628-Cranioleuca%20sulphurea_Rio%20Grande_1164.flac,Xeno-canto,Aves,True,0.44814579752380257,2.1382835221825487,2.9378520938136496
random_init_eat_seed42,12,9c91916b-7620-42c6-a2b4-8da3f3bcf140,XC210152-Corythopis_delalandi_14_12_2014_Amparo_SP_RSS.flac,Xeno-canto,Aves,True,23.272675573715716,-0.00078310949714816,18.61636673776592
random_init_eat_seed42,12,c0265934-ab70-410e-a560-21f91e93e762,XC543571-Mino%20kreffti%20kreffti_pcm_191013_06.flac,Xeno-canto,Aves,True,22.549728152597815,0.4491830112114835,18.487669354785258
random_init_eat_seed42,12,a32a40cb-43da-4114-9668-455fc632df45,XC226630-Long-billed%20Woodcreeper%20%206212.flac,Xeno-canto,Aves,True,-2.950439966862503,-0.3698359315141602,0.09216636335072348
random_init_eat_seed42,12,823eb09a-bc66-4ab4-ae43-ec1e805e341b,SSW_070_20170401_100007Z.059_004.wav,NatureLM,,False,25.253903996130653,0.7098039011538091,19.776539749198655
random_init_eat_seed42,12,99c07b43-3676-4c79-90cb-1c98d412bcca,83084.flac,iNaturalist,Amphibia,True,25.745563992867424,0.6304906789566773,19.488323129431226
random_init_eat_seed42,12,f2650314-83b4-4e4b-a1f1-f93edd739272,SgriseicollisLepipuertoMD5track30.flac,Xeno-canto,Aves,True,-22.362092644849966,0.3993691105769538,-15.911807777625661
random_init_eat_seed42,12,39c8e491-e1d9-4ab0-97e7-74067bf186b4,259389.flac,iNaturalist,Aves,True,24.700370798167746,0.23213985288333167,19.48813114425862
random_init_eat_seed42,12,1b4e638a-ef28-406c-933d-83aacd20fdfd,XC137559-Cyanomitra_cyanolaema_130404_06.flac,Xeno-canto,Aves,True,25.475825061240883,0.3981880108802061,19.595265817494898
random_init_eat_seed42,12,68df0cb0-a0af-45df-9066-d7d9424040a9,THRUSH%20Slaty%20%28Andean%29_08_Acambuco_Salta_AR_8OCT05_B%20Lopez-Lanus%20%28BLL%20et%20al%202007%29.flac,Xeno-canto,Aves,True,22.723107855222302,1.0404923984529066,18.05312629612053
random_init_eat_seed42,12,777045eb-b58b-4bc6-a9ba-900580ff5387,2411%2F15.flac,Xeno-canto,Aves,True,-6.787841200490334,-0.18015919238246947,-2.366222987361958
random_init_eat_seed42,12,1104888f-75ba-4676-b2f3-7095f601daef,XC740599-ziegenm0439.flac,Xeno-canto,Aves,True,26.05305270509907,0.764466788998226,19.398275742153416
random_init_eat_seed42,12,bf372c58-e740-4020-a974-80d3865f9a60,CARDINAL%20Yellow-billed_05_Otamendi_Campana_Buenos%20Aires_AR_22NOV01_Bernabe%20Lopez-Lanus.flac,Xeno-canto,Aves,True,-21.623989274475335,-0.4322277481264819,-15.392190089627803
random_init_eat_seed42,12,ea4a5b95-6574-468a-8c16-7df995c2ec25,XC413916-RedBelliedPitta_Talaud_072217_song.flac,Xeno-canto,Aves,True,16.063068644645398,4.04445965767137,12.479832615605176
random_init_eat_seed42,12,ccb717f9-b508-4e72-a149-36bfa38d9f13,541272.flac,WavCaps,,False,-7.808315439050987,-1.0703830210751786,-2.1677170903791945
random_init_eat_seed42,12,d92bc3a1-d8f7-439c-a0c3-2ab375d2c753,2836_5355_000026_0000002.wav,NatureLM,,False,-17.09985526608599,6.096536062740171,-14.899902152283957
random_init_eat_seed42,12,6cbd2eb7-b791-452c-95d5-750947a379bd,27686.flac,iNaturalist,Aves,True,11.765809045871425,18.457560007150835,0.9804692170411515
random_init_eat_seed42,12,afb37eee-ce7c-4964-9b19-86b9b477797a,A%20Buchfink%20C.flac,Xeno-canto,Aves,True,16.402325301969086,1.5056890398362235,14.827933427570386
random_init_eat_seed42,12,eb6d9779-2525-4889-8e90-fef798a9e447,XC585592-200829_2330a.flac,Xeno-canto,Aves,True,24.23682495812935,3.0697149635298757,17.93138819683484
random_init_eat_seed42,12,26df3063-fe3c-48d5-9f5b-f1cdd1c39ddd,XC273712-Lance-tailed%20Manakin%20call.flac,Xeno-canto,Aves,True,0.32265679003927994,2.295156652621645,1.8874829098049741
random_init_eat_seed42,12,e9077a18-b2ee-444e-b7ce-d9ce1a4344fd,XC427482-Hylocharis%20sapphirina%20CONFIRMAR-Caio%20Brito-%28Porto%20Seguro-BA%29-BRITO2813.flac,Xeno-canto,Aves,True,-11.70482714804032,5.425186368180288,-9.605867957919397
random_init_eat_seed42,12,dfa945a5-d725-4213-8024-e95444d30022,SSW_131_20170506_160014Z.056_012.wav,NatureLM,,False,-6.755730552179035,21.155587802101735,-14.049596676218455
random_init_eat_seed42,12,724ad83d-b8bf-40b4-8871-a63ef9997a2d,80951.flac,iNaturalist,Aves,True,25.71579620358669,0.5132813106449949,19.46363684666156
random_init_eat_seed42,12,22d963f6-b54e-4af3-af09-f900ef4999a3,498419.flac,iNaturalist,Aves,True,25.790386013662513,0.30775728780926315,19.42547831118619
random_init_eat_seed42,12,f2b30269-44ca-4699-a140-8dd03cec428d,XC346690-LS102883%20Pied%20Kingfisher%20call%20B.flac,Xeno-canto,Aves,True,12.38621370335283,2.6858119668219995,10.8454392982195
random_init_eat_seed42,12,c83f22a7-fcf1-4fae-be2b-63a0e713fef5,XC703174-DUFL_2021-06-04_Surveyor_Campground_Klamath_County_OR_0834.flac,Xeno-canto,Aves,True,17.711987263525167,1.5206113360452869,14.861128535338274
random_init_eat_seed42,12,64fee962-59fe-4b32-a996-53a8f0a500b0,XC256074-THRASHE_Cur-bil_c_dawn%20OPCNM%20500m%20082012%200531.flac,Xeno-canto,Aves,True,25.109183147855532,0.3028266181676286,19.71505440066458
random_init_eat_seed42,12,767551e6-6aee-488f-b86a-934001633d21,XC684441-Cape%20Batis%204%20note%20call.flac,Xeno-canto,Aves,True,23.992320111535065,0.2886296770883988,18.85901003721274
random_init_eat_seed42,12,f65f769a-7e0f-4a8f-b4c5-407c13a0f3df,XC276215-Muscigralla_brevicauda54cut2A.flac,Xeno-canto,Aves,True,-16.424540708119494,-0.49751032022163233,-8.944685450898145
random_init_eat_seed42,12,0f5c174e-631e-443c-b669-913d7a104b82,413492.flac,WavCaps,,False,12.34984418826451,0.4507582267027701,12.035144862964696
random_init_eat_seed42,12,e3017e9b-8dde-411e-9379-397d61190dfa,XC280005-LS_56546%20FALSE%20BAY%20AREA%20Scarlet-chested%20Sunbird%20call%20A.flac,Xeno-canto,Aves,True,23.31886413724228,0.7458641910096504,18.36241412229718
random_init_eat_seed42,12,a012a70a-7061-4d78-99d2-95bfe85811eb,519647.flac,iNaturalist,Aves,True,21.736164586247014,8.328956725965186,13.464130011472932
random_init_eat_seed42,12,d8591970-8835-4997-a360-34765d5f69bf,XC428511-Campylorhamphus%20falcularius3.flac,Xeno-canto,Aves,True,25.25876568037627,1.1308364105162632,19.188590584641847
random_init_eat_seed42,12,22d30df2-b2ec-4bb6-94ed-143303dce57e,631192.flac,iNaturalist,Aves,True,16.359196499030162,-0.3980684875898436,16.35464240688487
random_init_eat_seed42,12,45b9c5c2-0617-4b49-845c-ba57e4de9d37,XC698221-RECAV0_210507_1017_lim026_alarme.flac,Xeno-canto,Aves,True,20.67238986773846,-1.0664698949721385,17.784880144567623
random_init_eat_seed42,12,b93a5062-b645-4972-afa0-64f8b52eaf7b,46680.flac,iNaturalist,Aves,True,-5.620774149623763,-0.5478699584789135,-0.2588762064896467
random_init_eat_seed42,12,f73d5b6c-4e75-4706-8879-10efb3f9dd6d,XC590985-Megascops%20roraimae%20MNML%20092020.flac,Xeno-canto,Aves,True,13.903227301751578,-1.2988602243640086,13.302097575151212
random_init_eat_seed42,12,3c561d9f-faeb-4095-a8df-db39c9f90e29,2413%2F27.flac,Xeno-canto,Aves,True,16.194463133061525,-0.02435137427108305,15.708865405188384
random_init_eat_seed42,12,5ff1b801-99e2-4468-8d1a-003bc3b04b9b,XC304310-Coppersmith%20Barbet.flac,Xeno-canto,Aves,True,-14.42303848292406,-1.021363848012901,-8.075168684268936
random_init_eat_seed42,12,55b259de-bb5a-430f-b244-4074b68ab8e8,Yyy2Msyv3j5Q.flac,WavCaps,,False,-22.455201214678404,-0.9273414430577922,-15.560394836291037
random_init_eat_seed42,12,95ee6b95-ab25-4dea-9368-291d38239041,XC499085-190917-100410alveolacinzenta.flac,Xeno-canto,Aves,True,25.43859872268381,0.64177215496757,19.837792829754598
random_init_eat_seed42,12,95692cfb-15bf-4154-972c-e5b56cd998d3,650032.flac,iNaturalist,Aves,True,25.59934228617586,0.5016489427111392,19.508412168985245
random_init_eat_seed42,12,d2e93f15-608a-4d0a-95c5-fe87761ced2d,XC139158-Northern%20Puffback%20Manegusha.flac,Xeno-canto,Aves,True,13.871375982146867,-0.8306025035855895,14.9831602294385
random_init_eat_seed42,12,44931f2b-2ab3-4914-8242-05d44c65b572,83_11691_000076_0000044.wav,NatureLM,,False,2.931228993622814,-1.1525199547176628,5.825843579013597
random_init_eat_seed42,12,ce541065-12f5-4555-ad32-64dcb6a2cbd9,XC538724-Indian%20pitta.flac,Xeno-canto,Aves,True,23.409819789269648,-0.15799366828023187,19.02018968810291
random_init_eat_seed42,12,880d47c7-4327-42c4-a423-4b34ab155b4b,133566.flac,iNaturalist,Aves,True,23.689479481229515,2.9668325816434993,17.819705687137752
random_init_eat_seed42,12,5746276e-db0b-49eb-8508-ac908d8e3677,XC133023-2006022014_Cuculus%20clamosus_Nysvli_F%20DEROUSSEN.flac,Xeno-canto,Aves,True,4.441234299569867,-4.307148403052174,9.543222700450288
random_init_eat_seed42,12,58256ccf-1484-4797-acd3-15a9751cc3d9,XC157730-Gampsorhynchus-rufulus-FL%20response%20Chidu%20area%2C%20Mishmi%20%207Apr13%207.33am%20LS113820.flac,Xeno-canto,Aves,True,-21.636752445781926,-1.2139044943870823,-14.389424107146688
random_init_eat_seed42,12,9d183521-c0ab-445b-941e-add62ef1a4bb,40452.flac,iNaturalist,Aves,True,22.586812307368156,-0.11165679636862313,19.041924396601047
random_init_eat_seed42,12,831a5856-1d86-4990-b6d0-4647d9d4bbe4,XC218938-Chestnut-fronted%20Macaw%20B%202035.flac,Xeno-canto,Aves,True,-4.336284177291198,-3.064803498986287,0.7344532782634967
random_init_eat_seed42,12,cb524d84-593e-4d3b-b733-d8b747ce513c,XC760819-201016_0034-Vattenrall-kattuggla.flac,Xeno-canto,Aves,True,7.444034663658218,2.3788999695247197,8.63843138874832
random_init_eat_seed42,12,57ccbcb8-2320-49db-b21a-1b75139f3ee9,115565.flac,iNaturalist,Aves,True,23.224462630000072,0.13529094119948937,19.08246822899583
random_init_eat_seed42,12,8bec7a0c-beaf-4a10-adb4-567825faa1cf,XC664893-9%20Saborta%20Warning.flac,Xeno-canto,Aves,True,20.116213879269633,-0.6653304638395017,16.909955069427063
random_init_eat_seed42,12,768010b4-e17e-48d6-8a0f-02736799380d,XC561638-cho%20hul%20femelle2.flac,Xeno-canto,Aves,True,24.02424662544125,0.8984865027751848,18.851555623807748
random_init_eat_seed42,12,098334ce-c397-4222-8296-8ffca7fae437,194139.flac,iNaturalist,Aves,True,25.069786502256427,1.2505841593357399,19.388258713845484
random_init_eat_seed42,12,dfd6cbf9-31a5-4bb6-b123-9f59b3ff4daa,SSW_118_20170429_220023Z.001_008.wav,NatureLM,,False,-5.736884149599739,21.39700900102804,-13.693870305248845
random_init_eat_seed42,12,3cb08433-cebb-4c98-898b-80e54ecb219f,32802.flac,iNaturalist,Aves,True,-23.57279281489847,-0.7135464400174443,-16.445945207770905
random_init_eat_seed42,12,938bd247-c632-47bd-bbe2-f00ed2e54ea8,Serinus_mozambicus_barbatus_20100701_zang_Lake_Bunyonyi_OEG_LS100329egg-z.flac,Xeno-canto,Aves,True,16.102577951049106,3.351311828591389,12.740454870589165
random_init_eat_seed42,12,0f9889a9-b9a6-4e30-8b08-d0242da6a515,410922.flac,iNaturalist,Aves,True,11.444133418885556,18.50193779791017,0.3239695652157423
random_init_eat_seed42,12,137895f2-c6ee-406a-9eb4-40e40df36b48,XC413503-Surucua%20variado3%20%28Trogon%20surrucura-OK-OK%29.flac,Xeno-canto,Aves,True,9.182255300121657,0.8276009044669832,10.265815978412329
random_init_eat_seed42,12,547a075d-83d1-4019-8116-45f9dcc43c5e,XC422294-Blue-banded%20en%20Blue-headed%20Pitta%202%20260218%20Danum.flac,Xeno-canto,Aves,True,-4.615577345682434,-4.0956155632790345,1.2071710402834734
random_init_eat_seed42,12,bdc650b9-36d5-47ed-824c-13cca43302ff,SSW_154_20170513_190014Z.028_017.wav,NatureLM,,False,-4.535346200173375,22.99984880477704,-13.976961793979505
random_init_eat_seed42,12,6e6fd995-7fe2-447c-8162-1dc4f2f22e6a,XC699785-29-01-2022%206e24%20Pomba%20asa%20branca%20CARAIBAS.flac,Xeno-canto,Aves,True,-9.235112724709218,-2.61653372983727,-2.110227774597496
random_init_eat_seed42,12,c99b124b-07b7-4093-a90b-ffdd2c65a727,684349.flac,iNaturalist,Aves,True,19.27188035454734,0.6412609311161094,17.95937038397703
random_init_eat_seed42,12,20ba605b-ee08-422c-ba42-f5dcc27d0a22,XC228328-Summer%20Tanager%20A%2015074.flac,Xeno-canto,Aves,True,6.845594984052803,-2.9680539789400884,8.684955384398847
random_init_eat_seed42,12,5e87f433-d182-4e50-9aa9-27922cdcbfd2,XC374312-rossignol%20philomele%20tarerach%2066%20not%20seen%20A.flac,Xeno-canto,Aves,True,24.431440504056926,0.47435300699851213,18.987349594938053
random_init_eat_seed42,12,58d9139e-0f1e-463a-bdf7-0be4801378fd,XC784638-fou-mac-ENC-kerlidic-220123.flac,Xeno-canto,Aves,True,18.14717962457637,7.378849726469419,12.73067887135513
random_init_eat_seed42,12,76dd7bc3-8435-48c0-9f78-d0a3ab3b5b10,YDTngmSh5wnI.wav,NatureLM,,False,-22.298157763499024,-0.12291205158374563,-15.599830728044195
random_init_eat_seed42,12,2c3c454c-0b4e-46df-92f6-e31c1ddc72e1,XC557317-BlackThroatedGreen.flac,Xeno-canto,Aves,True,-9.061374354167619,1.2664046202362147,-6.761719379886358
random_init_eat_seed42,12,9b448211-8049-4506-9419-b87c7eb56679,145647.flac,iNaturalist,Aves,True,24.272586672658967,0.578542350395578,19.61841880715604
random_init_eat_seed42,12,61b544a0-e4aa-4ae3-b37c-d5f4dab651ec,XC498630-GRACKLE_Gre-tai%20Tepic%20900m%20042519%200707.flac,Xeno-canto,Aves,True,24.00186135000863,0.06753377340510464,19.390431187030522
random_init_eat_seed42,12,93113a3a-def3-467f-a6a8-0aea0e83c63e,XC614959-Pipit%20de%20Richard%20Carolles%2012%20nov%2019.flac,Xeno-canto,Aves,True,-8.973449375129729,20.700592787605455,-15.538507239134491
random_init_eat_seed42,12,24b8e155-3f39-4502-8d6c-ae5b54479f95,XC510190-LS_58313%20Hildebrandt%27s%20Starling%20predawn%20song%20B%20Superb%20Starling%20C%20Slender-tailed%20Nightjar%20C.flac,Xeno-canto,Aves,True,11.617723985171903,1.0784252910559666,9.930123914550123
random_init_eat_seed42,12,aaa9904c-848a-4384-87b1-240b3b528125,121638.flac,iNaturalist,Aves,True,23.3820633918464,0.22383680950708662,19.345304861699915
random_init_eat_seed42,12,1be2c6f6-d8c9-4f70-92e4-b56e5cdea7f0,252028.flac,iNaturalist,Aves,True,-8.833809820857063,17.168767397067285,-13.775005128952007
random_init_eat_seed42,12,0de51500-38b0-4fba-91d8-4197b88be5c0,XC268851-carduelis%20carduelis%202%20parque%20alamillo%2010-05-2015.flac,Xeno-canto,Aves,True,18.043006497625804,0.870002614753937,15.97712952070721
random_init_eat_seed42,12,e5e7833a-1fb9-40f5-a213-ca0cd70e516e,51356.flac,iNaturalist,Aves,True,25.087246108025674,0.36784013772370333,19.468731273285158
random_init_eat_seed42,12,c9baa9ca-fe4c-47a6-914f-639f436c7bfb,SSW_110_20170429_110008Z.012_001.wav,NatureLM,,False,24.026521892829976,0.8067123029393626,19.604722606880337
random_init_eat_seed42,12,c51efe87-1e37-4b67-9577-fdc4f81e35dc,COOT%20Red-gartered_02_La%20Verdosa_25%20de%20Mayo_Buenos%20Aires_AR_20OCT01_Bernabe%20Lopez-Lanus.flac,Xeno-canto,Aves,True,-13.713561102898648,2.7163565699623327,-9.458293841995854
random_init_eat_seed42,12,93c18450-b237-4c1a-86b8-f3f083500889,151117.flac,iNaturalist,Aves,True,25.669691914917962,1.034807850101932,19.449408766375022
random_init_eat_seed42,12,6abc42ac-bced-4f8e-bc1b-15d06257a15c,453053.flac,WavCaps,,False,15.272780945217312,10.837469805782375,8.499561416744868
random_init_eat_seed42,12,259b6cdc-b252-4618-b2dd-2002b3a00c2b,411097.flac,iNaturalist,Aves,True,20.540006016503817,0.9315124685449048,16.529490808743027
random_init_eat_seed42,12,3afa59d0-3f62-4840-8d8b-166a12870993,XC424030-Myiarchus%20tuberculifer%20R%20Bellavista%2012%2006%202017%203%2055%20pm.flac,Xeno-canto,Aves,True,23.555330958790492,1.0808938436977724,18.033405562950414
random_init_eat_seed42,12,f36d9ee1-b897-4137-91f7-bdf664bc16f7,ICLISTENHF1251_20140904T175409.262Z_038.wav,NatureLM,,False,25.947874929508405,0.542136227586212,19.37233540838768
random_init_eat_seed42,12,b5f12d26-7328-4f78-b2a5-a3f7a363e89f,XC465758-R37_0108%20Coraya%20Wren.flac,Xeno-canto,Aves,True,21.254865950506293,1.111384525773707,17.18915228388176
random_init_eat_seed42,12,ad0c2a47-07f3-4f39-93e4-184b117456c3,XC426860-LS108242%20Black-crested%20Bulbul%20song%20B.flac,Xeno-canto,Aves,True,10.77070493974103,0.7218367539138199,10.187670249520885
random_init_eat_seed42,12,0881cd4e-e788-4668-b4b3-a8dce94f0306,156708.flac,iNaturalist,Aves,True,14.034569121978269,-0.8541538891499236,15.018174266770716
random_init_eat_seed42,12,e5e0eb45-0623-43f2-9fc6-fdffffdcea69,XC390467-White-throated%20Laughingthrush%2001%20-%2015Dec16%20-%20Sigri%20-%201109.flac,Xeno-canto,Aves,True,25.148663667075486,0.44486599031715557,19.631973540436846
random_init_eat_seed42,12,1a705b9e-4b45-4fc0-9ca9-0dc306e7e1e8,SALTATOR%20Golden-billed_17_Putre_I%20Region_CH_4NOV99_Alvaro%20Jaramillo.flac,Xeno-canto,Aves,True,5.116276446151678,-1.8793354305007357,6.268159972153478
random_init_eat_seed42,12,a50d1daf-2f9a-4f8a-822f-51ad13bbadb4,YIA3Um5JtMqU.wav,NatureLM,,False,22.158829585000515,0.783902746291602,17.902485290930215
random_init_eat_seed42,12,f56125d7-e8ff-429a-887a-cf6cc7717b3a,XC277200-PODCRI10h40m35s23jul2015%20%282%29.flac,Xeno-canto,Aves,True,17.719574062594056,-0.1326048359181514,16.284204878182223
random_init_eat_seed42,12,1bff0b95-7210-4a2d-b0f4-8269923f8144,XC504170-26-10-19%2000.07%20Gru%20sopra%20casa%20%28online-audio-converter.com%29.flac,Xeno-canto,Aves,True,19.19117351130984,-0.7538025201824224,17.83294385001308
random_init_eat_seed42,12,c5a97ecb-3eb2-41e8-82fd-ffd90d062fd7,XC684562-vite-vite-de-cabe%C3%A7a-cinza.flac,Xeno-canto,Aves,True,6.060795195844748,-1.9726291441692079,8.217507278458077
random_init_eat_seed42,12,9c65b9d3-98d4-4d13-a705-94529a1c3241,ICLISTENHF1251_20140404T200459.775Z_051.wav,NatureLM,,False,25.9383139275739,0.534798046510047,19.372809730863487
random_init_eat_seed42,12,09f37e69-9a9c-416b-9c44-86358a8ac40d,XC314241-Unknown%20-%20poss%20gw.flac,Xeno-canto,Aves,True,19.216472792954352,2.7099677346947066,15.075116120026442
random_init_eat_seed42,12,6754e8a8-358b-4094-8b60-c013fa7fa5d8,XC773008-170519_01-Buskskv%C3%A4tta-s%C3%A5ngl%C3%A4rka.flac,Xeno-canto,Aves,True,21.125725925769302,-0.26457314741471977,17.836526087201342
random_init_eat_seed42,12,4031dcbb-cf15-4625-8794-0a18eba07430,110409.flac,iNaturalist,Aves,True,24.484672703388604,0.4140321526604108,19.034579116332935
random_init_eat_seed42,12,f86852f7-a734-4245-a146-857bac1d5a7d,32073.flac,iNaturalist,Aves,True,25.245851331305566,0.9109528302135115,19.640891905642533
random_init_eat_seed42,12,d67a295c-5acf-455b-9e1f-2e7e9b8751f7,XC336055-160409-191944_Cyanistes%20teneriffae%20teneriffae_R.flac,Xeno-canto,Aves,True,24.599987638693392,0.31120809977758024,19.2778127732716
random_init_eat_seed42,12,4bfa106e-19e4-4a55-bee6-bccdae6395f2,XC762905-LS_51891-Common-Newtonia-song-A.flac,Xeno-canto,Aves,True,22.969590767732086,0.28164273162408177,18.4188424120141
random_init_eat_seed42,12,b7f488dd-4a90-46eb-8d15-2e26c469c741,XC646539-Guira%20guira%20Maceio%20AL%20Ilha%20do%20Lisboa%205%20May%202021%20RSS.flac,Xeno-canto,Aves,True,20.943734677485164,-0.0093759173996886,17.77667422398234
random_init_eat_seed42,12,c5fd87a3-5302-492d-bdd6-b742b5cb396b,XC525575-x_IAvH-CSA-5771.flac,Xeno-canto,Aves,True,-4.118009358996471,-1.9204575256866914,1.3259719380719313
random_init_eat_seed42,12,ae52ec88-e2b5-4711-946a-a4cfefdb67c0,373451.flac,iNaturalist,Aves,True,24.661282436543228,0.5208358447359388,19.440742868202516
random_init_eat_seed42,12,38b5e494-6ef7-45a6-8bc6-d889803c202f,XC567554-Cannaiola%20verdognola1.flac,Xeno-canto,Aves,True,18.50969479627241,-0.05582259369797571,16.657018457657728
random_init_eat_seed42,12,cd8055b7-c454-409a-b847-53fca842a0ed,XC629513-MIXPRE-4304.flac,Xeno-canto,Aves,True,25.482955504724316,0.7232088197143048,19.47631518984651
random_init_eat_seed42,12,713a478b-1866-4ec0-9a2a-838d12805843,XC445196-Slaty%20Finch.flac,Xeno-canto,Aves,True,22.46049282947954,-0.0899526487676488,19.128250591639073
random_init_eat_seed42,12,fda78aee-aa4a-4375-be28-331f005d0297,bass_synthetic_096-033-100.wav,NatureLM,,False,-22.398366332712854,4.620429341525236,-18.378340387620895
random_init_eat_seed42,12,e9bef080-ea2f-4a83-a7f9-6c36320a7b9a,XC439825-BECARD_Ros-thr_c_exc%20Uvalama%20400m%20051018%200619.flac,Xeno-canto,Aves,True,24.92370921021406,0.25053984109658917,19.42312128877928
random_init_eat_seed42,12,028bccfe-4580-40cf-9127-7b283908caf5,XC485317-PICCAN%20kaes%20jvk190707.flac,Xeno-canto,Aves,True,13.75185262243929,2.0381595378195865,10.323430621944897
random_init_eat_seed42,12,86ca1665-8ebc-441f-87c0-121b189c432a,XC515437-Mirafra_apiata_nom-FL%20song%2035km%20from%20Skittykloof%2022Oct19%207%2C50am%20LS114806b.flac,Xeno-canto,Aves,True,21.798405105103726,0.05175124293276215,19.276342551488327
random_init_eat_seed42,12,d4f3df4e-8485-4e95-95ff-f21f6382abfb,XC397510-Fork-tailed%20Drongo%20exc%20SPCA%20dam.flac,Xeno-canto,Aves,True,23.463795641017466,-0.40003206203183833,18.949023831374667
random_init_eat_seed42,12,df8cbea6-9ca8-4947-a792-330de6f059e1,XC673485-gul%C3%A4rla%20lock%20ossora%202.flac,Xeno-canto,Aves,True,-3.4442898835380023,7.773801658717398,-4.350396446869734
random_init_eat_seed42,12,e9a8ef71-3906-45ac-965e-ccbb132caa6f,641050.flac,iNaturalist,Aves,True,-2.7925609062244034,23.59576082574496,-13.519504209627483
random_init_eat_seed42,12,5cc41868-5483-4ea8-a892-062a57d2d7d0,XC715850-St%C3%B6rre%20korsn%C3%A4bb_120.flac,Xeno-canto,,True,22.098675490862718,0.8030219846720602,17.69403373452362
random_init_eat_seed42,12,7169c1ff-a981-44f1-af84-f41da149eee2,SSW_165_20170603_010000Z.001_003.wav,NatureLM,,False,25.361808742863737,0.36670958615060417,19.842337722857188
random_init_eat_seed42,12,a70ec7f2-0aef-4022-b54b-81c81b40d45e,XC591365-Bar-tailed%20godwit%201226.flac,Xeno-canto,Aves,True,-6.652448959667728,16.256458772967655,-10.732342371325405
random_init_eat_seed42,12,3c4ce7f6-faf7-4b3c-972d-18a04464be58,XC650670-Cape%20Batis.flac,Xeno-canto,Aves,True,2.579844415095878,0.8492458676777939,4.5872100993862395
random_init_eat_seed42,12,da51ccbe-bd84-450c-8e48-a2406a977b60,XC632257-Black-capped%20Pygmy%20Tyrant%20March%2020%202021%20105617%20AM.flac,Xeno-canto,Aves,True,25.207699452682604,0.8130697360946457,19.52337568105404
random_init_eat_seed42,12,21078a26-1dd8-4efa-8db3-29e257096438,463843.flac,iNaturalist,Aves,True,0.8596924245136328,22.766249504738354,-10.018079328383724
random_init_eat_seed42,12,381969a4-254e-46e8-a473-a7aee66653b1,7538_100043_000013_0000012.wav,NatureLM,,False,-17.431548216827025,11.840225486552177,-18.203451469435876
random_init_eat_seed42,12,aad98f44-759a-4a72-9b30-5bf077bef385,Sylvia_communis_Co0060_13_short.flac,Animal Sound Archive,Aves,True,20.73929993948692,-0.2565793394605876,17.56856609124313
random_init_eat_seed42,12,c0bb22b8-5fe8-4c8b-a13c-f6761abd1665,YLF-070rGEbQ.flac,WavCaps,,False,-5.5735705617890545,2.2538723515469465,-3.8093770991737337
random_init_eat_seed42,12,8ce5a3bf-5f04-4fc1-86ed-0d193b5d8026,SSW_130_20170506_150010Z.024_010.wav,NatureLM,,False,24.071519765521465,0.2054885403349742,19.8188873105655
random_init_eat_seed42,12,85d6b5cf-22c5-466f-86f0-477c494bfff1,619141.flac,iNaturalist,Aves,True,25.52939467251057,0.4870207592557498,19.521867967388726
random_init_eat_seed42,12,bf8acb2d-b958-4ffb-9feb-9e89583ac4a7,YoZapEQbSCfw.wav,NatureLM,,False,-24.79266872219747,-1.2772658103976149,-17.45068384452347
random_init_eat_seed42,12,dffb3b5f-5441-4242-93d7-259ecc0145fb,686932.flac,iNaturalist,Aves,True,25.498750967618037,0.45029552607772755,19.389378743033063
random_init_eat_seed42,12,3eebc371-e43d-4382-9075-2c24d5298cb0,SSW_283_20170826_170022Z.047_008.wav,NatureLM,,False,25.098525137815678,0.3049913078336461,19.98169881077448
random_init_eat_seed42,12,b3c983b0-8943-45f0-87fd-a09a0469276f,596384.flac,iNaturalist,Aves,True,19.637093699841415,12.777422459251376,9.631930395238387
random_init_eat_seed42,12,155b572c-d1b0-4670-83d1-0e0cdaedb625,SSW_020_20170304_070004Z.030_000.wav,NatureLM,,False,25.112781672490332,0.3413943849234808,19.833867677400566
random_init_eat_seed42,12,eef42577-4f66-40f6-9836-b064082e6cb7,262702.flac,iNaturalist,Aves,True,-11.314180990312035,14.919302192720128,-13.609845478298368
random_init_eat_seed42,12,44839bec-6e8d-49fa-9e64-c50c2bad3ff5,224489.flac,iNaturalist,Aves,True,-24.282819434437112,0.8534785718482487,-17.83656619984513
random_init_eat_seed42,12,afa092bb-f85d-4a09-9d0e-d1812b9a0227,brass_acoustic_027-065-100.wav,NatureLM,,False,-18.4492457520194,10.862583526234387,-18.507507002169675
random_init_eat_seed42,12,d2553af2-6bda-42e6-bcad-633058a3ce05,SSW_250_20170722_130012Z.053_007.wav,NatureLM,,False,25.00146576200845,0.6000699734654327,19.821526508506413
random_init_eat_seed42,12,319b430c-7b69-4254-9274-2c98e945fd78,ICLISTENHF1251_20140504T143153.842Z_040.wav,NatureLM,,False,25.645617855643508,0.6283756781172383,19.59781730204653
random_init_eat_seed42,12,28ef18c3-ad07-49c8-838c-654ead86d6a9,44018.flac,iNaturalist,Aves,True,9.253989876337167,0.045469850892637165,11.870988318638558
random_init_eat_seed42,12,a462f272-cffc-4dda-8dd4-055c5d4c89f1,YfEYaxZoQ188.flac,WavCaps,,False,-16.335316635173584,-2.6000989213564214,-10.523475010814836
random_init_eat_seed42,12,0d9f5134-436f-49aa-b1cd-d5ab070e6917,621985.flac,iNaturalist,Aves,True,25.001429708069892,1.1047492438732154,19.439455420229056
random_init_eat_seed42,12,77fe7099-9ac9-43e8-97a9-05680b0e60d9,109318.flac,WavCaps,,False,24.851466027066003,0.39891537806265776,19.78907554144884
random_init_eat_seed42,12,0831e3b7-8ca8-4d6a-a12a-b1e18ea91aa0,SSW_226_20170701_190013Z.055_005.wav,NatureLM,,False,22.385187801646524,0.27720924658594853,19.21413830115969
random_init_eat_seed42,12,477f40d1-81d0-4c61-b971-9cbec7552c96,keyboard_acoustic_012-023-100.wav,NatureLM,,False,-14.65550713599421,14.753778715551098,-17.24842462492807
random_init_eat_seed42,12,bf728c91-628d-4477-98ec-1006028bbb0b,274751.flac,WavCaps,,False,3.571916089906628,22.354705371809153,-8.373424359680753
random_init_eat_seed42,12,9576bf10-17fe-4d70-b256-cb074b749282,7816_108621_000010_0000001.wav,NatureLM,,False,-15.92395362147914,12.745909869067368,-17.301113253179004
random_init_eat_seed42,12,d90636cf-daa5-4dcf-b0be-a765fd95a5ae,481690.flac,iNaturalist,Aves,True,15.888952927582807,4.974319756506199,12.703034034841023
random_init_eat_seed42,12,4a918152-129b-4574-95e4-3553c34c17b9,ICLISTENHF1251_20140702T124216.470Z_047.wav,NatureLM,,False,25.93472741791887,0.5448701309334445,19.348109038667896
random_init_eat_seed42,12,bd7a882e-95a8-41ad-8400-271e0e80938d,631338.flac,iNaturalist,Aves,True,23.022994530254444,1.760788700466093,18.2466597086529
random_init_eat_seed42,12,1653e321-adca-400b-81f7-1544730fd523,SSW_117_20170429_210015Z.022_001.wav,NatureLM,,False,25.238558835669128,0.38285194955099977,19.87328871315293
random_init_eat_seed42,12,5d03780d-6ef4-469f-b2be-7d22b11b8a50,360006.flac,iNaturalist,Aves,True,24.199192281492795,-0.13880548191572806,18.76024055541967
random_init_eat_seed42,12,e426f293-f8e3-49bd-82e4-11828c92724e,SSW_149_20170513_140018Z.008_000.wav,NatureLM,,False,25.382505542661576,0.7683741430035242,19.773521108419228
random_init_eat_seed42,12,1abc296c-d293-4b87-baf9-4cf214190f7f,67274.flac,NatureLM,,False,-3.843807570041525,0.21850600012741317,0.024640114830996263
random_init_eat_seed42,12,6d0d0205-e1eb-4be7-9cb0-94af70279fe2,477774.flac,iNaturalist,Aves,True,25.422801347787434,0.21217022060264623,19.704746940206988
random_init_eat_seed42,12,629f1648-8d29-4e5a-940e-79eb0703f101,617913.flac,iNaturalist,Mammalia,True,11.19640950673745,-2.5531093256338355,12.057620112089221
random_init_eat_seed42,12,7a64772f-5aed-4ef6-9225-640fa177075a,630291.flac,iNaturalist,Aves,True,11.948762900865082,11.695337808589635,5.14850773402296
random_init_eat_seed42,12,921825f0-e47e-4fdf-8530-bd859edf9048,mallet_acoustic_039-054-075.wav,NatureLM,,False,2.0792929953590202,23.776774022035312,-10.176964685974271
random_init_eat_seed42,12,73bec562-bea6-4112-97ff-9cd0601c6e2d,464287.flac,iNaturalist,Aves,True,23.317576194506753,5.006802828543021,16.74376838361067
random_init_eat_seed42,12,ae81b11d-cdfe-4f8d-8a1d-dc8e0f3249ad,74843.flac,iNaturalist,Aves,True,-20.389930654577086,-2.3719429708348096,-12.005077117580486
random_init_eat_seed42,12,27d118a4-5eea-4c8b-b3c5-8104d1340887,7698.flac,WavCaps,,False,-2.761852455480426,-1.8177408139850177,1.6800901062853888
random_init_eat_seed42,12,83465c78-281b-4f56-9a33-ace4ce79838c,97752009.flac,Watkins,Mammalia,True,-8.893120267454368,21.302632288414962,-16.108284186785124
random_init_eat_seed42,12,0f9fc4b0-9460-4f57-b0f2-53caea61f5bd,SSW_233_20170708_040004Z.044_001.wav,NatureLM,,False,-4.577016825618978,22.67215059545192,-13.970287645553888
random_init_eat_seed42,12,db9da019-9831-4c00-be40-d3e15f86432a,p374_116_mic23.wav,NatureLM,,False,0.3118708446255818,14.950922078906903,-6.255374420842804
random_init_eat_seed42,12,785cba80-d777-4697-8b08-e92f2e65b547,p244_347_mic22.wav,NatureLM,,False,-19.81627527585545,7.697557490330887,-17.494285510676903
random_init_eat_seed42,12,2d5ee0b3-1aa4-426d-bfb4-e10da5f17f85,9778000S.flac,Watkins,Mammalia,True,-12.684418227533744,20.25735849577991,-18.465618293866292
random_init_eat_seed42,12,de27cb8b-2eca-49bc-b151-bd77866e897a,153735.flac,WavCaps,,False,-10.750726267485815,12.336651535260408,-12.10263079115802
random_init_eat_seed42,12,75b42f8b-fe51-4fb1-9ff5-9991b5efe28b,554938.flac,iNaturalist,Aves,True,21.234778736284557,-1.0636504917217127,19.113619386146073
random_init_eat_seed42,12,57b43305-03ba-4a46-9bf2-d67b0b5f6dde,bass_electronic_032-061-100.wav,NatureLM,,False,17.995959029030093,8.878775866518247,10.402614031048776
random_init_eat_seed42,12,a25d96e7-6053-4ac1-bda6-4190e11f087a,mallet_acoustic_019-063-127.wav,NatureLM,,False,13.563854118924809,18.19508082304622,1.400013166208451
random_init_eat_seed42,12,5803bdb6-5da8-4ef6-b641-bd4fb2191b23,636786.flac,iNaturalist,Aves,True,25.367666183781147,0.33689806126554833,19.588805119495014
random_init_eat_seed42,12,748178b4-01ef-4f66-9fd2-51a426ba901d,keyboard_electronic_000-069-050.wav,NatureLM,,False,-1.132672790534255,20.91836869834392,-10.539572275515404
random_init_eat_seed42,12,2d35202a-c249-40f2-9cc6-5beee26338ca,568035.flac,iNaturalist,Aves,True,24.3822848805571,3.651480996315839,17.88688322453862
random_init_eat_seed42,12,5bcc80dc-e86e-4931-b089-c181346c44b8,Y9FDzG0xNp5s.flac,WavCaps,,False,-23.480587051056503,0.10890390245882786,-16.73500221065088
random_init_eat_seed42,12,19ee1106-5724-4111-afb2-996b9ca09d31,reed_acoustic_026-040-100.wav,NatureLM,,False,-2.8450601791937395,18.815071561040675,-11.121862241617134
random_init_eat_seed42,12,bf449bc6-4274-497e-bf2e-69d7e1eb6ade,352813.flac,WavCaps,,False,-22.83886355484893,-1.5848744738188736,-14.792179247900267
random_init_eat_seed42,12,11a02b0f-18bc-490b-ac70-3497b873e273,egg beater.wav,NatureLM,,False,-22.697528123334592,-0.32626599201978634,-16.206817481018362
random_init_eat_seed42,12,2978c4d5-2820-4b09-810c-348fc5354dbc,140487.flac,iNaturalist,Mammalia,True,25.51046590900171,0.5498159306058523,19.45226342150273
random_init_eat_seed42,12,63a007cc-9ee9-49c3-be39-f4fa346b9776,SSW_225_20170701_180012Z.052_000.wav,NatureLM,,False,25.562886380498085,0.7560638653190088,19.760226043169983
random_init_eat_seed42,12,b254bdc5-fc58-436e-b900-c91f57a34163,128239.flac,iNaturalist,Aves,True,-11.33187973809114,13.23438295349002,-12.25931840969414
random_init_eat_seed42,12,c05844c0-56fc-48b3-af88-dcb87832b238,organ_electronic_072-046-075.wav,NatureLM,,False,25.224986335464724,-0.394937421792191,19.39061910497494
random_init_eat_seed42,12,de86b4f6-baa5-4086-825e-1536f74d6c9e,281436.flac,iNaturalist,Aves,True,24.853026243922876,0.4372121614318435,19.3448442624046
random_init_eat_seed42,12,b11cc9b5-e7e8-4b34-a501-695b1b557ee1,599521.flac,iNaturalist,Aves,True,25.69100262015153,0.4261558184125422,19.52048880383066
random_init_eat_seed42,12,3ded9bf0-b19e-4ac8-96a9-4e85662256a8,360176.flac,iNaturalist,Aves,True,-8.548970689744044,-0.3542056734614232,-2.303007536502953
random_init_eat_seed42,12,f29f24f0-c2c8-4ec0-b4e2-e834b051d04a,p229_032_mic22.wav,NatureLM,,False,-14.288174074604832,15.575175243813167,-17.257474856219467
random_init_eat_seed42,12,96bb6b75-cd6e-4f93-9c2b-d97b4102b502,1446_122614_000023_0000013.wav,NatureLM,,False,-10.589078016658457,10.175150330247416,-12.003880632719774
random_init_eat_seed42,12,5ca1ab61-6044-4152-9cbf-a35fdd8d3bea,37490.flac,iNaturalist,Aves,True,24.670709942434843,0.09556003938608026,19.739814978705635
random_init_eat_seed42,12,94bd8912-1b44-4a77-9970-93316905bd53,ICLISTENHF1251_20140901T070408.359Z_006.wav,NatureLM,,False,25.81392214191367,0.3225233315387851,19.379831886587535
random_init_eat_seed42,12,61f8d469-5b3b-4379-8200-cb3faf7486a7,7511_102419_000027_0000014.wav,NatureLM,,False,-11.106555625001159,10.639659039740398,-12.4903611450877
random_init_eat_seed42,12,d759aa3d-4cc8-4805-8026-353637682ddf,SSW_140_20170513_040005Z.018_008.wav,NatureLM,,False,-8.004166724536145,19.41424073102605,-13.778541942588529
random_init_eat_seed42,12,494ab59a-9fd8-459e-ba68-b37a832bf186,SSW_086_20170408_130009Z.023_007.wav,NatureLM,,False,23.574148400469724,-0.3852555402677563,19.692426359207445
random_init_eat_seed42,12,3875840e-2bb2-46ec-892f-f5a899131e5f,436532.flac,iNaturalist,Aves,True,24.761794449609155,0.4543553208785809,19.420772307373966
random_init_eat_seed42,12,50b80e58-3fd9-4eb4-ac4c-71ec3d5101a2,151600.flac,iNaturalist,Aves,True,13.162491432345252,-2.228776887635571,13.427395746985603
random_init_eat_seed42,12,aeebffdb-f337-49f7-a052-3a3452f19f8c,keyboard_electronic_026-097-100.wav,NatureLM,,False,2.3323298324058515,23.81729008691567,-9.981246913331047
random_init_eat_seed42,12,db664b46-da75-438e-8757-cc5961fb808c,brass_acoustic_060-063-127.wav,NatureLM,,False,-13.126368696747457,11.899560529110035,-14.870735914756882
random_init_eat_seed42,12,24579bbb-d9ca-4f44-a94a-1a97f096a9f3,429218.flac,iNaturalist,Aves,True,25.433909401376123,0.604422260914828,19.370201249909364
random_init_eat_seed42,12,f8812b4c-ec37-4da0-bb84-b535a2cf20b1,409679.flac,iNaturalist,Aves,True,-8.844438866395548,14.50690143546365,-11.810802375560492
random_init_eat_seed42,12,3854c209-2d01-4fdf-8938-ecfe26b9698a,572730.flac,iNaturalist,Aves,True,24.49680213477977,-0.09344168601461272,19.505967264220345
random_init_eat_seed42,12,f52ac1e9-3da5-4323-b8be-50154022bdd0,585506.flac,iNaturalist,Aves,True,23.086774690703606,0.7203785928898737,19.04021568144458
random_init_eat_seed42,12,7a1b65bd-2d5d-4db2-8f2a-bf66b7d9b1dd,bass_synthetic_126-088-050.wav,NatureLM,,False,22.09306545028614,0.2855351413025781,17.210389595035856
random_init_eat_seed42,12,e3535cd4-4861-4d41-b5c9-6883957c4d3a,mallet_acoustic_020-086-050.wav,NatureLM,,False,3.00932178184469,24.448117797668225,-9.968780158451771
random_init_eat_seed42,12,e0ec1be9-dd40-4477-86b4-dc2d74485cb4,123068.flac,iNaturalist,Aves,True,-4.00532753943223,-0.16439856887823712,0.3752437846330583
random_init_eat_seed42,12,9874db31-1872-4cba-9942-620e986576ed,625811.flac,WavCaps,,False,-16.372690549172177,14.803538015637734,-18.67809461760478
random_init_eat_seed42,12,ba915582-8962-485f-861d-84f87cba0e7f,440191.flac,iNaturalist,Aves,True,24.923295739941494,0.3395031006014811,19.821665021328855
random_init_eat_seed42,12,ff6b23d4-3697-4b97-9746-ef7bafec7240,ICLISTENHF1251_20141201T104339.106Z_025.wav,NatureLM,,False,26.07555316536145,0.7518222581701098,19.347610609812616
random_init_eat_seed42,12,aca533a1-cdcb-4c13-860a-82c92bdde47d,330711.flac,iNaturalist,Aves,True,10.457424052657858,15.612448754183344,1.8980071700372754
random_init_eat_seed42,12,7f9ca590-8228-412d-8945-04c2cd22beec,401495.flac,iNaturalist,Amphibia,True,22.68782740316532,0.33309460823563425,18.84791329909831
random_init_eat_seed42,12,96a47dc8-1bdc-4246-a0fc-ba9fb3233336,83035019.flac,Watkins,Mammalia,True,-18.650894605369267,9.710458138537199,-17.071105004342694
random_init_eat_seed42,12,ac564bbc-2243-4b3d-ae3b-088eaf4e65ff,536618.flac,iNaturalist,Aves,True,23.434771564256014,-0.030095769635101632,19.08096275509918
random_init_eat_seed42,12,088da057-5719-4d3b-9beb-e6baaec7206f,231495.flac,iNaturalist,Aves,True,24.58144092472548,0.6737261076572649,19.819856259504814
random_init_eat_seed42,12,8a711d06-4747-4a99-bd49-891b9dae40aa,07046113.flac,WavCaps,,False,22.978407733235557,0.8735929843524134,17.97250689455806
random_init_eat_seed42,12,9575c601-9417-4f6e-b9f6-373c3ac12cf0,189696.flac,iNaturalist,Aves,True,23.253240138932462,0.8212925902562,19.02534745394432
random_init_eat_seed42,12,8f3ff8f0-9d15-4c7e-bec7-e1b8d9338f96,73001002.flac,Watkins,Mammalia,True,-12.979103093793135,13.735073204467946,-14.63414198714273
random_init_eat_seed42,12,734c9e30-160b-45a1-8e19-0cdb8bea7327,reed_acoustic_015-086-100.wav,NatureLM,,False,-12.609999818118144,19.979690368841055,-18.70527331362481
random_init_eat_seed42,12,516da4a0-75bb-427d-b12d-e4a97dce00f5,guitar_acoustic_028-056-025.wav,NatureLM,,False,25.108682480252114,0.27996099040915756,19.224046202352483
random_init_eat_seed42,12,f07da3dc-c385-450d-9ad2-f09f3db64967,15383.flac,iNaturalist,Aves,True,19.486348085640937,0.9519655367993844,17.00105336293901
random_init_eat_seed42,12,9740dd80-2577-44da-b97e-7c34fe86126e,bass_synthetic_055-090-050.wav,NatureLM,,False,-9.785468687869228,16.77923551954631,-14.454163198257328
random_init_eat_seed42,12,b2636c9f-22f2-410f-9357-4ca5399c2688,74573.flac,iNaturalist,Aves,True,1.5408805087167514,-0.23325594574845765,3.635017466982649
random_init_eat_seed42,12,c1aca1af-5595-4d72-a1d8-71c8b4da3fc5,187180.flac,iNaturalist,Aves,True,24.186218200518297,0.5460074927099885,19.41866572220978
random_init_eat_seed42,12,553090a2-13b2-442c-9013-2f23ebfc492e,299274.flac,iNaturalist,Aves,True,10.478365576319476,-0.3926757068883011,12.44448696450498
random_init_eat_seed42,12,a39e86af-800c-48cb-a4c6-71a747614bd0,ICLISTENHF1251_20141103T235254.811Z_048.wav,NatureLM,,False,25.894026121478472,0.5321621004256643,19.41887057764179
random_init_eat_seed42,12,5d08b01d-eae0-478b-8980-7bd94f971b2a,427181.flac,iNaturalist,Aves,True,25.45482474090525,0.18628226726179953,19.52511352396547
random_init_eat_seed42,12,4c60c3b3-9c2b-493b-ab73-a8bb8c34becc,490100.flac,iNaturalist,Aves,True,-1.0493272091664152,14.17087007527149,-6.663138376851919
random_init_eat_seed42,12,206a5564-2708-48d7-9916-4331c5afb1f0,369128.flac,iNaturalist,Aves,True,22.14538248748881,1.0208432553832085,18.34761944375815
random_init_eat_seed42,12,4737a6c3-1dbb-44d5-a48e-9efd1a064bee,562852.flac,iNaturalist,Aves,True,23.370792410712184,0.8221324412435644,18.701111438202293
random_init_eat_seed42,12,bb4acf9c-af4f-4736-b0ce-7f12cf6fdc59,672642.flac,iNaturalist,Aves,True,-11.690798938727596,18.02752063013221,-16.49679934284538
random_init_eat_seed42,12,59b72759-5956-4f4b-8556-c198f6a29b8a,300806.flac,iNaturalist,Mammalia,True,-4.53127620820413,-0.9924451770481694,1.4412255593901016
random_init_eat_seed42,12,e54c1d0b-b018-4416-8430-4c8949687ec8,113491.flac,iNaturalist,Amphibia,True,25.32900613251535,1.013754277291957,19.05444725817725
random_init_eat_seed42,12,cac6fff4-a44c-4ec2-9006-4f57e74888ac,449756.flac,iNaturalist,Aves,True,11.973353666299781,-2.035875358015385,14.070746108359605
random_init_eat_seed42,12,0e0ba821-15c4-4c34-afa0-05f4be6c4484,335852.flac,iNaturalist,Aves,True,21.876863078308013,10.298450870440483,12.126388665680379
random_init_eat_seed42,12,6725007e-7dd3-4060-a13f-56dd2a5b05a1,YNp5CqgFVwsA.wav,NatureLM,,False,18.478396437312988,-0.7667906211411587,16.349748345197927
random_init_eat_seed42,12,4adde8a7-63e6-4948-ac84-031740678e8b,Y5cezddiPBAo.wav,NatureLM,,False,7.01506662041071,-3.237285130172637,8.249117220097755
random_init_eat_seed42,12,2e32c005-b583-43d8-8082-0651abd5274f,103506.flac,iNaturalist,Aves,True,25.483734645312985,0.7120993469548232,19.70265841408871
random_init_eat_seed42,12,1ed8e7c2-6897-4eef-88d6-86845316f6c6,574908.flac,iNaturalist,Insecta,True,-13.409132569154659,0.8087410314105486,-7.069066503539865
random_init_eat_seed42,12,edc2bd4a-373c-44a7-a983-ae61dc069128,574372.flac,iNaturalist,Aves,True,-21.657780698039353,-0.8748914896067584,-14.249901575142756
random_init_eat_seed42,12,32004731-1228-4450-a0e2-a9830daba3b7,Tettigonia_viridissima_V1829_25_short.flac,Animal Sound Archive,Insecta,True,-17.11073191797747,-2.17102922961149,-9.294076180444435
random_init_eat_seed42,12,eca527eb-183d-4faa-be06-28ce9543b516,670805.flac,iNaturalist,Aves,True,25.280048438726162,0.5435172522694931,19.80022875886562
random_init_eat_seed42,12,3e6b1f2c-5dca-4c77-8767-eb5394ec2c14,ICLISTENHF1251_20140802T044029.421Z_027.wav,NatureLM,,False,25.921216410736644,0.5341321798964136,19.38426823877149
random_init_eat_seed42,12,41a1dfe4-0973-4f09-988a-329ea7cb7cf5,578883.flac,iNaturalist,Aves,True,23.25259036709599,-0.060097829725485774,19.351689314389404
random_init_eat_seed42,12,1e08a0f4-be9b-4c76-9c4f-4eac81dc1c40,506582.flac,iNaturalist,Mammalia,True,-1.6946714495972064,21.998475783874945,-11.432252914988101
random_init_eat_seed42,12,a8253011-aeba-4dc5-976d-747589d08931,p278_023_mic22.wav,NatureLM,,False,-3.6383997146840064,3.8523126531544265,-3.659124156003196
random_init_eat_seed42,12,1293cd47-9853-4299-8887-04fd759ec354,214557.flac,iNaturalist,Amphibia,True,24.510427185106288,0.3815301550437603,19.389787696695148
random_init_eat_seed42,12,ab10bc86-469b-430b-b965-2871ca1ac7d0,YM1KvQp2NUq0.flac,WavCaps,,False,10.679322014974854,-0.9239506975079372,11.975603542527871
random_init_eat_seed42,12,2300faf5-a5a1-415a-9a63-5b3c676620d6,SSW_151_20170513_160021Z.019_007.wav,NatureLM,,False,24.50829867590219,0.12659176436787078,19.667381066428995
random_init_eat_seed42,12,f771d67a-807c-4ccc-889c-52ec3410553c,269541.flac,iNaturalist,Aves,True,7.159414478918086,-0.16280952109641056,8.379223359317743
random_init_eat_seed42,12,8756b40f-3d0e-4564-bbd3-7c1f25d22bee,651159.flac,iNaturalist,Aves,True,19.319430901424738,2.0934572376389,15.773241153426458
random_init_eat_seed42,12,e8bb0aa3-403a-4067-9710-7430f5cc5024,2654_158744_000004_0000071.wav,NatureLM,,False,-16.814485357385305,11.592899375732916,-17.23792060574833
random_init_eat_seed42,12,4edef489-cb27-4c03-9cb3-c895bdf8cfcd,84426.flac,WavCaps,,False,-18.107122250852584,0.08269866727950115,-11.221072563622506
random_init_eat_seed42,12,52009b8f-bdf0-4108-b0f9-bd2c6ec8f900,241573.flac,iNaturalist,Aves,True,24.323467920122223,5.368319583111882,16.418345790704972
random_init_eat_seed42,12,b6a69aa0-7c34-464e-b220-78787c6981ab,Y3BwlstxbnWc.wav,NatureLM,,False,-21.597105477988194,-0.5495010458841879,-14.514299790862612
random_init_eat_seed42,12,f511ce8c-4765-40fb-9c0b-15a9a81aab27,300754.flac,iNaturalist,Aves,True,22.719285918880864,1.268756944676918,18.21283693937072
random_init_eat_seed42,12,1a52c6b0-0b42-49cc-9129-0c5f72051ac5,2204_131732_000041_0000012.wav,NatureLM,,False,-18.41267591258699,9.516973020774211,-17.183115279641775
random_init_eat_seed42,12,c478a113-b56d-4473-bbf3-7b4d73aef7d0,98816.flac,iNaturalist,Aves,True,20.390749389387633,0.9777422445833257,16.75563990076059
random_init_eat_seed42,12,f4f45305-472d-4860-a969-bf0ce7e2923e,ICLISTENHF1251_20141203T103122.076Z_054.wav,NatureLM,,False,25.92733006266194,0.5303199615678331,19.38895960283084
random_init_eat_seed42,12,dd80e013-1b6f-46c8-8d4b-120f83f37c95,40co0316_2.397_408a010z_-2.397.wav,NatureLM,,False,-10.39197378235813,-1.1367967414181799,-3.0928319152609873
random_init_eat_seed42,12,c5494864-94f2-4e0a-9a6d-fbe9a0765227,490788.flac,WavCaps,,False,25.853473637031644,0.5007456158636635,19.457867308464
random_init_eat_seed42,12,c3706938-d8d8-44b1-a8bd-aa6864d3da7f,184391.flac,iNaturalist,Aves,True,4.8064093323156785,23.382457106712817,-7.777732565379564
random_init_eat_seed42,12,f6d0d363-d291-419f-b412-da0737eb9469,235760.flac,iNaturalist,Aves,True,-3.6919856724712865,23.656488412927622,-13.70887051031169
random_init_eat_seed42,12,28fb5f7c-13d7-4da7-b5c0-6b328dfc19c5,Turdus_merula_Tre_N0165_07_short.flac,Animal Sound Archive,Aves,True,12.720617771972758,-0.4623616308705304,14.058591985306364
random_init_eat_seed42,12,439d715d-769c-40bb-bd18-70bd9163ee8d,SSW_227_20170701_200015Z.025_010.wav,NatureLM,,False,-6.7415851835169835,20.831694110817875,-13.68018026323738
random_init_eat_seed42,12,c610ab73-a57b-429c-8430-cd1e7f0f4d6c,609353.flac,WavCaps,,False,25.729995828670713,0.7304322986176424,19.26442675817657
random_init_eat_seed42,12,76790e0b-a744-48d6-bc93-2757d8e14dba,keyboard_electronic_033-050-025.wav,NatureLM,,False,-16.415117546242115,14.622043126843465,-18.46601263755033
random_init_eat_seed42,12,dc422392-cf30-433e-a7f8-2b025801a7f6,SSW_125_20170506_090007Z.056_007.wav,NatureLM,,False,10.0567688728779,-0.4808003902596577,11.659666636977034
random_init_eat_seed42,12,8907c5d9-aa7f-4a5c-bb11-5d6b184286ed,organ_electronic_034-054-127.wav,NatureLM,,False,10.354193748703025,18.701587073703173,-1.1900963044570902
random_init_eat_seed42,12,6d6f7493-cc30-4b28-8496-f5773be60572,78007027.flac,Watkins,Mammalia,True,-14.7120128985697,16.105974053585022,-17.361745429766643
random_init_eat_seed42,12,ee783ab4-be88-4dfe-a4d0-3aaac85badc5,ICLISTENHF1251_20141202T011144.851Z_027.wav,NatureLM,,False,25.942971504829462,0.5506278354434945,19.373713500316693
random_init_eat_seed42,12,0d0efb49-ae03-4f2e-bc0f-c651d9ce9c6a,p244_082_mic24.wav,NatureLM,,False,-16.272143914257104,13.399618063364633,-18.066426691687646
random_init_eat_seed42,12,7bca125f-ba28-4934-9681-fa5916444ee5,vocal_synthetic_005-076-050.wav,NatureLM,,False,-18.750442906332708,5.879124058204178,-16.371565598240647
random_init_eat_seed42,12,220b8cb1-f1e1-45bf-9267-a9973d9fb438,guitar_synthetic_008-092-100.wav,NatureLM,,False,-12.595209075937296,20.469263459399812,-18.80959324178469
random_init_eat_seed42,12,bb721e59-ee82-466f-91d9-19d3586fdfda,ICLISTENHF1251_20140702T183216.535Z_035.wav,NatureLM,,False,25.95042716825295,0.5378096821565078,19.374547299809226
random_init_eat_seed42,12,f777a4d8-a73a-4218-8eaa-f1c8b9602384,reed_acoustic_003-034-100.wav,NatureLM,,False,19.872005485229877,-0.38854930205052796,16.46074293342467
random_init_eat_seed42,12,06d39be0-bfce-4c0c-911b-e9c27ef76c76,ICLISTENHF1251_20140901T121408.411Z_018.wav,NatureLM,,False,25.812694458195402,0.31643765823024145,19.385066985084002
random_init_eat_seed42,12,8bc5604b-86f2-4126-aafa-934bd8e56386,SSW_246_20170708_220025Z.018_007.wav,NatureLM,,False,-12.465335873912679,14.707281918501366,-14.205074380097065
random_init_eat_seed42,12,5c4635a9-bbcb-4055-964e-e1a680f94e50,ICLISTENHF1251_20140702T183216.535Z_054.wav,NatureLM,,False,26.081579423080015,0.759523008480447,19.3578534482018
random_init_eat_seed42,12,a19b22fe-babd-46ad-a94b-fb5909db58e1,ICLISTENHF1251_20141004T035246.107Z_002.wav,NatureLM,,False,26.080427973739077,0.7619079540080779,19.349570920489406
random_init_eat_seed42,12,1a22ad44-2627-47b2-99f3-bb14e084abd1,37301.flac,WavCaps,,False,-10.489594215257647,18.497339359974013,-16.361513833045695
random_init_eat_seed42,12,0c742eaa-2cd8-4877-86fe-82f3c03ad414,6696_73296_000017_0000003.wav,NatureLM,,False,-6.441379577477058,13.867341568488953,-11.21330491285755
random_init_eat_seed42,12,f0b0d77a-d521-40eb-91d2-80f715bc274d,vocal_synthetic_006-090-075.wav,NatureLM,,False,-7.427049601094185,17.626182071912616,-13.924830096673594
random_init_eat_seed42,12,5443139d-7439-4066-8928-850b443c93e9,Y6GmoFefjuHw.wav,NatureLM,,False,-22.036778521663557,0.3536406268071344,-15.764302085900203
random_init_eat_seed42,12,e5f13262-458c-4221-8024-8c951f461322,guitar_electronic_037-044-127.wav,NatureLM,,False,-4.847007929067949,18.260980290752507,-12.097417168116838
random_init_eat_seed42,12,b0a58bc9-8bde-4c3a-8a03-b77511bcfb67,4214_7146_000054_0000021.wav,NatureLM,,False,-17.618372554228852,12.023664361802595,-18.24634783621006
random_init_eat_seed42,12,b195ba59-7a66-436b-b9d7-277d58b90f8f,6608400N.flac,Watkins,Mammalia,True,-3.9593949762974123,13.108313402736389,-6.882244769448503
random_init_eat_seed42,12,ba8f95cd-ce04-4060-b948-e0818a6e8999,bass_synthetic_008-055-127.wav,NatureLM,,False,22.938656960400387,1.5364606806637098,17.138452819015132
random_init_eat_seed42,12,56688b9f-09b2-41be-9708-f87b57fd7c3e,Panthera_tigris_S1423_03_short.flac,Animal Sound Archive,Mammalia,True,-8.923954368284083,-1.6733600191568319,-2.600940217042823
random_init_eat_seed42,12,aa4a1377-c129-41d2-a6e3-1418dee8a958,SSW_114_20170429_180011Z.047_017.wav,NatureLM,,False,-5.284082942202564,22.145878090782375,-13.796545659490434
random_init_eat_seed42,12,d29c730a-30c4-4285-9c49-85b0ce36c05b,882_123267_000037_0000011.wav,NatureLM,,False,-16.198279192445,11.287457864207372,-16.761984095163953
random_init_eat_seed42,12,811f1467-3a96-402f-91b7-9b20956669a7,5601700A.flac,Watkins,Mammalia,True,-16.126177377137974,14.436320209251244,-17.606500094815324
random_init_eat_seed42,12,7ca1f2b1-76b2-4493-9470-b763c1a6f099,guitar_electronic_014-050-075.wav,NatureLM,,False,0.09199124228288214,16.680394680111057,-7.56491106691758
random_init_eat_seed42,12,6b95a6c1-5c50-4060-938d-0d24bbc7f9bf,p288_356_mic12.wav,NatureLM,,False,20.603023540872094,6.637705821466291,12.845198669831474
random_init_eat_seed42,12,f466d0cb-9598-4122-86c6-97f876e8ec94,444c020l_0.75853_22go010b_-0.75853.wav,NatureLM,,False,8.826414090311895,-1.2069771604405681,11.964767055599694
random_init_eat_seed42,12,f0210edb-302b-4538-b9c5-39be5c0c1c9e,Yzat8mWJSJjo.flac,WavCaps,,False,11.82212281659487,0.9092408880642877,10.925572339534856
random_init_eat_seed42,12,b0dc3b3a-53ea-40dc-9f22-c657e4eb4629,SSW_021_20170304_110008Z.045_009.wav,NatureLM,,False,25.255371136281113,0.1604825314231445,19.76699961862298
random_init_eat_seed42,12,29bbc1a7-a86c-4e1b-92b0-409d0f220895,209a010i_0.056719_40gc020o_-0.056719.wav,NatureLM,,False,16.585473653238065,13.278124327645337,7.973158062522851
random_init_eat_seed42,12,6728d88a-5871-4171-a98a-0bfe4dab821d,brass_acoustic_001-037-100.wav,NatureLM,,False,19.049158432128635,2.205702788141045,14.595355344515536
random_init_eat_seed42,12,a8bc19d5-57d6-42d9-95ff-9335d32c0b68,bass_synthetic_106-087-127.wav,NatureLM,,False,-16.01924083579501,14.974988074004038,-18.513513372417663
random_init_eat_seed42,12,d4af2244-e48e-40cd-803e-a0e001d3bf19,YP7WjiBsM5rU.flac,WavCaps,,False,1.8360446519084548,0.397106721520624,4.419660953227658
random_init_eat_seed42,12,46b4375d-7993-477a-adfc-315e1eab1617,Fringilla_coelebs_Tre_N0067_06_short.flac,Animal Sound Archive,Aves,True,19.41889585057732,3.090655450358837,15.126246103246114
random_init_eat_seed42,12,e4a1ea08-a1ba-4abb-b487-8c4a1f8fe9cd,348629.flac,WavCaps,,False,4.758647225561204,10.598001494303112,-0.33827345749192306
random_init_eat_seed42,12,99613f62-eff5-46ae-8b4e-e9ed7d9e9b33,Y2IP8siC6ID0.flac,WavCaps,,False,23.662336708546523,0.18813527602854385,19.67414094988647
random_init_eat_seed42,12,41fcdf68-9418-468c-842d-73340980ab31,369274.flac,WavCaps,,False,-7.489485046015854,15.92249543865458,-12.622572236478241
random_init_eat_seed42,12,ce979d4c-5bd0-4bb2-b7c4-5574e2c906b8,222523.flac,WavCaps,,False,-8.120571898916097,10.15505147807199,-9.498603730291105
random_init_eat_seed42,12,c6c6f5e7-649b-4254-b411-59319ca8461c,Y8oiyVt6-erA.flac,WavCaps,,False,-0.5934504485690952,1.532612473858527,1.9981795919437677
random_init_eat_seed42,12,f6060001-2a4f-4e41-8e24-0aa5b2091834,7900500U.flac,Watkins,Mammalia,True,-15.320345577860875,15.800860740076681,-17.31781857825498
random_init_eat_seed42,12,e6d6174d-1753-4cee-bbba-95ff4a6895d9,57026077.flac,Watkins,Mammalia,True,-20.17038313402648,6.306243501948343,-16.662295864667257
random_init_eat_seed42,12,8c41264b-bfd3-4c78-aee7-2c5af4087171,Cuculus_canorus_CoMC0004_10_short.flac,Animal Sound Archive,Aves,True,-18.593406773482812,7.138566317884814,-15.51209350004522
random_init_eat_seed42,12,bc1ce63c-8a71-48d4-accb-d4e737357b5c,98681.flac,WavCaps,,False,-11.913517314298595,1.0285867733020309,-7.206717895461853
random_init_eat_seed42,12,dfafbd62-794b-4311-9e5c-97ab3b52d596,351293.flac,WavCaps,,False,-0.43712172157391194,-0.21248774077211796,2.6814905063477523
random_init_eat_seed42,12,f2cf73c8-1dd2-46c6-88e1-ab9b06bfa3e0,16109.flac,WavCaps,,False,15.685340012583023,-0.31137118558646726,15.606505795354945
random_init_eat_seed42,12,341af722-536d-4a37-a23c-9ecb7ba8fa5e,YvMU7ZKY2Eso.flac,WavCaps,,False,-23.43719289149568,-1.2769183983921102,-16.07124765005596
random_init_eat_seed42,12,83008977-cdd0-4edb-879d-d83b0f8265b2,YqdexSzEvG74.flac,WavCaps,,False,1.7019029969055532,1.1998360030826125,3.728967945710659
random_init_eat_seed42,12,2b4b5861-d4e4-4146-aa3e-40877b57dbbb,192431.flac,WavCaps,,False,-18.738482660829963,-0.2613211597364483,-12.241015931895005
random_init_eat_seed42,12,b1ddbe75-ce05-4bdf-b471-3a3a4cd90dbe,Turdus_viscivorus_Kr0047_01_short.flac,Animal Sound Archive,Aves,True,21.473854582911237,0.9698027685190607,17.583412401752064
random_init_eat_seed42,12,ba14f3f1-9bbc-49e1-b02d-ecbef92ea69e,7100101Y.flac,Watkins,Mammalia,True,-21.02612881793635,5.7281354739283525,-17.24563778884256
random_init_eat_seed42,12,6842bdb1-82ce-4b3f-a569-2873f8c02462,7501201J.flac,Watkins,Mammalia,True,-17.451616483177023,10.560729575506421,-16.669027192156832
random_init_eat_seed42,12,58e4e64e-6933-424d-9672-339d8858c748,578363.flac,WavCaps,,False,0.6479089279344905,17.27800432358669,-6.488640699546069
random_init_eat_seed42,12,b7b307ab-8046-4718-b84e-8afc0fab5c4c,415265.flac,WavCaps,,False,-5.509686442281522,21.925114144031628,-14.461418362452362
random_init_eat_seed42,12,603159b1-71e0-41ba-a851-7550142042e1,583282.flac,WavCaps,,False,25.64245781584325,0.30595749386291154,19.4243068482681
random_init_eat_seed42,12,2c6743e0-1f2b-4301-b342-a51dda940a2f,Fringilla_coelebs_CoMC0006_05_short.flac,Animal Sound Archive,Aves,True,-11.151309667783757,-0.5482031400823199,-3.9204728331906322
random_init_eat_seed42,12,c0583b5c-c4f6-4f86-811f-be7d6b36a7fc,61022007.flac,Watkins,Mammalia,True,-9.964968659606024,19.462716639460865,-15.706300175518049
random_init_eat_seed42,12,addd98ad-4c9e-4346-b94e-d7acba62b818,Y_fKTbfYFQKM.flac,WavCaps,,False,-0.5476964894952023,1.1982535933520473,2.5102259716517974
random_init_eat_seed42,12,ede654af-061a-4fde-a37d-2e7aeca6f38b,61064003.flac,Watkins,Mammalia,True,-3.255271895260313,23.81766257484761,-14.049549874478817
random_init_eat_seed42,12,4e6fa367-6aa5-4c59-8604-3606a781c2ee,6102102E.flac,Watkins,Mammalia,True,-18.265745196387638,12.604807822402776,-18.379447774490956
random_init_eat_seed42,12,1746e44f-cf83-42ae-9b7d-9172738f6454,94009001.flac,Watkins,Mammalia,True,-23.54595483869522,2.831317439843439,-18.091454996896978
random_init_eat_seed42,12,360b140a-467d-4a79-ad1b-47b5e696c804,Y7MJJ3L1t2b0.flac,WavCaps,,False,-15.303731154073917,-1.6691181371523558,-10.031656194377238
random_init_eat_seed42,12,67a7e886-69c4-43a1-8efd-17f57760fdde,8002001I.flac,Watkins,Mammalia,True,-20.923409159668378,6.235081400930817,-17.10320516877208
random_init_eat_seed42,12,7a8d6c21-70f8-4648-9e73-0f9cbd980110,9230200N.flac,Watkins,Mammalia,True,22.935998463408545,3.0630684259485674,17.684307868715287
random_init_eat_seed42,12,2fb629a3-99cd-4de4-9249-9e60c314b819,70025008.flac,Watkins,Mammalia,True,-21.28675505480401,6.058200512630014,-17.540865693121148
random_init_eat_seed42,12,955301c0-f6fa-431a-b3a4-1cd68f0765a5,6400500M.flac,Watkins,Mammalia,True,-20.641936600807945,6.73909527225161,-17.806290346021
random_init_eat_seed42,12,eaf07a39-41f7-4b05-aab0-5d17bf6f8486,331701.flac,WavCaps,,False,-7.167748542324018,11.407847506985275,-8.802439240044915
random_init_eat_seed42,12,0d3a7844-9043-41b3-b223-2d5feddd119b,Turdus_merula_Co0046_02_short.flac,Animal Sound Archive,Aves,True,7.764323829297065,-0.482308946787435,9.311192727284947
random_init_eat_seed42,12,5abe6f6c-25e8-4626-a96b-ac32b84dcb36,166902.flac,WavCaps,,False,7.116674228100802,20.394685414593894,-4.529048266052975
random_init_eat_seed42,12,0c699e26-b423-470e-8fb8-b6dfd69d1312,587777.flac,WavCaps,,False,-21.24954633686235,3.1603989548726448,-16.31677853190619
random_init_eat_seed42,12,d77eb5be-0fe0-4f49-be3b-3d38e589ebcb,189216.flac,WavCaps,,False,6.412119166119753,16.591525659145375,-2.533804916935618
random_init_eat_seed42,12,f1316d54-d38f-4ba1-bac8-a6a0bb9e9dc5,613097.flac,WavCaps,,False,-14.524928945359981,17.748372259820087,-18.468090114476922
random_init_eat_seed42,12,21bd08a0-fe5a-4c52-a6aa-2c8d9e9494cc,Anthus_trivialis_Co0099_03_short.flac,Animal Sound Archive,Aves,True,0.46213143978026444,-1.8722329276579173,4.676125735552954
random_init_eat_seed42,12,34b24319-dd43-4d26-9f62-89a81a6aa5c5,643611.flac,WavCaps,,False,-12.158848044990254,16.33661521969757,-16.309002547018455
random_init_eat_seed42,12,10d849db-1f13-49f0-bd31-18bfe1078ff5,6400504E.flac,Watkins,Mammalia,True,11.44715217325972,0.8171194631312094,12.242996812942206
random_init_eat_seed42,12,317d215c-8f3e-4dcf-b792-7faadee5e3cb,07010175.flac,WavCaps,,False,-20.205966934293713,0.38817228869157416,-14.847740006264189
random_init_eat_seed42,12,62462589-ea0c-4392-8245-43d9e71c317a,568042.flac,WavCaps,,False,-20.767791977183325,7.253770066377962,-18.10056080581819
random_init_eat_seed42,12,6dc17cd6-aaa2-4d7d-ad20-251e755ab8ba,YkCEXTnIJwTY.flac,WavCaps,,False,-17.768872890342685,-0.954907423973787,-10.286409087976498
random_init_eat_seed42,12,49b7ec12-b689-468a-8936-e1ed7e5df334,348266.flac,WavCaps,,False,-1.4886702682513666,0.9653214600248815,1.9696569668491977
random_init_eat_seed42,12,6b879f0c-009f-4857-a277-213484450959,60026035.flac,Watkins,Mammalia,True,-17.746100862623695,5.08753761424097,-13.414860129900628
random_init_eat_seed42,12,79041ed9-600d-4c51-a69b-036c29591f23,7100101E.flac,Watkins,Mammalia,True,-19.66504039257246,6.526725615106039,-16.490345522140004
random_init_eat_seed42,12,2476dede-5a2b-4218-bc14-85e32343248b,YcbYZQRz09bc.flac,WavCaps,,False,16.274331621999035,-0.2530026020041734,15.33036203978672
random_init_eat_seed42,12,eb10f2e6-5813-4711-a733-93643d9e5ee3,97769008.flac,Watkins,Mammalia,True,-6.746693289299665,21.77223838801597,-14.72621875982956
random_init_eat_seed42,12,8ecc4d79-20a5-404d-b8f3-82e18963ba92,66091007.flac,Watkins,Mammalia,True,-16.719340317997357,11.146271522501985,-16.59750985811169
random_init_eat_seed42,12,c1d6affa-7d4b-447a-a5be-e60126aea021,457617.flac,WavCaps,,False,25.29467886490264,0.1499827066411638,19.69974780323568
random_init_eat_seed42,12,7a593dae-8614-49bf-bd6b-2da696a11908,615913.flac,WavCaps,,False,-10.056299153990832,12.831040290937365,-12.105287073537141
random_init_eat_seed42,12,8b2034c7-8d72-4a23-9d87-ab5ac194320f,9776100T.flac,Watkins,Mammalia,True,-17.58527080297658,14.102957312798242,-19.08955186146401
random_init_eat_seed42,12,29da94d6-f609-4c27-b0d1-25c256c1a5a3,91010025.flac,Watkins,Mammalia,True,-22.178098949376306,-0.3878156331461047,-15.187049445385629
random_init_eat_seed42,12,dff3bdef-5e3d-482f-aeaa-d946ea04f5b4,YGPZhcnRhI-I.flac,WavCaps,,False,-22.21039090421089,-0.41180068506368706,-14.968805747475924
random_init_eat_seed42,12,b3260e59-56ec-4753-bc23-c5745b827b81,Garrulus_glandarius_DIG0172_09_short.flac,Animal Sound Archive,Aves,True,13.40209321267566,0.4994155236396356,13.436705751611397
random_init_eat_seed42,12,b530fe98-7246-4668-9fe3-7b60e81b2b3a,8800505C.flac,Watkins,Mammalia,True,-6.056847990089242,14.496004288624816,-9.211429305005879
random_init_eat_seed42,12,80d7d06d-657f-4081-9d73-82283223ef6d,94008050.flac,Watkins,Mammalia,True,-19.372483128164397,9.287814102093368,-17.88303013120372
random_init_eat_seed42,12,e5a898e9-0ef6-41ff-b708-fd8070201206,8303501T.flac,Watkins,Mammalia,True,-17.063749955787046,9.051634225779305,-15.418446359829213
random_init_eat_seed42,12,001c3789-ff70-4c1f-97d7-b062a60fd962,8353.flac,WavCaps,,False,-6.648466364501887,5.85219531787812,-5.695050497545529
random_init_eat_seed42,12,c874c13f-9022-4835-81c1-5c6feeb0cf28,66807.flac,WavCaps,,False,9.342397264950158,17.413377929807368,-0.8551153659307632
random_init_eat_seed42,12,4cb81bda-57a7-4289-979a-e57d43be08c6,456855.flac,WavCaps,,False,-11.837790643234975,1.9856303641811266,-8.588553589317726
random_init_eat_seed42,12,728f8fc5-1e66-405d-862a-b29fe12a7b89,Sylvia_curruca_DIG0145_10_short.flac,Animal Sound Archive,Aves,True,1.3424194988323896,7.355615895415024,-0.47701268776964334
random_init_eat_seed42,12,5d597ac2-d173-4861-996c-b45ff61e0ca2,220619.flac,WavCaps,,False,-20.458932561176653,6.915432998496727,-18.02366992897404
random_init_eat_seed42,12,7caca538-5ed9-48f0-ab2d-f53920567e34,86008029.flac,Watkins,Mammalia,True,-21.106116681060165,7.12443284178565,-18.081222393558342
random_init_eat_seed42,12,158d4590-4027-4935-9bba-4a5283219054,148760.flac,WavCaps,,False,25.897870463535316,0.6867304696834237,19.501454347575287
random_init_eat_seed42,12,428c3c18-b3d3-4ded-bbc4-3c8c981f4c79,575785.flac,WavCaps,,False,-18.86257947548379,4.356477133831049,-15.226742322035182
random_init_eat_seed42,12,c8605f4f-0f8c-4c8f-b072-546af742042f,507771.flac,WavCaps,,False,-14.25686800016722,14.755394045422658,-16.721070753190453
random_init_eat_seed42,12,7856c895-b7b4-447c-99f6-94a7f867b293,270384.flac,WavCaps,,False,-21.1842672501405,4.549663585461301,-17.212896672345728
random_init_eat_seed42,12,d1f2999a-36d6-4408-8316-7cddc8ba1a54,YV5HhpNIiAJk.flac,WavCaps,,False,-18.441155705077684,-1.3321883180577039,-11.05349316117372
random_init_eat_seed42,12,85c2f34f-234b-4888-92a7-f6fca3f807df,342211.flac,WavCaps,,False,2.8479384887624573,0.1603315592582616,6.720317732204554
random_init_eat_seed42,12,8a2d83ae-485c-480a-99a2-01a00f830ca1,Ya46fFNSxAXU.flac,WavCaps,,False,-22.56391791760843,-0.6779919962985083,-15.971809869571315
random_init_eat_seed42,12,9452ad5b-ac41-4a30-afe7-3a8eef57d137,30814.flac,WavCaps,,False,20.610150412274354,0.48226907873461106,18.02975016655718
random_init_eat_seed42,12,bde9fe04-75f8-48a2-b048-9be0b5dbbddd,41731.flac,WavCaps,,False,-11.630619181295856,11.51270027788366,-13.418941443947428
random_init_eat_seed42,12,1b90b0b0-b80c-453c-b541-20ae49a6f022,5801801D.flac,Watkins,Mammalia,True,-17.142187087773003,2.0079588480405186,-11.417332580337892
random_init_eat_seed42,12,99213f38-7400-448c-9f64-4a687d0037ef,7700600F.flac,Watkins,Mammalia,True,-17.58865268198791,13.294528508980285,-18.33050480931383
random_init_eat_seed42,12,04cfef8f-4a40-4d48-bd98-cbc0771658b0,322546.flac,WavCaps,,False,-24.69338609248031,0.5132773088438939,-18.241818271655397
random_init_eat_seed42,12,381b3671-fa9f-4cc9-b6ee-e98b76664620,Y7ojteAGwjaA.flac,WavCaps,,False,14.946804372549147,1.557176011864773,13.818020337195634
random_init_eat_seed42,12,ab8c15c5-0118-4e34-adcd-2c13197609ad,YuiwqKoIiykA.flac,WavCaps,,False,-18.325568974589775,-1.7356109520094056,-11.488472615706248
random_init_eat_seed42,12,de0e29f9-bf9a-4a7a-978d-5a6c19bba1ab,Y8fMnn6coUhQ.flac,WavCaps,,False,-14.878365859522312,-2.2642807219227077,-7.863424919730361
random_init_eat_seed42,12,29a9b322-8b29-454a-a2c2-e527a19063e0,YfXcm7AaOp_8.flac,WavCaps,,False,4.291049477696637,-0.6331566644411903,6.774777769791612
random_init_eat_seed42,12,7124506c-9392-4b69-9cf9-a7dd620a311d,9400806F.flac,Watkins,Mammalia,True,-22.38692374543238,4.875920745922493,-18.12788988844737
random_init_eat_seed42,12,50016737-7c8a-49d0-8ea9-3c9bb3e39007,207687.flac,WavCaps,,False,10.322115165925151,-1.9820514025677272,11.92436920295376
random_init_eat_seed42,12,6bffd177-4827-42f4-9690-fa6dc57646ee,79040003.flac,Watkins,Mammalia,True,20.597459930968824,1.026379431958645,16.952331161946795
random_init_eat_seed42,12,2cbe148e-f24a-4e6f-830e-341ba4e4a0ed,168681.flac,WavCaps,,False,16.25844937921992,14.354587996787116,6.4408940417976375
random_init_eat_seed42,12,74fad971-8614-4838-b32f-0253b26d260f,75003011.flac,Watkins,Mammalia,True,-14.434309153397875,15.834829098201697,-17.078118068253826
random_init_eat_seed42,12,2fe68e99-4633-4eb1-be9f-c9e3600b1977,Sylvia_atricapilla_CoMC0018_21_short.flac,Animal Sound Archive,Aves,True,-5.89336685082284,0.2548261155204893,-2.0996403677301316
random_init_eat_seed42,12,92c769b5-e035-48f6-83da-457810d37445,615348.flac,WavCaps,,False,12.229534560192295,1.504203343510559,10.16714139173068
random_init_eat_seed42,12,4617b5a8-a226-4662-b005-5eaa24eb43c3,9500300I.flac,Watkins,Mammalia,True,-16.668853185087187,13.209186068681014,-17.665738970846263
random_init_eat_seed42,12,029aeed5-40a1-4728-bdb0-c328c4fa78fa,87003005.flac,Watkins,Mammalia,True,-24.458126536808035,1.0241177266501582,-18.07315418727422
random_init_eat_seed42,12,c28e91d9-2870-4611-b52e-32d7b7e611cf,Carduelis_carduelis_PF00656_short.flac,Animal Sound Archive,Aves,True,-22.298904635873953,-0.7738510000360235,-15.111315231745234
random_init_eat_seed42,12,e1502208-c3f6-4ddd-b74f-16743dde4b5a,Cervus_elaphus_S1329_07_short.flac,Animal Sound Archive,Mammalia,True,-0.23285234277382078,-2.519047754512736,3.455069952915782
random_init_eat_seed42,12,3eb8700d-deaf-4236-b9c6-ed546b74a1ac,431818.flac,WavCaps,,False,25.50242096597352,0.7037883965328844,19.107762594653927
random_init_eat_seed42,12,6f080f55-6198-461a-851c-e725bd9a49ab,7703501T.flac,Watkins,Mammalia,True,-19.272580123644744,8.125274377153932,-16.51262248218156
random_init_eat_seed42,12,ceda174c-4f87-42a3-957b-9b1b3c522b15,395777.flac,WavCaps,,False,-23.588169648822856,-0.839617538231469,-16.02251779207443
random_init_eat_seed42,12,c8bc412b-e406-4263-9aaa-4bb641db0f2e,YDxptko9c9pQ.flac,WavCaps,,False,-22.734683824181545,-0.21002431659506515,-15.961416951896748
random_init_eat_seed42,12,681d70f5-83ed-4826-8e82-a4e46abc0606,Turdus_merula_Tre_N0009_05_short.flac,Animal Sound Archive,Aves,True,-2.5039164938665808,-2.514484249910889,3.1614363040457945
random_init_eat_seed42,12,eddd07e8-cb3b-4cfc-8cc6-ac958a5a05e9,75012037.flac,Watkins,Mammalia,True,-18.533448398201735,8.157458405603373,-16.42019155220631
random_init_eat_seed42,12,12eb602b-9d55-478e-a006-9818b078a942,9320100X.flac,Watkins,Mammalia,True,9.658963450525762,17.006297407893715,0.2650347572547662
random_init_eat_seed42,12,2825e212-a3f1-438a-8ccf-fa1238a7cd4f,396665.flac,WavCaps,,False,-15.025725842284032,-1.3221373674590216,-7.677687549805708
random_init_eat_seed42,12,c2c02eb7-8ecf-45dc-afa7-de86d9471e5a,114604.flac,WavCaps,,False,-14.496224623753442,-2.695534563353008,-9.039753416900147
random_init_eat_seed42,12,43f2653f-f5fe-4ac6-8da5-a0adf649c58f,516056.flac,WavCaps,,False,16.722859101271048,-0.3730334572883728,16.376741985680322
random_init_eat_seed42,12,58d7483b-26c6-4ba7-8443-8bb7da8a48b6,58014023.flac,Watkins,Mammalia,True,-16.01068090437586,13.092908953178366,-16.208948133701043
random_init_eat_seed42,12,4a83a403-767f-4704-ad86-4de96fde1cf8,273996.flac,WavCaps,,False,-4.418424127390416,14.600011013781794,-9.197853710592707
random_init_eat_seed42,12,5dde818c-06e5-428e-87a2-796c7c12d177,95706.flac,WavCaps,,False,-15.006456832200273,-2.362291636319786,-8.906309458722935
random_init_eat_seed42,12,83519e91-d36c-450c-a1ef-81fb0d84be7a,97767008.flac,Watkins,Mammalia,True,-12.221483886419104,17.615373007815958,-16.043850109334244
random_init_eat_seed42,12,30f12a77-e10d-46a0-aad9-82fc21de3ded,YBw_M2cdLIN8.flac,WavCaps,,False,18.66366876046845,1.3541349936219675,15.972202719791515
random_init_eat_seed42,12,be261345-80b0-47bd-adce-81706f310468,9220100L.flac,Watkins,Mammalia,True,-10.925477165217767,21.158731854306353,-17.755337322557615
random_init_eat_seed42,12,d1e9b24b-6be9-45cf-87f3-3235f2c09b97,7100801A.flac,Watkins,Mammalia,True,-17.826835097554657,9.993441343167252,-16.83900493588878
random_init_eat_seed42,12,93ee8aaf-1a68-44ea-8984-f77e1da1f0eb,441988.flac,WavCaps,,False,-14.121198257177461,-3.244529969296706,-5.182735420331413
random_init_eat_seed42,12,be26c277-712a-4928-b62a-f1ad152919b0,8501206M.flac,Watkins,Mammalia,True,-20.858617509467017,6.2873039284678205,-17.030808218808545
random_init_eat_seed42,12,435b7e86-bb17-4054-b7f0-d71148818b65,Y6CG4tvk9PN0.flac,WavCaps,,False,10.332842748624072,-5.526941254269559,12.732159579921298
random_init_eat_seed42,12,dd604f70-ca6c-4bd8-8846-f0daf2911753,Y6LNlyOH7dIY.flac,WavCaps,,False,3.099574319511717,-0.31461228601720415,5.524163997837006
random_init_eat_seed42,12,3e46fc4f-67a1-491b-a1ac-7b2278f3e7fc,Acrocephalus_scirpaceus_DIG0161_58_short.flac,Animal Sound Archive,Aves,True,-0.14401147342987802,-4.307425337553937,4.38750628338399
random_init_eat_seed42,12,07db07b0-ad92-4e0e-929f-f39c70a475f4,580488.flac,WavCaps,,False,-8.611200494969768,-1.1426006802139952,-2.8490419728028247
random_init_eat_seed42,12,43436410-0b57-4460-b21c-8938a2a17c38,587142.flac,WavCaps,,False,-15.702708532802312,-1.222970664310815,-8.726560565730336
random_init_eat_seed42,12,d92bea55-71e6-4a39-8874-cb663e3442b4,859.flac,WavCaps,,False,-19.40317684665802,6.940435063608138,-16.71382634269998
random_init_eat_seed42,12,0b3c4edd-0b4d-4d9e-a80f-bded96d02348,Y2A9cNdvHr3w.flac,WavCaps,,False,-23.206353715682997,-0.7542107464457072,-16.61181576441731
random_init_eat_seed42,12,f1bd35c5-1251-4f81-823d-7ebc25b3b167,Neofelis_nebulosa_S0247_01_short.flac,Animal Sound Archive,Mammalia,True,10.581206483315295,3.8128081262329045,9.412718222972646
random_init_eat_seed42,12,5e0a04c0-0697-40ed-9589-86f134f540f7,539809.flac,WavCaps,,False,-12.645455115240715,-1.0099555692865416,-5.797026112212826
random_init_eat_seed42,12,7ca89421-38e9-45eb-b79a-1676162963f8,YjVGeXnDCiws.flac,WavCaps,,False,-23.32386529022137,-0.7651388126376757,-16.303441218725478
random_init_eat_seed42,12,b685cd3f-362a-42e8-bfb7-5d4e2aded2f1,Y1ILADUzj-M0.flac,WavCaps,,False,2.2442739131471203,2.399614617692259,3.071833415303077
random_init_eat_seed42,12,df5a0d4f-43e1-4545-86f4-be32f1372790,YHOtQseh7MIM.flac,WavCaps,,False,-1.6817685167085974,-0.7387142262421522,1.215332032797277
random_init_eat_seed42,12,7db7cab8-2351-40a0-8622-3f96bef6287d,Turdus_merula_Tre_N0119_10_short.flac,Animal Sound Archive,Aves,True,5.364829438549772,0.2016417108217749,8.344584877466254
random_init_eat_seed42,12,a9546f54-1df9-44f4-b38f-d4e47cedb800,07043290.flac,WavCaps,,False,13.168606533029852,15.355412233675183,2.837130190491087
random_init_eat_seed42,12,a8685ce4-7100-4e8d-aefa-2078a1383694,393180.flac,WavCaps,,False,5.14931357153393,16.15160848386322,-3.0271175342900194
random_init_eat_seed42,12,74bd235b-aa72-4d69-8b8b-7cee91fc12d7,72007015.flac,Watkins,Mammalia,True,-8.172543146136409,20.953556138855795,-14.847054262767289
random_init_eat_seed42,12,9e514d40-77bc-4eb9-b079-94d7837be251,360649.flac,WavCaps,,False,23.40659793746295,0.08608691326238493,18.67545747208824
random_init_eat_seed42,12,cc585b0f-2f72-42ab-8d73-f0e3a4c233e5,9400901S.flac,Watkins,Mammalia,True,-23.75763751070167,2.1788971643069033,-17.843145306943452
random_init_eat_seed42,12,9fe9049f-3b3d-4f99-9b2e-14d1b2f792d0,YhsmrvZEc_uw.flac,WavCaps,,False,9.881567821032037,-0.6347810865795804,10.187588286975242
random_init_eat_seed42,12,ef83a0de-3f8b-4457-a334-4a425d70be7b,YGtodrvgjyj0.flac,WavCaps,,False,-12.054027164656897,-2.8125057193439966,-4.697865742590403
random_init_eat_seed42,12,505234a4-4b26-41cf-be2a-4b4d9d9d846a,469126.flac,WavCaps,,False,-17.801455245371827,-3.2842730058836906,-9.486274363457197
random_init_eat_seed42,12,3d3e1887-fc18-4e70-a41e-8ce5b68305d8,63005001.flac,Watkins,Mammalia,True,-15.366306558798811,13.846754270231614,-16.38358304935228
random_init_eat_seed42,12,882cd8ad-9001-4ca0-b021-ae74d7aab5a7,7900400L.flac,Watkins,Mammalia,True,-21.324653723307314,4.398723050616651,-17.14194686556622
random_init_eat_seed42,12,d11f1efe-91c5-43a3-991d-bc056976381d,7500303T.flac,Watkins,Mammalia,True,-14.701574574062565,5.23893460323404,-11.497129703404639
random_init_eat_seed42,12,c0962a0a-1409-400d-bffb-9bb6e196051a,8600801Q.flac,Watkins,Mammalia,True,-21.11617316338727,5.654376933905385,-17.419984551459557
random_init_eat_seed42,12,8cfe20d9-2b50-4ffa-841b-eb40ff919dbf,Fringilla_coelebs_Co0062_07_short.flac,Animal Sound Archive,Aves,True,18.655451870672174,0.08064823830381791,16.39196503173792
random_init_eat_seed42,12,e3048473-cd5d-4ce2-9660-f4f6e0515e0d,6102204S.flac,Watkins,Mammalia,True,-7.074687631347421,20.181831674473496,-14.09253098223499
random_init_eat_seed42,12,ff5e3f46-ae1d-4ac0-8b4f-5be1adcf3e0b,79040007.flac,Watkins,Mammalia,True,-12.574782250030019,18.47923711601177,-17.313028097320778
random_init_eat_seed42,12,58c0f7cb-8dd8-4f84-bfc1-06b858c224dd,Equus_zebra_S0953_04_short.flac,Animal Sound Archive,Mammalia,True,2.4300622129496148,7.962410691008351,0.19175145979899022
random_init_eat_seed42,12,70a388bb-71e3-41fd-8632-284cfb15fe4c,88006029.flac,Watkins,Mammalia,True,-12.142675918723098,17.61261926411129,-15.968269478322421
random_init_eat_seed42,12,ff71a46a-4a12-44ba-a40b-47f08660dba7,61053003.flac,Watkins,Mammalia,True,-5.808244468378255,23.687949950779803,-15.798743420968417
random_init_eat_seed42,12,cd1593b5-8364-4ada-9e89-a284f3c63548,9769200H.flac,Watkins,Mammalia,True,-20.641283897153993,7.191673753959025,-17.515347181660584
random_init_eat_seed42,12,9e2a87e5-2e7c-4334-94ea-7746d2b45433,66091006.flac,Watkins,Mammalia,True,-15.258157766302507,13.527584215245748,-16.76223736256014
random_init_eat_seed42,12,35601063-e03d-4668-a80d-c7f53b5fe230,9101200G.flac,Watkins,Mammalia,True,-24.282505906975935,1.7611283399247948,-18.42123744114187
random_init_eat_seed42,12,9db5c2bc-ca9b-4b61-8a85-4c8ebc01f24e,7700800A.flac,Watkins,Mammalia,True,-11.705880615548232,21.1671637177656,-18.311899033772796
random_init_eat_seed42,12,a0d76e86-2da8-407d-bad7-7b1a48178285,94008055.flac,Watkins,Mammalia,True,-17.715954910474057,10.77753671657654,-17.094444198850695
random_init_eat_seed42,12,9ec4f6a7-7afa-4052-a7b9-2c6171619646,75001010.flac,Watkins,Mammalia,True,-15.411422335423133,14.231362559887557,-16.515965480956474
random_init_eat_seed42,12,f8f940fe-9cd3-41c3-a0d0-0c8f0b5f677a,Anthus_trivialis_Co0088_01_short.flac,Animal Sound Archive,Aves,True,20.477502502126555,1.9732356134058016,16.37257018244555
random_init_eat_seed42,12,b1b82430-988c-4b1b-b442-4cdb17d5bb6b,6403100G.flac,Watkins,Mammalia,True,-15.662570562084076,13.837138537537182,-17.38177352460406
random_init_eat_seed42,12,b1e2de20-3eab-47b3-9d2d-6c6b9c0d5e80,9002708R.flac,Watkins,Mammalia,True,-17.058037382392843,10.135356427493695,-16.837561495029323
random_init_eat_seed42,12,f65ebf13-eb73-4fef-b10c-1e0763b14dbc,60026041.flac,Watkins,Mammalia,True,-21.165790020621607,5.995546106718778,-17.199174465601416
random_init_eat_seed42,12,f1dcdae1-9a77-4c65-bf6d-9468dfa301a9,79005004.flac,Watkins,Mammalia,True,-12.420271075655144,19.60476409401344,-17.989277707269274
random_init_eat_seed42,12,72e8c01f-385e-40fe-a645-c400d2489a71,97750003.flac,Watkins,Mammalia,True,-10.590061627712494,21.786878248168936,-17.47043184283488
random_init_eat_seed42,12,2cb01763-57e1-4a0e-b795-eae75656a8b1,5702606N.flac,Watkins,Mammalia,True,-20.180775447815567,7.172100039750971,-17.02601726793535
random_init_eat_seed42,12,41d48329-93ff-404a-8678-151bf3fbb2f0,9101203S.flac,Watkins,Mammalia,True,-23.444227017965204,3.3179886841481965,-18.416695478864888
random_init_eat_seed42,12,78be6796-a469-4ddd-be22-2f4b3e8c1601,56018004.flac,Watkins,Mammalia,True,-12.988704361670754,16.543462900542426,-16.192663453614294
random_init_eat_seed42,12,91c2ef47-bd41-4124-945f-8647f2de5788,Fringilla_coelebs_CoMC0004_20_short.flac,Animal Sound Archive,Aves,True,3.829622969357813,-3.122335362736948,8.640417462087065
random_init_eat_seed42,12,a4612c62-b694-4d48-95ea-d4a99b390271,88006019.flac,Watkins,Mammalia,True,-12.680851321916766,13.535181731724157,-14.343533718095921
random_init_eat_seed42,12,65b49b46-ca07-4eca-9386-d47651d297ee,8600801X.flac,Watkins,Mammalia,True,-20.815749108116158,5.805620747831824,-17.291539140367874
random_init_eat_seed42,12,6ac3006f-49e7-4d86-9c9b-6c16b3412a8f,8501201S.flac,Watkins,Mammalia,True,-22.086766191939855,5.1354038328518605,-17.791417186838856
random_init_eat_seed42,12,bebd1a1c-0365-48b5-8c74-c1e3f5dae00b,Turdus_merula_Tre_N0101_12_short.flac,Animal Sound Archive,Aves,True,-0.7294423443370549,-0.774645264599747,3.474215724523452
random_init_eat_seed42,12,ac0c5ba6-d022-478e-83aa-cd979038f6ce,97781001.flac,Watkins,Mammalia,True,-13.071048274833032,18.439652713499882,-17.614575929663534
random_init_eat_seed42,12,13145736-ff9f-48ba-901e-eeb040a16495,64055003.flac,Watkins,Mammalia,True,-15.371118303899031,14.693864961841793,-17.20872471510561
random_init_eat_seed42,12,4b0cb268-dc0a-4aec-8442-00984f21edeb,7500305J.flac,Watkins,Mammalia,True,-15.849801182966964,14.622086783497616,-17.51484814627744
random_init_eat_seed42,12,decbbb99-a8a1-4148-9988-206b6baf183e,5801801M.flac,Watkins,Mammalia,True,-11.441300192449678,-0.6892749672518035,-4.640406453334331
random_init_eat_seed42,12,094e5fd7-f551-496b-811d-f649ad51034c,9776101U.flac,Watkins,Mammalia,True,-12.749952081019206,20.334226692192292,-18.44212858356513
random_init_eat_seed42,12,7611bc32-7e8b-4c6b-beea-38b18ea4ea2c,97766002.flac,Watkins,Mammalia,True,-13.213049098983598,18.06634523977456,-17.21386214217085
random_init_eat_seed42,12,127d8bc5-ca53-4b42-88fb-677e4e7a3687,9100402F.flac,Watkins,Mammalia,True,-18.680908831173063,8.484878444932702,-17.459535769480375
random_init_eat_seed42,12,c82e8a21-181d-451c-a9c4-61b569278c5e,Fringilla_coelebs_Tre_N0067_08_short.flac,Animal Sound Archive,Aves,True,10.223868976633902,1.529449883413509,10.843107650180945
random_init_eat_seed42,12,9421a52e-94f1-4c2f-9d14-e4b83fc674fc,97501003.flac,Watkins,Mammalia,True,-12.715699095938543,20.600006612430185,-18.531744086939977
random_init_eat_seed42,12,5393a567-ded0-4b82-939b-af42e7785e10,9777100K.flac,Watkins,Mammalia,True,-16.07260987028237,16.279830478135324,-18.537349769792904
random_init_eat_seed42,12,5cf424ab-6501-4962-91fd-ba2c0ce38a37,Cervus_elaphus_DIG0117_03_short.flac,Animal Sound Archive,Mammalia,True,-2.017244738610594,9.952602755429975,-5.321871739465667
random_init_eat_seed42,12,cd88c22f-f94f-47c5-8dd1-c503f28aecaf,57026059.flac,Watkins,Mammalia,True,-17.900281516297387,6.334570970969343,-14.498527074818963
random_init_eat_seed42,12,c9a2180e-67f3-4154-851d-7b2443469e62,Fringilla_coelebs_V1998_15_short.flac,Animal Sound Archive,Aves,True,16.25023323297712,0.9302832612772227,14.631074265219006
random_init_eat_seed42,12,90809c3f-33d3-4579-80c6-698a8313ef17,70014002.flac,Watkins,Mammalia,True,-22.101755502595996,4.643590834681237,-17.675826086577107
random_init_eat_seed42,12,4b17f9cf-5f1c-4881-a0de-b73706f1c147,97782006.flac,Watkins,Mammalia,True,-9.216394813203198,19.777319650435835,-15.700327376429321
random_init_eat_seed42,12,4318866f-89c4-4372-8191-4d541f63fc59,7100201K.flac,Watkins,Mammalia,True,-20.3199038381383,8.772692745825756,-18.232834967901784
random_init_eat_seed42,12,e14a85c0-c5f1-4825-b3c7-81761702b692,6609000D.flac,Watkins,,True,-21.83080295967254,3.1602467482836345,-16.607217513284958
random_init_eat_seed42,12,bfb4c658-60fe-4494-b8dd-27be5468a25f,75004003.flac,Watkins,Mammalia,True,-15.486978326221958,15.034445484827451,-17.42313499544553
random_init_eat_seed42,12,9c17d34a-35fc-4429-8063-a3e45ffc103e,9420104R.flac,Watkins,Mammalia,True,-16.575366993084458,13.198526098669916,-17.43262629609154
random_init_eat_seed42,12,7f96d0b2-790e-4b55-b0a3-54c556f61382,8600801I.flac,Watkins,Mammalia,True,-12.187844968256911,-0.8706932614615199,-6.332732143262177
random_init_eat_seed42,12,78062cd0-82e5-4d3f-8cd2-264d9cf7f181,8501206Q.flac,Watkins,Mammalia,True,-22.670014105505548,3.298188697071633,-17.003281581531276
random_init_eat_seed42,12,ef7909ac-f653-4101-a5a8-6a91daf733c1,8700301I.flac,Watkins,Mammalia,True,-20.069268914938633,6.294309960982042,-17.18045031594793
random_init_eat_seed42,12,e8d393ca-93d8-43e8-9dfe-19a7a1e203b5,64042004.flac,Watkins,Mammalia,True,22.49314688508631,1.4755014893790401,17.600540726775932
random_init_eat_seed42,12,027a7af8-a39a-4bb5-ad74-04f71a5f5c6f,Polyplectron_bicalcaratum_V2082_17_Spur1_short.flac,Animal Sound Archive,Aves,True,-7.367645368360434,-2.664170711646632,-2.1977092957037865
random_init_eat_seed42,12,751cc542-ea67-4603-89ee-13334847d68f,Fringilla_coelebs_V2001_13_short.flac,Animal Sound Archive,Aves,True,-0.39224078082139785,-1.7813509112107548,3.2230168118921756
random_init_eat_seed42,12,2e99c343-a1d1-4b04-8889-41703e6fe3af,77008006.flac,Watkins,Mammalia,True,-13.874340527702493,18.19866184370437,-18.28149519751549
random_init_eat_seed42,12,d142e6cd-2898-4aeb-a8b0-f54714f1ff85,9420101W.flac,Watkins,Mammalia,True,-20.921565531386946,7.290830417080777,-18.11704259186316
random_init_eat_seed42,12,459165a9-930b-44f1-a137-2b1f7d84fb45,68003001.flac,Watkins,Mammalia,True,-18.3832915171134,8.561519427658041,-16.901646525787648
random_init_eat_seed42,12,b6612d75-5b6d-4715-a975-3761031d5c3e,Turdus_philomelos_Bru_DAT0011_94_short.flac,Animal Sound Archive,Aves,True,-8.32808161168813,-3.2606755210085936,-1.025639512716766
random_init_eat_seed42,12,7bbb23b9-1081-4446-bc02-15e2b8d39773,Falco_subbuteo_PF04122_short.flac,Animal Sound Archive,Aves,True,-0.8302688530494949,-1.1087167874611787,2.6198679665974547
random_init_eat_seed42,12,a01ddadd-e47a-46db-bc20-dd11802ba8d0,61040009.flac,Watkins,Mammalia,True,25.7242112061746,0.6776398983078806,19.489263746588588
random_init_eat_seed42,12,455cb9ae-3115-4cca-815f-3923ea00fbbb,Fringilla_coelebs_Tre_N0054_03_short.flac,Animal Sound Archive,Aves,True,-13.249318813187527,-2.2413290416625458,-4.887912418509286
random_init_eat_seed42,12,ca5412b7-f91a-4648-8827-691e640f6fe4,6107500R.flac,Watkins,Mammalia,True,-23.00384855038591,3.539351500452469,-17.53614352607167
random_init_eat_seed42,12,2682a546-fb75-44f4-a8fc-c28ed5581873,6107200P.flac,Watkins,Mammalia,True,-16.861665053841918,12.445593967643525,-17.16737976814923
random_init_eat_seed42,12,80b85db8-3e8a-4983-a78b-7f324700cd07,Poecile_montanus_Tre_P0176_02_short.flac,Animal Sound Archive,Aves,True,-12.353601742846402,7.051490901011616,-10.822539458081032
random_init_eat_seed42,12,9ed6905c-d8bd-4aa4-a063-32d93a697922,Tamias_sibiricus_S1118_03_short.flac,Animal Sound Archive,Mammalia,True,-7.089574642364896,-3.5145782965506616,-1.954612852282054
random_init_eat_seed42,12,dc8cc74a-2116-49ee-b32f-3629cff1f735,Sylvia_borin_CoMC0005_08_short.flac,Animal Sound Archive,Aves,True,-7.138204592473307,-2.9895891820920637,-0.2729084238249455
random_init_eat_seed42,12,e9d74aff-4677-4b88-af8a-f5b59297ef9c,Vulpes_corsac_K0009_03_short.flac,Animal Sound Archive,Mammalia,True,3.6298924573992446,-3.277395297951882,7.4294692877255315
random_init_eat_seed42,12,ef3a448e-9c0e-4dac-86eb-f5dc9a3148c9,Carpodacus_erythrinus_DIG0177_09_short.flac,Animal Sound Archive,Aves,True,-17.982406153206853,-0.5385712919473398,-11.667896593029589
random_init_eat_seed42,12,ba830332-d4eb-4179-9d72-bbdc5df14ac8,Regulus_regulus_AuMC0283_04_short.flac,Animal Sound Archive,Aves,True,-6.711381565717305,-0.8851182249567662,-1.4956540155731801
random_init_eat_seed42,12,66229406-8dea-4200-bb06-93e6a063184a,Carpodacus_erythrinus_DIG0177_22_short.flac,Animal Sound Archive,Aves,True,-17.042586046424713,-0.5210951312594341,-10.960434951078968
random_init_eat_seed42,12,ee0cee4f-ba26-4692-97ce-d761e9bd62b4,Acrocephalus_palustris_Bru_DAT0114_36A_short.flac,Animal Sound Archive,Aves,True,-4.770050613574096,-0.781632324186742,-0.7432169132099573
random_init_eat_seed42,12,014b4fb0-db7e-45b3-9c08-2f62590169de,Gracula_religiosa_Lue0100_16_short.flac,Animal Sound Archive,Aves,True,-8.977563699838116,-2.1352210361248294,-2.6093122539647813
random_init_eat_seed42,12,d5a1fc05-301b-482e-9ac9-1e88b8ab4e31,Erithacus_rubecula_Bru_DAT0026_10_short.flac,Animal Sound Archive,Aves,True,1.164040638586113,-1.7156148052947466,5.130075445326429
random_init_eat_seed42,12,cf7fd664-0699-4561-8e3d-aba7e1e54b90,Zalophus_californianus_V2061_17_short.flac,Animal Sound Archive,Mammalia,True,-1.6477294818677604,1.5268498771863515,-0.20886263113789494
random_init_eat_seed42,12,cfc2dcde-0fb6-40d5-b3c4-ba7688c24f29,Hippolais_icterina_Co0042_07_short.flac,Animal Sound Archive,Aves,True,14.453563177958253,0.7187316806196198,12.706849246380509
random_init_eat_seed42,12,2fb3653d-0cd3-4681-a93a-f223ea40c143,Erithacus_rubecula_Tre_N0081_04_short.flac,Animal Sound Archive,Aves,True,-8.921161558822408,-2.456264598086808,-3.049965646810342
random_init_eat_seed42,12,e1a87f3b-4426-4e80-8c16-e9831129d55f,Turdus_merula_Tre_N0044_06_short.flac,Animal Sound Archive,Aves,True,22.529590094899632,0.12210039102232306,18.25906876132464
random_init_eat_seed42,12,a3bc944e-cd9a-4596-8366-83e16b2c59eb,Puma_concolor_V2010_12_short.flac,Animal Sound Archive,Mammalia,True,7.903685991299835,0.0818081695034597,10.210005631503742
random_init_eat_seed42,12,19cd73ad-bc2c-401c-b204-ebb6ce1d31a9,Turdus_pilaris_Kr0032_06_short.flac,Animal Sound Archive,Aves,True,23.018143229621856,0.897446659822871,18.581194819235243
random_init_eat_seed42,12,74aff17e-1e25-4f7d-ab7a-94d182fd93f8,Acrocephalus_scirpaceus_DIG0135_04_short.flac,Animal Sound Archive,Aves,True,23.179519710388952,0.5489304456137849,18.910792220910018
random_init_eat_seed42,12,4bf05381-613c-47a2-8e5e-2283517c774f,Parus_major_DIG_0065_05_short.flac,Animal Sound Archive,Aves,True,8.890585342228142,4.108115881309797,7.749291841504771
random_init_eat_seed42,12,ad569351-520d-4160-848e-22ad3e775faf,Turdus_merula_DIG0169_15_short.flac,Animal Sound Archive,Aves,True,2.8485536186232294,0.03760125553337801,5.8085912404478135
random_init_eat_seed42,12,cb5a8fb8-26ab-4416-83a0-6bcea8798288,Turdus_philomelos_Tre_N0142_03_short.flac,Animal Sound Archive,Aves,True,22.974584375256242,0.3750896832167718,18.52483769177985
random_init_eat_seed42,12,81dfaead-b89f-4d89-b064-7a9a1ceb1a9e,Certhia_brachydactyla_Kr0030_10_short.flac,Animal Sound Archive,Aves,True,-2.703283822287218,-0.8485225826821672,3.0608745311621566
random_init_eat_seed42,12,525384eb-a02b-4b97-918b-ff8ff1ec9515,Erithacus_rubecula_Tre_N0038_06_short.flac,Animal Sound Archive,Aves,True,16.668627825809324,-1.1014265195094297,16.405658217625557
random_init_eat_seed42,12,3170a3a4-615e-452f-961b-01226f7947a3,Vulpes_corsac_S0845_09_short.flac,Animal Sound Archive,Mammalia,True,14.496393924678221,-0.5338227141078442,14.191786414995036
random_init_eat_seed42,12,d0c5e9c0-8a5b-465f-a3b3-05854c22fefd,Anthus_trivialis_Co0107_01_short.flac,Animal Sound Archive,Aves,True,21.02992802634448,0.44561521924889846,17.41011684803059
random_init_eat_seed42,12,b38134d1-6007-4834-825b-feadc045c842,Zoothera_dauma_DIG0145_41_short.flac,Animal Sound Archive,Aves,True,-20.26251795893529,1.3321106178042403,-14.724916658048159
random_init_eat_seed42,12,6f0cbe83-5dc5-40e1-a299-b605bcb96575,Fringilla_coelebs_Tre_N0061_03_short.flac,Animal Sound Archive,Aves,True,13.452755775473396,0.282432390290663,14.267796002324392
random_init_eat_seed42,12,3f8c3cdc-ed60-4385-894f-9c50f5530134,Leptopelis_aubryi_DIG0174_01_short.flac,Animal Sound Archive,Amphibia,True,-3.1700478637708107,14.805506085180955,-7.643121287776924
random_init_eat_seed42,12,ce3aee03-a72c-4048-9c83-b4850e37817c,Erithacus_rubecula_Tre_N0147_04_short.flac,Animal Sound Archive,Aves,True,24.274864267940206,0.865397245542096,19.17038710471953
random_init_eat_seed42,12,7a071e9e-762d-4048-9f47-5a8b04b2256f,Colobus_guereza_S0984_08_short.flac,Animal Sound Archive,Mammalia,True,-1.1120983082413105,0.40504628699115497,3.6022534452849304
random_init_eat_seed42,12,4e291984-19a1-4930-b4fb-bde8fef53e86,Turdus_viscivorus_AuMC0183_28_short.flac,Animal Sound Archive,Aves,True,-15.539579344571619,1.5468052444041844,-9.741575607556875
random_init_eat_seed42,12,8069d73d-dfec-47c4-bb76-72b803c79eae,Parus_major_DIG0003_30_short.flac,Animal Sound Archive,Aves,True,18.514521388127566,0.5736602760948244,17.06373991653447
random_init_eat_seed42,12,4510e941-6d22-4c9e-b1b6-da9401692b5c,Picus_viridis_Tre_N0025_03_short.flac,Animal Sound Archive,Aves,True,-5.30111039198834,8.907855418552167,-6.5614268503141036
random_init_eat_seed42,12,ed590401-687c-4716-a86c-d6efa0f636db,Cervus_elaphus_S1316_04_short.flac,Animal Sound Archive,Mammalia,True,-3.1804412189168305,-0.4859021778832747,-0.015493161370223385
random_init_eat_seed42,12,859b749f-3461-45e8-8fa7-3036ad79e1ca,Ptilinopus_pulchellus_V2082_06_short.flac,Animal Sound Archive,Aves,True,-5.337858859623276,-0.918787526598742,-0.8982309744058791
random_init_eat_seed42,12,0c8237a6-ffcf-40f2-8a78-e054ac2d0feb,Erithacus_rubecula_Bru_DAT0026_04_short.flac,Animal Sound Archive,Aves,True,-1.4233667912872918,-2.71628050927884,4.687743757883074
random_init_eat_seed42,12,bc7066a6-0752-45e7-93b2-6b60d22a07ff,Fringilla_coelebs_Tre_N0060_02_short.flac,Animal Sound Archive,Aves,True,3.1255865207207267,0.1721483430895216,6.004408607233145
random_init_eat_seed42,12,8afcf96d-c949-4449-8bdd-d28c57251208,Turdus_philomelos_AuMC0183_07_short.flac,Animal Sound Archive,Aves,True,23.203289633287195,0.8397477061694575,18.93979940479992
random_init_eat_seed42,12,4c8133b5-5da7-42d7-b6c5-114a1072d6ef,Sitta_europaea_Co0149_21_short.flac,Animal Sound Archive,Aves,True,23.033597275172788,0.6498158589465945,18.95976163778547
random_init_eat_seed42,12,74df051c-9d73-445d-acfc-fe6e10310472,Spheniscus_humboldti_V2106_08_short.flac,Animal Sound Archive,Aves,True,-3.0150964872027277,4.102230304583134,-2.9424169814794876
random_init_eat_seed42,12,508f4e6b-fe79-4fe0-addc-fd2ae26c033f,Tringa_totanus_V0522_13_short.flac,Animal Sound Archive,Aves,True,6.848742841349293,2.667963725128933,6.542196643619857
random_init_eat_seed42,12,f787e5e8-fe60-4d0f-b3f7-4d712545a1c2,Canis_latrans_DIG0101_16_short.flac,Animal Sound Archive,Mammalia,True,24.28834205929154,0.32556653386901757,19.728249389544413
random_init_eat_seed42,12,f6262b3c-18ba-489c-b8de-b8d1fb800224,Turdus_pilaris_DIG0056_10_short.flac,Animal Sound Archive,Aves,True,-10.80283611138805,10.092576242356976,-11.494537439130031
random_init_eat_seed42,12,fb804c43-73ee-47fe-927b-60b1d3513150,Tyto_alba_V2095_11_short.flac,Animal Sound Archive,Aves,True,0.5145441026686088,0.4558631824403653,2.88384606296057
random_init_eat_seed42,12,5b83a91b-962c-42bf-8117-27467395860e,Fulica_atra_V1542_17_short.flac,Animal Sound Archive,Aves,True,-19.379961493857046,8.587335264178712,-17.624271671078006
random_init_eat_seed42,12,5b9f94ad-0b40-48e4-9678-451dbca6408c,Anthus_trivialis_Co0104_04_short.flac,Animal Sound Archive,Aves,True,18.30921800571007,0.018767760207572592,15.655583800368166
random_init_eat_seed42,12,d6424b36-824b-4dae-82bd-b76d3c2c0ab6,Uncia_uncia_S0747_01_short.flac,Animal Sound Archive,Mammalia,True,-10.071267286254091,-3.361558776826903,-2.4963221204244057
random_init_eat_seed42,12,ae83334a-b8f8-4434-a290-2eab52738840,Parus_major_Tre_N0062_06_short.flac,Animal Sound Archive,Aves,True,-8.915227058739275,1.868664037759685,-5.205884201839789
random_init_eat_seed42,12,fb6ff418-4b29-4fd3-9165-7fb85d534815,Alauda_arvensis_DIG0054_13_short.flac,Animal Sound Archive,Aves,True,23.265244242192388,0.11006758232073632,18.854736354575653
random_init_eat_seed42,12,51af16a8-a238-4ae9-8bb9-fed4813d9042,Sylvia_nisoria_Co0163_16_short.flac,Animal Sound Archive,Aves,True,19.847470916530405,0.4247574602606219,16.205942711467138
random_init_eat_seed42,12,dd37da80-cf46-4309-ade6-7ac871535dc0,Strix_aluco_DIG0080_02_short.flac,Animal Sound Archive,Aves,True,18.979357195904154,4.208946130525803,14.452277280274902
random_init_eat_seed42,12,b7c7b37a-1e32-4ea4-868c-5ecc41f2b65e,Anthus_trivialis_Co0088_03_short.flac,Animal Sound Archive,Aves,True,21.142929431001342,-0.5684360533215149,18.044375545809068
random_init_eat_seed42,12,55cfa116-32aa-41e2-a25d-1c57634e3bb8,Pipistrellus_pipistrellus_DIG0141_29_short.flac,Animal Sound Archive,Mammalia,True,-24.47098577013974,-0.2671733124418376,-17.51155759485994
random_init_eat_seed42,12,7f3dfdb2-be02-4783-8c2a-c7cc337a4ef2,Emberiza_citrinella_AuMC0283_03_short.flac,Animal Sound Archive,Aves,True,-6.51523598724647,-2.7862124715083607,0.20161880485695038
random_init_eat_seed42,12,582d2768-f926-4b45-92dc-a7e50d7486ee,Spheniscus_humboldti_V2080_04_short.flac,Animal Sound Archive,Aves,True,-15.288476122882534,-1.0362721706294353,-10.30751866105844
random_init_eat_seed42,12,b587d813-d483-4978-bd9c-0d72b25e7f96,Fringilla_coelebs_DIG0160_03_short.flac,Animal Sound Archive,Aves,True,-6.202753710679714,0.9551575838519861,-2.5124861354442904
random_init_eat_seed42,12,7d80ff34-a9d9-48e3-8941-cdac4ef9ff4d,Turdus_merula_Tre_N0087_03_short.flac,Animal Sound Archive,Aves,True,24.030743334223843,1.3217816539553515,18.704065771688093
random_init_eat_seed42,12,23ac7c30-21ed-4ae6-996c-726a5f0294da,Parus_major_CoMC0001_25_short.flac,Animal Sound Archive,Aves,True,7.650391394492775,-1.919308797716456,10.320179088426817
random_init_eat_seed42,12,22503022-c50a-4748-a52e-4e305b3ef32b,Coccothraustes_coccothraustes_PF00848_short.flac,Animal Sound Archive,Aves,True,-8.134150692170468,1.115607464964793,-3.692738991158472
random_init_eat_seed42,12,8be4f6d7-ee20-4ab3-a774-639c460618d1,Emberiza_citrinella_DIG0060_04_short.flac,Animal Sound Archive,Aves,True,1.0749404638617481,2.7990390705264563,2.7787302430961214
random_init_eat_seed42,12,b6dd8de9-0f80-4331-b654-453e435bccb9,Porzana_parva_DIG0118_33_short.flac,Animal Sound Archive,Aves,True,16.195411088255106,-2.5893714412605897,16.367410062353734
random_init_eat_seed42,12,90429448-7441-4693-90b1-4796d9ac96ac,Sylvia_nisoria_DIG0169_27_short.flac,Animal Sound Archive,Aves,True,9.218526801915958,-2.6097925200505836,12.116615400344898
random_init_eat_seed42,12,d98d86f8-c04b-49cc-8f88-33d220ee592e,Picus_canus_CoMC0001_17_short.flac,Animal Sound Archive,Aves,True,-20.66241757578701,6.416188223532936,-16.977220116542718
random_init_eat_seed42,12,eecf3af9-d33c-463c-b096-35e5948b8c7b,Luscinia_megarhynchos_DIG0178_04_short.flac,Animal Sound Archive,Aves,True,19.63189779337489,1.92764433616748,16.04887878060087
random_init_eat_seed42,12,39ed068b-a96d-40ee-baae-ea54742c441c,Parus_major_Tre_N0011_03_short.flac,Animal Sound Archive,Aves,True,-17.421334633088094,-1.0287697534930071,-10.491102459201228
random_init_eat_seed42,12,a40f19b2-83c4-48e2-9bfb-5dc7eadd29b1,Tringa_nebularia_Kr0005_12_short.flac,Animal Sound Archive,Aves,True,1.8021487856251341,-0.8786085562683636,6.328093878875177
random_init_eat_seed42,12,e1d5391b-891b-4195-b991-97f690f75ded,Nucifraga_caryocatactes_CoMC0036_10_short.flac,Animal Sound Archive,Aves,True,-5.313432306354998,-0.9268684629992083,-1.3723280249888814
random_init_eat_seed42,12,e264d864-405b-4617-8f83-0834ad28556d,Pseudeos_fuscata_V2010_03_short.flac,Animal Sound Archive,Aves,True,-0.13210166257507722,1.6014361750345167,1.9250208830990612
random_init_eat_seed42,12,2525ff9e-0a02-4843-a89c-f40ce0bdcece,Canis_lupus_f_familiaris_S1458_16_short.flac,Animal Sound Archive,Mammalia,True,11.400533952624865,0.7065904282990858,12.362971058464503
