model,layer_idx,class,species,n_clips,within_var,centroid_norm
eat_all,0,Aves,Colaptes auratus,6,0.3355138029576688,0.15717791285702887
eat_all,0,Aves,Picus viridis,5,0.3195158618194357,0.21127699030338343
eat_all,0,Aves,Dendrocopos major,11,0.3276065340074915,0.19247533029877212
eat_all,0,Aves,Sterna paradisaea,5,0.3463266355845341,0.16065304086147827
eat_all,0,Aves,Dryobates pubescens,5,0.33428016020589874,0.1524879045252636
eat_all,0,Aves,Athene noctua,7,0.33259523965420235,0.15510059836097673
eat_all,0,Aves,Strix uralensis,5,0.3244015428012358,0.18597974209048995
eat_all,0,Aves,Calidris alpina,5,0.3363502287200224,0.16765453125905805
eat_all,0,Aves,Aegolius funereus,5,0.3323411814296828,0.18523163643104223
eat_all,0,Aves,Strix aluco,7,0.33421263165350473,0.16885825664029502
eat_all,0,Aves,Tyto alba,5,0.33071785613113985,0.1898097469597376
eat_all,0,Aves,Bubo virginianus,5,0.35215043846517746,0.17988096518885965
eat_all,0,Aves,Strix varia,6,0.34598875179252675,0.1595993810003513
eat_all,0,Mammalia,Delphinus delphis,9,0.33756983612033703,0.20307208775127045
eat_all,0,Mammalia,Globicephala melaena,8,0.32804206096774924,0.20683767223807165
eat_all,0,Mammalia,Stenella attenuata,6,0.3325233652908661,0.19877725876765626
eat_all,0,Mammalia,Sciurus carolinensis,7,0.32913239804822436,0.18700146597416495
eat_all,0,Mammalia,Stenella coeruleoalba,5,0.32519921894336334,0.2221705078556019
eat_all,0,Mammalia,Orcinus orca,28,0.335636229100747,0.21863025494867552
eat_all,0,Mammalia,Pseudorca crassidens,8,0.33985245317796964,0.21090922921854094
eat_all,0,Mammalia,Eubalaena glacialis,7,0.3318523581547958,0.21971345820740032
eat_all,0,Mammalia,Lagenorhynchus acutus,7,0.33290926838189494,0.20366829640822784
eat_all,0,Mammalia,Megaptera novaeangliae,10,0.3314322577838753,0.19178591628134908
eat_all,0,Mammalia,Globicephala macrorhynchus,9,0.32994396675993665,0.2225516805180196
eat_all,0,Mammalia,Canis latrans,6,0.3180571605460125,0.20397880411172864
eat_all,0,Mammalia,Physeter catodon,8,0.3228277754331903,0.2364908985296593
eat_all,0,Mammalia,Balaenoptera physalus,12,0.34499971567843557,0.25601101173941676
eat_all,0,Mammalia,Erignathus barbatus,7,0.3272614756023811,0.18986184517764987
eat_all,1,Aves,Colaptes auratus,6,24.928855751773025,1.6367567206236195
eat_all,1,Aves,Picus viridis,5,24.58899228758995,1.697161656769172
eat_all,1,Aves,Dendrocopos major,11,24.966797809285453,1.6333829885777709
eat_all,1,Aves,Sterna paradisaea,5,25.90087932705342,1.5230785057163827
eat_all,1,Aves,Dryobates pubescens,5,24.84831360810802,1.6339678463470342
eat_all,1,Aves,Athene noctua,7,25.169224943281744,1.6157831279596302
eat_all,1,Aves,Strix uralensis,5,23.382419578586635,1.79584505526869
eat_all,1,Aves,Calidris alpina,5,24.415939405321122,1.6637858192286825
eat_all,1,Aves,Aegolius funereus,5,25.446913807844584,1.5781684948968657
eat_all,1,Aves,Strix aluco,7,25.070279710555162,1.6082273569362826
eat_all,1,Aves,Tyto alba,5,24.19027683865936,1.6884953649089465
eat_all,1,Aves,Bubo virginianus,5,24.441661490747837,1.7127307496853903
eat_all,1,Aves,Strix varia,6,25.090097082033996,1.5905495367838483
eat_all,1,Mammalia,Delphinus delphis,9,24.156374144724232,1.7992843182546252
eat_all,1,Mammalia,Globicephala melaena,8,23.467333822075116,1.848148451525527
eat_all,1,Mammalia,Stenella attenuata,6,24.091229182708567,1.7701166494127778
eat_all,1,Mammalia,Sciurus carolinensis,7,24.27974816744907,1.7111314880276558
eat_all,1,Mammalia,Stenella coeruleoalba,5,22.611024843046827,2.0102117695221144
eat_all,1,Mammalia,Orcinus orca,28,23.33911237092557,2.0540192499763705
eat_all,1,Mammalia,Pseudorca crassidens,8,23.0396350344961,2.0895869191075365
eat_all,1,Mammalia,Eubalaena glacialis,7,23.67930718415806,1.8975642809235849
eat_all,1,Mammalia,Lagenorhynchus acutus,7,23.300447239877837,1.9296936191636056
eat_all,1,Mammalia,Megaptera novaeangliae,10,24.416905082189814,1.7411348910097049
eat_all,1,Mammalia,Globicephala macrorhynchus,9,23.89976004316075,1.8165717086631055
eat_all,1,Mammalia,Canis latrans,6,24.784738557115404,1.6722253571798371
eat_all,1,Mammalia,Physeter catodon,8,22.580112563140396,2.1004769528406917
eat_all,1,Mammalia,Balaenoptera physalus,12,24.267793396455634,2.042505478584068
eat_all,1,Mammalia,Erignathus barbatus,7,24.59972201644794,1.7243994844885362
eat_all,2,Aves,Colaptes auratus,6,25.747741555715667,2.041412443919767
eat_all,2,Aves,Picus viridis,5,26.46586405760878,1.9517110267459128
eat_all,2,Aves,Dendrocopos major,11,26.213493809627828,1.969260305777024
eat_all,2,Aves,Sterna paradisaea,5,27.642902653446153,1.8028120988947502
eat_all,2,Aves,Dryobates pubescens,5,25.54323150789411,1.9634484741726987
eat_all,2,Aves,Athene noctua,7,25.945371754263064,1.9728131001889624
eat_all,2,Aves,Strix uralensis,5,21.980249588139902,2.4712287245604783
eat_all,2,Aves,Calidris alpina,5,25.15457583007899,2.076633606287964
eat_all,2,Aves,Aegolius funereus,5,25.707846222699924,2.0039787110548124
eat_all,2,Aves,Strix aluco,7,25.7206288761175,2.0259113063947702
eat_all,2,Aves,Tyto alba,5,24.402760865646915,2.2196519898308784
eat_all,2,Aves,Bubo virginianus,5,24.98865471824662,2.068674931345279
eat_all,2,Aves,Strix varia,6,26.11611766264613,1.9158036237420024
eat_all,2,Mammalia,Delphinus delphis,9,25.054141204176467,2.106760565562705
eat_all,2,Mammalia,Globicephala melaena,8,23.711747359274458,2.1812128736567047
eat_all,2,Mammalia,Stenella attenuata,6,24.227610196331483,2.1898474263175967
eat_all,2,Mammalia,Sciurus carolinensis,7,25.255255353164618,2.134778142779746
eat_all,2,Mammalia,Stenella coeruleoalba,5,22.970209992492208,2.2801193704716805
eat_all,2,Mammalia,Orcinus orca,28,25.730937838688458,2.0006523681603774
eat_all,2,Mammalia,Pseudorca crassidens,8,24.55014339863604,2.1672122520417085
eat_all,2,Mammalia,Eubalaena glacialis,7,25.56057311320334,2.0710808387130557
eat_all,2,Mammalia,Lagenorhynchus acutus,7,23.163355137141235,2.2298706192208044
eat_all,2,Mammalia,Megaptera novaeangliae,10,25.451944354732476,1.9927523682429178
eat_all,2,Mammalia,Globicephala macrorhynchus,9,24.828538770761984,2.0206541208496245
eat_all,2,Mammalia,Canis latrans,6,25.747582215518868,2.017320701280122
eat_all,2,Mammalia,Physeter catodon,8,22.2262849885896,2.3839244700840885
eat_all,2,Mammalia,Balaenoptera physalus,12,25.815962547357426,2.3945344354100118
eat_all,2,Mammalia,Erignathus barbatus,7,25.85910930510097,2.0447471857408135
eat_all,3,Aves,Colaptes auratus,6,26.727955199491227,2.375680341486889
eat_all,3,Aves,Picus viridis,5,26.99833566165597,2.313432473538402
eat_all,3,Aves,Dendrocopos major,11,27.1445788160537,2.2829699752573753
eat_all,3,Aves,Sterna paradisaea,5,28.570060857866636,2.1150800905217415
eat_all,3,Aves,Dryobates pubescens,5,26.737560061211735,2.265915425652803
eat_all,3,Aves,Athene noctua,7,27.349091474802947,2.268994304416381
eat_all,3,Aves,Strix uralensis,5,22.733114253982748,3.0041163190077276
eat_all,3,Aves,Calidris alpina,5,26.39022560506273,2.369967125104948
eat_all,3,Aves,Aegolius funereus,5,26.60914664075779,2.428891839287693
eat_all,3,Aves,Strix aluco,7,26.772962880849647,2.3912511731328303
eat_all,3,Aves,Tyto alba,5,26.126788573592364,2.48276197477401
eat_all,3,Aves,Bubo virginianus,5,25.967437305144454,2.4964690055992302
eat_all,3,Aves,Strix varia,6,26.479972813286583,2.3328845983931044
eat_all,3,Mammalia,Delphinus delphis,9,25.232311868499185,2.446070008419634
eat_all,3,Mammalia,Globicephala melaena,8,24.36456493179112,2.5272033503124693
eat_all,3,Mammalia,Stenella attenuata,6,24.70937188803297,2.540937309058967
eat_all,3,Mammalia,Sciurus carolinensis,7,26.426627605399414,2.435158389742846
eat_all,3,Mammalia,Stenella coeruleoalba,5,23.636315357198104,2.618783028550091
eat_all,3,Mammalia,Orcinus orca,28,26.447645348974234,2.2348526249531924
eat_all,3,Mammalia,Pseudorca crassidens,8,24.450378392845074,2.507417722082356
eat_all,3,Mammalia,Eubalaena glacialis,7,26.200800668509505,2.2965242806068322
eat_all,3,Mammalia,Lagenorhynchus acutus,7,23.722895402774867,2.6336654785401725
eat_all,3,Mammalia,Megaptera novaeangliae,10,26.197547593726608,2.2763991709537295
eat_all,3,Mammalia,Globicephala macrorhynchus,9,24.74600367231263,2.443576260780453
eat_all,3,Mammalia,Canis latrans,6,26.41775793739743,2.419476265853716
eat_all,3,Mammalia,Physeter catodon,8,21.911428137313628,2.782296102032127
eat_all,3,Mammalia,Balaenoptera physalus,12,25.0855848595405,2.6938447985904443
eat_all,3,Mammalia,Erignathus barbatus,7,26.443119232334617,2.365187903739777
eat_all,4,Aves,Colaptes auratus,6,49.73072260397131,2.9813726679366743
eat_all,4,Aves,Picus viridis,5,50.57340233341021,2.832650096007858
eat_all,4,Aves,Dendrocopos major,11,50.22617275605964,2.8632323067921743
eat_all,4,Aves,Sterna paradisaea,5,52.33604824737034,2.6192794274842015
eat_all,4,Aves,Dryobates pubescens,5,50.01738608532416,2.8066751594053927
eat_all,4,Aves,Athene noctua,7,50.14493253902766,2.88571255919906
eat_all,4,Aves,Strix uralensis,5,41.774727547403955,3.866573649588906
eat_all,4,Aves,Calidris alpina,5,48.69833305147884,2.9806388725666118
eat_all,4,Aves,Aegolius funereus,5,48.36522093720274,3.1037403538690396
eat_all,4,Aves,Strix aluco,7,49.35633365807533,2.9858661222307514
eat_all,4,Aves,Tyto alba,5,47.962458554390146,3.1517710175947626
eat_all,4,Aves,Bubo virginianus,5,47.732633805157455,3.155787911315631
eat_all,4,Aves,Strix varia,6,49.082201485720546,2.9603666837115874
eat_all,4,Mammalia,Delphinus delphis,9,47.109678914250956,3.195245178865366
eat_all,4,Mammalia,Globicephala melaena,8,44.0415788433612,3.453042075279943
eat_all,4,Mammalia,Stenella attenuata,6,46.072647277315596,3.2889513966155484
eat_all,4,Mammalia,Sciurus carolinensis,7,49.40685377328593,2.996078419122388
eat_all,4,Mammalia,Stenella coeruleoalba,5,43.49976547163658,3.479482530890718
eat_all,4,Mammalia,Orcinus orca,28,48.680703429835,2.956219213724982
eat_all,4,Mammalia,Pseudorca crassidens,8,43.59733432493346,3.42803509118819
eat_all,4,Mammalia,Eubalaena glacialis,7,48.30831816396967,3.0429733040176132
eat_all,4,Mammalia,Lagenorhynchus acutus,7,43.53985801976369,3.444744623542612
eat_all,4,Mammalia,Megaptera novaeangliae,10,49.35716101841949,2.8802844467481528
eat_all,4,Mammalia,Globicephala macrorhynchus,9,45.237952471643496,3.2081370187144196
eat_all,4,Mammalia,Canis latrans,6,48.77783323086147,3.0800459773052133
eat_all,4,Mammalia,Physeter catodon,8,40.47534345735434,3.713794393673627
eat_all,4,Mammalia,Balaenoptera physalus,12,45.96160324200375,3.613675044046309
eat_all,4,Mammalia,Erignathus barbatus,7,48.2444360071991,3.1320467055618217
eat_all,5,Aves,Colaptes auratus,6,58.770742877988425,3.122108026807748
eat_all,5,Aves,Picus viridis,5,58.9681805645003,3.028149372006283
eat_all,5,Aves,Dendrocopos major,11,58.59638076440925,3.1167065577531585
eat_all,5,Aves,Sterna paradisaea,5,60.87819941549233,2.838666853395291
eat_all,5,Aves,Dryobates pubescens,5,58.53377982714405,3.1000405713601658
eat_all,5,Aves,Athene noctua,7,59.13103470835299,3.091246425249664
eat_all,5,Aves,Strix uralensis,5,49.21870693323853,4.388596059275937
eat_all,5,Aves,Calidris alpina,5,58.68176080053085,3.0980916562948715
eat_all,5,Aves,Aegolius funereus,5,57.49231224429657,3.2805172623063314
eat_all,5,Aves,Strix aluco,7,58.68807563833389,3.1139336642011677
eat_all,5,Aves,Tyto alba,5,57.78943436847377,3.273982920874911
eat_all,5,Aves,Bubo virginianus,5,56.500315401028566,3.440674187423301
eat_all,5,Aves,Strix varia,6,58.472644323552366,3.1435501931101406
eat_all,5,Mammalia,Delphinus delphis,9,55.695424406858564,3.441158831990019
eat_all,5,Mammalia,Globicephala melaena,8,51.38954390505943,3.9376123147829887
eat_all,5,Mammalia,Stenella attenuata,6,54.8833624671186,3.569923787867814
eat_all,5,Mammalia,Sciurus carolinensis,7,56.99882576782564,3.3862928895725166
eat_all,5,Mammalia,Stenella coeruleoalba,5,52.58754340165756,3.829275790066748
eat_all,5,Mammalia,Orcinus orca,28,56.826706339762836,3.2487157989009185
eat_all,5,Mammalia,Pseudorca crassidens,8,53.52087324617845,3.6937495046225615
eat_all,5,Mammalia,Eubalaena glacialis,7,56.33672750268838,3.3556875001546893
eat_all,5,Mammalia,Lagenorhynchus acutus,7,52.45762657932975,3.7950600144052014
eat_all,5,Mammalia,Megaptera novaeangliae,10,57.045958462392996,3.193979431694613
eat_all,5,Mammalia,Globicephala macrorhynchus,9,54.56490333165815,3.4807141813591738
eat_all,5,Mammalia,Canis latrans,6,58.29242784907555,3.259844038119259
eat_all,5,Mammalia,Physeter catodon,8,49.15916266231999,4.129205734449084
eat_all,5,Mammalia,Balaenoptera physalus,12,50.52912306428595,4.23419770938258
eat_all,5,Mammalia,Erignathus barbatus,7,56.66112715074747,3.3146102208234196
eat_all,6,Aves,Colaptes auratus,6,49.64445594517625,3.33646243051376
eat_all,6,Aves,Picus viridis,5,49.28394179734238,3.3390005704829147
eat_all,6,Aves,Dendrocopos major,11,49.933571349874256,3.2641738498290915
eat_all,6,Aves,Sterna paradisaea,5,51.3204356705487,3.0768220865717444
eat_all,6,Aves,Dryobates pubescens,5,49.62250119026416,3.262326562981044
eat_all,6,Aves,Athene noctua,7,49.51760979432199,3.3511403589355715
eat_all,6,Aves,Strix uralensis,5,41.7446539500468,4.395731108529707
eat_all,6,Aves,Calidris alpina,5,48.98879727042808,3.3969884008233433
eat_all,6,Aves,Aegolius funereus,5,47.471910941392295,3.620067711520969
eat_all,6,Aves,Strix aluco,7,49.02236749049187,3.416452133057769
eat_all,6,Aves,Tyto alba,5,48.071429739882646,3.573929744805237
eat_all,6,Aves,Bubo virginianus,5,47.51957679858485,3.638647516061623
eat_all,6,Aves,Strix varia,6,49.02957150069577,3.4441257632751805
eat_all,6,Mammalia,Delphinus delphis,9,46.856662705043505,3.6538799289230615
eat_all,6,Mammalia,Globicephala melaena,8,43.64153138678447,4.027835515778842
eat_all,6,Mammalia,Stenella attenuata,6,47.048928595616296,3.62899870077292
eat_all,6,Mammalia,Sciurus carolinensis,7,48.784345010241665,3.437516034917673
eat_all,6,Mammalia,Stenella coeruleoalba,5,43.343121619911265,4.0819123139191165
eat_all,6,Mammalia,Orcinus orca,28,47.868098694039304,3.501726527731112
eat_all,6,Mammalia,Pseudorca crassidens,8,46.08700680485081,3.7635356240566504
eat_all,6,Mammalia,Eubalaena glacialis,7,44.12929144285159,3.946879822660399
eat_all,6,Mammalia,Lagenorhynchus acutus,7,44.72511805480516,3.9155609706440138
eat_all,6,Mammalia,Megaptera novaeangliae,10,46.38034965806882,3.6234050543210974
eat_all,6,Mammalia,Globicephala macrorhynchus,9,46.24357819966809,3.7438610380460804
eat_all,6,Mammalia,Canis latrans,6,48.47835078133262,3.5423580442404954
eat_all,6,Mammalia,Physeter catodon,8,42.5617121916325,4.1597999361608196
eat_all,6,Mammalia,Balaenoptera physalus,12,39.13652574698585,4.631706190530652
eat_all,6,Mammalia,Erignathus barbatus,7,42.07365082896313,4.161414485777616
eat_all,7,Aves,Colaptes auratus,6,65.76642531342397,4.203176829797025
eat_all,7,Aves,Picus viridis,5,65.97509100917728,4.137351027458035
eat_all,7,Aves,Dendrocopos major,11,66.79622361531783,4.084559173671115
eat_all,7,Aves,Sterna paradisaea,5,68.28705186679822,3.964017115263165
eat_all,7,Aves,Dryobates pubescens,5,66.45106681656345,4.112845274984769
eat_all,7,Aves,Athene noctua,7,66.51888058944863,4.104465857333459
eat_all,7,Aves,Strix uralensis,5,54.06766897847886,5.281899854597182
eat_all,7,Aves,Calidris alpina,5,66.20153897232501,4.134056688323978
eat_all,7,Aves,Aegolius funereus,5,65.39476509021632,4.221650739265715
eat_all,7,Aves,Strix aluco,7,66.00659751535308,4.176321923103744
eat_all,7,Aves,Tyto alba,5,64.82326680871506,4.305051309763522
eat_all,7,Aves,Bubo virginianus,5,63.35330617006663,4.391838394203212
eat_all,7,Aves,Strix varia,6,63.910064623346685,4.362665112710299
eat_all,7,Mammalia,Delphinus delphis,9,64.18851113793735,4.456834653660253
eat_all,7,Mammalia,Globicephala melaena,8,60.83164544864661,4.828057498838167
eat_all,7,Mammalia,Stenella attenuata,6,65.96503562206686,4.3024769248073405
eat_all,7,Mammalia,Sciurus carolinensis,7,64.59935506380496,4.324327149994047
eat_all,7,Mammalia,Stenella coeruleoalba,5,60.08790155138488,4.877639327215723
eat_all,7,Mammalia,Orcinus orca,28,66.87982020351228,4.19594061939875
eat_all,7,Mammalia,Pseudorca crassidens,8,64.51391960667998,4.4791173985275785
eat_all,7,Mammalia,Eubalaena glacialis,7,62.43921225496409,4.716869782818363
eat_all,7,Mammalia,Lagenorhynchus acutus,7,61.18974042780743,4.729695921760827
eat_all,7,Mammalia,Megaptera novaeangliae,10,64.52642166954303,4.487378991393129
eat_all,7,Mammalia,Globicephala macrorhynchus,9,64.55700177670064,4.454777943089588
eat_all,7,Mammalia,Canis latrans,6,63.68944263163008,4.453790703898519
eat_all,7,Mammalia,Physeter catodon,8,59.413594491057154,4.951821799246265
eat_all,7,Mammalia,Balaenoptera physalus,12,57.0569301394088,5.353330312330262
eat_all,7,Mammalia,Erignathus barbatus,7,60.80580145287874,4.8967477289305155
eat_all,8,Aves,Colaptes auratus,6,59.20365414534441,4.1432577211059956
eat_all,8,Aves,Picus viridis,5,59.85292732475277,4.0065338779321165
eat_all,8,Aves,Dendrocopos major,11,60.19087176554387,4.022109312955305
eat_all,8,Aves,Sterna paradisaea,5,62.418240803639186,3.858105735859726
eat_all,8,Aves,Dryobates pubescens,5,59.52235541980552,3.995708130978644
eat_all,8,Aves,Athene noctua,7,59.988084766883716,4.0461758984988565
eat_all,8,Aves,Strix uralensis,5,49.990473235127666,4.828375946298807
eat_all,8,Aves,Calidris alpina,5,58.76422924623554,4.077137320672867
eat_all,8,Aves,Aegolius funereus,5,58.695295243712394,4.091901043831748
eat_all,8,Aves,Strix aluco,7,58.357518685167534,4.143857578117386
eat_all,8,Aves,Tyto alba,5,58.51382274479114,4.092309862368972
eat_all,8,Aves,Bubo virginianus,5,56.53927334500618,4.284025132031871
eat_all,8,Aves,Strix varia,6,57.490710969316645,4.17691590908574
eat_all,8,Mammalia,Delphinus delphis,9,58.017128729114184,4.262033786776698
eat_all,8,Mammalia,Globicephala melaena,8,53.839998543356266,4.64289916251595
eat_all,8,Mammalia,Stenella attenuata,6,60.10945818620414,4.174429196879878
eat_all,8,Mammalia,Sciurus carolinensis,7,58.70979478643214,4.121988737288803
eat_all,8,Mammalia,Stenella coeruleoalba,5,56.186708777750376,4.599378204040997
eat_all,8,Mammalia,Orcinus orca,28,60.10044896350061,4.046911114696952
eat_all,8,Mammalia,Pseudorca crassidens,8,58.6243441708641,4.2668798991213865
eat_all,8,Mammalia,Eubalaena glacialis,7,58.960802195075814,4.348646278817792
eat_all,8,Mammalia,Lagenorhynchus acutus,7,54.327487513757575,4.47025590690015
eat_all,8,Mammalia,Megaptera novaeangliae,10,59.94045359932671,4.238697058410432
eat_all,8,Mammalia,Globicephala macrorhynchus,9,57.54552101458157,4.235900142975643
eat_all,8,Mammalia,Canis latrans,6,57.79602036360805,4.238233372519925
eat_all,8,Mammalia,Physeter catodon,8,53.005972343073424,4.63477245522879
eat_all,8,Mammalia,Balaenoptera physalus,12,55.71455210286782,4.9692525404184185
eat_all,8,Mammalia,Erignathus barbatus,7,57.952061448840325,4.485929795014246
eat_all,9,Aves,Colaptes auratus,6,41.0318463074728,3.4513124297007662
eat_all,9,Aves,Picus viridis,5,40.762028627415454,3.5037354076271137
eat_all,9,Aves,Dendrocopos major,11,41.27159966204093,3.437380439862648
eat_all,9,Aves,Sterna paradisaea,5,42.38514391386259,3.3655843809537065
eat_all,9,Aves,Dryobates pubescens,5,41.243528402725154,3.4100166276665065
eat_all,9,Aves,Athene noctua,7,41.47112336259562,3.418479762599593
eat_all,9,Aves,Strix uralensis,5,35.154538313246725,4.023658579784384
eat_all,9,Aves,Calidris alpina,5,41.24004130286443,3.4536611142362856
eat_all,9,Aves,Aegolius funereus,5,40.922537211232324,3.496421065605174
eat_all,9,Aves,Strix aluco,7,39.96365383866312,3.5437944987571965
eat_all,9,Aves,Tyto alba,5,39.91819215172356,3.582603489898668
eat_all,9,Aves,Bubo virginianus,5,39.49271570747861,3.614893743598926
eat_all,9,Aves,Strix varia,6,40.352852274346006,3.4756595159433177
eat_all,9,Mammalia,Delphinus delphis,9,40.0493251603513,3.679464001669791
eat_all,9,Mammalia,Globicephala melaena,8,35.99881094435694,4.121278267091751
eat_all,9,Mammalia,Stenella attenuata,6,39.73129122424361,3.7918016199973357
eat_all,9,Mammalia,Sciurus carolinensis,7,40.28600850077457,3.5255753073673333
eat_all,9,Mammalia,Stenella coeruleoalba,5,38.10446022815553,4.021860112589173
eat_all,9,Mammalia,Orcinus orca,28,41.184638997115805,3.5335060564912406
eat_all,9,Mammalia,Pseudorca crassidens,8,39.34969383543503,3.8283111691443437
eat_all,9,Mammalia,Eubalaena glacialis,7,40.476326945727855,3.7277552790129658
eat_all,9,Mammalia,Lagenorhynchus acutus,7,38.25829417488291,3.84826936042287
eat_all,9,Mammalia,Megaptera novaeangliae,10,40.90181352662896,3.6381557235438566
eat_all,9,Mammalia,Globicephala macrorhynchus,9,39.45213862764337,3.7333301956379117
eat_all,9,Mammalia,Canis latrans,6,39.533967723429356,3.6284396795515876
eat_all,9,Mammalia,Physeter catodon,8,36.92755632697009,4.047641462302419
eat_all,9,Mammalia,Balaenoptera physalus,12,36.55341743135613,4.296271808450483
eat_all,9,Mammalia,Erignathus barbatus,7,38.59609963843774,3.972945669373775
eat_all,10,Aves,Colaptes auratus,6,25.82306356712367,2.623030600483563
eat_all,10,Aves,Picus viridis,5,25.654388845739806,2.6287017989204395
eat_all,10,Aves,Dendrocopos major,11,26.072623707135076,2.559716509706109
eat_all,10,Aves,Sterna paradisaea,5,26.388142633319944,2.5352212505261753
eat_all,10,Aves,Dryobates pubescens,5,25.95120030650929,2.59072168380127
eat_all,10,Aves,Athene noctua,7,26.367994987359687,2.534783393299409
eat_all,10,Aves,Strix uralensis,5,23.24631202916562,3.0282557684336227
eat_all,10,Aves,Calidris alpina,5,26.110242431015834,2.6065865298593973
eat_all,10,Aves,Aegolius funereus,5,25.91975108695172,2.634109911369659
eat_all,10,Aves,Strix aluco,7,25.686926991306002,2.630267411775156
eat_all,10,Aves,Tyto alba,5,25.892219544244444,2.612230789027293
eat_all,10,Aves,Bubo virginianus,5,25.555889319668537,2.675434730336184
eat_all,10,Aves,Strix varia,6,25.537526718198,2.643631109353838
eat_all,10,Mammalia,Delphinus delphis,9,24.593709425617124,2.93713298483787
eat_all,10,Mammalia,Globicephala melaena,8,22.719293721581906,3.203777109641531
eat_all,10,Mammalia,Stenella attenuata,6,24.81503412789606,2.921665115458592
eat_all,10,Mammalia,Sciurus carolinensis,7,25.586386368432862,2.6302828035364176
eat_all,10,Mammalia,Stenella coeruleoalba,5,23.557426937241022,3.134292344725784
eat_all,10,Mammalia,Orcinus orca,28,25.24212666628468,2.7511087022172194
eat_all,10,Mammalia,Pseudorca crassidens,8,24.28706189857759,2.998478308482653
eat_all,10,Mammalia,Eubalaena glacialis,7,24.77909377720265,2.897697459534102
eat_all,10,Mammalia,Lagenorhynchus acutus,7,23.984028673304056,2.9904345045707297
eat_all,10,Mammalia,Megaptera novaeangliae,10,25.239372076906896,2.8110057001876476
eat_all,10,Mammalia,Globicephala macrorhynchus,9,24.530243055453774,2.9411229023396044
eat_all,10,Mammalia,Canis latrans,6,25.095730082204923,2.6994747499101566
eat_all,10,Mammalia,Physeter catodon,8,23.081297158973047,3.175183527002081
eat_all,10,Mammalia,Balaenoptera physalus,12,23.136008846990887,3.1638755639002163
eat_all,10,Mammalia,Erignathus barbatus,7,23.960681274537638,3.027986919407734
eat_all,11,Aves,Colaptes auratus,6,33.80646687999057,2.830431571208578
eat_all,11,Aves,Picus viridis,5,33.33563149084156,2.8764470108128117
eat_all,11,Aves,Dendrocopos major,11,33.66287056379388,2.8548795575965675
eat_all,11,Aves,Sterna paradisaea,5,34.41051786265074,2.7393896690711865
eat_all,11,Aves,Dryobates pubescens,5,33.906498818265554,2.848289693815032
eat_all,11,Aves,Athene noctua,7,33.81620719345486,2.8302628804802943
eat_all,11,Aves,Strix uralensis,5,31.259280441267183,3.155961004111606
eat_all,11,Aves,Calidris alpina,5,33.37455107794129,2.911915808563385
eat_all,11,Aves,Aegolius funereus,5,33.98751820059995,2.842959447752633
eat_all,11,Aves,Strix aluco,7,33.12281677382836,2.9006588295431763
eat_all,11,Aves,Tyto alba,5,33.5819884414156,2.871327012235654
eat_all,11,Aves,Bubo virginianus,5,33.248627974761504,2.9273216446877384
eat_all,11,Aves,Strix varia,6,33.33435874474082,2.89870976462781
eat_all,11,Mammalia,Delphinus delphis,9,31.38025543816205,3.260745997042466
eat_all,11,Mammalia,Globicephala melaena,8,28.769445584594862,3.5848651671141383
eat_all,11,Mammalia,Stenella attenuata,6,31.71679851361101,3.189486165771941
eat_all,11,Mammalia,Sciurus carolinensis,7,33.296192631715385,2.887832046515845
eat_all,11,Mammalia,Stenella coeruleoalba,5,30.518315732631198,3.3886183795898788
eat_all,11,Mammalia,Orcinus orca,28,31.863399047824913,3.106608624826963
eat_all,11,Mammalia,Pseudorca crassidens,8,31.760194522024662,3.159016290643506
eat_all,11,Mammalia,Eubalaena glacialis,7,31.689163907500152,3.189358444322341
eat_all,11,Mammalia,Lagenorhynchus acutus,7,30.847589902466275,3.311909198756508
eat_all,11,Mammalia,Megaptera novaeangliae,10,32.315900280820024,3.111859422537847
eat_all,11,Mammalia,Globicephala macrorhynchus,9,30.75311607321252,3.284020237329916
eat_all,11,Mammalia,Canis latrans,6,32.62807506079385,2.9760190212740416
eat_all,11,Mammalia,Physeter catodon,8,29.243233455937332,3.512268183816158
eat_all,11,Mammalia,Balaenoptera physalus,12,30.327005007507857,3.4149301314132186
eat_all,11,Mammalia,Erignathus barbatus,7,31.29025782476508,3.2735461620543185
eat_all,12,Aves,Colaptes auratus,6,17.94569569778326,5.429636044170563
eat_all,12,Aves,Picus viridis,5,17.334510500038785,5.21754456136157
eat_all,12,Aves,Dendrocopos major,11,17.97107475098231,5.408194770361348
eat_all,12,Aves,Sterna paradisaea,5,19.40543395630977,5.544136629665181
eat_all,12,Aves,Dryobates pubescens,5,16.77862245319398,5.174951840116842
eat_all,12,Aves,Athene noctua,7,19.166207611553926,5.808157542148753
eat_all,12,Aves,Strix uralensis,5,16.326825507545703,5.46067027104766
eat_all,12,Aves,Calidris alpina,5,18.425802033802,5.251185903854447
eat_all,12,Aves,Aegolius funereus,5,19.273001869349713,5.45967019768911
eat_all,12,Aves,Strix aluco,7,17.613850521926068,5.445649150487069
eat_all,12,Aves,Tyto alba,5,17.27643520077556,5.074485749560785
eat_all,12,Aves,Bubo virginianus,5,16.88448690811418,5.388414057618392
eat_all,12,Aves,Strix varia,6,18.046983763548855,5.558542088628893
eat_all,12,Mammalia,Delphinus delphis,9,14.433681216621812,4.324311356132867
eat_all,12,Mammalia,Globicephala melaena,8,15.20341145351661,4.436094906860789
eat_all,12,Mammalia,Stenella attenuata,6,15.493987541824966,4.6125462773169685
eat_all,12,Mammalia,Sciurus carolinensis,7,17.06254732954762,5.314608245395949
eat_all,12,Mammalia,Stenella coeruleoalba,5,15.50064496324178,4.670194721182362
eat_all,12,Mammalia,Orcinus orca,28,15.25813602619535,4.3221952748014765
eat_all,12,Mammalia,Pseudorca crassidens,8,13.943045284810532,4.079001597228009
eat_all,12,Mammalia,Eubalaena glacialis,7,19.2087772616938,4.5223406074745975
eat_all,12,Mammalia,Lagenorhynchus acutus,7,14.715192954073567,4.590433086271593
eat_all,12,Mammalia,Megaptera novaeangliae,10,16.35169726241744,4.54484524093129
eat_all,12,Mammalia,Globicephala macrorhynchus,9,15.598922417591243,4.18010104376203
eat_all,12,Mammalia,Canis latrans,6,16.528429862937696,5.612940740949154
eat_all,12,Mammalia,Physeter catodon,8,16.988630295457995,4.38847629256545
eat_all,12,Mammalia,Balaenoptera physalus,12,14.045027957234883,4.5711381703830885
eat_all,12,Mammalia,Erignathus barbatus,7,16.821672578738358,4.832919582129842
eat_bio,0,Aves,Colaptes auratus,6,0.2404296545877604,0.21000757295000141
eat_bio,0,Aves,Picus viridis,5,0.2217488490430968,0.271529307783753
eat_bio,0,Aves,Dendrocopos major,11,0.2354617020495049,0.2546495478049119
eat_bio,0,Aves,Sterna paradisaea,5,0.2560676113835513,0.22001202429893663
eat_bio,0,Aves,Dryobates pubescens,5,0.23549789956309705,0.20586325658716828
eat_bio,0,Aves,Athene noctua,7,0.23960095333267784,0.2129988203755967
eat_bio,0,Aves,Strix uralensis,5,0.21599712990675637,0.24600607200709448
eat_bio,0,Aves,Calidris alpina,5,0.23413935583774576,0.21901096753709118
eat_bio,0,Aves,Aegolius funereus,5,0.25223959186688294,0.24914570381931547
eat_bio,0,Aves,Strix aluco,7,0.24018377144668193,0.22730803657299864
eat_bio,0,Aves,Tyto alba,5,0.23392881858564468,0.24372579693544216
eat_bio,0,Aves,Bubo virginianus,5,0.2871243530222616,0.24011605020981638
eat_bio,0,Aves,Strix varia,6,0.2632498624886997,0.2206273084573005
eat_bio,0,Mammalia,Delphinus delphis,9,0.24755040615755117,0.24177150039553758
eat_bio,0,Mammalia,Globicephala melaena,8,0.22164049984234505,0.2420718237168792
eat_bio,0,Mammalia,Stenella attenuata,6,0.23216591418687874,0.23777677183200055
eat_bio,0,Mammalia,Sciurus carolinensis,7,0.23145566054536812,0.2468550979318226
eat_bio,0,Mammalia,Stenella coeruleoalba,5,0.2203014917973899,0.2530871952686161
eat_bio,0,Mammalia,Orcinus orca,28,0.2541408065878414,0.2535580737716673
eat_bio,0,Mammalia,Pseudorca crassidens,8,0.24252441185244145,0.2545187351897614
eat_bio,0,Mammalia,Eubalaena glacialis,7,0.2525539240534014,0.24773353881108914
eat_bio,0,Mammalia,Lagenorhynchus acutus,7,0.2358417902755984,0.23590200659463995
eat_bio,0,Mammalia,Megaptera novaeangliae,10,0.23524147016235333,0.23413959171801035
eat_bio,0,Mammalia,Globicephala macrorhynchus,9,0.23587787177883426,0.25486750694233196
eat_bio,0,Mammalia,Canis latrans,6,0.23183230605751468,0.26354447847854834
eat_bio,0,Mammalia,Physeter catodon,8,0.22307559482155648,0.27149397184545365
eat_bio,0,Mammalia,Balaenoptera physalus,12,0.30453515434060935,0.31706334000574143
eat_bio,0,Mammalia,Erignathus barbatus,7,0.23360093262147003,0.22641295529116753
eat_bio,1,Aves,Colaptes auratus,6,5.382165175422463,0.8451748123713048
eat_bio,1,Aves,Picus viridis,5,5.2767182251362375,0.9649570186897917
eat_bio,1,Aves,Dendrocopos major,11,5.364751641470705,0.8816116632753652
eat_bio,1,Aves,Sterna paradisaea,5,5.8567228170271015,0.8296957301464358
eat_bio,1,Aves,Dryobates pubescens,5,5.3167266834291995,0.8702996212758624
eat_bio,1,Aves,Athene noctua,7,5.422165324851108,0.8419165938380226
eat_bio,1,Aves,Strix uralensis,5,4.67545220688341,0.9524191502185978
eat_bio,1,Aves,Calidris alpina,5,5.17732762320539,0.9275238071060542
eat_bio,1,Aves,Aegolius funereus,5,5.665781046319347,0.830294177691855
eat_bio,1,Aves,Strix aluco,7,5.349687347876291,0.8612475902182823
eat_bio,1,Aves,Tyto alba,5,5.108107953860914,0.9396880572634199
eat_bio,1,Aves,Bubo virginianus,5,5.3325851541897045,0.9088208847981447
eat_bio,1,Aves,Strix varia,6,5.46843897795998,0.8609031921776222
eat_bio,1,Mammalia,Delphinus delphis,9,5.005961550224127,1.0895746566436921
eat_bio,1,Mammalia,Globicephala melaena,8,4.55996657713207,1.1651828388269
eat_bio,1,Mammalia,Stenella attenuata,6,4.95931502390575,1.0402108036602045
eat_bio,1,Mammalia,Sciurus carolinensis,7,5.052315435121812,0.9259898370316607
eat_bio,1,Mammalia,Stenella coeruleoalba,5,4.186784392487122,1.2718489118960505
eat_bio,1,Mammalia,Orcinus orca,28,4.775204969831328,1.3838772330605897
eat_bio,1,Mammalia,Pseudorca crassidens,8,4.780680579561707,1.3369979079155279
eat_bio,1,Mammalia,Eubalaena glacialis,7,4.876486398214098,1.194201710685419
eat_bio,1,Mammalia,Lagenorhynchus acutus,7,4.537577190022105,1.2161674493195556
eat_bio,1,Mammalia,Megaptera novaeangliae,10,4.998016206016138,1.0346755806992773
eat_bio,1,Mammalia,Globicephala macrorhynchus,9,4.767067408237926,1.135153289227698
eat_bio,1,Mammalia,Canis latrans,6,5.3186685358275785,0.8961666633826003
eat_bio,1,Mammalia,Physeter catodon,8,4.467123373978444,1.2227132625534982
eat_bio,1,Mammalia,Balaenoptera physalus,12,5.5469201553038525,1.3603991895388499
eat_bio,1,Mammalia,Erignathus barbatus,7,5.182111433199819,1.0068582325550928
eat_bio,2,Aves,Colaptes auratus,6,23.029099753043447,1.8570152589276463
eat_bio,2,Aves,Picus viridis,5,23.020859443545795,1.8234848250511355
eat_bio,2,Aves,Dendrocopos major,11,23.017496784575865,1.8174045535374388
eat_bio,2,Aves,Sterna paradisaea,5,23.471683684285583,1.7296929388329276
eat_bio,2,Aves,Dryobates pubescens,5,22.79934007121047,1.8484116796619097
eat_bio,2,Aves,Athene noctua,7,23.159862642704812,1.8157174333842967
eat_bio,2,Aves,Strix uralensis,5,21.50508853428084,2.120386367892156
eat_bio,2,Aves,Calidris alpina,5,22.482501882811775,1.8896521038447973
eat_bio,2,Aves,Aegolius funereus,5,22.807890227123863,1.796143415635669
eat_bio,2,Aves,Strix aluco,7,23.017950102765898,1.872194029046842
eat_bio,2,Aves,Tyto alba,5,22.18108039619206,2.0047646818843856
eat_bio,2,Aves,Bubo virginianus,5,22.35038723303067,1.8637623426549226
eat_bio,2,Aves,Strix varia,6,23.222622659799523,1.8020707990106748
eat_bio,2,Mammalia,Delphinus delphis,9,21.486631304466542,2.0950274999180203
eat_bio,2,Mammalia,Globicephala melaena,8,21.110274651183175,2.130253612675623
eat_bio,2,Mammalia,Stenella attenuata,6,21.438961158920538,2.1275423167083316
eat_bio,2,Mammalia,Sciurus carolinensis,7,22.655948088107422,1.938506411162435
eat_bio,2,Mammalia,Stenella coeruleoalba,5,20.727847536039636,2.2287120817897192
eat_bio,2,Mammalia,Orcinus orca,28,21.219288968030337,2.1410674624953017
eat_bio,2,Mammalia,Pseudorca crassidens,8,20.5565270530209,2.287400161410535
eat_bio,2,Mammalia,Eubalaena glacialis,7,21.771971339219686,2.114827590274455
eat_bio,2,Mammalia,Lagenorhynchus acutus,7,20.724032177181336,2.1890893027900935
eat_bio,2,Mammalia,Megaptera novaeangliae,10,22.270517828938914,2.0002782091499385
eat_bio,2,Mammalia,Globicephala macrorhynchus,9,21.291422129915563,2.101716190090679
eat_bio,2,Mammalia,Canis latrans,6,22.808452695856662,1.8650776487219043
eat_bio,2,Mammalia,Physeter catodon,8,19.903978641930813,2.3655150262567357
eat_bio,2,Mammalia,Balaenoptera physalus,12,20.813958492341445,2.281439643278058
eat_bio,2,Mammalia,Erignathus barbatus,7,22.613688297887787,1.97037323573473
eat_bio,3,Aves,Colaptes auratus,6,22.502422863826155,2.135932703304601
eat_bio,3,Aves,Picus viridis,5,21.92903761348349,2.1467830614776546
eat_bio,3,Aves,Dendrocopos major,11,22.13897344818991,2.116753217428585
eat_bio,3,Aves,Sterna paradisaea,5,22.60703839041391,2.0159004104427276
eat_bio,3,Aves,Dryobates pubescens,5,22.253308741983105,2.0989745268132647
eat_bio,3,Aves,Athene noctua,7,22.58025589441047,2.058495730196618
eat_bio,3,Aves,Strix uralensis,5,20.01844240553857,2.512659638854033
eat_bio,3,Aves,Calidris alpina,5,21.312922001551176,2.164670848678057
eat_bio,3,Aves,Aegolius funereus,5,21.22277850625345,2.122156933988974
eat_bio,3,Aves,Strix aluco,7,22.212066085839407,2.1878912134466293
eat_bio,3,Aves,Tyto alba,5,21.593527647990324,2.2326889156859946
eat_bio,3,Aves,Bubo virginianus,5,21.601328502774024,2.1889441340733153
eat_bio,3,Aves,Strix varia,6,21.970889322394545,2.1516730109702022
eat_bio,3,Mammalia,Delphinus delphis,9,20.760151648489057,2.3320400392515492
eat_bio,3,Mammalia,Globicephala melaena,8,20.188164878903013,2.3550285906802135
eat_bio,3,Mammalia,Stenella attenuata,6,20.431043332680684,2.365609619197592
eat_bio,3,Mammalia,Sciurus carolinensis,7,22.198766081467173,2.199021983765902
eat_bio,3,Mammalia,Stenella coeruleoalba,5,19.824220519620052,2.4368477642387725
eat_bio,3,Mammalia,Orcinus orca,28,19.993292015858536,2.3176241320784157
eat_bio,3,Mammalia,Pseudorca crassidens,8,19.204505808122107,2.455407742454504
eat_bio,3,Mammalia,Eubalaena glacialis,7,20.971264235436223,2.3017851799852034
eat_bio,3,Mammalia,Lagenorhynchus acutus,7,19.785469049061994,2.429250312959952
eat_bio,3,Mammalia,Megaptera novaeangliae,10,21.60672067984977,2.1845225227739693
eat_bio,3,Mammalia,Globicephala macrorhynchus,9,20.468024765441523,2.340376022731112
eat_bio,3,Mammalia,Canis latrans,6,21.88519658291203,2.1863004112171427
eat_bio,3,Mammalia,Physeter catodon,8,18.888114787723133,2.5362751942054964
eat_bio,3,Mammalia,Balaenoptera physalus,12,20.109058336974112,2.502042545900126
eat_bio,3,Mammalia,Erignathus barbatus,7,21.749812272459774,2.234944665625531
eat_bio,4,Aves,Colaptes auratus,6,26.85271285757258,2.0201230428299772
eat_bio,4,Aves,Picus viridis,5,27.13632157980246,1.9721060921322957
eat_bio,4,Aves,Dendrocopos major,11,26.90831992059948,1.9794785708758247
eat_bio,4,Aves,Sterna paradisaea,5,27.906193921615632,1.796436072525859
eat_bio,4,Aves,Dryobates pubescens,5,27.04365846370124,1.9361907654577535
eat_bio,4,Aves,Athene noctua,7,27.07824933679528,1.9495837573562276
eat_bio,4,Aves,Strix uralensis,5,23.225817671551283,2.6305631070218873
eat_bio,4,Aves,Calidris alpina,5,26.354583410774083,2.092296572420914
eat_bio,4,Aves,Aegolius funereus,5,26.241120485730022,2.0751425761207023
eat_bio,4,Aves,Strix aluco,7,26.78626133445393,2.0269223509601906
eat_bio,4,Aves,Tyto alba,5,26.09186206134358,2.162315231943144
eat_bio,4,Aves,Bubo virginianus,5,26.122503088473604,2.1211159997275613
eat_bio,4,Aves,Strix varia,6,26.748028894980568,2.0227015043435292
eat_bio,4,Mammalia,Delphinus delphis,9,24.85755691969482,2.434983200262537
eat_bio,4,Mammalia,Globicephala melaena,8,23.879009330712186,2.5354268254147105
eat_bio,4,Mammalia,Stenella attenuata,6,24.494457180552264,2.5021642898224647
eat_bio,4,Mammalia,Sciurus carolinensis,7,26.653018302565137,2.0643460537111245
eat_bio,4,Mammalia,Stenella coeruleoalba,5,23.30452766289658,2.6410211552617104
eat_bio,4,Mammalia,Orcinus orca,28,24.996747527697924,2.3639421084553747
eat_bio,4,Mammalia,Pseudorca crassidens,8,24.216277194003155,2.5055955219554473
eat_bio,4,Mammalia,Eubalaena glacialis,7,25.42067229250784,2.302968647837797
eat_bio,4,Mammalia,Lagenorhynchus acutus,7,23.221392821018984,2.664308644545503
eat_bio,4,Mammalia,Megaptera novaeangliae,10,26.184273760088,2.131965847495072
eat_bio,4,Mammalia,Globicephala macrorhynchus,9,24.183098619678574,2.486522250577158
eat_bio,4,Mammalia,Canis latrans,6,26.580118992406053,2.073095765883912
eat_bio,4,Mammalia,Physeter catodon,8,21.974622258269633,2.8555685705166005
eat_bio,4,Mammalia,Balaenoptera physalus,12,24.66508058191468,2.5645505683044796
eat_bio,4,Mammalia,Erignathus barbatus,7,26.363801231955264,2.14659237659683
eat_bio,5,Aves,Colaptes auratus,6,35.70538525422552,2.476808108033554
eat_bio,5,Aves,Picus viridis,5,35.80241230790304,2.4693859441880717
eat_bio,5,Aves,Dendrocopos major,11,35.35700717607958,2.5140432528567
eat_bio,5,Aves,Sterna paradisaea,5,36.41380722454242,2.349889321199302
eat_bio,5,Aves,Dryobates pubescens,5,35.61708890412215,2.477061641820532
eat_bio,5,Aves,Athene noctua,7,35.486488776861556,2.514235622037926
eat_bio,5,Aves,Strix uralensis,5,30.890247896561508,3.342524123208115
eat_bio,5,Aves,Calidris alpina,5,35.36805004909071,2.498602356823439
eat_bio,5,Aves,Aegolius funereus,5,34.77806193738692,2.5862911991148745
eat_bio,5,Aves,Strix aluco,7,35.57410369771894,2.4789272175206274
eat_bio,5,Aves,Tyto alba,5,35.154169322587144,2.5829167240742796
eat_bio,5,Aves,Bubo virginianus,5,34.77192137123762,2.6675354783932925
eat_bio,5,Aves,Strix varia,6,35.55183797917543,2.5271342471973557
eat_bio,5,Mammalia,Delphinus delphis,9,33.5263615609128,2.8004007255019823
eat_bio,5,Mammalia,Globicephala melaena,8,32.21111018723008,3.0108612910720725
eat_bio,5,Mammalia,Stenella attenuata,6,32.541184782708974,2.9821633715756457
eat_bio,5,Mammalia,Sciurus carolinensis,7,34.64427657049471,2.70800122189257
eat_bio,5,Mammalia,Stenella coeruleoalba,5,31.937637458141083,3.070620192138772
eat_bio,5,Mammalia,Orcinus orca,28,33.42835696097676,2.7271357739438153
eat_bio,5,Mammalia,Pseudorca crassidens,8,32.946634287155774,2.862949851645505
eat_bio,5,Mammalia,Eubalaena glacialis,7,33.54720390193358,2.77211727698309
eat_bio,5,Mammalia,Lagenorhynchus acutus,7,31.622161524637043,3.105563297299135
eat_bio,5,Mammalia,Megaptera novaeangliae,10,34.449453920067015,2.575659775356175
eat_bio,5,Mammalia,Globicephala macrorhynchus,9,32.7581928869242,2.887399973053531
eat_bio,5,Mammalia,Canis latrans,6,35.338398850212855,2.582351815179808
eat_bio,5,Mammalia,Physeter catodon,8,29.599985638662492,3.365381939912361
eat_bio,5,Mammalia,Balaenoptera physalus,12,31.594435546241353,3.1187375017732264
eat_bio,5,Mammalia,Erignathus barbatus,7,34.60767948963141,2.577448389513748
eat_bio,6,Aves,Colaptes auratus,6,32.19286726660494,2.6816204802061216
eat_bio,6,Aves,Picus viridis,5,32.041298896182994,2.65891536974612
eat_bio,6,Aves,Dendrocopos major,11,32.15081840376957,2.6507723500721228
eat_bio,6,Aves,Sterna paradisaea,5,32.80588834899887,2.466981898718245
eat_bio,6,Aves,Dryobates pubescens,5,32.59220065229259,2.542177830524012
eat_bio,6,Aves,Athene noctua,7,31.858302613170515,2.7014843931713988
eat_bio,6,Aves,Strix uralensis,5,27.453034574478362,3.605445135297873
eat_bio,6,Aves,Calidris alpina,5,32.033250621164164,2.7154058560587773
eat_bio,6,Aves,Aegolius funereus,5,31.133528074116903,2.8527571045186106
eat_bio,6,Aves,Strix aluco,7,31.913908028144277,2.7420194216135765
eat_bio,6,Aves,Tyto alba,5,31.74360983903132,2.7798976653878142
eat_bio,6,Aves,Bubo virginianus,5,31.409965675542548,2.8523385832332004
eat_bio,6,Aves,Strix varia,6,32.13426635750249,2.733369895605801
eat_bio,6,Mammalia,Delphinus delphis,9,31.083225018513772,2.8015475505605747
eat_bio,6,Mammalia,Globicephala melaena,8,29.68410090381718,3.043246693821997
eat_bio,6,Mammalia,Stenella attenuata,6,30.42500455699115,2.9023985860855115
eat_bio,6,Mammalia,Sciurus carolinensis,7,31.522548998178465,2.8048877387532407
eat_bio,6,Mammalia,Stenella coeruleoalba,5,29.54728461205063,3.0850069588455877
eat_bio,6,Mammalia,Orcinus orca,28,31.03771311766945,2.7050257964900393
eat_bio,6,Mammalia,Pseudorca crassidens,8,30.4082632305199,2.8727739351892434
eat_bio,6,Mammalia,Eubalaena glacialis,7,31.173173088793607,2.739642456966385
eat_bio,6,Mammalia,Lagenorhynchus acutus,7,29.917418138309746,3.058871450721413
eat_bio,6,Mammalia,Megaptera novaeangliae,10,32.21852408561867,2.5366040180959812
eat_bio,6,Mammalia,Globicephala macrorhynchus,9,30.4711185816077,2.875750700073059
eat_bio,6,Mammalia,Canis latrans,6,31.568590474502354,2.8288479881739335
eat_bio,6,Mammalia,Physeter catodon,8,28.26533304545601,3.2433563247617117
eat_bio,6,Mammalia,Balaenoptera physalus,12,28.188904713347558,3.264375358461772
eat_bio,6,Mammalia,Erignathus barbatus,7,31.292093995671404,2.692475318391681
eat_bio,7,Aves,Colaptes auratus,6,37.93257003515892,3.046573136493282
eat_bio,7,Aves,Picus viridis,5,37.46884854671946,3.0843579942912487
eat_bio,7,Aves,Dendrocopos major,11,37.84714172789752,3.058143201473485
eat_bio,7,Aves,Sterna paradisaea,5,38.94663397580795,2.9394266183765945
eat_bio,7,Aves,Dryobates pubescens,5,38.10405367693618,2.9530024684904213
eat_bio,7,Aves,Athene noctua,7,37.90694101199802,3.0167765825067114
eat_bio,7,Aves,Strix uralensis,5,31.748221021903582,3.8917888112359154
eat_bio,7,Aves,Calidris alpina,5,37.87580156794568,3.0266268163872985
eat_bio,7,Aves,Aegolius funereus,5,37.80115238998036,3.0725982793849114
eat_bio,7,Aves,Strix aluco,7,37.93197195227089,3.065801705457886
eat_bio,7,Aves,Tyto alba,5,37.51153689485158,3.0569953686509908
eat_bio,7,Aves,Bubo virginianus,5,36.7840000913641,3.1768158522729717
eat_bio,7,Aves,Strix varia,6,37.236429057903464,3.1209803321479686
eat_bio,7,Mammalia,Delphinus delphis,9,35.629457753066454,3.371413455704176
eat_bio,7,Mammalia,Globicephala melaena,8,33.3367441187269,3.598379250010042
eat_bio,7,Mammalia,Stenella attenuata,6,36.44268000088747,3.235424830098889
eat_bio,7,Mammalia,Sciurus carolinensis,7,36.993518825526145,3.2122465732361163
eat_bio,7,Mammalia,Stenella coeruleoalba,5,33.59881798756874,3.5157540028606036
eat_bio,7,Mammalia,Orcinus orca,28,36.681737032177885,3.1777964168530324
eat_bio,7,Mammalia,Pseudorca crassidens,8,35.50963574580266,3.3446145034341286
eat_bio,7,Mammalia,Eubalaena glacialis,7,35.66174432107055,3.355982333297945
eat_bio,7,Mammalia,Lagenorhynchus acutus,7,34.204052627828986,3.507731433854517
eat_bio,7,Mammalia,Megaptera novaeangliae,10,36.901031797103634,3.2187534507255986
eat_bio,7,Mammalia,Globicephala macrorhynchus,9,35.586064802504616,3.29179274819944
eat_bio,7,Mammalia,Canis latrans,6,36.98024468267542,3.1933663753821797
eat_bio,7,Mammalia,Physeter catodon,8,32.577688894829954,3.656113015677557
eat_bio,7,Mammalia,Balaenoptera physalus,12,33.06504106901684,3.8832000043175308
eat_bio,7,Mammalia,Erignathus barbatus,7,35.84049063636197,3.354124086517148
eat_bio,8,Aves,Colaptes auratus,6,31.567753240256692,2.7356461718104343
eat_bio,8,Aves,Picus viridis,5,31.30350733461791,2.754456506745518
eat_bio,8,Aves,Dendrocopos major,11,31.074916922398856,2.75718128449675
eat_bio,8,Aves,Sterna paradisaea,5,32.138311934670625,2.6558384311829633
eat_bio,8,Aves,Dryobates pubescens,5,31.505052076043548,2.7007196818499963
eat_bio,8,Aves,Athene noctua,7,31.758288067999395,2.6519091737310014
eat_bio,8,Aves,Strix uralensis,5,27.526016058604263,3.2853209735185116
eat_bio,8,Aves,Calidris alpina,5,30.937439050262935,2.8103048975131335
eat_bio,8,Aves,Aegolius funereus,5,31.08656800857653,2.807585893690538
eat_bio,8,Aves,Strix aluco,7,31.006457785269102,2.790560329820338
eat_bio,8,Aves,Tyto alba,5,30.96060588035077,2.785260700626846
eat_bio,8,Aves,Bubo virginianus,5,30.341121243319613,2.88635799581036
eat_bio,8,Aves,Strix varia,6,30.967849616089637,2.7760896797489827
eat_bio,8,Mammalia,Delphinus delphis,9,28.975337224482363,3.1807416689732175
eat_bio,8,Mammalia,Globicephala melaena,8,27.15017395530666,3.3308964997596653
eat_bio,8,Mammalia,Stenella attenuata,6,29.967957073272967,3.0145107058298195
eat_bio,8,Mammalia,Sciurus carolinensis,7,30.941958709581428,2.8111379146836706
eat_bio,8,Mammalia,Stenella coeruleoalba,5,27.523354336000544,3.279598954254403
eat_bio,8,Mammalia,Orcinus orca,28,29.612729075956345,3.0517134606142164
eat_bio,8,Mammalia,Pseudorca crassidens,8,29.47538567019514,3.0726973540939437
eat_bio,8,Mammalia,Eubalaena glacialis,7,29.796548503998967,3.0391404765156653
eat_bio,8,Mammalia,Lagenorhynchus acutus,7,27.883209735441245,3.223062491834799
eat_bio,8,Mammalia,Megaptera novaeangliae,10,30.88934774283061,2.884323371513073
eat_bio,8,Mammalia,Globicephala macrorhynchus,9,29.01710805858119,3.0865671767429053
eat_bio,8,Mammalia,Canis latrans,6,30.8663425412558,2.8289323813193437
eat_bio,8,Mammalia,Physeter catodon,8,26.423924558533034,3.4322246437432025
eat_bio,8,Mammalia,Balaenoptera physalus,12,28.094680160315573,3.524075370496746
eat_bio,8,Mammalia,Erignathus barbatus,7,30.136278553559016,2.9919365306085646
eat_bio,9,Aves,Colaptes auratus,6,22.785383536366457,2.3282189918246843
eat_bio,9,Aves,Picus viridis,5,22.52779552936559,2.366402643914645
eat_bio,9,Aves,Dendrocopos major,11,22.52010360149763,2.334996221649362
eat_bio,9,Aves,Sterna paradisaea,5,22.90159026835845,2.3340941960206507
eat_bio,9,Aves,Dryobates pubescens,5,22.733974810728462,2.286009557991296
eat_bio,9,Aves,Athene noctua,7,23.10905948898616,2.25442827848784
eat_bio,9,Aves,Strix uralensis,5,19.911270734562805,2.7899057262855944
eat_bio,9,Aves,Calidris alpina,5,22.63015637883136,2.3754038938165243
eat_bio,9,Aves,Aegolius funereus,5,22.68567465135592,2.346233879822438
eat_bio,9,Aves,Strix aluco,7,22.42292422360722,2.34855972944701
eat_bio,9,Aves,Tyto alba,5,22.344720389418093,2.4085256723788366
eat_bio,9,Aves,Bubo virginianus,5,22.30543561477861,2.392927490759204
eat_bio,9,Aves,Strix varia,6,22.569059822024848,2.3353764493504166
eat_bio,9,Mammalia,Delphinus delphis,9,21.17845208501057,2.701551310698786
eat_bio,9,Mammalia,Globicephala melaena,8,19.49065761759709,2.8917825762292986
eat_bio,9,Mammalia,Stenella attenuata,6,21.47875377705632,2.6615270643113984
eat_bio,9,Mammalia,Sciurus carolinensis,7,22.376976114287817,2.3700169527076826
eat_bio,9,Mammalia,Stenella coeruleoalba,5,20.314939621364026,2.8159669621473227
eat_bio,9,Mammalia,Orcinus orca,28,21.261244372773948,2.681578061538447
eat_bio,9,Mammalia,Pseudorca crassidens,8,20.836970663234833,2.71930965001677
eat_bio,9,Mammalia,Eubalaena glacialis,7,21.74352549530978,2.613608754525258
eat_bio,9,Mammalia,Lagenorhynchus acutus,7,20.260600055077127,2.8035287411882366
eat_bio,9,Mammalia,Megaptera novaeangliae,10,22.447576866422793,2.468878157335387
eat_bio,9,Mammalia,Globicephala macrorhynchus,9,20.886244438224026,2.7122090073736302
eat_bio,9,Mammalia,Canis latrans,6,22.54600551295917,2.3622400825386416
eat_bio,9,Mammalia,Physeter catodon,8,19.12874145754959,3.002687347198165
eat_bio,9,Mammalia,Balaenoptera physalus,12,20.329826264308625,2.979494742058281
eat_bio,9,Mammalia,Erignathus barbatus,7,21.640670443361977,2.6257005147434875
eat_bio,10,Aves,Colaptes auratus,6,17.60396550876952,1.860880321769988
eat_bio,10,Aves,Picus viridis,5,17.25131335018928,1.8814045057300126
eat_bio,10,Aves,Dendrocopos major,11,17.50710144076874,1.8327230167496584
eat_bio,10,Aves,Sterna paradisaea,5,17.936510155621974,1.8271566757695321
eat_bio,10,Aves,Dryobates pubescens,5,17.506506041261527,1.8444428881245263
eat_bio,10,Aves,Athene noctua,7,17.861892419940137,1.8211620891031524
eat_bio,10,Aves,Strix uralensis,5,15.63079537452486,2.247052751061606
eat_bio,10,Aves,Calidris alpina,5,17.308950155118367,1.951917855126614
eat_bio,10,Aves,Aegolius funereus,5,17.879553117953535,1.888235385385241
eat_bio,10,Aves,Strix aluco,7,17.69742423575793,1.8377283237175577
eat_bio,10,Aves,Tyto alba,5,17.517220386195135,1.9220247034933386
eat_bio,10,Aves,Bubo virginianus,5,17.564496395347515,1.8870862142847624
eat_bio,10,Aves,Strix varia,6,17.41841931400011,1.8614142746262856
eat_bio,10,Mammalia,Delphinus delphis,9,15.827115544005993,2.367875431686025
eat_bio,10,Mammalia,Globicephala melaena,8,14.63581728370665,2.5329397825498416
eat_bio,10,Mammalia,Stenella attenuata,6,16.183812906344357,2.3384620678558776
eat_bio,10,Mammalia,Sciurus carolinensis,7,17.116440670015844,1.8872982163031686
eat_bio,10,Mammalia,Stenella coeruleoalba,5,14.648230841984741,2.570016887045033
eat_bio,10,Mammalia,Orcinus orca,28,15.622570633220377,2.4486694159211484
eat_bio,10,Mammalia,Pseudorca crassidens,8,15.530929071617146,2.455199881399769
eat_bio,10,Mammalia,Eubalaena glacialis,7,15.793124149823525,2.4207208609550634
eat_bio,10,Mammalia,Lagenorhynchus acutus,7,15.048995510477154,2.5166134589712232
eat_bio,10,Mammalia,Megaptera novaeangliae,10,16.981496675293794,2.149448281697194
eat_bio,10,Mammalia,Globicephala macrorhynchus,9,15.299806004229342,2.4878790098511385
eat_bio,10,Mammalia,Canis latrans,6,17.31750002780611,1.897669919075656
eat_bio,10,Mammalia,Physeter catodon,8,14.018275411713205,2.696501562414062
eat_bio,10,Mammalia,Balaenoptera physalus,12,15.902513185605846,2.4855081296319885
eat_bio,10,Mammalia,Erignathus barbatus,7,16.425812258298553,2.2467217635983605
eat_bio,11,Aves,Colaptes auratus,6,17.058185451155488,2.1746344176110433
eat_bio,11,Aves,Picus viridis,5,16.749476793169425,2.16915208581214
eat_bio,11,Aves,Dendrocopos major,11,16.983578901131022,2.1271081624557517
eat_bio,11,Aves,Sterna paradisaea,5,17.092886493301076,2.0995954881774086
eat_bio,11,Aves,Dryobates pubescens,5,17.00219671685472,2.1158716272854154
eat_bio,11,Aves,Athene noctua,7,17.392599376582144,2.115646001698399
eat_bio,11,Aves,Strix uralensis,5,15.70641818805069,2.505544687410678
eat_bio,11,Aves,Calidris alpina,5,16.68591184149013,2.226522171493317
eat_bio,11,Aves,Aegolius funereus,5,17.56700824279778,2.100365478238674
eat_bio,11,Aves,Strix aluco,7,17.032196736703096,2.1397617185149755
eat_bio,11,Aves,Tyto alba,5,16.936180709363377,2.188969445598004
eat_bio,11,Aves,Bubo virginianus,5,17.089796110753536,2.1761548430004014
eat_bio,11,Aves,Strix varia,6,17.084641693358115,2.1113804299780177
eat_bio,11,Mammalia,Delphinus delphis,9,15.134280184957756,2.523638572872729
eat_bio,11,Mammalia,Globicephala melaena,8,14.210438810842067,2.6634008526409088
eat_bio,11,Mammalia,Stenella attenuata,6,15.655516469999462,2.4470338004060874
eat_bio,11,Mammalia,Sciurus carolinensis,7,16.80027036264777,2.176449292128139
eat_bio,11,Mammalia,Stenella coeruleoalba,5,14.558626484209476,2.622901463101277
eat_bio,11,Mammalia,Orcinus orca,28,15.017599869438767,2.545641330768237
eat_bio,11,Mammalia,Pseudorca crassidens,8,15.409895125201105,2.442663074590319
eat_bio,11,Mammalia,Eubalaena glacialis,7,15.273054379463993,2.50860382757151
eat_bio,11,Mammalia,Lagenorhynchus acutus,7,14.749734703732237,2.595742709842457
eat_bio,11,Mammalia,Megaptera novaeangliae,10,16.310825969531557,2.2886353693409713
eat_bio,11,Mammalia,Globicephala macrorhynchus,9,14.953361427509751,2.550915597661566
eat_bio,11,Mammalia,Canis latrans,6,16.96432751469579,2.1910647658185245
eat_bio,11,Mammalia,Physeter catodon,8,14.190871784006495,2.6584049228519637
eat_bio,11,Mammalia,Balaenoptera physalus,12,15.21108262817017,2.547225839527103
eat_bio,11,Mammalia,Erignathus barbatus,7,15.662688063563358,2.3971967248294783
eat_bio,12,Aves,Colaptes auratus,6,11.976314097514665,3.50176594216039
eat_bio,12,Aves,Picus viridis,5,12.80429388290021,3.6938467713067498
eat_bio,12,Aves,Dendrocopos major,11,12.334655845863583,3.63428460780897
eat_bio,12,Aves,Sterna paradisaea,5,13.830049780852974,3.9908927314368006
eat_bio,12,Aves,Dryobates pubescens,5,11.881588958458858,3.7485694159679395
eat_bio,12,Aves,Athene noctua,7,13.401782728713359,3.6043411101892304
eat_bio,12,Aves,Strix uralensis,5,9.808000741607271,3.0674214662832053
eat_bio,12,Aves,Calidris alpina,5,12.54453365127748,3.6471112495574523
eat_bio,12,Aves,Aegolius funereus,5,13.32272113804146,3.5724432403389077
eat_bio,12,Aves,Strix aluco,7,12.502397926726745,3.588542753159164
eat_bio,12,Aves,Tyto alba,5,13.939429498152025,3.9868918165044955
eat_bio,12,Aves,Bubo virginianus,5,11.929365207492534,3.4248333734898857
eat_bio,12,Aves,Strix varia,6,11.302456757835134,3.4135843661420906
eat_bio,12,Mammalia,Delphinus delphis,9,11.339034278330674,4.009933738548032
eat_bio,12,Mammalia,Globicephala melaena,8,9.64425450704211,3.729960586199212
eat_bio,12,Mammalia,Stenella attenuata,6,11.474379201377356,3.8942528850255402
eat_bio,12,Mammalia,Sciurus carolinensis,7,12.78089621280696,3.7474623760275447
eat_bio,12,Mammalia,Stenella coeruleoalba,5,11.544836665406631,4.16998748430048
eat_bio,12,Mammalia,Orcinus orca,28,12.371717432855679,4.107025335889958
eat_bio,12,Mammalia,Pseudorca crassidens,8,11.678070770484542,3.884862825736377
eat_bio,12,Mammalia,Eubalaena glacialis,7,13.520659705345976,4.2543344158728535
eat_bio,12,Mammalia,Lagenorhynchus acutus,7,10.949379539023754,3.9074606667267013
eat_bio,12,Mammalia,Megaptera novaeangliae,10,13.569368168740912,4.0389999794527665
eat_bio,12,Mammalia,Globicephala macrorhynchus,9,11.722068552330756,3.9489237696733217
eat_bio,12,Mammalia,Canis latrans,6,12.712332012744268,3.6696635554173374
eat_bio,12,Mammalia,Physeter catodon,8,10.042743853677631,3.8650046830735927
eat_bio,12,Mammalia,Balaenoptera physalus,12,13.05073248497112,3.940997513192239
eat_bio,12,Mammalia,Erignathus barbatus,7,11.524482793691142,3.9982805334264104
sl_eat_all_ssl_all,0,Aves,Colaptes auratus,6,0.9703083549936885,0.33409930763107737
sl_eat_all_ssl_all,0,Aves,Picus viridis,5,0.8515795998103581,0.5076243754572665
sl_eat_all_ssl_all,0,Aves,Dendrocopos major,11,0.9347259169694123,0.46365977732834773
sl_eat_all_ssl_all,0,Aves,Sterna paradisaea,5,1.078940638214882,0.3750421949158747
sl_eat_all_ssl_all,0,Aves,Dryobates pubescens,5,1.0050064255948326,0.26313576266425226
sl_eat_all_ssl_all,0,Aves,Athene noctua,7,0.9957743022033955,0.3109567862428355
sl_eat_all_ssl_all,0,Aves,Strix uralensis,5,0.777201030801551,0.45040509428511544
sl_eat_all_ssl_all,0,Aves,Calidris alpina,5,0.9387790501450266,0.35469906499644643
sl_eat_all_ssl_all,0,Aves,Aegolius funereus,5,0.9545237193557286,0.43441389451777235
sl_eat_all_ssl_all,0,Aves,Strix aluco,7,0.9443252400930913,0.39532265432617486
sl_eat_all_ssl_all,0,Aves,Tyto alba,5,0.8835965774809885,0.4535689716972732
sl_eat_all_ssl_all,0,Aves,Bubo virginianus,5,1.057492483747257,0.4325974127692586
sl_eat_all_ssl_all,0,Aves,Strix varia,6,0.9941165518013607,0.3629355812839578
sl_eat_all_ssl_all,0,Mammalia,Delphinus delphis,9,1.1436321973197385,0.300429051186041
sl_eat_all_ssl_all,0,Mammalia,Globicephala melaena,8,1.0247993126337374,0.3291379747947462
sl_eat_all_ssl_all,0,Mammalia,Stenella attenuata,6,1.0430366047184527,0.29694946319106835
sl_eat_all_ssl_all,0,Mammalia,Sciurus carolinensis,7,0.8590110853534273,0.4538934909173068
sl_eat_all_ssl_all,0,Mammalia,Stenella coeruleoalba,5,0.9616193353683535,0.35540366761221476
sl_eat_all_ssl_all,0,Mammalia,Orcinus orca,28,1.0753998061292493,0.4141714571923213
sl_eat_all_ssl_all,0,Mammalia,Pseudorca crassidens,8,1.0063710083270365,0.4256379371784738
sl_eat_all_ssl_all,0,Mammalia,Eubalaena glacialis,7,1.0409333530390843,0.3692888332954712
sl_eat_all_ssl_all,0,Mammalia,Lagenorhynchus acutus,7,1.0311784779485516,0.32017294492360526
sl_eat_all_ssl_all,0,Mammalia,Megaptera novaeangliae,10,1.0417336249442277,0.2835614153648499
sl_eat_all_ssl_all,0,Mammalia,Globicephala macrorhynchus,9,1.0630078375704015,0.32533494874959334
sl_eat_all_ssl_all,0,Mammalia,Canis latrans,6,0.8583572798980924,0.4791962743058612
sl_eat_all_ssl_all,0,Mammalia,Physeter catodon,8,1.0302618305361249,0.36433944665794593
sl_eat_all_ssl_all,0,Mammalia,Balaenoptera physalus,12,1.053527549959697,0.5950629317980461
sl_eat_all_ssl_all,0,Mammalia,Erignathus barbatus,7,0.9712484462815211,0.3107811503343358
sl_eat_all_ssl_all,1,Aves,Colaptes auratus,6,28.895200710777033,1.8546923841543403
sl_eat_all_ssl_all,1,Aves,Picus viridis,5,26.93394271359646,2.3509738979889523
sl_eat_all_ssl_all,1,Aves,Dendrocopos major,11,27.488411817683954,2.090352673400638
sl_eat_all_ssl_all,1,Aves,Sterna paradisaea,5,29.01614268446947,1.9183882596565138
sl_eat_all_ssl_all,1,Aves,Dryobates pubescens,5,29.024853966695442,1.8829881015725722
sl_eat_all_ssl_all,1,Aves,Athene noctua,7,28.508395797510715,1.7886399005261768
sl_eat_all_ssl_all,1,Aves,Strix uralensis,5,25.770940011511588,2.128718786395033
sl_eat_all_ssl_all,1,Aves,Calidris alpina,5,27.201486062032014,2.2907075737277376
sl_eat_all_ssl_all,1,Aves,Aegolius funereus,5,27.690047497951113,2.005353354756598
sl_eat_all_ssl_all,1,Aves,Strix aluco,7,28.53511634817407,1.9539006931517071
sl_eat_all_ssl_all,1,Aves,Tyto alba,5,26.958319865885052,2.2416603755376765
sl_eat_all_ssl_all,1,Aves,Bubo virginianus,5,26.572055956508777,2.2265667415037966
sl_eat_all_ssl_all,1,Aves,Strix varia,6,28.218700513094234,1.9273431283881814
sl_eat_all_ssl_all,1,Mammalia,Delphinus delphis,9,28.337013296941038,2.172132743630594
sl_eat_all_ssl_all,1,Mammalia,Globicephala melaena,8,26.994677792187108,2.4584427056371614
sl_eat_all_ssl_all,1,Mammalia,Stenella attenuata,6,27.514517923331585,2.1873062392280342
sl_eat_all_ssl_all,1,Mammalia,Sciurus carolinensis,7,26.832038946053206,2.125983170885445
sl_eat_all_ssl_all,1,Mammalia,Stenella coeruleoalba,5,25.39635120430181,2.69225993919016
sl_eat_all_ssl_all,1,Mammalia,Orcinus orca,28,25.045586305968236,2.986155338124162
sl_eat_all_ssl_all,1,Mammalia,Pseudorca crassidens,8,24.06155047764355,3.0667678497793625
sl_eat_all_ssl_all,1,Mammalia,Eubalaena glacialis,7,26.54685917919981,2.6502008287318195
sl_eat_all_ssl_all,1,Mammalia,Lagenorhynchus acutus,7,25.98993464312045,2.5676575670884563
sl_eat_all_ssl_all,1,Mammalia,Megaptera novaeangliae,10,28.38141157544363,2.082420593159559
sl_eat_all_ssl_all,1,Mammalia,Globicephala macrorhynchus,9,27.57509877158519,2.256687020259152
sl_eat_all_ssl_all,1,Mammalia,Canis latrans,6,27.01586609282816,2.0933555592465174
sl_eat_all_ssl_all,1,Mammalia,Physeter catodon,8,26.281131986631973,2.4174892018574288
sl_eat_all_ssl_all,1,Mammalia,Balaenoptera physalus,12,24.944023904456035,3.0904844954393464
sl_eat_all_ssl_all,1,Mammalia,Erignathus barbatus,7,28.339507504653973,2.2660228248130125
sl_eat_all_ssl_all,2,Aves,Colaptes auratus,6,33.97828921717464,2.0162881555708276
sl_eat_all_ssl_all,2,Aves,Picus viridis,5,34.47830670806249,2.1849784956714875
sl_eat_all_ssl_all,2,Aves,Dendrocopos major,11,33.90010689105315,2.15722441525194
sl_eat_all_ssl_all,2,Aves,Sterna paradisaea,5,35.80814981067492,1.8590288181908574
sl_eat_all_ssl_all,2,Aves,Dryobates pubescens,5,34.42901394875008,1.9978409644636301
sl_eat_all_ssl_all,2,Aves,Athene noctua,7,33.66604075769799,1.9961104965593879
sl_eat_all_ssl_all,2,Aves,Strix uralensis,5,29.27319713762938,2.5957873946165617
sl_eat_all_ssl_all,2,Aves,Calidris alpina,5,32.12551127557308,2.4525114511590393
sl_eat_all_ssl_all,2,Aves,Aegolius funereus,5,32.827933973449255,2.1339762766557646
sl_eat_all_ssl_all,2,Aves,Strix aluco,7,33.99984228398306,2.0785984319997803
sl_eat_all_ssl_all,2,Aves,Tyto alba,5,30.90592865652817,2.611849169697315
sl_eat_all_ssl_all,2,Aves,Bubo virginianus,5,32.61682586911371,2.1873703887955624
sl_eat_all_ssl_all,2,Aves,Strix varia,6,34.0671931276609,2.0894432653366795
sl_eat_all_ssl_all,2,Mammalia,Delphinus delphis,9,33.4967319383833,2.525298050694579
sl_eat_all_ssl_all,2,Mammalia,Globicephala melaena,8,31.944627379671232,2.769953108993482
sl_eat_all_ssl_all,2,Mammalia,Stenella attenuata,6,32.33937355292699,2.5948475198592917
sl_eat_all_ssl_all,2,Mammalia,Sciurus carolinensis,7,33.20151854489399,2.1784766245746687
sl_eat_all_ssl_all,2,Mammalia,Stenella coeruleoalba,5,30.36757664922397,2.9928601074645775
sl_eat_all_ssl_all,2,Mammalia,Orcinus orca,28,30.439859662550486,2.9283196593427396
sl_eat_all_ssl_all,2,Mammalia,Pseudorca crassidens,8,28.726541575574707,3.2334708204315246
sl_eat_all_ssl_all,2,Mammalia,Eubalaena glacialis,7,32.550476346931994,2.637932611132976
sl_eat_all_ssl_all,2,Mammalia,Lagenorhynchus acutus,7,29.913509439807342,2.875532583212849
sl_eat_all_ssl_all,2,Mammalia,Megaptera novaeangliae,10,34.35560394825701,2.2706297997333547
sl_eat_all_ssl_all,2,Mammalia,Globicephala macrorhynchus,9,33.28254056600396,2.404485446411273
sl_eat_all_ssl_all,2,Mammalia,Canis latrans,6,33.942716268486805,2.0885709715279783
sl_eat_all_ssl_all,2,Mammalia,Physeter catodon,8,30.578013048465227,2.704564805030651
sl_eat_all_ssl_all,2,Mammalia,Balaenoptera physalus,12,30.12230479693569,3.142914464445987
sl_eat_all_ssl_all,2,Mammalia,Erignathus barbatus,7,34.48434857788481,2.303666750748059
sl_eat_all_ssl_all,3,Aves,Colaptes auratus,6,33.50309508386622,1.9092296100731803
sl_eat_all_ssl_all,3,Aves,Picus viridis,5,33.00531241142361,2.026944390207103
sl_eat_all_ssl_all,3,Aves,Dendrocopos major,11,32.694105283247985,1.9218050433717366
sl_eat_all_ssl_all,3,Aves,Sterna paradisaea,5,35.06280281035377,1.626647384692483
sl_eat_all_ssl_all,3,Aves,Dryobates pubescens,5,33.844673507224265,1.7597129002714629
sl_eat_all_ssl_all,3,Aves,Athene noctua,7,33.49184052849609,1.8059234068114125
sl_eat_all_ssl_all,3,Aves,Strix uralensis,5,27.28666632989669,2.6008778801383516
sl_eat_all_ssl_all,3,Aves,Calidris alpina,5,31.383005274190797,2.171594584363148
sl_eat_all_ssl_all,3,Aves,Aegolius funereus,5,31.20399355057966,2.036535243085799
sl_eat_all_ssl_all,3,Aves,Strix aluco,7,33.29548424096696,1.94989694575016
sl_eat_all_ssl_all,3,Aves,Tyto alba,5,30.823840565050407,2.2373696585999516
sl_eat_all_ssl_all,3,Aves,Bubo virginianus,5,31.67742446138554,2.0994110104524806
sl_eat_all_ssl_all,3,Aves,Strix varia,6,32.18223190172732,2.075711538542957
sl_eat_all_ssl_all,3,Mammalia,Delphinus delphis,9,30.887414833873333,2.5960760949595985
sl_eat_all_ssl_all,3,Mammalia,Globicephala melaena,8,29.480648879670408,2.7553746285559515
sl_eat_all_ssl_all,3,Mammalia,Stenella attenuata,6,30.41432839963716,2.5350969480300027
sl_eat_all_ssl_all,3,Mammalia,Sciurus carolinensis,7,32.75210548154709,1.9046009386127793
sl_eat_all_ssl_all,3,Mammalia,Stenella coeruleoalba,5,28.917574964061245,2.8345624063805466
sl_eat_all_ssl_all,3,Mammalia,Orcinus orca,28,29.40768717246382,2.7683691447325702
sl_eat_all_ssl_all,3,Mammalia,Pseudorca crassidens,8,27.652571902776057,2.990961588614352
sl_eat_all_ssl_all,3,Mammalia,Eubalaena glacialis,7,31.088001408792444,2.6346507727587007
sl_eat_all_ssl_all,3,Mammalia,Lagenorhynchus acutus,7,27.68858503819332,2.8177777551008667
sl_eat_all_ssl_all,3,Mammalia,Megaptera novaeangliae,10,33.133626823284395,2.158291219023586
sl_eat_all_ssl_all,3,Mammalia,Globicephala macrorhynchus,9,30.750590843795237,2.4752032108201845
sl_eat_all_ssl_all,3,Mammalia,Canis latrans,6,32.76739119108488,1.993853976375988
sl_eat_all_ssl_all,3,Mammalia,Physeter catodon,8,27.946907107246272,2.7305697974848986
sl_eat_all_ssl_all,3,Mammalia,Balaenoptera physalus,12,29.153949383871876,3.159442703257111
sl_eat_all_ssl_all,3,Mammalia,Erignathus barbatus,7,33.17176931480983,2.2625316584166537
sl_eat_all_ssl_all,4,Aves,Colaptes auratus,6,65.0871265291716,2.6473423056907124
sl_eat_all_ssl_all,4,Aves,Picus viridis,5,66.06278998848256,2.527468185718378
sl_eat_all_ssl_all,4,Aves,Dendrocopos major,11,64.76801394675927,2.503238835157865
sl_eat_all_ssl_all,4,Aves,Sterna paradisaea,5,66.44031091295521,2.353644061382812
sl_eat_all_ssl_all,4,Aves,Dryobates pubescens,5,65.97448768098403,2.408723998783575
sl_eat_all_ssl_all,4,Aves,Athene noctua,7,64.5509024700772,2.6339457934701946
sl_eat_all_ssl_all,4,Aves,Strix uralensis,5,57.24477460629529,3.7274618756601523
sl_eat_all_ssl_all,4,Aves,Calidris alpina,5,62.653917773119204,3.07277231339583
sl_eat_all_ssl_all,4,Aves,Aegolius funereus,5,63.14595146425827,2.8149640648918552
sl_eat_all_ssl_all,4,Aves,Strix aluco,7,65.2487028298505,2.5412863058098156
sl_eat_all_ssl_all,4,Aves,Tyto alba,5,62.17228363755561,3.1517202044044255
sl_eat_all_ssl_all,4,Aves,Bubo virginianus,5,63.286258424001645,2.9424992324790837
sl_eat_all_ssl_all,4,Aves,Strix varia,6,63.79160280884588,2.8121843624698757
sl_eat_all_ssl_all,4,Mammalia,Delphinus delphis,9,58.714486593700016,3.884408872555638
sl_eat_all_ssl_all,4,Mammalia,Globicephala melaena,8,54.39061784199832,4.172153856578404
sl_eat_all_ssl_all,4,Mammalia,Stenella attenuata,6,59.41558635956076,3.792104758809534
sl_eat_all_ssl_all,4,Mammalia,Sciurus carolinensis,7,65.16332854335135,2.5080747690280893
sl_eat_all_ssl_all,4,Mammalia,Stenella coeruleoalba,5,53.724373188339264,4.369886166412594
sl_eat_all_ssl_all,4,Mammalia,Orcinus orca,28,55.44847868193145,4.121079406246303
sl_eat_all_ssl_all,4,Mammalia,Pseudorca crassidens,8,53.46377357448526,4.422636973416985
sl_eat_all_ssl_all,4,Mammalia,Eubalaena glacialis,7,57.72146478674869,3.836842326707826
sl_eat_all_ssl_all,4,Mammalia,Lagenorhynchus acutus,7,55.08044025815982,4.268117692205797
sl_eat_all_ssl_all,4,Mammalia,Megaptera novaeangliae,10,62.60140883538616,3.113121562321636
sl_eat_all_ssl_all,4,Mammalia,Globicephala macrorhynchus,9,57.47223901214653,3.8580238769851496
sl_eat_all_ssl_all,4,Mammalia,Canis latrans,6,65.0541049623611,2.6706280843894974
sl_eat_all_ssl_all,4,Mammalia,Physeter catodon,8,55.42460553373959,4.136571284842497
sl_eat_all_ssl_all,4,Mammalia,Balaenoptera physalus,12,52.819618438511434,4.5396298860905935
sl_eat_all_ssl_all,4,Mammalia,Erignathus barbatus,7,60.688669547009184,3.5116504151769785
sl_eat_all_ssl_all,5,Aves,Colaptes auratus,6,68.51082748701398,2.5997128675939685
sl_eat_all_ssl_all,5,Aves,Picus viridis,5,67.25422229211202,2.58114597688817
sl_eat_all_ssl_all,5,Aves,Dendrocopos major,11,67.47636014599523,2.619591652428823
sl_eat_all_ssl_all,5,Aves,Sterna paradisaea,5,68.52200997382431,2.430485432189942
sl_eat_all_ssl_all,5,Aves,Dryobates pubescens,5,68.50685350423053,2.4612940542149655
sl_eat_all_ssl_all,5,Aves,Athene noctua,7,66.81983647319404,2.558598382762652
sl_eat_all_ssl_all,5,Aves,Strix uralensis,5,59.68961056385824,4.012718790160185
sl_eat_all_ssl_all,5,Aves,Calidris alpina,5,65.93889403009267,3.0805102592860782
sl_eat_all_ssl_all,5,Aves,Aegolius funereus,5,66.08643975252089,2.7847159907675056
sl_eat_all_ssl_all,5,Aves,Strix aluco,7,69.0143007788477,2.5251296560180645
sl_eat_all_ssl_all,5,Aves,Tyto alba,5,66.16122791582251,3.034142983283673
sl_eat_all_ssl_all,5,Aves,Bubo virginianus,5,64.92799203055112,3.122181871058283
sl_eat_all_ssl_all,5,Aves,Strix varia,6,67.9174361807593,2.814070225871925
sl_eat_all_ssl_all,5,Mammalia,Delphinus delphis,9,58.07543339838086,4.051484197700425
sl_eat_all_ssl_all,5,Mammalia,Globicephala melaena,8,53.4869687913571,4.610986160189513
sl_eat_all_ssl_all,5,Mammalia,Stenella attenuata,6,59.45905466134148,3.857279364291299
sl_eat_all_ssl_all,5,Mammalia,Sciurus carolinensis,7,66.59247568026124,2.663939896194574
sl_eat_all_ssl_all,5,Mammalia,Stenella coeruleoalba,5,54.13944563979971,4.510970106168263
sl_eat_all_ssl_all,5,Mammalia,Orcinus orca,28,56.8292814647318,4.17755320982348
sl_eat_all_ssl_all,5,Mammalia,Pseudorca crassidens,8,55.707532138480154,4.364389891041781
sl_eat_all_ssl_all,5,Mammalia,Eubalaena glacialis,7,58.427503425320154,3.9202313119713956
sl_eat_all_ssl_all,5,Mammalia,Lagenorhynchus acutus,7,54.52114671360144,4.41797162051959
sl_eat_all_ssl_all,5,Mammalia,Megaptera novaeangliae,10,62.834537539795754,3.3096397616461304
sl_eat_all_ssl_all,5,Mammalia,Globicephala macrorhynchus,9,57.08599535555707,4.057622923801168
sl_eat_all_ssl_all,5,Mammalia,Canis latrans,6,67.79126521968368,2.721529108537037
sl_eat_all_ssl_all,5,Mammalia,Physeter catodon,8,54.95200392135079,4.267852843117804
sl_eat_all_ssl_all,5,Mammalia,Balaenoptera physalus,12,50.078298123585775,4.776674521392059
sl_eat_all_ssl_all,5,Mammalia,Erignathus barbatus,7,60.19551823721649,3.725504337238337
sl_eat_all_ssl_all,6,Aves,Colaptes auratus,6,59.90818525754905,2.5380213725123957
sl_eat_all_ssl_all,6,Aves,Picus viridis,5,58.92351758392177,2.6536332582424724
sl_eat_all_ssl_all,6,Aves,Dendrocopos major,11,59.88214300011369,2.58559012919936
sl_eat_all_ssl_all,6,Aves,Sterna paradisaea,5,60.33484637175307,2.258998548762375
sl_eat_all_ssl_all,6,Aves,Dryobates pubescens,5,60.723084289830645,2.367602752709767
sl_eat_all_ssl_all,6,Aves,Athene noctua,7,58.45240998629549,2.5771268992276775
sl_eat_all_ssl_all,6,Aves,Strix uralensis,5,51.9886349200738,3.8926977735973542
sl_eat_all_ssl_all,6,Aves,Calidris alpina,5,57.1199623644803,3.1276379737379365
sl_eat_all_ssl_all,6,Aves,Aegolius funereus,5,57.67604277009259,2.8582140352387015
sl_eat_all_ssl_all,6,Aves,Strix aluco,7,59.70974526477893,2.649434136231338
sl_eat_all_ssl_all,6,Aves,Tyto alba,5,57.52722214175772,3.0703978370215763
sl_eat_all_ssl_all,6,Aves,Bubo virginianus,5,56.485361431045824,3.11306643596762
sl_eat_all_ssl_all,6,Aves,Strix varia,6,59.85787784490624,2.7946823905139513
sl_eat_all_ssl_all,6,Mammalia,Delphinus delphis,9,51.4724176295474,4.0175823939576585
sl_eat_all_ssl_all,6,Mammalia,Globicephala melaena,8,44.42701979495418,4.769249940108787
sl_eat_all_ssl_all,6,Mammalia,Stenella attenuata,6,52.81787271024385,3.863910409335013
sl_eat_all_ssl_all,6,Mammalia,Sciurus carolinensis,7,58.701586533829726,2.683985602866228
sl_eat_all_ssl_all,6,Mammalia,Stenella coeruleoalba,5,48.98456916774186,4.424510249934192
sl_eat_all_ssl_all,6,Mammalia,Orcinus orca,28,51.19155446539446,4.101197569691995
sl_eat_all_ssl_all,6,Mammalia,Pseudorca crassidens,8,50.09929885912026,4.329939784830979
sl_eat_all_ssl_all,6,Mammalia,Eubalaena glacialis,7,52.543892384022215,3.8031396693925545
sl_eat_all_ssl_all,6,Mammalia,Lagenorhynchus acutus,7,49.3131099962622,4.327293276831033
sl_eat_all_ssl_all,6,Mammalia,Megaptera novaeangliae,10,56.3790764358446,3.293866816736461
sl_eat_all_ssl_all,6,Mammalia,Globicephala macrorhynchus,9,49.762126346999025,4.143706262887009
sl_eat_all_ssl_all,6,Mammalia,Canis latrans,6,59.39609846850658,2.829688578994247
sl_eat_all_ssl_all,6,Mammalia,Physeter catodon,8,50.971007638522366,4.108052339073673
sl_eat_all_ssl_all,6,Mammalia,Balaenoptera physalus,12,43.4525008583817,4.851826522248314
sl_eat_all_ssl_all,6,Mammalia,Erignathus barbatus,7,51.42525958839777,3.8810355896764026
sl_eat_all_ssl_all,7,Aves,Colaptes auratus,6,67.83639727987483,3.364686474614815
sl_eat_all_ssl_all,7,Aves,Picus viridis,5,66.23596519615351,3.2256840201439263
sl_eat_all_ssl_all,7,Aves,Dendrocopos major,11,67.28107197279937,3.1608995185390856
sl_eat_all_ssl_all,7,Aves,Sterna paradisaea,5,67.7681812424026,2.967337793736482
sl_eat_all_ssl_all,7,Aves,Dryobates pubescens,5,70.76280942122429,2.9823012863990273
sl_eat_all_ssl_all,7,Aves,Athene noctua,7,65.11428131015951,3.127079816099495
sl_eat_all_ssl_all,7,Aves,Strix uralensis,5,57.476186108399354,4.561136175048451
sl_eat_all_ssl_all,7,Aves,Calidris alpina,5,64.9695233934973,3.599854405225835
sl_eat_all_ssl_all,7,Aves,Aegolius funereus,5,65.67952524322918,3.2853228352868613
sl_eat_all_ssl_all,7,Aves,Strix aluco,7,67.43677612244946,3.0609819703922674
sl_eat_all_ssl_all,7,Aves,Tyto alba,5,64.92268202601673,3.432736549661155
sl_eat_all_ssl_all,7,Aves,Bubo virginianus,5,62.11310809155031,3.7153244475268843
sl_eat_all_ssl_all,7,Aves,Strix varia,6,66.17375514917114,3.4320709209457347
sl_eat_all_ssl_all,7,Mammalia,Delphinus delphis,9,57.95376058766352,4.709089640201572
sl_eat_all_ssl_all,7,Mammalia,Globicephala melaena,8,49.563598858585046,5.468730029608415
sl_eat_all_ssl_all,7,Mammalia,Stenella attenuata,6,59.78550951789925,4.279848991544964
sl_eat_all_ssl_all,7,Mammalia,Sciurus carolinensis,7,66.22886048548716,3.252493386685096
sl_eat_all_ssl_all,7,Mammalia,Stenella coeruleoalba,5,56.84932254843893,4.876865599778539
sl_eat_all_ssl_all,7,Mammalia,Orcinus orca,28,59.17856428634727,4.459385856547631
sl_eat_all_ssl_all,7,Mammalia,Pseudorca crassidens,8,56.06911565892957,4.7819573162699065
sl_eat_all_ssl_all,7,Mammalia,Eubalaena glacialis,7,60.89809323367004,4.348908853624212
sl_eat_all_ssl_all,7,Mammalia,Lagenorhynchus acutus,7,56.96388931574513,4.875816047434812
sl_eat_all_ssl_all,7,Mammalia,Megaptera novaeangliae,10,63.596829852497294,3.959804810052901
sl_eat_all_ssl_all,7,Mammalia,Globicephala macrorhynchus,9,58.2420139469319,4.518879127952003
sl_eat_all_ssl_all,7,Mammalia,Canis latrans,6,65.09708639870973,3.469915182270075
sl_eat_all_ssl_all,7,Mammalia,Physeter catodon,8,56.89399158835536,4.697734569334816
sl_eat_all_ssl_all,7,Mammalia,Balaenoptera physalus,12,47.024707224718426,5.592294439343256
sl_eat_all_ssl_all,7,Mammalia,Erignathus barbatus,7,59.86856968062059,4.373611252747163
sl_eat_all_ssl_all,8,Aves,Colaptes auratus,6,66.28296353372856,2.816358717134548
sl_eat_all_ssl_all,8,Aves,Picus viridis,5,66.02627273309868,2.954961895032324
sl_eat_all_ssl_all,8,Aves,Dendrocopos major,11,65.02569439592938,2.7815030562135457
sl_eat_all_ssl_all,8,Aves,Sterna paradisaea,5,66.79223459069867,2.495620568744798
sl_eat_all_ssl_all,8,Aves,Dryobates pubescens,5,67.17995715786694,2.7755363983866252
sl_eat_all_ssl_all,8,Aves,Athene noctua,7,64.72552390932164,2.784897693015073
sl_eat_all_ssl_all,8,Aves,Strix uralensis,5,57.49883582362993,4.122145583548508
sl_eat_all_ssl_all,8,Aves,Calidris alpina,5,62.515981312765405,3.253877814870969
sl_eat_all_ssl_all,8,Aves,Aegolius funereus,5,63.20110312643964,2.973139456433655
sl_eat_all_ssl_all,8,Aves,Strix aluco,7,63.81753892326042,2.902526226179267
sl_eat_all_ssl_all,8,Aves,Tyto alba,5,63.79821234669188,3.070539578278934
sl_eat_all_ssl_all,8,Aves,Bubo virginianus,5,60.4386166317332,3.5203777310754223
sl_eat_all_ssl_all,8,Aves,Strix varia,6,64.02691231166303,2.92196758280821
sl_eat_all_ssl_all,8,Mammalia,Delphinus delphis,9,58.79095895336956,4.041152985769111
sl_eat_all_ssl_all,8,Mammalia,Globicephala melaena,8,51.6819982265943,4.8766758711856495
sl_eat_all_ssl_all,8,Mammalia,Stenella attenuata,6,59.76003939267128,3.954533019163038
sl_eat_all_ssl_all,8,Mammalia,Sciurus carolinensis,7,65.22971737269114,2.746197478886544
sl_eat_all_ssl_all,8,Mammalia,Stenella coeruleoalba,5,56.03744723790219,4.485264344565373
sl_eat_all_ssl_all,8,Mammalia,Orcinus orca,28,56.9669711926915,4.1562778635395325
sl_eat_all_ssl_all,8,Mammalia,Pseudorca crassidens,8,55.71406852311792,4.383978211707331
sl_eat_all_ssl_all,8,Mammalia,Eubalaena glacialis,7,59.73625440213482,3.9071212050338997
sl_eat_all_ssl_all,8,Mammalia,Lagenorhynchus acutus,7,56.92380745359263,4.365402563548491
sl_eat_all_ssl_all,8,Mammalia,Megaptera novaeangliae,10,62.12382520148176,3.514436955624327
sl_eat_all_ssl_all,8,Mammalia,Globicephala macrorhynchus,9,58.154091071138375,4.045643648723297
sl_eat_all_ssl_all,8,Mammalia,Canis latrans,6,63.92543071138641,2.7825849404537277
sl_eat_all_ssl_all,8,Mammalia,Physeter catodon,8,56.28648137416108,4.429896472366948
sl_eat_all_ssl_all,8,Mammalia,Balaenoptera physalus,12,49.15261668041557,5.11849429607909
sl_eat_all_ssl_all,8,Mammalia,Erignathus barbatus,7,58.41976859485328,4.0527788055056355
sl_eat_all_ssl_all,9,Aves,Colaptes auratus,6,39.813390133996386,1.851073036527093
sl_eat_all_ssl_all,9,Aves,Picus viridis,5,38.82550925095439,1.8744189000731002
sl_eat_all_ssl_all,9,Aves,Dendrocopos major,11,39.54134571159461,1.7794744045655437
sl_eat_all_ssl_all,9,Aves,Sterna paradisaea,5,40.36457053879474,1.6465793810765026
sl_eat_all_ssl_all,9,Aves,Dryobates pubescens,5,39.821505437451805,1.7906114202337375
sl_eat_all_ssl_all,9,Aves,Athene noctua,7,39.43703493391725,1.7276754634358624
sl_eat_all_ssl_all,9,Aves,Strix uralensis,5,35.458133075695734,2.5634544747274712
sl_eat_all_ssl_all,9,Aves,Calidris alpina,5,39.52271823318536,2.1643315704910164
sl_eat_all_ssl_all,9,Aves,Aegolius funereus,5,38.81940753177616,2.272637078176846
sl_eat_all_ssl_all,9,Aves,Strix aluco,7,39.112247057574244,1.9331034497321795
sl_eat_all_ssl_all,9,Aves,Tyto alba,5,37.961769652735846,2.1467791132594973
sl_eat_all_ssl_all,9,Aves,Bubo virginianus,5,37.519266916625824,2.203157538086294
sl_eat_all_ssl_all,9,Aves,Strix varia,6,39.67321647793696,1.824093317945217
sl_eat_all_ssl_all,9,Mammalia,Delphinus delphis,9,36.38511954839203,3.138124557514991
sl_eat_all_ssl_all,9,Mammalia,Globicephala melaena,8,31.368630374632918,3.922312154353708
sl_eat_all_ssl_all,9,Mammalia,Stenella attenuata,6,37.370662666316164,3.043914855517391
sl_eat_all_ssl_all,9,Mammalia,Sciurus carolinensis,7,39.495711204593974,1.8663438512352741
sl_eat_all_ssl_all,9,Mammalia,Stenella coeruleoalba,5,35.08651664970655,3.3706850725875603
sl_eat_all_ssl_all,9,Mammalia,Orcinus orca,28,36.404859951643175,3.007226096710099
sl_eat_all_ssl_all,9,Mammalia,Pseudorca crassidens,8,34.20276681640654,3.517320818943411
sl_eat_all_ssl_all,9,Mammalia,Eubalaena glacialis,7,35.887882028037225,3.0542956908598264
sl_eat_all_ssl_all,9,Mammalia,Lagenorhynchus acutus,7,36.456589535489584,3.1405071776590185
sl_eat_all_ssl_all,9,Mammalia,Megaptera novaeangliae,10,38.3640342193658,2.774193749818978
sl_eat_all_ssl_all,9,Mammalia,Globicephala macrorhynchus,9,36.335993338132866,3.092913857387078
sl_eat_all_ssl_all,9,Mammalia,Canis latrans,6,39.51262467972993,1.8754005223778734
sl_eat_all_ssl_all,9,Mammalia,Physeter catodon,8,34.98999910894986,3.289649807797967
sl_eat_all_ssl_all,9,Mammalia,Balaenoptera physalus,12,32.424482681424564,3.654507208920973
sl_eat_all_ssl_all,9,Mammalia,Erignathus barbatus,7,35.35737630147756,3.2208911092240147
sl_eat_all_ssl_all,10,Aves,Colaptes auratus,6,22.918277658004893,1.4015997383777161
sl_eat_all_ssl_all,10,Aves,Picus viridis,5,22.98887024873941,1.5659336289131678
sl_eat_all_ssl_all,10,Aves,Dendrocopos major,11,23.198816506654065,1.4322189616320602
sl_eat_all_ssl_all,10,Aves,Sterna paradisaea,5,23.414564426938412,1.1739118837440896
sl_eat_all_ssl_all,10,Aves,Dryobates pubescens,5,23.272298369130787,1.6111903906285179
sl_eat_all_ssl_all,10,Aves,Athene noctua,7,23.43197805337683,1.1835860255969874
sl_eat_all_ssl_all,10,Aves,Strix uralensis,5,21.47299922880846,1.886245007751055
sl_eat_all_ssl_all,10,Aves,Calidris alpina,5,22.84883933581408,1.648022858602221
sl_eat_all_ssl_all,10,Aves,Aegolius funereus,5,23.01607431164474,1.8440232157391567
sl_eat_all_ssl_all,10,Aves,Strix aluco,7,23.35474943734052,1.3780898887288806
sl_eat_all_ssl_all,10,Aves,Tyto alba,5,23.23828706895279,1.5511972151728555
sl_eat_all_ssl_all,10,Aves,Bubo virginianus,5,22.47573830299254,1.7666291777547047
sl_eat_all_ssl_all,10,Aves,Strix varia,6,23.540572424739068,1.4165835249872825
sl_eat_all_ssl_all,10,Mammalia,Delphinus delphis,9,22.713912855258634,2.2630647035839444
sl_eat_all_ssl_all,10,Mammalia,Globicephala melaena,8,20.713229204216624,2.736968732560616
sl_eat_all_ssl_all,10,Mammalia,Stenella attenuata,6,22.962697684919984,2.218802944154293
sl_eat_all_ssl_all,10,Mammalia,Sciurus carolinensis,7,22.994854304869918,1.3334067922375024
sl_eat_all_ssl_all,10,Mammalia,Stenella coeruleoalba,5,21.82271389363833,2.402750756552287
sl_eat_all_ssl_all,10,Mammalia,Orcinus orca,28,21.99237393949287,2.199670490550287
sl_eat_all_ssl_all,10,Mammalia,Pseudorca crassidens,8,20.800521968007978,2.71537004160331
sl_eat_all_ssl_all,10,Mammalia,Eubalaena glacialis,7,22.60162367666647,2.1653599303390254
sl_eat_all_ssl_all,10,Mammalia,Lagenorhynchus acutus,7,22.528898933564488,2.327328087759096
sl_eat_all_ssl_all,10,Mammalia,Megaptera novaeangliae,10,23.138246076301918,2.081185157908135
sl_eat_all_ssl_all,10,Mammalia,Globicephala macrorhynchus,9,21.830219011184298,2.3108655342699613
sl_eat_all_ssl_all,10,Mammalia,Canis latrans,6,22.901664441821115,1.4356384749226114
sl_eat_all_ssl_all,10,Mammalia,Physeter catodon,8,21.115992122519874,2.525238794444481
sl_eat_all_ssl_all,10,Mammalia,Balaenoptera physalus,12,19.997428119188612,2.6548208445598322
sl_eat_all_ssl_all,10,Mammalia,Erignathus barbatus,7,22.101905433335272,2.173783602509915
sl_eat_all_ssl_all,11,Aves,Colaptes auratus,6,11.351636890937222,1.8162642517172258
sl_eat_all_ssl_all,11,Aves,Picus viridis,5,11.906630121479182,1.873203440860783
sl_eat_all_ssl_all,11,Aves,Dendrocopos major,11,11.347943083481999,1.7412986453650605
sl_eat_all_ssl_all,11,Aves,Sterna paradisaea,5,12.279951536067182,1.5235716259761307
sl_eat_all_ssl_all,11,Aves,Dryobates pubescens,5,11.157487178892934,1.416727519796453
sl_eat_all_ssl_all,11,Aves,Athene noctua,7,11.28566022135127,1.7002319222160582
sl_eat_all_ssl_all,11,Aves,Strix uralensis,5,10.955760330190744,2.073365198191006
sl_eat_all_ssl_all,11,Aves,Calidris alpina,5,10.343432967935431,1.5292549713079948
sl_eat_all_ssl_all,11,Aves,Aegolius funereus,5,9.960388711420006,1.6942047568761112
sl_eat_all_ssl_all,11,Aves,Strix aluco,7,10.988412782551292,1.6716456644573408
sl_eat_all_ssl_all,11,Aves,Tyto alba,5,10.161788655530822,1.6455748813926125
sl_eat_all_ssl_all,11,Aves,Bubo virginianus,5,10.133839380425695,1.8342708157276064
sl_eat_all_ssl_all,11,Aves,Strix varia,6,11.018337317359784,1.6411316682893218
sl_eat_all_ssl_all,11,Mammalia,Delphinus delphis,9,8.67060555907886,1.407308932054289
sl_eat_all_ssl_all,11,Mammalia,Globicephala melaena,8,8.484264622027792,1.6243507360135945
sl_eat_all_ssl_all,11,Mammalia,Stenella attenuata,6,8.982141163671884,1.2141459109770798
sl_eat_all_ssl_all,11,Mammalia,Sciurus carolinensis,7,10.820456816271625,1.6018158183142175
sl_eat_all_ssl_all,11,Mammalia,Stenella coeruleoalba,5,8.022480122063085,1.2513923413113965
sl_eat_all_ssl_all,11,Mammalia,Orcinus orca,28,9.102242025928126,1.2343048321703078
sl_eat_all_ssl_all,11,Mammalia,Pseudorca crassidens,8,8.962295959062383,1.6340030366625347
sl_eat_all_ssl_all,11,Mammalia,Eubalaena glacialis,7,8.719923581217527,1.2958703270150842
sl_eat_all_ssl_all,11,Mammalia,Lagenorhynchus acutus,7,8.353340836916269,1.2934302281146448
sl_eat_all_ssl_all,11,Mammalia,Megaptera novaeangliae,10,8.898668186089775,1.2096158254632947
sl_eat_all_ssl_all,11,Mammalia,Globicephala macrorhynchus,9,8.623586388919268,1.2392051652365492
sl_eat_all_ssl_all,11,Mammalia,Canis latrans,6,11.683349100517132,1.6568959590256316
sl_eat_all_ssl_all,11,Mammalia,Physeter catodon,8,8.351804773364153,1.4490985124808302
sl_eat_all_ssl_all,11,Mammalia,Balaenoptera physalus,12,8.077289275735588,1.4350564715525005
sl_eat_all_ssl_all,11,Mammalia,Erignathus barbatus,7,8.999530768932734,1.396853452395319
sl_eat_all_ssl_all,12,Aves,Colaptes auratus,6,121.84021519987807,3.961955143838073
sl_eat_all_ssl_all,12,Aves,Picus viridis,5,117.00276082003738,3.568414487976374
sl_eat_all_ssl_all,12,Aves,Dendrocopos major,11,127.71454582116435,3.852190042479633
sl_eat_all_ssl_all,12,Aves,Sterna paradisaea,5,136.9872371479941,3.707348432583327
sl_eat_all_ssl_all,12,Aves,Dryobates pubescens,5,128.33356874392643,3.595658196604508
sl_eat_all_ssl_all,12,Aves,Athene noctua,7,126.9566412274577,3.4548497101018136
sl_eat_all_ssl_all,12,Aves,Strix uralensis,5,132.42630101101554,3.621980610293331
sl_eat_all_ssl_all,12,Aves,Calidris alpina,5,117.79779174267186,3.7820182334632224
sl_eat_all_ssl_all,12,Aves,Aegolius funereus,5,121.27354844108731,3.602378724311922
sl_eat_all_ssl_all,12,Aves,Strix aluco,7,121.22666879138481,3.626025900095471
sl_eat_all_ssl_all,12,Aves,Tyto alba,5,119.31689311536726,3.652534392966801
sl_eat_all_ssl_all,12,Aves,Bubo virginianus,5,123.26913441015348,3.7630215979391557
sl_eat_all_ssl_all,12,Aves,Strix varia,6,123.43488094118612,3.597886017861051
sl_eat_all_ssl_all,12,Mammalia,Delphinus delphis,9,108.38270315383367,6.905842014015015
sl_eat_all_ssl_all,12,Mammalia,Globicephala melaena,8,101.76401393638403,6.1081991134867835
sl_eat_all_ssl_all,12,Mammalia,Stenella attenuata,6,114.13667016341613,5.760174847611059
sl_eat_all_ssl_all,12,Mammalia,Sciurus carolinensis,7,133.7605687988788,3.54049261937719
sl_eat_all_ssl_all,12,Mammalia,Stenella coeruleoalba,5,100.30099136238562,7.081121783675471
sl_eat_all_ssl_all,12,Mammalia,Orcinus orca,28,103.92666607226111,6.112759431721306
sl_eat_all_ssl_all,12,Mammalia,Pseudorca crassidens,8,95.46554150835124,6.627797396336397
sl_eat_all_ssl_all,12,Mammalia,Eubalaena glacialis,7,93.59867796900514,6.828881416965905
sl_eat_all_ssl_all,12,Mammalia,Lagenorhynchus acutus,7,108.26273720085172,5.98718724736218
sl_eat_all_ssl_all,12,Mammalia,Megaptera novaeangliae,10,99.87945183057522,5.894083171369105
sl_eat_all_ssl_all,12,Mammalia,Globicephala macrorhynchus,9,107.91315314803329,6.367816612704572
sl_eat_all_ssl_all,12,Mammalia,Canis latrans,6,135.18907288847493,3.9816238457763107
sl_eat_all_ssl_all,12,Mammalia,Physeter catodon,8,102.34770195988007,6.581539457985647
sl_eat_all_ssl_all,12,Mammalia,Balaenoptera physalus,12,116.10837914703394,4.467545096530756
sl_eat_all_ssl_all,12,Mammalia,Erignathus barbatus,7,105.70789190180025,6.21862993124274
sl_eat_bio_ssl_all,0,Aves,Colaptes auratus,6,0.37524126371698563,0.15309562449292133
sl_eat_bio_ssl_all,0,Aves,Picus viridis,5,0.34513775106906586,0.23019444952215448
sl_eat_bio_ssl_all,0,Aves,Dendrocopos major,11,0.3614949406295144,0.1958789494015742
sl_eat_bio_ssl_all,0,Aves,Sterna paradisaea,5,0.3963243925176437,0.15542802396281857
sl_eat_bio_ssl_all,0,Aves,Dryobates pubescens,5,0.3798004664284831,0.1590258170892349
sl_eat_bio_ssl_all,0,Aves,Athene noctua,7,0.3734842088761452,0.13235178157716115
sl_eat_bio_ssl_all,0,Aves,Strix uralensis,5,0.3435768278428813,0.18436403930540357
sl_eat_bio_ssl_all,0,Aves,Calidris alpina,5,0.37344389943536455,0.16245418191065647
sl_eat_bio_ssl_all,0,Aves,Aegolius funereus,5,0.37634205322154524,0.18498922282371888
sl_eat_bio_ssl_all,0,Aves,Strix aluco,7,0.37062808060256963,0.16463607826767956
sl_eat_bio_ssl_all,0,Aves,Tyto alba,5,0.36052455242079406,0.20391894278180717
sl_eat_bio_ssl_all,0,Aves,Bubo virginianus,5,0.4000328493783106,0.1822114579607929
sl_eat_bio_ssl_all,0,Aves,Strix varia,6,0.3956647805131937,0.15420371772662805
sl_eat_bio_ssl_all,0,Mammalia,Delphinus delphis,9,0.39330028342775325,0.25213770985104733
sl_eat_bio_ssl_all,0,Mammalia,Globicephala melaena,8,0.3717175751771841,0.24675488790676522
sl_eat_bio_ssl_all,0,Mammalia,Stenella attenuata,6,0.3824911737829292,0.24147415212391443
sl_eat_bio_ssl_all,0,Mammalia,Sciurus carolinensis,7,0.35675871182169405,0.19025160333521582
sl_eat_bio_ssl_all,0,Mammalia,Stenella coeruleoalba,5,0.36632907520973346,0.26687428800808566
sl_eat_bio_ssl_all,0,Mammalia,Orcinus orca,28,0.3906543477888163,0.24216717650998681
sl_eat_bio_ssl_all,0,Mammalia,Pseudorca crassidens,8,0.39302373862884393,0.23237727736423355
sl_eat_bio_ssl_all,0,Mammalia,Eubalaena glacialis,7,0.374621900092232,0.2488636210900171
sl_eat_bio_ssl_all,0,Mammalia,Lagenorhynchus acutus,7,0.38525031921125497,0.24320323985525844
sl_eat_bio_ssl_all,0,Mammalia,Megaptera novaeangliae,10,0.38114438927123406,0.23510666764153537
sl_eat_bio_ssl_all,0,Mammalia,Globicephala macrorhynchus,9,0.38475937005824284,0.2760361659652
sl_eat_bio_ssl_all,0,Mammalia,Canis latrans,6,0.3489866248359304,0.21346987920761903
sl_eat_bio_ssl_all,0,Mammalia,Physeter catodon,8,0.3723618422821778,0.30034970570626685
sl_eat_bio_ssl_all,0,Mammalia,Balaenoptera physalus,12,0.3908335867901909,0.3023542418840097
sl_eat_bio_ssl_all,0,Mammalia,Erignathus barbatus,7,0.3658608273319278,0.21786186730144758
sl_eat_bio_ssl_all,1,Aves,Colaptes auratus,6,25.95486338582696,1.5206951427452746
sl_eat_bio_ssl_all,1,Aves,Picus viridis,5,25.033347431165712,1.8065238348410682
sl_eat_bio_ssl_all,1,Aves,Dendrocopos major,11,25.727793431439444,1.6447845166685116
sl_eat_bio_ssl_all,1,Aves,Sterna paradisaea,5,26.718595883486515,1.59821433280583
sl_eat_bio_ssl_all,1,Aves,Dryobates pubescens,5,25.630214960035286,1.6529819592223807
sl_eat_bio_ssl_all,1,Aves,Athene noctua,7,26.07764562643752,1.525054028625109
sl_eat_bio_ssl_all,1,Aves,Strix uralensis,5,23.74523027191089,1.697164874435537
sl_eat_bio_ssl_all,1,Aves,Calidris alpina,5,24.533274807867354,1.7984955506925833
sl_eat_bio_ssl_all,1,Aves,Aegolius funereus,5,26.015216404988234,1.5783436081537692
sl_eat_bio_ssl_all,1,Aves,Strix aluco,7,25.88425554445788,1.5583023644512475
sl_eat_bio_ssl_all,1,Aves,Tyto alba,5,24.66817750398019,1.7170281849707412
sl_eat_bio_ssl_all,1,Aves,Bubo virginianus,5,24.91792148227885,1.7562652314459457
sl_eat_bio_ssl_all,1,Aves,Strix varia,6,25.65242607620937,1.56834120969325
sl_eat_bio_ssl_all,1,Mammalia,Delphinus delphis,9,24.399893946149046,2.0080466772894434
sl_eat_bio_ssl_all,1,Mammalia,Globicephala melaena,8,23.28825410454887,2.1463527938146805
sl_eat_bio_ssl_all,1,Mammalia,Stenella attenuata,6,24.256950718639143,1.9706862388970643
sl_eat_bio_ssl_all,1,Mammalia,Sciurus carolinensis,7,24.91588658820209,1.6897501925223843
sl_eat_bio_ssl_all,1,Mammalia,Stenella coeruleoalba,5,21.778732106245016,2.4067257655175327
sl_eat_bio_ssl_all,1,Mammalia,Orcinus orca,28,22.7624698333287,2.5328727319597997
sl_eat_bio_ssl_all,1,Mammalia,Pseudorca crassidens,8,22.187569986624695,2.5897571651797997
sl_eat_bio_ssl_all,1,Mammalia,Eubalaena glacialis,7,23.291897484499234,2.3016359196408174
sl_eat_bio_ssl_all,1,Mammalia,Lagenorhynchus acutus,7,22.73024175793698,2.299575781810004
sl_eat_bio_ssl_all,1,Mammalia,Megaptera novaeangliae,10,24.545327740759255,1.9022701526877592
sl_eat_bio_ssl_all,1,Mammalia,Globicephala macrorhynchus,9,23.708213527559167,2.077431265822643
sl_eat_bio_ssl_all,1,Mammalia,Canis latrans,6,25.376913928431666,1.6735428779728332
sl_eat_bio_ssl_all,1,Mammalia,Physeter catodon,8,22.51723525206848,2.368342444790413
sl_eat_bio_ssl_all,1,Mammalia,Balaenoptera physalus,12,23.857033083407966,2.4841077620388368
sl_eat_bio_ssl_all,1,Mammalia,Erignathus barbatus,7,24.5538946359068,1.943322224103324
sl_eat_bio_ssl_all,2,Aves,Colaptes auratus,6,30.44382420046053,1.8023522256003985
sl_eat_bio_ssl_all,2,Aves,Picus viridis,5,31.1398914998028,1.78771556635633
sl_eat_bio_ssl_all,2,Aves,Dendrocopos major,11,30.766005004487564,1.8236580929170507
sl_eat_bio_ssl_all,2,Aves,Sterna paradisaea,5,32.281642006772266,1.6801378888447736
sl_eat_bio_ssl_all,2,Aves,Dryobates pubescens,5,30.292861914814218,1.7862492503339973
sl_eat_bio_ssl_all,2,Aves,Athene noctua,7,30.399448302929326,1.8948101540351832
sl_eat_bio_ssl_all,2,Aves,Strix uralensis,5,26.25249371415323,2.323771760985613
sl_eat_bio_ssl_all,2,Aves,Calidris alpina,5,29.75790933887677,1.9759960042556028
sl_eat_bio_ssl_all,2,Aves,Aegolius funereus,5,30.28048308758714,1.8872429348007476
sl_eat_bio_ssl_all,2,Aves,Strix aluco,7,30.404269173595317,1.8658052125380438
sl_eat_bio_ssl_all,2,Aves,Tyto alba,5,28.748998011502337,2.1633729017872394
sl_eat_bio_ssl_all,2,Aves,Bubo virginianus,5,29.474005112681713,1.9202082518148036
sl_eat_bio_ssl_all,2,Aves,Strix varia,6,30.78821716765907,1.827175600364937
sl_eat_bio_ssl_all,2,Mammalia,Delphinus delphis,9,29.339049577393283,2.1678275453667872
sl_eat_bio_ssl_all,2,Mammalia,Globicephala melaena,8,28.224026995415635,2.242703093699644
sl_eat_bio_ssl_all,2,Mammalia,Stenella attenuata,6,28.54448538930946,2.262207034257019
sl_eat_bio_ssl_all,2,Mammalia,Sciurus carolinensis,7,30.026884393250683,1.9135789702101713
sl_eat_bio_ssl_all,2,Mammalia,Stenella coeruleoalba,5,27.214737310805738,2.4306359237324746
sl_eat_bio_ssl_all,2,Mammalia,Orcinus orca,28,29.60133383910782,2.2744374630650697
sl_eat_bio_ssl_all,2,Mammalia,Pseudorca crassidens,8,28.063628406285797,2.518864053770815
sl_eat_bio_ssl_all,2,Mammalia,Eubalaena glacialis,7,29.743948871334236,2.1728727465642415
sl_eat_bio_ssl_all,2,Mammalia,Lagenorhynchus acutus,7,27.385953281288053,2.343242146434793
sl_eat_bio_ssl_all,2,Mammalia,Megaptera novaeangliae,10,30.3207035795435,1.9435170940574897
sl_eat_bio_ssl_all,2,Mammalia,Globicephala macrorhynchus,9,29.561530861568446,2.095939078527946
sl_eat_bio_ssl_all,2,Mammalia,Canis latrans,6,30.484319004419024,1.8732476221465546
sl_eat_bio_ssl_all,2,Mammalia,Physeter catodon,8,26.790183737278493,2.4872307597896266
sl_eat_bio_ssl_all,2,Mammalia,Balaenoptera physalus,12,29.09844503279072,2.7263827904471643
sl_eat_bio_ssl_all,2,Mammalia,Erignathus barbatus,7,30.504658996548372,1.9876928808585634
sl_eat_bio_ssl_all,3,Aves,Colaptes auratus,6,32.258918450189086,2.1177107216845648
sl_eat_bio_ssl_all,3,Aves,Picus viridis,5,32.116089376218525,2.1386189529166826
sl_eat_bio_ssl_all,3,Aves,Dendrocopos major,11,32.342432717256244,2.086996695832839
sl_eat_bio_ssl_all,3,Aves,Sterna paradisaea,5,33.94367179778777,1.8767600606202337
sl_eat_bio_ssl_all,3,Aves,Dryobates pubescens,5,32.18329499834085,1.9885243734323774
sl_eat_bio_ssl_all,3,Aves,Athene noctua,7,32.589514023653145,2.1159411611143897
sl_eat_bio_ssl_all,3,Aves,Strix uralensis,5,27.256254186006924,2.876465244237226
sl_eat_bio_ssl_all,3,Aves,Calidris alpina,5,31.460341525708152,2.1898735424723705
sl_eat_bio_ssl_all,3,Aves,Aegolius funereus,5,31.338432801226112,2.3298048135308758
sl_eat_bio_ssl_all,3,Aves,Strix aluco,7,32.105445075331346,2.1663355470049694
sl_eat_bio_ssl_all,3,Aves,Tyto alba,5,31.16902775577585,2.319388867797061
sl_eat_bio_ssl_all,3,Aves,Bubo virginianus,5,30.851977051196606,2.3147772740976555
sl_eat_bio_ssl_all,3,Aves,Strix varia,6,31.594701026847762,2.2201710324504007
sl_eat_bio_ssl_all,3,Mammalia,Delphinus delphis,9,29.930203827734953,2.3933461587766187
sl_eat_bio_ssl_all,3,Mammalia,Globicephala melaena,8,29.036449291613703,2.4310276677580944
sl_eat_bio_ssl_all,3,Mammalia,Stenella attenuata,6,29.000358510532156,2.50968668256948
sl_eat_bio_ssl_all,3,Mammalia,Sciurus carolinensis,7,31.80531321077909,2.186175532750474
sl_eat_bio_ssl_all,3,Mammalia,Stenella coeruleoalba,5,28.24756846887827,2.557499911871837
sl_eat_bio_ssl_all,3,Mammalia,Orcinus orca,28,30.91598190717819,2.2294517265635423
sl_eat_bio_ssl_all,3,Mammalia,Pseudorca crassidens,8,28.722406172920756,2.560326271238846
sl_eat_bio_ssl_all,3,Mammalia,Eubalaena glacialis,7,31.18910426555516,2.24007187657252
sl_eat_bio_ssl_all,3,Mammalia,Lagenorhynchus acutus,7,28.095594180117544,2.5426173955437004
sl_eat_bio_ssl_all,3,Mammalia,Megaptera novaeangliae,10,31.561742367480175,2.128148581532352
sl_eat_bio_ssl_all,3,Mammalia,Globicephala macrorhynchus,9,29.58101706506129,2.344198612529825
sl_eat_bio_ssl_all,3,Mammalia,Canis latrans,6,31.834295115054314,2.239789624981287
sl_eat_bio_ssl_all,3,Mammalia,Physeter catodon,8,26.40911898432065,2.7355161299531767
sl_eat_bio_ssl_all,3,Mammalia,Balaenoptera physalus,12,28.988028884325626,2.8844860404863524
sl_eat_bio_ssl_all,3,Mammalia,Erignathus barbatus,7,32.053272837819925,2.1842015262498005
sl_eat_bio_ssl_all,4,Aves,Colaptes auratus,6,59.75435424970644,2.5334935793854325
sl_eat_bio_ssl_all,4,Aves,Picus viridis,5,60.62889497984133,2.324957772112376
sl_eat_bio_ssl_all,4,Aves,Dendrocopos major,11,60.17194189609505,2.4083700334162694
sl_eat_bio_ssl_all,4,Aves,Sterna paradisaea,5,61.39414248981673,2.3011576586434526
sl_eat_bio_ssl_all,4,Aves,Dryobates pubescens,5,60.239000673058385,2.294955411726445
sl_eat_bio_ssl_all,4,Aves,Athene noctua,7,59.578791768756346,2.5826150688761165
sl_eat_bio_ssl_all,4,Aves,Strix uralensis,5,50.63501049252112,3.686459651118663
sl_eat_bio_ssl_all,4,Aves,Calidris alpina,5,58.72962234156059,2.5904638152137576
sl_eat_bio_ssl_all,4,Aves,Aegolius funereus,5,57.82054758361951,2.806724570607068
sl_eat_bio_ssl_all,4,Aves,Strix aluco,7,59.809846187001014,2.5067898528611505
sl_eat_bio_ssl_all,4,Aves,Tyto alba,5,58.080364616122196,2.768984497187107
sl_eat_bio_ssl_all,4,Aves,Bubo virginianus,5,57.459502280964784,2.7909994248525605
sl_eat_bio_ssl_all,4,Aves,Strix varia,6,59.052431441837534,2.5959106631331434
sl_eat_bio_ssl_all,4,Mammalia,Delphinus delphis,9,55.54458975941929,3.1353424216906913
sl_eat_bio_ssl_all,4,Mammalia,Globicephala melaena,8,53.465068413602886,3.2930595088364676
sl_eat_bio_ssl_all,4,Mammalia,Stenella attenuata,6,53.25038263198825,3.355155988237151
sl_eat_bio_ssl_all,4,Mammalia,Sciurus carolinensis,7,59.867166139775634,2.4718155156930206
sl_eat_bio_ssl_all,4,Mammalia,Stenella coeruleoalba,5,52.106708420620066,3.4151938763572107
sl_eat_bio_ssl_all,4,Mammalia,Orcinus orca,28,57.732217899480126,2.779894539763072
sl_eat_bio_ssl_all,4,Mammalia,Pseudorca crassidens,8,52.59580653123541,3.442124906498106
sl_eat_bio_ssl_all,4,Mammalia,Eubalaena glacialis,7,57.624822692726084,2.795521075388982
sl_eat_bio_ssl_all,4,Mammalia,Lagenorhynchus acutus,7,52.70994097308106,3.312377364959739
sl_eat_bio_ssl_all,4,Mammalia,Megaptera novaeangliae,10,58.171049815901654,2.697288022764407
sl_eat_bio_ssl_all,4,Mammalia,Globicephala macrorhynchus,9,54.93137353100677,3.015409903454191
sl_eat_bio_ssl_all,4,Mammalia,Canis latrans,6,59.11061632512348,2.6425769861768478
sl_eat_bio_ssl_all,4,Mammalia,Physeter catodon,8,49.67912580131997,3.6439336273902807
sl_eat_bio_ssl_all,4,Mammalia,Balaenoptera physalus,12,49.87383663469729,4.043141329518274
sl_eat_bio_ssl_all,4,Mammalia,Erignathus barbatus,7,59.00691421362503,2.691564012160889
sl_eat_bio_ssl_all,5,Aves,Colaptes auratus,6,67.52556332338989,2.5057524208829314
sl_eat_bio_ssl_all,5,Aves,Picus viridis,5,66.76354808100366,2.5263621570495296
sl_eat_bio_ssl_all,5,Aves,Dendrocopos major,11,67.29625754456556,2.5145998903361657
sl_eat_bio_ssl_all,5,Aves,Sterna paradisaea,5,67.89943781320942,2.4508380138631547
sl_eat_bio_ssl_all,5,Aves,Dryobates pubescens,5,67.09950498404714,2.5059720232118052
sl_eat_bio_ssl_all,5,Aves,Athene noctua,7,67.05905633707077,2.6034369141343467
sl_eat_bio_ssl_all,5,Aves,Strix uralensis,5,56.222015119792076,4.073736347790087
sl_eat_bio_ssl_all,5,Aves,Calidris alpina,5,66.57137361415398,2.572052772576453
sl_eat_bio_ssl_all,5,Aves,Aegolius funereus,5,65.02087720038428,2.9079627519251385
sl_eat_bio_ssl_all,5,Aves,Strix aluco,7,67.58131112560852,2.4689783256001134
sl_eat_bio_ssl_all,5,Aves,Tyto alba,5,65.71795585844633,2.8003413042813223
sl_eat_bio_ssl_all,5,Aves,Bubo virginianus,5,64.01337921696538,3.0240170931021484
sl_eat_bio_ssl_all,5,Aves,Strix varia,6,66.37235655518184,2.666489220349074
sl_eat_bio_ssl_all,5,Mammalia,Delphinus delphis,9,62.21251641970131,3.302850547761965
sl_eat_bio_ssl_all,5,Mammalia,Globicephala melaena,8,57.950811715683756,3.8301253253608474
sl_eat_bio_ssl_all,5,Mammalia,Stenella attenuata,6,58.988482184679405,3.7449315038422246
sl_eat_bio_ssl_all,5,Mammalia,Sciurus carolinensis,7,65.74630473927472,2.7607161546897654
sl_eat_bio_ssl_all,5,Mammalia,Stenella coeruleoalba,5,58.95041726502149,3.6733359135328807
sl_eat_bio_ssl_all,5,Mammalia,Orcinus orca,28,64.24912088894213,2.94716522281439
sl_eat_bio_ssl_all,5,Mammalia,Pseudorca crassidens,8,59.426332536589015,3.6893197142204404
sl_eat_bio_ssl_all,5,Mammalia,Eubalaena glacialis,7,64.19626855282424,2.9743858647738435
sl_eat_bio_ssl_all,5,Mammalia,Lagenorhynchus acutus,7,59.942790215738164,3.457980724308632
sl_eat_bio_ssl_all,5,Mammalia,Megaptera novaeangliae,10,63.85012826252123,2.9613348303974005
sl_eat_bio_ssl_all,5,Mammalia,Globicephala macrorhynchus,9,62.18312748003285,3.143921365460207
sl_eat_bio_ssl_all,5,Mammalia,Canis latrans,6,66.9985372082055,2.6993755377151185
sl_eat_bio_ssl_all,5,Mammalia,Physeter catodon,8,54.97620018033002,4.072390445401071
sl_eat_bio_ssl_all,5,Mammalia,Balaenoptera physalus,12,52.81919015743791,4.53896888541583
sl_eat_bio_ssl_all,5,Mammalia,Erignathus barbatus,7,65.09748742908896,2.8190051551879183
sl_eat_bio_ssl_all,6,Aves,Colaptes auratus,6,58.49905690404503,2.4082504546381553
sl_eat_bio_ssl_all,6,Aves,Picus viridis,5,57.77165164836394,2.4900318868645828
sl_eat_bio_ssl_all,6,Aves,Dendrocopos major,11,58.619434860303635,2.3889072144518644
sl_eat_bio_ssl_all,6,Aves,Sterna paradisaea,5,59.131647942589936,2.3313948869505725
sl_eat_bio_ssl_all,6,Aves,Dryobates pubescens,5,58.3633631340225,2.324963812059647
sl_eat_bio_ssl_all,6,Aves,Athene noctua,7,57.91181887078943,2.4860443758032553
sl_eat_bio_ssl_all,6,Aves,Strix uralensis,5,50.4448654471264,3.7578904029862388
sl_eat_bio_ssl_all,6,Aves,Calidris alpina,5,57.63567170855241,2.55262558461472
sl_eat_bio_ssl_all,6,Aves,Aegolius funereus,5,55.72068746498709,2.877731639930286
sl_eat_bio_ssl_all,6,Aves,Strix aluco,7,57.87860472483308,2.5356290977726696
sl_eat_bio_ssl_all,6,Aves,Tyto alba,5,56.86992270377692,2.7317180024573595
sl_eat_bio_ssl_all,6,Aves,Bubo virginianus,5,54.89913892279541,2.9689016134665076
sl_eat_bio_ssl_all,6,Aves,Strix varia,6,58.166832495733736,2.506951066439274
sl_eat_bio_ssl_all,6,Mammalia,Delphinus delphis,9,52.68165623587381,3.3408981127442643
sl_eat_bio_ssl_all,6,Mammalia,Globicephala melaena,8,50.13248604173048,3.700832466080818
sl_eat_bio_ssl_all,6,Mammalia,Stenella attenuata,6,51.741895123836635,3.466565077656842
sl_eat_bio_ssl_all,6,Mammalia,Sciurus carolinensis,7,57.68605804705171,2.5388998716489657
sl_eat_bio_ssl_all,6,Mammalia,Stenella coeruleoalba,5,49.182416769619806,3.8272607858849734
sl_eat_bio_ssl_all,6,Mammalia,Orcinus orca,28,54.726058203258994,2.9800592268002806
sl_eat_bio_ssl_all,6,Mammalia,Pseudorca crassidens,8,51.308981071897385,3.5623964976661906
sl_eat_bio_ssl_all,6,Mammalia,Eubalaena glacialis,7,43.33333705035347,4.386803919828873
sl_eat_bio_ssl_all,6,Mammalia,Lagenorhynchus acutus,7,52.972615179195095,3.2371512332301142
sl_eat_bio_ssl_all,6,Mammalia,Megaptera novaeangliae,10,47.42119716192963,3.944920044908077
sl_eat_bio_ssl_all,6,Mammalia,Globicephala macrorhynchus,9,54.39239460446826,3.087111769939336
sl_eat_bio_ssl_all,6,Mammalia,Canis latrans,6,57.4188327077595,2.612299536242934
sl_eat_bio_ssl_all,6,Mammalia,Physeter catodon,8,49.487664376485974,3.769745157704585
sl_eat_bio_ssl_all,6,Mammalia,Balaenoptera physalus,12,40.8733851799221,4.780381634032453
sl_eat_bio_ssl_all,6,Mammalia,Erignathus barbatus,7,45.16807503753927,4.202142270190725
sl_eat_bio_ssl_all,7,Aves,Colaptes auratus,6,77.30445249725406,3.533932046926655
sl_eat_bio_ssl_all,7,Aves,Picus viridis,5,78.19350482039462,3.39602630004947
sl_eat_bio_ssl_all,7,Aves,Dendrocopos major,11,80.78593226187142,3.034685419994724
sl_eat_bio_ssl_all,7,Aves,Sterna paradisaea,5,79.77653428328078,3.2508343291386343
sl_eat_bio_ssl_all,7,Aves,Dryobates pubescens,5,78.93137295471192,3.1858264574757733
sl_eat_bio_ssl_all,7,Aves,Athene noctua,7,79.40936865803654,3.196960254977151
sl_eat_bio_ssl_all,7,Aves,Strix uralensis,5,68.65074641908555,4.553085743112287
sl_eat_bio_ssl_all,7,Aves,Calidris alpina,5,79.49162401080588,3.2972369259738232
sl_eat_bio_ssl_all,7,Aves,Aegolius funereus,5,76.263466384755,3.714702474614268
sl_eat_bio_ssl_all,7,Aves,Strix aluco,7,79.75847014527359,3.165952050202447
sl_eat_bio_ssl_all,7,Aves,Tyto alba,5,76.95927826194749,3.510867944921013
sl_eat_bio_ssl_all,7,Aves,Bubo virginianus,5,72.83805227054862,3.9306841283232092
sl_eat_bio_ssl_all,7,Aves,Strix varia,6,77.39104509516507,3.504379388775484
sl_eat_bio_ssl_all,7,Mammalia,Delphinus delphis,9,71.6755723179238,4.347767150017373
sl_eat_bio_ssl_all,7,Mammalia,Globicephala melaena,8,69.38354210040617,4.692625328262149
sl_eat_bio_ssl_all,7,Mammalia,Stenella attenuata,6,73.460111342204,4.23209769395987
sl_eat_bio_ssl_all,7,Mammalia,Sciurus carolinensis,7,77.86026905106897,3.4402180835796194
sl_eat_bio_ssl_all,7,Mammalia,Stenella coeruleoalba,5,67.94374699162029,4.739261531701155
sl_eat_bio_ssl_all,7,Mammalia,Orcinus orca,28,75.8891183152683,3.883960056424088
sl_eat_bio_ssl_all,7,Mammalia,Pseudorca crassidens,8,70.7756599558362,4.446166495561711
sl_eat_bio_ssl_all,7,Mammalia,Eubalaena glacialis,7,58.24368467676875,5.756402380487334
sl_eat_bio_ssl_all,7,Mammalia,Lagenorhynchus acutus,7,72.4171891877754,4.215660192541842
sl_eat_bio_ssl_all,7,Mammalia,Megaptera novaeangliae,10,62.96101275129512,5.354582436452625
sl_eat_bio_ssl_all,7,Mammalia,Globicephala macrorhynchus,9,72.85147846898145,4.280242713899821
sl_eat_bio_ssl_all,7,Mammalia,Canis latrans,6,78.26707532128219,3.3471035351779514
sl_eat_bio_ssl_all,7,Mammalia,Physeter catodon,8,68.17395963730947,4.69157537916098
sl_eat_bio_ssl_all,7,Mammalia,Balaenoptera physalus,12,56.06487313018932,5.807405466415169
sl_eat_bio_ssl_all,7,Mammalia,Erignathus barbatus,7,64.22108231960303,5.208089568710612
sl_eat_bio_ssl_all,8,Aves,Colaptes auratus,6,69.51876236582758,3.62466377212302
sl_eat_bio_ssl_all,8,Aves,Picus viridis,5,69.3768485923931,3.6526000624137387
sl_eat_bio_ssl_all,8,Aves,Dendrocopos major,11,70.30595429480769,3.4755761894057917
sl_eat_bio_ssl_all,8,Aves,Sterna paradisaea,5,70.56643937625482,3.4967368942585635
sl_eat_bio_ssl_all,8,Aves,Dryobates pubescens,5,69.23270875581474,3.5565151400926958
sl_eat_bio_ssl_all,8,Aves,Athene noctua,7,68.66765693690863,3.6166982507705283
sl_eat_bio_ssl_all,8,Aves,Strix uralensis,5,62.34650524781131,4.26742484360857
sl_eat_bio_ssl_all,8,Aves,Calidris alpina,5,66.7966954424472,3.9542561318836498
sl_eat_bio_ssl_all,8,Aves,Aegolius funereus,5,65.95381944284163,3.9453058806375885
sl_eat_bio_ssl_all,8,Aves,Strix aluco,7,68.70987967128153,3.6446082949635845
sl_eat_bio_ssl_all,8,Aves,Tyto alba,5,64.68335626180105,4.12845919200935
sl_eat_bio_ssl_all,8,Aves,Bubo virginianus,5,61.27811668391181,4.335116057105255
sl_eat_bio_ssl_all,8,Aves,Strix varia,6,66.49183329469356,3.880205989240684
sl_eat_bio_ssl_all,8,Mammalia,Delphinus delphis,9,64.56362723973291,4.337201134931137
sl_eat_bio_ssl_all,8,Mammalia,Globicephala melaena,8,64.9538118098539,4.320787551530716
sl_eat_bio_ssl_all,8,Mammalia,Stenella attenuata,6,68.64154688568597,3.852047619089818
sl_eat_bio_ssl_all,8,Mammalia,Sciurus carolinensis,7,67.53563465108965,3.8023493028681923
sl_eat_bio_ssl_all,8,Mammalia,Stenella coeruleoalba,5,60.48107505709248,4.864556804706786
sl_eat_bio_ssl_all,8,Mammalia,Orcinus orca,28,67.46825448050902,3.8858680506877654
sl_eat_bio_ssl_all,8,Mammalia,Pseudorca crassidens,8,64.69656741889072,4.222878576193726
sl_eat_bio_ssl_all,8,Mammalia,Eubalaena glacialis,7,56.34032911075609,5.244269566342728
sl_eat_bio_ssl_all,8,Mammalia,Lagenorhynchus acutus,7,65.05507282926551,4.142900744162269
sl_eat_bio_ssl_all,8,Mammalia,Megaptera novaeangliae,10,60.08556734925122,4.888812164175591
sl_eat_bio_ssl_all,8,Mammalia,Globicephala macrorhynchus,9,67.5554955480654,3.7967055097715527
sl_eat_bio_ssl_all,8,Mammalia,Canis latrans,6,68.73726301077726,3.55025649637029
sl_eat_bio_ssl_all,8,Mammalia,Physeter catodon,8,63.48103478759995,4.15229076568999
sl_eat_bio_ssl_all,8,Mammalia,Balaenoptera physalus,12,53.59548296102809,5.595764975572457
sl_eat_bio_ssl_all,8,Mammalia,Erignathus barbatus,7,53.70498467181302,5.403130029287
sl_eat_bio_ssl_all,9,Aves,Colaptes auratus,6,47.16235926385107,3.623335912357396
sl_eat_bio_ssl_all,9,Aves,Picus viridis,5,48.26008257546168,3.4580530141182213
sl_eat_bio_ssl_all,9,Aves,Dendrocopos major,11,47.96509250549639,3.4608002837507725
sl_eat_bio_ssl_all,9,Aves,Sterna paradisaea,5,47.942644615917494,3.5001535857941595
sl_eat_bio_ssl_all,9,Aves,Dryobates pubescens,5,47.80164102059178,3.462711237836651
sl_eat_bio_ssl_all,9,Aves,Athene noctua,7,48.35611267525968,3.4642703577511345
sl_eat_bio_ssl_all,9,Aves,Strix uralensis,5,44.720362978699825,3.7680473208177103
sl_eat_bio_ssl_all,9,Aves,Calidris alpina,5,46.05639111867135,3.76078404123978
sl_eat_bio_ssl_all,9,Aves,Aegolius funereus,5,46.96341667197116,3.5753853198203154
sl_eat_bio_ssl_all,9,Aves,Strix aluco,7,47.3102927179857,3.5381497499574226
sl_eat_bio_ssl_all,9,Aves,Tyto alba,5,43.1448351020167,4.0650794020915795
sl_eat_bio_ssl_all,9,Aves,Bubo virginianus,5,43.77127376354747,3.8812225882720903
sl_eat_bio_ssl_all,9,Aves,Strix varia,6,47.22245601887051,3.4918044559638437
sl_eat_bio_ssl_all,9,Mammalia,Delphinus delphis,9,42.67903822408103,4.272490418649032
sl_eat_bio_ssl_all,9,Mammalia,Globicephala melaena,8,40.127042024542845,4.586335183015124
sl_eat_bio_ssl_all,9,Mammalia,Stenella attenuata,6,46.87408233330537,3.778343310426708
sl_eat_bio_ssl_all,9,Mammalia,Sciurus carolinensis,7,47.40238346420827,3.5328575876037607
sl_eat_bio_ssl_all,9,Mammalia,Stenella coeruleoalba,5,38.31420359868951,4.792128039310798
sl_eat_bio_ssl_all,9,Mammalia,Orcinus orca,28,43.00564389943721,4.2992395978638545
sl_eat_bio_ssl_all,9,Mammalia,Pseudorca crassidens,8,42.39266926501803,4.274314355833412
sl_eat_bio_ssl_all,9,Mammalia,Eubalaena glacialis,7,39.0820180788919,4.764540412161944
sl_eat_bio_ssl_all,9,Mammalia,Lagenorhynchus acutus,7,42.97924104668022,4.1604685294698385
sl_eat_bio_ssl_all,9,Mammalia,Megaptera novaeangliae,10,41.7062034126466,4.470208668631438
sl_eat_bio_ssl_all,9,Mammalia,Globicephala macrorhynchus,9,47.19963746998693,3.666771119481828
sl_eat_bio_ssl_all,9,Mammalia,Canis latrans,6,46.82510600018066,3.530941172435829
sl_eat_bio_ssl_all,9,Mammalia,Physeter catodon,8,44.91806553730197,3.845474925549194
sl_eat_bio_ssl_all,9,Mammalia,Balaenoptera physalus,12,36.158293316026196,5.023760820933974
sl_eat_bio_ssl_all,9,Mammalia,Erignathus barbatus,7,33.85361824964508,5.181619986268252
sl_eat_bio_ssl_all,10,Aves,Colaptes auratus,6,27.85944875067337,2.872721154232069
sl_eat_bio_ssl_all,10,Aves,Picus viridis,5,27.22067728785688,2.944311055666768
sl_eat_bio_ssl_all,10,Aves,Dendrocopos major,11,28.03784039196408,2.8399410665267646
sl_eat_bio_ssl_all,10,Aves,Sterna paradisaea,5,27.009082288926987,2.9875894492813866
sl_eat_bio_ssl_all,10,Aves,Dryobates pubescens,5,28.527166114701465,2.75581055289521
sl_eat_bio_ssl_all,10,Aves,Athene noctua,7,27.490918704603327,2.9391508793786043
sl_eat_bio_ssl_all,10,Aves,Strix uralensis,5,27.7901120066558,2.9245619700003886
sl_eat_bio_ssl_all,10,Aves,Calidris alpina,5,26.58907747501191,3.053849963766543
sl_eat_bio_ssl_all,10,Aves,Aegolius funereus,5,28.001109922129146,2.889822926474047
sl_eat_bio_ssl_all,10,Aves,Strix aluco,7,28.24173427019566,2.847862044003474
sl_eat_bio_ssl_all,10,Aves,Tyto alba,5,25.403420521556736,3.287354658496179
sl_eat_bio_ssl_all,10,Aves,Bubo virginianus,5,26.150098144388345,3.1831676708526575
sl_eat_bio_ssl_all,10,Aves,Strix varia,6,28.830975128588005,2.6873891411550423
sl_eat_bio_ssl_all,10,Mammalia,Delphinus delphis,9,25.64038683160517,3.2335144300355925
sl_eat_bio_ssl_all,10,Mammalia,Globicephala melaena,8,24.280727290506693,3.433272380596031
sl_eat_bio_ssl_all,10,Mammalia,Stenella attenuata,6,27.56321196105793,2.8996829649016083
sl_eat_bio_ssl_all,10,Mammalia,Sciurus carolinensis,7,27.54712676199974,2.9398106252270955
sl_eat_bio_ssl_all,10,Mammalia,Stenella coeruleoalba,5,22.95975480369637,3.625304100447658
sl_eat_bio_ssl_all,10,Mammalia,Orcinus orca,28,25.30658355938728,3.272843502124403
sl_eat_bio_ssl_all,10,Mammalia,Pseudorca crassidens,8,25.36442688751417,3.2724052558180525
sl_eat_bio_ssl_all,10,Mammalia,Eubalaena glacialis,7,23.2275200199304,3.5599709736422183
sl_eat_bio_ssl_all,10,Mammalia,Lagenorhynchus acutus,7,25.853813254523537,3.156555292176105
sl_eat_bio_ssl_all,10,Mammalia,Megaptera novaeangliae,10,23.923397692520528,3.4667292702748513
sl_eat_bio_ssl_all,10,Mammalia,Globicephala macrorhynchus,9,28.344493002909175,2.7240260913634717
sl_eat_bio_ssl_all,10,Mammalia,Canis latrans,6,28.344474539930648,2.767469155377708
sl_eat_bio_ssl_all,10,Mammalia,Physeter catodon,8,26.96771426546547,2.965614090877696
sl_eat_bio_ssl_all,10,Mammalia,Balaenoptera physalus,12,22.613598949614637,3.6563772020458134
sl_eat_bio_ssl_all,10,Mammalia,Erignathus barbatus,7,20.579349302510963,3.8703933879021775
sl_eat_bio_ssl_all,11,Aves,Colaptes auratus,6,26.74536016600102,3.1554122867887173
sl_eat_bio_ssl_all,11,Aves,Picus viridis,5,24.799948508396106,3.503815215785131
sl_eat_bio_ssl_all,11,Aves,Dendrocopos major,11,25.89071129078077,3.2625192750271137
sl_eat_bio_ssl_all,11,Aves,Sterna paradisaea,5,25.556057735416317,3.258294683309283
sl_eat_bio_ssl_all,11,Aves,Dryobates pubescens,5,28.161296831543318,3.0690683747644094
sl_eat_bio_ssl_all,11,Aves,Athene noctua,7,24.663772059952347,3.3936757774553366
sl_eat_bio_ssl_all,11,Aves,Strix uralensis,5,26.562968576960895,3.22762137704301
sl_eat_bio_ssl_all,11,Aves,Calidris alpina,5,24.339276615048245,3.495554924415058
sl_eat_bio_ssl_all,11,Aves,Aegolius funereus,5,25.70385909556131,3.2217321986631484
sl_eat_bio_ssl_all,11,Aves,Strix aluco,7,25.832006065616085,3.4482043314683817
sl_eat_bio_ssl_all,11,Aves,Tyto alba,5,22.779327633993326,3.7200532318712525
sl_eat_bio_ssl_all,11,Aves,Bubo virginianus,5,25.79483888395001,3.4378073586355207
sl_eat_bio_ssl_all,11,Aves,Strix varia,6,27.878383160701645,3.089755972440368
sl_eat_bio_ssl_all,11,Mammalia,Delphinus delphis,9,24.0131695267234,3.421153781542126
sl_eat_bio_ssl_all,11,Mammalia,Globicephala melaena,8,23.334021061828853,3.70859746052421
sl_eat_bio_ssl_all,11,Mammalia,Stenella attenuata,6,24.683164734530735,3.3132683315644504
sl_eat_bio_ssl_all,11,Mammalia,Sciurus carolinensis,7,25.23347644278186,3.466332812685317
sl_eat_bio_ssl_all,11,Mammalia,Stenella coeruleoalba,5,21.647676066295098,3.7752673603248215
sl_eat_bio_ssl_all,11,Mammalia,Orcinus orca,28,23.856079536595082,3.6062169940557
sl_eat_bio_ssl_all,11,Mammalia,Pseudorca crassidens,8,23.341790378253435,3.566393174815411
sl_eat_bio_ssl_all,11,Mammalia,Eubalaena glacialis,7,21.18229438152294,3.778347796773935
sl_eat_bio_ssl_all,11,Mammalia,Lagenorhynchus acutus,7,23.717490501724512,3.5393842392581125
sl_eat_bio_ssl_all,11,Mammalia,Megaptera novaeangliae,10,23.128455252288358,3.5769063967334676
sl_eat_bio_ssl_all,11,Mammalia,Globicephala macrorhynchus,9,25.534872048284782,3.2829846374830116
sl_eat_bio_ssl_all,11,Mammalia,Canis latrans,6,27.767120111191026,3.1202423435676305
sl_eat_bio_ssl_all,11,Mammalia,Physeter catodon,8,24.798079162092233,3.4207315962797646
sl_eat_bio_ssl_all,11,Mammalia,Balaenoptera physalus,12,23.128899339541075,3.5681674713780223
sl_eat_bio_ssl_all,11,Mammalia,Erignathus barbatus,7,19.150404876034926,4.105605405389721
sl_eat_bio_ssl_all,12,Aves,Colaptes auratus,6,205.35330674118984,11.148261576557825
sl_eat_bio_ssl_all,12,Aves,Picus viridis,5,181.92538023789825,11.722434113376105
sl_eat_bio_ssl_all,12,Aves,Dendrocopos major,11,182.3587970183454,11.457746631054299
sl_eat_bio_ssl_all,12,Aves,Sterna paradisaea,5,190.10045915982798,12.012545896786232
sl_eat_bio_ssl_all,12,Aves,Dryobates pubescens,5,191.36876441001445,10.825044472072998
sl_eat_bio_ssl_all,12,Aves,Athene noctua,7,187.02612987637494,11.986446454780458
sl_eat_bio_ssl_all,12,Aves,Strix uralensis,5,193.2080977642012,12.002054326176198
sl_eat_bio_ssl_all,12,Aves,Calidris alpina,5,196.81292517551816,11.463734447138442
sl_eat_bio_ssl_all,12,Aves,Aegolius funereus,5,194.1403946161438,12.22983823217813
sl_eat_bio_ssl_all,12,Aves,Strix aluco,7,202.3205309456607,11.150179828963157
sl_eat_bio_ssl_all,12,Aves,Tyto alba,5,157.71968563970114,11.938477440020343
sl_eat_bio_ssl_all,12,Aves,Bubo virginianus,5,184.45657775327965,11.349618317867842
sl_eat_bio_ssl_all,12,Aves,Strix varia,6,204.98740032806072,11.247572243517022
sl_eat_bio_ssl_all,12,Mammalia,Delphinus delphis,9,239.74063469525464,10.412422892557096
sl_eat_bio_ssl_all,12,Mammalia,Globicephala melaena,8,202.16568393202854,11.493387404716627
sl_eat_bio_ssl_all,12,Mammalia,Stenella attenuata,6,224.99952127842218,9.309908508898623
sl_eat_bio_ssl_all,12,Mammalia,Sciurus carolinensis,7,166.5554892165835,12.23952586481889
sl_eat_bio_ssl_all,12,Mammalia,Stenella coeruleoalba,5,212.03489055368726,11.130828306745064
sl_eat_bio_ssl_all,12,Mammalia,Orcinus orca,28,236.76971416184912,9.700323730607373
sl_eat_bio_ssl_all,12,Mammalia,Pseudorca crassidens,8,227.58148750833598,11.877844136931525
sl_eat_bio_ssl_all,12,Mammalia,Eubalaena glacialis,7,239.28815061524364,10.973494421643593
sl_eat_bio_ssl_all,12,Mammalia,Lagenorhynchus acutus,7,214.2591347830857,10.816031480173045
sl_eat_bio_ssl_all,12,Mammalia,Megaptera novaeangliae,10,228.09419156612427,11.688561262552142
sl_eat_bio_ssl_all,12,Mammalia,Globicephala macrorhynchus,9,236.29587732229157,9.719451979156318
sl_eat_bio_ssl_all,12,Mammalia,Canis latrans,6,188.00535221305745,12.447928391510736
sl_eat_bio_ssl_all,12,Mammalia,Physeter catodon,8,197.03977086803775,10.911630018754481
sl_eat_bio_ssl_all,12,Mammalia,Balaenoptera physalus,12,198.817683569966,11.93610791263368
sl_eat_bio_ssl_all,12,Mammalia,Erignathus barbatus,7,175.89900201709187,11.808006584308867
random_init_eat_seed42,0,Aves,Colaptes auratus,6,591.4001094978935,13.287999054086203
random_init_eat_seed42,0,Aves,Picus viridis,5,275.4662249001277,22.19255639953728
random_init_eat_seed42,0,Aves,Dendrocopos major,11,363.5441473893479,20.110595523849042
random_init_eat_seed42,0,Aves,Sterna paradisaea,5,526.1694323333211,15.54974602986627
random_init_eat_seed42,0,Aves,Dryobates pubescens,5,686.080474717942,9.048765770052361
random_init_eat_seed42,0,Aves,Athene noctua,7,642.4663000691653,11.202465269637296
random_init_eat_seed42,0,Aves,Strix uralensis,5,284.55626458916373,21.986495900442254
random_init_eat_seed42,0,Aves,Calidris alpina,5,575.4516934872573,13.874720803379544
random_init_eat_seed42,0,Aves,Aegolius funereus,5,487.3554076891686,16.751965903523928
random_init_eat_seed42,0,Aves,Strix aluco,7,476.1769591745769,17.082055672458825
random_init_eat_seed42,0,Aves,Tyto alba,5,386.32634726159523,19.53543204538775
random_init_eat_seed42,0,Aves,Bubo virginianus,5,400.41984339964324,19.171416714655102
random_init_eat_seed42,0,Aves,Strix varia,6,611.8885133694245,12.493493585146897
random_init_eat_seed42,0,Mammalia,Delphinus delphis,9,697.9066773789076,8.368783235946543
random_init_eat_seed42,0,Mammalia,Globicephala melaena,8,703.8391689941986,8.005968050920826
random_init_eat_seed42,0,Mammalia,Stenella attenuata,6,710.1541962500158,7.602075395042635
random_init_eat_seed42,0,Mammalia,Sciurus carolinensis,7,432.5280355580897,18.31517277269345
random_init_eat_seed42,0,Mammalia,Stenella coeruleoalba,5,710.4887660839482,7.578597055664711
random_init_eat_seed42,0,Mammalia,Orcinus orca,28,580.2538620829023,13.70007450567942
random_init_eat_seed42,0,Mammalia,Pseudorca crassidens,8,595.5690021098148,13.128710860644816
random_init_eat_seed42,0,Mammalia,Eubalaena glacialis,7,669.3009730197604,9.931834743322277
random_init_eat_seed42,0,Mammalia,Lagenorhynchus acutus,7,714.2877217038834,7.323547552905999
random_init_eat_seed42,0,Mammalia,Megaptera novaeangliae,10,698.4124931509971,8.338383913897008
random_init_eat_seed42,0,Mammalia,Globicephala macrorhynchus,9,704.9195229959162,7.939613740513032
random_init_eat_seed42,0,Mammalia,Canis latrans,6,439.1373355243788,18.133848300227786
random_init_eat_seed42,0,Mammalia,Physeter catodon,8,687.425934053847,8.97111966582256
random_init_eat_seed42,0,Mammalia,Balaenoptera physalus,12,280.95500351389046,22.06859450326806
random_init_eat_seed42,0,Mammalia,Erignathus barbatus,7,685.2471589619581,9.093908376171505
random_init_eat_seed42,1,Aves,Colaptes auratus,6,597.4443533446015,13.059699091968012
random_init_eat_seed42,1,Aves,Picus viridis,5,320.4756315109816,21.154750089964054
random_init_eat_seed42,1,Aves,Dendrocopos major,11,301.53107994139134,21.59787966070263
random_init_eat_seed42,1,Aves,Sterna paradisaea,5,516.2204490773137,15.867568929831018
random_init_eat_seed42,1,Aves,Dryobates pubescens,5,688.7840402446651,8.900303377726157
random_init_eat_seed42,1,Aves,Athene noctua,7,628.6931040273826,11.802879437979774
random_init_eat_seed42,1,Aves,Strix uralensis,5,275.8186185484656,22.185154080417846
random_init_eat_seed42,1,Aves,Calidris alpina,5,595.0983083651138,13.149120359774244
random_init_eat_seed42,1,Aves,Aegolius funereus,5,514.4956407323372,15.921786091333963
random_init_eat_seed42,1,Aves,Strix aluco,7,459.2660239080614,17.570800150810346
random_init_eat_seed42,1,Aves,Tyto alba,5,417.7571535907014,18.714780306660767
random_init_eat_seed42,1,Aves,Bubo virginianus,5,335.14444697255834,20.805148741803773
random_init_eat_seed42,1,Aves,Strix varia,6,630.9362677767054,11.707365542482139
random_init_eat_seed42,1,Mammalia,Delphinus delphis,9,656.4048276650196,10.56380406402871
random_init_eat_seed42,1,Mammalia,Globicephala melaena,8,657.715010189759,10.50159488017955
random_init_eat_seed42,1,Mammalia,Stenella attenuata,6,673.6301424586253,9.714305108553122
random_init_eat_seed42,1,Mammalia,Sciurus carolinensis,7,383.0224843709978,19.620787247914652
random_init_eat_seed42,1,Mammalia,Stenella coeruleoalba,5,660.5280534709993,10.366862871903239
random_init_eat_seed42,1,Mammalia,Orcinus orca,28,538.2527311623016,15.157367636174756
random_init_eat_seed42,1,Mammalia,Pseudorca crassidens,8,579.5868874774908,13.726418333437982
random_init_eat_seed42,1,Mammalia,Eubalaena glacialis,7,625.2015687789942,11.949750625554646
random_init_eat_seed42,1,Mammalia,Lagenorhynchus acutus,7,654.7381741088557,10.64242375229975
random_init_eat_seed42,1,Mammalia,Megaptera novaeangliae,10,665.9611877797776,10.101437331834845
random_init_eat_seed42,1,Mammalia,Globicephala macrorhynchus,9,642.3103671259794,11.211171080291727
random_init_eat_seed42,1,Mammalia,Canis latrans,6,432.02847802357473,18.329503248018476
random_init_eat_seed42,1,Mammalia,Physeter catodon,8,633.8343347953768,11.5829881141175
random_init_eat_seed42,1,Mammalia,Balaenoptera physalus,12,296.85586803641576,21.70583044110322
random_init_eat_seed42,1,Mammalia,Erignathus barbatus,7,659.7712811594855,10.4031792835774
random_init_eat_seed42,2,Aves,Colaptes auratus,6,594.9050739020614,13.156514076827738
random_init_eat_seed42,2,Aves,Picus viridis,5,326.2762585163465,21.017238129043776
random_init_eat_seed42,2,Aves,Dendrocopos major,11,334.28835357579334,20.825720407745106
random_init_eat_seed42,2,Aves,Sterna paradisaea,5,547.0675216367438,14.863893368794308
random_init_eat_seed42,2,Aves,Dryobates pubescens,5,688.4544949988097,8.918877969394401
random_init_eat_seed42,2,Aves,Athene noctua,7,608.4494254091026,12.631317051233147
random_init_eat_seed42,2,Aves,Strix uralensis,5,242.48229967034172,22.9241077664776
random_init_eat_seed42,2,Aves,Calidris alpina,5,545.9764426320119,14.900392931545552
random_init_eat_seed42,2,Aves,Aegolius funereus,5,496.28856808042156,16.483650741811363
random_init_eat_seed42,2,Aves,Strix aluco,7,449.18139907199117,17.855528450001053
random_init_eat_seed42,2,Aves,Tyto alba,5,378.6148921586184,19.732803345307072
random_init_eat_seed42,2,Aves,Bubo virginianus,5,398.0844323728343,19.233167681560836
random_init_eat_seed42,2,Aves,Strix varia,6,615.1729931296596,12.362214414440711
random_init_eat_seed42,2,Mammalia,Delphinus delphis,9,615.4184493625229,12.352365374243572
random_init_eat_seed42,2,Mammalia,Globicephala melaena,8,610.9644878247565,12.531322205361844
random_init_eat_seed42,2,Mammalia,Stenella attenuata,6,636.4206002615522,11.470772364173353
random_init_eat_seed42,2,Mammalia,Sciurus carolinensis,7,397.5910001568193,19.246014453320875
random_init_eat_seed42,2,Mammalia,Stenella coeruleoalba,5,608.0331416686669,12.64781811904139
random_init_eat_seed42,2,Mammalia,Orcinus orca,28,504.131721733272,16.243998821574326
random_init_eat_seed42,2,Mammalia,Pseudorca crassidens,8,528.1945368468049,15.485582554492144
random_init_eat_seed42,2,Mammalia,Eubalaena glacialis,7,586.0698201032593,13.488095631908804
random_init_eat_seed42,2,Mammalia,Lagenorhynchus acutus,7,613.2173628928813,12.441035730031928
random_init_eat_seed42,2,Mammalia,Megaptera novaeangliae,10,634.7708519180559,11.542482027677757
random_init_eat_seed42,2,Mammalia,Globicephala macrorhynchus,9,608.1109892074252,12.644681737643529
random_init_eat_seed42,2,Mammalia,Canis latrans,6,435.7072735922824,18.228862718487747
random_init_eat_seed42,2,Mammalia,Physeter catodon,8,569.9639712818764,14.072472889359565
random_init_eat_seed42,2,Mammalia,Balaenoptera physalus,12,315.6940915457588,21.26746264746381
random_init_eat_seed42,2,Mammalia,Erignathus barbatus,7,630.297119328253,11.734677732239097
random_init_eat_seed42,3,Aves,Colaptes auratus,6,598.1588436484099,13.032320512999013
random_init_eat_seed42,3,Aves,Picus viridis,5,313.2680531263962,21.32448868578944
random_init_eat_seed42,3,Aves,Dendrocopos major,11,337.9674058026205,20.7372263783601
random_init_eat_seed42,3,Aves,Sterna paradisaea,5,569.5551708568632,14.087027656952353
random_init_eat_seed42,3,Aves,Dryobates pubescens,5,685.0869704540976,9.105654109103376
random_init_eat_seed42,3,Aves,Athene noctua,7,626.4165722308642,11.898835446523767
random_init_eat_seed42,3,Aves,Strix uralensis,5,235.93608688959011,23.066522845824853
random_init_eat_seed42,3,Aves,Calidris alpina,5,584.0171803513039,13.56393348292311
random_init_eat_seed42,3,Aves,Aegolius funereus,5,509.5931129373043,16.074978129479316
random_init_eat_seed42,3,Aves,Strix aluco,7,440.1517577844592,18.10661854184099
random_init_eat_seed42,3,Aves,Tyto alba,5,445.48147312670125,17.958784163393968
random_init_eat_seed42,3,Aves,Bubo virginianus,5,392.35681068823544,19.38152971549853
random_init_eat_seed42,3,Aves,Strix varia,6,619.0020428305651,12.206442727591835
random_init_eat_seed42,3,Mammalia,Delphinus delphis,9,562.1509906906807,14.347368418506518
random_init_eat_seed42,3,Mammalia,Globicephala melaena,8,569.9311283541806,14.073682924301067
random_init_eat_seed42,3,Mammalia,Stenella attenuata,6,623.1105010891915,12.036948136775129
random_init_eat_seed42,3,Mammalia,Sciurus carolinensis,7,417.5593971062136,18.720024909366547
random_init_eat_seed42,3,Mammalia,Stenella coeruleoalba,5,564.1261964949497,14.278315543510686
random_init_eat_seed42,3,Mammalia,Orcinus orca,28,484.92644266573524,16.824791878298285
random_init_eat_seed42,3,Mammalia,Pseudorca crassidens,8,518.7979941378978,15.78606378735991
random_init_eat_seed42,3,Mammalia,Eubalaena glacialis,7,549.4526290127028,14.78332775274792
random_init_eat_seed42,3,Mammalia,Lagenorhynchus acutus,7,564.4042428160424,14.268666401904563
random_init_eat_seed42,3,Mammalia,Megaptera novaeangliae,10,590.3232812657661,13.32954775402835
random_init_eat_seed42,3,Mammalia,Globicephala macrorhynchus,9,539.898199969271,15.103000345955447
random_init_eat_seed42,3,Mammalia,Canis latrans,6,426.32396787593717,18.48454745938346
random_init_eat_seed42,3,Mammalia,Physeter catodon,8,523.2187670893871,15.645429176415899
random_init_eat_seed42,3,Mammalia,Balaenoptera physalus,12,317.73686860418854,21.21937861942421
random_init_eat_seed42,3,Mammalia,Erignathus barbatus,7,603.5126180864506,12.82527136071915
random_init_eat_seed42,4,Aves,Colaptes auratus,6,580.375836950489,13.69761715638632
random_init_eat_seed42,4,Aves,Picus viridis,5,378.41983010300123,19.737709981462906
random_init_eat_seed42,4,Aves,Dendrocopos major,11,324.48380280968644,21.059789199581786
random_init_eat_seed42,4,Aves,Sterna paradisaea,5,528.639145910325,15.471203218998808
random_init_eat_seed42,4,Aves,Dryobates pubescens,5,673.3924308610935,9.726599751753891
random_init_eat_seed42,4,Aves,Athene noctua,7,595.6526405807928,13.128029877589379
random_init_eat_seed42,4,Aves,Strix uralensis,5,250.10100989208902,22.757376106157796
random_init_eat_seed42,4,Aves,Calidris alpina,5,596.5607211389901,13.093477724503128
random_init_eat_seed42,4,Aves,Aegolius funereus,5,491.7341939143266,16.621198304188756
random_init_eat_seed42,4,Aves,Strix aluco,7,449.33295299524826,17.851178726960534
random_init_eat_seed42,4,Aves,Tyto alba,5,418.1473356549954,18.70431106433738
random_init_eat_seed42,4,Aves,Bubo virginianus,5,381.2838366134632,19.66509683186445
random_init_eat_seed42,4,Aves,Strix varia,6,613.4157916892578,12.433065153221252
random_init_eat_seed42,4,Mammalia,Delphinus delphis,9,512.6225999062174,15.980517855396238
random_init_eat_seed42,4,Mammalia,Globicephala melaena,8,519.4063828708353,15.766810547161999
random_init_eat_seed42,4,Mammalia,Stenella attenuata,6,584.0180200206457,13.563979357917544
random_init_eat_seed42,4,Mammalia,Sciurus carolinensis,7,400.1282084217824,19.179936174625308
random_init_eat_seed42,4,Mammalia,Stenella coeruleoalba,5,513.0265713764318,15.967900971497293
random_init_eat_seed42,4,Mammalia,Orcinus orca,28,447.9254075620254,17.890629397329267
random_init_eat_seed42,4,Mammalia,Pseudorca crassidens,8,478.13224724626673,17.025424244073868
random_init_eat_seed42,4,Mammalia,Eubalaena glacialis,7,500.92418300532086,16.342399004246303
random_init_eat_seed42,4,Mammalia,Lagenorhynchus acutus,7,511.7755142194675,16.0069660265632
random_init_eat_seed42,4,Mammalia,Megaptera novaeangliae,10,551.1896396126978,14.724494083805626
random_init_eat_seed42,4,Mammalia,Globicephala macrorhynchus,9,493.91114377225205,16.555614522045598
random_init_eat_seed42,4,Mammalia,Canis latrans,6,417.44552807750966,18.72309441289315
random_init_eat_seed42,4,Mammalia,Physeter catodon,8,467.5127986172163,17.33454185830354
random_init_eat_seed42,4,Mammalia,Balaenoptera physalus,12,339.5855243281006,20.698184966457223
random_init_eat_seed42,4,Mammalia,Erignathus barbatus,7,562.9373990603264,14.319930549734728
random_init_eat_seed42,5,Aves,Colaptes auratus,6,584.1800070002141,13.558020091812597
random_init_eat_seed42,5,Aves,Picus viridis,5,389.1623510113659,19.463761678817626
random_init_eat_seed42,5,Aves,Dendrocopos major,11,277.58294208462627,22.145352618092243
random_init_eat_seed42,5,Aves,Sterna paradisaea,5,517.6994977473906,15.820864847836196
random_init_eat_seed42,5,Aves,Dryobates pubescens,5,670.581495592682,9.869980435905873
random_init_eat_seed42,5,Aves,Athene noctua,7,585.933152857788,13.493131495619425
random_init_eat_seed42,5,Aves,Strix uralensis,5,212.66494088687847,23.565584890302947
random_init_eat_seed42,5,Aves,Calidris alpina,5,566.9136505337079,14.180442096384283
random_init_eat_seed42,5,Aves,Aegolius funereus,5,474.35183922068694,17.136155242634775
random_init_eat_seed42,5,Aves,Strix aluco,7,434.2459346600196,18.26895617443216
random_init_eat_seed42,5,Aves,Tyto alba,5,433.41909285978005,18.291520851787382
random_init_eat_seed42,5,Aves,Bubo virginianus,5,398.57010738972133,19.22049975482193
random_init_eat_seed42,5,Aves,Strix varia,6,614.9082012413419,12.372998269345738
random_init_eat_seed42,5,Mammalia,Delphinus delphis,9,472.2132704800326,17.198415616651737
random_init_eat_seed42,5,Mammalia,Globicephala melaena,8,477.9334368486902,17.031291397192277
random_init_eat_seed42,5,Mammalia,Stenella attenuata,6,558.9142612011459,14.459768688018023
random_init_eat_seed42,5,Mammalia,Sciurus carolinensis,7,376.05157850149686,19.797667816025516
random_init_eat_seed42,5,Mammalia,Stenella coeruleoalba,5,472.2191158767538,17.19824041386809
random_init_eat_seed42,5,Mammalia,Orcinus orca,28,424.4350112246902,18.53546387367504
random_init_eat_seed42,5,Mammalia,Pseudorca crassidens,8,445.9199201905518,17.94660055568984
random_init_eat_seed42,5,Mammalia,Eubalaena glacialis,7,464.52752211372143,17.42040470938716
random_init_eat_seed42,5,Mammalia,Lagenorhynchus acutus,7,467.80164694650483,17.326209393867146
random_init_eat_seed42,5,Mammalia,Megaptera novaeangliae,10,512.3330699104686,15.989550955129573
random_init_eat_seed42,5,Mammalia,Globicephala macrorhynchus,9,446.28103232553616,17.936505566183435
random_init_eat_seed42,5,Mammalia,Canis latrans,6,413.624878882385,18.82485099030621
random_init_eat_seed42,5,Mammalia,Physeter catodon,8,423.73543617124443,18.55432079094486
random_init_eat_seed42,5,Mammalia,Balaenoptera physalus,12,349.2729811191921,20.46280119799498
random_init_eat_seed42,5,Mammalia,Erignathus barbatus,7,535.5240223186765,15.247065835937828
random_init_eat_seed42,6,Aves,Colaptes auratus,6,570.6786021058995,14.047041637569746
random_init_eat_seed42,6,Aves,Picus viridis,5,357.990314405715,20.248654881046615
random_init_eat_seed42,6,Aves,Dendrocopos major,11,266.989533296765,22.383245205912022
random_init_eat_seed42,6,Aves,Sterna paradisaea,5,562.7059131025475,14.32805513334098
random_init_eat_seed42,6,Aves,Dryobates pubescens,5,668.2622569534035,9.986862598262922
random_init_eat_seed42,6,Aves,Athene noctua,7,557.5113097388394,14.508127112010685
random_init_eat_seed42,6,Aves,Strix uralensis,5,203.57661662577652,23.757564447229964
random_init_eat_seed42,6,Aves,Calidris alpina,5,562.6597369826569,14.329696895325585
random_init_eat_seed42,6,Aves,Aegolius funereus,5,501.22795485384233,16.333110783015638
random_init_eat_seed42,6,Aves,Strix aluco,7,395.39380658701975,19.30296630089894
random_init_eat_seed42,6,Aves,Tyto alba,5,449.62494154406323,17.84303171522264
random_init_eat_seed42,6,Aves,Bubo virginianus,5,411.8793042187956,18.871118508382864
random_init_eat_seed42,6,Aves,Strix varia,6,620.1213362839216,12.16045753940751
random_init_eat_seed42,6,Mammalia,Delphinus delphis,9,441.0609854898033,18.081427003403828
random_init_eat_seed42,6,Mammalia,Globicephala melaena,8,442.2407632491828,18.048776265627254
random_init_eat_seed42,6,Mammalia,Stenella attenuata,6,529.7413891462602,15.43565758505385
random_init_eat_seed42,6,Mammalia,Sciurus carolinensis,7,375.3163070062585,19.816236548068332
random_init_eat_seed42,6,Mammalia,Stenella coeruleoalba,5,434.0460280245223,18.27445211793562
random_init_eat_seed42,6,Mammalia,Orcinus orca,28,392.9223674701333,19.36692222604905
random_init_eat_seed42,6,Mammalia,Pseudorca crassidens,8,437.65786329233595,18.17529343363266
random_init_eat_seed42,6,Mammalia,Eubalaena glacialis,7,428.22553514959026,18.43295298579321
random_init_eat_seed42,6,Mammalia,Lagenorhynchus acutus,7,432.03080186456333,18.329400802560805
random_init_eat_seed42,6,Mammalia,Megaptera novaeangliae,10,486.7757712148501,16.769733223067014
random_init_eat_seed42,6,Mammalia,Globicephala macrorhynchus,9,411.3763153305447,18.884503989881047
random_init_eat_seed42,6,Mammalia,Canis latrans,6,387.9972568862259,19.493654694165038
random_init_eat_seed42,6,Mammalia,Physeter catodon,8,385.13476592556776,19.566937958782457
random_init_eat_seed42,6,Mammalia,Balaenoptera physalus,12,360.14885124269404,20.195311040551147
random_init_eat_seed42,6,Mammalia,Erignathus barbatus,7,516.4970328911774,15.858843048785118
random_init_eat_seed42,7,Aves,Colaptes auratus,6,563.0548587812169,14.315872320308474
random_init_eat_seed42,7,Aves,Picus viridis,5,388.3845213915812,19.48374145588537
random_init_eat_seed42,7,Aves,Dendrocopos major,11,304.3390386989592,21.53274387507277
random_init_eat_seed42,7,Aves,Sterna paradisaea,5,547.1504788685966,14.860985799780464
random_init_eat_seed42,7,Aves,Dryobates pubescens,5,667.3301401502059,10.033391848378109
random_init_eat_seed42,7,Aves,Athene noctua,7,569.9837842242911,14.071791642718892
random_init_eat_seed42,7,Aves,Strix uralensis,5,207.07195568407397,23.68388402845633
random_init_eat_seed42,7,Aves,Calidris alpina,5,547.8906324270604,14.83606125920775
random_init_eat_seed42,7,Aves,Aegolius funereus,5,513.0790408054875,15.966244569250984
random_init_eat_seed42,7,Aves,Strix aluco,7,429.9693504645296,18.38559510896755
random_init_eat_seed42,7,Aves,Tyto alba,5,457.92796273613044,17.608856214826407
random_init_eat_seed42,7,Aves,Bubo virginianus,5,413.31661243984513,18.833061559830423
random_init_eat_seed42,7,Aves,Strix varia,6,616.6164525293755,12.303821601151864
random_init_eat_seed42,7,Mammalia,Delphinus delphis,9,402.8708429703999,19.108363768839595
random_init_eat_seed42,7,Mammalia,Globicephala melaena,8,400.61613533286624,19.16724497129309
random_init_eat_seed42,7,Mammalia,Stenella attenuata,6,504.138376758553,16.2437339611029
random_init_eat_seed42,7,Mammalia,Sciurus carolinensis,7,362.4961636910097,20.13713541864865
random_init_eat_seed42,7,Mammalia,Stenella coeruleoalba,5,397.54687886582315,19.247108715206256
random_init_eat_seed42,7,Mammalia,Orcinus orca,28,365.1045810239939,20.072258361461547
random_init_eat_seed42,7,Mammalia,Pseudorca crassidens,8,410.1505788670486,18.916895728810026
random_init_eat_seed42,7,Mammalia,Eubalaena glacialis,7,398.5296977926173,19.2215648940704
random_init_eat_seed42,7,Mammalia,Lagenorhynchus acutus,7,389.26586163165297,19.461080472431767
random_init_eat_seed42,7,Mammalia,Megaptera novaeangliae,10,449.51479095517885,17.84612464717759
random_init_eat_seed42,7,Mammalia,Globicephala macrorhynchus,9,370.1056729005388,19.947271792994034
random_init_eat_seed42,7,Mammalia,Canis latrans,6,405.77687903660365,19.03213483312987
random_init_eat_seed42,7,Mammalia,Physeter catodon,8,349.71777404820443,20.45194906699441
random_init_eat_seed42,7,Mammalia,Balaenoptera physalus,12,363.78808265479245,20.105016065423165
random_init_eat_seed42,7,Mammalia,Erignathus barbatus,7,476.79733577088604,17.06458855700098
random_init_eat_seed42,8,Aves,Colaptes auratus,6,553.1557521143789,14.657567040406438
random_init_eat_seed42,8,Aves,Picus viridis,5,406.62745407789726,19.00976734738944
random_init_eat_seed42,8,Aves,Dendrocopos major,11,280.04753248610007,22.089654835461474
random_init_eat_seed42,8,Aves,Sterna paradisaea,5,514.3627008673338,15.926038385836208
random_init_eat_seed42,8,Aves,Dryobates pubescens,5,644.6869328052319,11.104639561241171
random_init_eat_seed42,8,Aves,Athene noctua,7,558.217564806704,14.48381962181438
random_init_eat_seed42,8,Aves,Strix uralensis,5,193.54813441435118,23.967751570722392
random_init_eat_seed42,8,Aves,Calidris alpina,5,559.02948379879,14.455735854747385
random_init_eat_seed42,8,Aves,Aegolius funereus,5,501.89973261253436,16.312568663709346
random_init_eat_seed42,8,Aves,Strix aluco,7,410.773025446217,18.90040209613581
random_init_eat_seed42,8,Aves,Tyto alba,5,493.5145784664539,16.567612828828537
random_init_eat_seed42,8,Aves,Bubo virginianus,5,397.6033655137543,19.245689258476506
random_init_eat_seed42,8,Aves,Strix varia,6,612.9057115444415,12.453705281660591
random_init_eat_seed42,8,Mammalia,Delphinus delphis,9,367.37274262680137,20.01569611972011
random_init_eat_seed42,8,Mammalia,Globicephala melaena,8,365.00096139851854,20.07479287811712
random_init_eat_seed42,8,Mammalia,Stenella attenuata,6,472.0373637942702,17.203533841235288
random_init_eat_seed42,8,Mammalia,Sciurus carolinensis,7,365.6903071598871,20.057587507986646
random_init_eat_seed42,8,Mammalia,Stenella coeruleoalba,5,353.5931393861551,20.35698581500164
random_init_eat_seed42,8,Mammalia,Orcinus orca,28,338.1698966060855,20.73231400420942
random_init_eat_seed42,8,Mammalia,Pseudorca crassidens,8,373.5510319224943,19.860672617070364
random_init_eat_seed42,8,Mammalia,Eubalaena glacialis,7,358.2070658488002,20.243338154559535
random_init_eat_seed42,8,Mammalia,Lagenorhynchus acutus,7,351.5815451821569,20.406347817893412
random_init_eat_seed42,8,Mammalia,Megaptera novaeangliae,10,420.0867065963133,18.652406839288997
random_init_eat_seed42,8,Mammalia,Globicephala macrorhynchus,9,338.86059778580795,20.715662454682143
random_init_eat_seed42,8,Mammalia,Canis latrans,6,385.6793745656724,19.55301859789407
random_init_eat_seed42,8,Mammalia,Physeter catodon,8,315.1499872246961,21.280241777476526
random_init_eat_seed42,8,Mammalia,Balaenoptera physalus,12,363.7513889513322,20.10593263913972
random_init_eat_seed42,8,Mammalia,Erignathus barbatus,7,448.39290808877456,17.87752039160442
random_init_eat_seed42,9,Aves,Colaptes auratus,6,551.7141733339896,14.706540204290572
random_init_eat_seed42,9,Aves,Picus viridis,5,417.10050697264705,18.732290352597182
random_init_eat_seed42,9,Aves,Dendrocopos major,11,274.6300940507643,22.211912991623525
random_init_eat_seed42,9,Aves,Sterna paradisaea,5,497.570804960774,16.444701804604502
random_init_eat_seed42,9,Aves,Dryobates pubescens,5,640.9627675013838,11.271088138081563
random_init_eat_seed42,9,Aves,Athene noctua,7,544.1430766117026,14.961814493057613
random_init_eat_seed42,9,Aves,Strix uralensis,5,170.90208631366357,24.435600990418884
random_init_eat_seed42,9,Aves,Calidris alpina,5,553.2324287978632,14.654822765896876
random_init_eat_seed42,9,Aves,Aegolius funereus,5,485.1702938098757,16.817453823989993
random_init_eat_seed42,9,Aves,Strix aluco,7,412.70559061749196,18.849248841427457
random_init_eat_seed42,9,Aves,Tyto alba,5,458.4522700527639,17.59389813334736
random_init_eat_seed42,9,Aves,Bubo virginianus,5,409.0896920499801,18.944971892374106
random_init_eat_seed42,9,Aves,Strix varia,6,624.4098422074593,11.982845386178152
random_init_eat_seed42,9,Mammalia,Delphinus delphis,9,335.3764743171099,20.799581211194038
random_init_eat_seed42,9,Mammalia,Globicephala melaena,8,332.0232094343516,20.880055751052872
random_init_eat_seed42,9,Mammalia,Stenella attenuata,6,458.18217758706055,17.60161046477144
random_init_eat_seed42,9,Mammalia,Sciurus carolinensis,7,353.16339937932474,20.367550793608626
random_init_eat_seed42,9,Mammalia,Stenella coeruleoalba,5,326.9927169688065,21.00012883751958
random_init_eat_seed42,9,Mammalia,Orcinus orca,28,316.7694887052613,21.242176249325812
random_init_eat_seed42,9,Mammalia,Pseudorca crassidens,8,349.86721950858293,20.448278453136815
random_init_eat_seed42,9,Mammalia,Eubalaena glacialis,7,321.0347131223292,21.141524809016353
random_init_eat_seed42,9,Mammalia,Lagenorhynchus acutus,7,319.5400826795321,21.176898268813414
random_init_eat_seed42,9,Mammalia,Megaptera novaeangliae,10,389.61549851854846,19.452141413054957
random_init_eat_seed42,9,Mammalia,Globicephala macrorhynchus,9,300.6796608478917,21.617573064254028
random_init_eat_seed42,9,Mammalia,Canis latrans,6,381.1243515412469,19.669150982550573
random_init_eat_seed42,9,Mammalia,Physeter catodon,8,283.97658521625374,22.000466873651046
random_init_eat_seed42,9,Mammalia,Balaenoptera physalus,12,381.92487178124793,19.648790810752324
random_init_eat_seed42,9,Mammalia,Erignathus barbatus,7,413.31814930242285,18.833011787204484
random_init_eat_seed42,10,Aves,Colaptes auratus,6,537.5674116265826,15.18001229447507
random_init_eat_seed42,10,Aves,Picus viridis,5,411.7806917491291,18.873759145288854
random_init_eat_seed42,10,Aves,Dendrocopos major,11,272.6152292521596,22.25719072338086
random_init_eat_seed42,10,Aves,Sterna paradisaea,5,508.6374190630014,16.104725917557808
random_init_eat_seed42,10,Aves,Dryobates pubescens,5,641.1951610687379,11.26079440796572
random_init_eat_seed42,10,Aves,Athene noctua,7,534.9448507143046,15.2661018769391
random_init_eat_seed42,10,Aves,Strix uralensis,5,157.2031085199365,24.71421294040185
random_init_eat_seed42,10,Aves,Calidris alpina,5,532.9328096202607,15.331795202302906
random_init_eat_seed42,10,Aves,Aegolius funereus,5,535.8606257065951,15.236029425813031
random_init_eat_seed42,10,Aves,Strix aluco,7,396.55910170217743,19.272761444154423
random_init_eat_seed42,10,Aves,Tyto alba,5,483.52251851918305,16.866444260715895
random_init_eat_seed42,10,Aves,Bubo virginianus,5,408.85529112858126,18.95107785933155
random_init_eat_seed42,10,Aves,Strix varia,6,621.6079878442321,12.09924216797066
random_init_eat_seed42,10,Mammalia,Delphinus delphis,9,304.0473813379727,21.539548432201915
random_init_eat_seed42,10,Mammalia,Globicephala melaena,8,302.32605536966173,21.57945974098553
random_init_eat_seed42,10,Mammalia,Stenella attenuata,6,442.6948265477902,18.036222860340516
random_init_eat_seed42,10,Mammalia,Sciurus carolinensis,7,352.49292027123465,20.384021209788074
random_init_eat_seed42,10,Mammalia,Stenella coeruleoalba,5,296.15688398368206,21.72202869655747
random_init_eat_seed42,10,Mammalia,Orcinus orca,28,301.0300579785964,21.609461144258873
random_init_eat_seed42,10,Mammalia,Pseudorca crassidens,8,337.1258637324167,20.757515768593453
random_init_eat_seed42,10,Mammalia,Eubalaena glacialis,7,293.4033697857158,21.78519814541362
random_init_eat_seed42,10,Mammalia,Lagenorhynchus acutus,7,287.5204691344179,21.91986060059315
random_init_eat_seed42,10,Mammalia,Megaptera novaeangliae,10,362.5953355079668,20.134657994789226
random_init_eat_seed42,10,Mammalia,Globicephala macrorhynchus,9,272.3860904871784,22.26239568962714
random_init_eat_seed42,10,Mammalia,Canis latrans,6,382.9550676772321,19.622550869934415
random_init_eat_seed42,10,Mammalia,Physeter catodon,8,253.6578414196937,22.67910626778194
random_init_eat_seed42,10,Mammalia,Balaenoptera physalus,12,396.7204437350719,19.268581670721915
random_init_eat_seed42,10,Mammalia,Erignathus barbatus,7,393.5937117667496,19.34958164562341
random_init_eat_seed42,11,Aves,Colaptes auratus,6,517.6214535089431,15.823360327998712
random_init_eat_seed42,11,Aves,Picus viridis,5,441.97390285057236,18.05619222874535
random_init_eat_seed42,11,Aves,Dendrocopos major,11,265.46699502154536,22.417243035854206
random_init_eat_seed42,11,Aves,Sterna paradisaea,5,507.43596938176813,16.142001361230683
random_init_eat_seed42,11,Aves,Dryobates pubescens,5,633.4676299852069,11.598839310307715
random_init_eat_seed42,11,Aves,Athene noctua,7,517.3064222575583,15.83327604482343
random_init_eat_seed42,11,Aves,Strix uralensis,5,147.71536271943617,24.905488722622767
random_init_eat_seed42,11,Aves,Calidris alpina,5,528.8149872404241,15.46564395217371
random_init_eat_seed42,11,Aves,Aegolius funereus,5,502.53934208053244,16.292995738936796
random_init_eat_seed42,11,Aves,Strix aluco,7,382.4197974179428,19.636177005710397
random_init_eat_seed42,11,Aves,Tyto alba,5,491.48395343468246,16.628649357626507
random_init_eat_seed42,11,Aves,Bubo virginianus,5,427.6676524145313,18.44807496669119
random_init_eat_seed42,11,Aves,Strix varia,6,606.8246793835394,12.695443249236675
random_init_eat_seed42,11,Mammalia,Delphinus delphis,9,266.9115509284482,22.384973682820146
random_init_eat_seed42,11,Mammalia,Globicephala melaena,8,266.9216011816627,22.384761450031448
random_init_eat_seed42,11,Mammalia,Stenella attenuata,6,418.5644772409616,18.693168897707213
random_init_eat_seed42,11,Mammalia,Sciurus carolinensis,7,353.619549770003,20.35629524824153
random_init_eat_seed42,11,Mammalia,Stenella coeruleoalba,5,265.1430223529686,22.424470846111312
random_init_eat_seed42,11,Mammalia,Orcinus orca,28,277.5021583070769,22.147169575542637
random_init_eat_seed42,11,Mammalia,Pseudorca crassidens,8,303.6075589864153,21.549786043687426
random_init_eat_seed42,11,Mammalia,Eubalaena glacialis,7,263.1312651198636,22.469267580713453
random_init_eat_seed42,11,Mammalia,Lagenorhynchus acutus,7,253.55207000785566,22.681451371487256
random_init_eat_seed42,11,Mammalia,Megaptera novaeangliae,10,327.7220966170026,20.982814155822577
random_init_eat_seed42,11,Mammalia,Globicephala macrorhynchus,9,234.68884232120848,23.0935485851663
random_init_eat_seed42,11,Mammalia,Canis latrans,6,381.7396298623314,19.653502843661766
random_init_eat_seed42,11,Mammalia,Physeter catodon,8,223.4782750664754,23.3349613141466
random_init_eat_seed42,11,Mammalia,Balaenoptera physalus,12,391.5585714702135,19.40209352485551
random_init_eat_seed42,11,Mammalia,Erignathus barbatus,7,363.18096031812973,20.120099857244636
random_init_eat_seed42,12,Aves,Colaptes auratus,6,538.5239071466755,15.148388776356434
random_init_eat_seed42,12,Aves,Picus viridis,5,443.3557977788528,18.0179247551737
random_init_eat_seed42,12,Aves,Dendrocopos major,11,260.4790601426308,22.52820717208316
random_init_eat_seed42,12,Aves,Sterna paradisaea,5,503.96410962281954,16.24916951785684
random_init_eat_seed42,12,Aves,Dryobates pubescens,5,627.5321928476471,11.851926897037966
random_init_eat_seed42,12,Aves,Athene noctua,7,521.1832241714784,15.710422341976567
random_init_eat_seed42,12,Aves,Strix uralensis,5,155.46328546752886,24.749447877664267
random_init_eat_seed42,12,Aves,Calidris alpina,5,522.9754232646872,15.653258027514548
random_init_eat_seed42,12,Aves,Aegolius funereus,5,515.0917545855865,15.903043701520374
random_init_eat_seed42,12,Aves,Strix aluco,7,403.8620818413636,19.082384735899073
random_init_eat_seed42,12,Aves,Tyto alba,5,488.36521426688506,16.722234255568367
random_init_eat_seed42,12,Aves,Bubo virginianus,5,403.8641465195012,19.082388080661346
random_init_eat_seed42,12,Aves,Strix varia,6,616.60057054146,12.304322396595005
random_init_eat_seed42,12,Mammalia,Delphinus delphis,9,248.1071426569831,22.801150994831065
random_init_eat_seed42,12,Mammalia,Globicephala melaena,8,244.94598586239962,22.870387343440992
random_init_eat_seed42,12,Mammalia,Stenella attenuata,6,403.3047169400633,19.09694080645682
random_init_eat_seed42,12,Mammalia,Sciurus carolinensis,7,340.12787679977305,20.68500011629882
random_init_eat_seed42,12,Mammalia,Stenella coeruleoalba,5,240.64813677707076,22.964178181719735
random_init_eat_seed42,12,Mammalia,Orcinus orca,28,258.7437976229137,22.56670991602654
random_init_eat_seed42,12,Mammalia,Pseudorca crassidens,8,299.4130361137346,21.646827441378708
random_init_eat_seed42,12,Mammalia,Eubalaena glacialis,7,244.17485702851778,22.887202997978164
random_init_eat_seed42,12,Mammalia,Lagenorhynchus acutus,7,230.92337645485506,23.174881787421235
random_init_eat_seed42,12,Mammalia,Megaptera novaeangliae,10,310.30444117574604,21.39380140610954
random_init_eat_seed42,12,Mammalia,Globicephala macrorhynchus,9,215.3499289681866,23.50852140500856
random_init_eat_seed42,12,Mammalia,Canis latrans,6,367.7391528783689,20.006507223048317
random_init_eat_seed42,12,Mammalia,Physeter catodon,8,201.6467659646195,23.7981656453978
random_init_eat_seed42,12,Mammalia,Balaenoptera physalus,12,414.7638723041249,18.79457269010225
random_init_eat_seed42,12,Mammalia,Erignathus barbatus,7,342.5957411874603,20.625298623972252
