cos_class_aves_vs_mammalia,cos_order_passer_vs_other_aves,abs_cos_veitch_class_vs_passer_subord,species_separability_ratio,species_n_with_data,top1_share,top10_share,mean_l2_norm,model,layer_idx,bootstrap,seed
0.7218719262961918,0.8827982587990764,0.04478609259145796,0.07016735153122784,28,0.044704801218135,0.2743720071118665,8.257676051863065,eat_all,5,0,47
0.6951203476821137,0.9467239272133587,0.05234799508299131,0.07229304807757472,28,0.04406953443007457,0.2727536989760752,8.257022298787605,eat_all,5,1,1047
0.717994486242868,0.9215268336687605,0.03965361737457458,0.07499473808240126,28,0.04416237616917301,0.2760199624925285,8.260577257375637,eat_all,5,2,2047
0.722951685969311,0.9487291169516914,0.044352028345436445,0.07548335980816388,28,0.04417114814401037,0.2742851218907861,8.25779123850784,eat_all,5,3,3047
0.7432897562956313,0.9335278849610893,0.09948265774376665,0.07664332138310267,28,0.04440315234559949,0.2759654486407922,8.260519569076848,eat_all,5,4,4047
0.7257413165859534,0.9237617077408455,0.14682416947355614,0.07450920544469522,28,0.04366522108635414,0.276200451607593,8.254878083693821,eat_all,5,5,5047
0.7445614781199646,0.9195224700726865,0.048326584368486,0.07102667441098974,28,0.04292219822553262,0.27537106485218127,8.260725430300955,eat_all,5,6,6047
0.6996866828634085,0.9076916156905511,0.014854685470484926,0.06972487499689346,28,0.04396732322907844,0.2733474624877608,8.257665108563247,eat_all,5,7,7047
0.706247104121943,0.951831131032787,0.10518899255399118,0.07235974841141335,28,0.04472447568269095,0.27693848408669736,8.258646176553636,eat_all,5,8,8047
0.6948472720661539,0.8693695331781145,0.07281168893675437,0.075460903513279,28,0.044525967457685396,0.27394377706654516,8.25959793861655,eat_all,5,9,9047
0.7058137696125932,0.9064364958413819,0.061480741631255616,0.07274462707438605,28,0.04426572731921566,0.2743549915669863,8.258655692461994,eat_all,5,10,10047
0.7253373867810946,0.9372450648613591,0.07640271839096342,0.07076685457824636,28,0.04351463024079318,0.2730150067818287,8.257502913986805,eat_all,5,11,11047
0.7168719397168303,0.9370773525824753,0.1701548397882516,0.08604978421115667,28,0.043519082847754874,0.27269340982999474,8.261544350479806,eat_all,5,12,12047
0.7196261523128091,0.9118778547193793,0.11862450055935199,0.07709570692804188,28,0.04445907088919173,0.27351214618836195,8.258661891968698,eat_all,5,13,13047
0.7104911496005883,0.9526860783083324,0.10739834168020383,0.06836895888827713,28,0.04353548978808498,0.2752138704773003,8.256154181251702,eat_all,5,14,14047
0.7098850748508057,0.9538820658863644,0.07271020309029122,0.06811866329362183,28,0.043160342181191746,0.2746442416650899,8.25887223619574,eat_all,5,15,15047
0.7279254766427652,0.8867395360105361,0.0025889679527627994,0.07413058094003062,28,0.04375518648733279,0.2763791404583626,8.258709584996193,eat_all,5,16,16047
0.6870985504008206,0.893827348963226,0.030235579261042676,0.07211244609775799,28,0.04291909244042956,0.27387501644969636,8.257722956805754,eat_all,5,17,17047
0.7283890093036698,0.9288100471925513,0.2662240810575771,0.06874590951709654,28,0.04425772664797281,0.2741343491525759,8.259717043556016,eat_all,5,18,18047
0.6743653690228232,0.9588803817302051,0.08098716157442863,0.07572893694120388,28,0.043567747592471576,0.27344600093228494,8.259072218637089,eat_all,5,19,19047
0.710405502105966,0.9334120343428134,0.09100174458350388,0.07255248828378039,27,0.04408226664585467,0.2744438166018907,8.255683488431421,eat_all,5,20,20047
0.7210669659052297,0.9385111135660804,0.03858188286185069,0.07111462099812618,28,0.044395283347647634,0.2761437240836007,8.25844155823602,eat_all,5,21,21047
0.6946226139426381,0.9390502095754416,0.12558291078270384,0.0766407066481063,28,0.043018971216748046,0.27149525457210477,8.25515799696604,eat_all,5,22,22047
0.7291958890123166,0.9110602586968815,0.07908857890708773,0.07094261773421782,28,0.04449656773671151,0.27397505534378086,8.255594727209784,eat_all,5,23,23047
0.719727605545638,0.8913441771324934,0.11163346904475037,0.07858033848100122,28,0.044089582118416994,0.2738100248245186,8.257958800908268,eat_all,5,24,24047
0.6810308943268674,0.9513335676454103,0.00028519662892253367,0.07265116807025979,28,0.04311979246905323,0.2757986449994929,8.255289013392122,eat_all,5,25,25047
0.720747875801752,0.9556538741986571,0.18226615619177874,0.07630544784874493,27,0.04429575539321479,0.27561785111859294,8.257597333153909,eat_all,5,26,26047
0.6864586748470947,0.936709717509675,0.10981464776768034,0.07122464158877713,28,0.042845428734299536,0.2755248862924423,8.260618140635001,eat_all,5,27,27047
0.7427784515449616,0.9501448000905925,0.00033764074732132803,0.07453959777539657,28,0.04455178709783663,0.27391143879444,8.260736164528119,eat_all,5,28,28047
0.6974728054961934,0.8744178194690907,0.025173828132831626,0.07325179454008461,28,0.044032364139571456,0.27474047544812674,8.256302604900975,eat_all,5,29,29047
0.5860212294672806,0.8989687509116322,0.14726557977010482,0.09012174581396203,28,0.038557597837993916,0.2371187758047431,9.14553094213592,eat_all,7,0,49
0.5741795332001266,0.8999530470703322,0.015904770142539663,0.08890634684450474,28,0.038426143247777246,0.23702616119079126,9.145851478399477,eat_all,7,1,1049
0.5541833414674955,0.8843071727409273,0.05335329611585919,0.09206141437380819,28,0.03844550183492662,0.23266943498185347,9.148072652099032,eat_all,7,2,2049
0.5848706666273997,0.9118258883134764,0.12012896759127772,0.0899430399889784,28,0.038743622499947755,0.23542183417281898,9.146917288754842,eat_all,7,3,3049
0.5480748773553666,0.9026006704953395,0.09975815555041641,0.09898668456301661,28,0.038350667503393235,0.23646560921327178,9.148250634115193,eat_all,7,4,4049
0.5798719739311827,0.8970203706472759,0.02034606934094094,0.087994892213369,28,0.038947445579263024,0.2355250075181444,9.145871998518015,eat_all,7,5,5049
0.5969135477355041,0.896431492515878,0.0016233982905967262,0.08742517392791785,28,0.03857604359030526,0.23852650985527785,9.146574866124418,eat_all,7,6,6049
0.5640856573588541,0.8521758689033907,0.18617894820625916,0.09239732210916689,28,0.03850132424398292,0.23769084699991622,9.14244632223062,eat_all,7,7,7049
0.5634768635427204,0.8465527495798447,0.09009244074811062,0.09188027891156418,28,0.038041980698932255,0.2353171061886836,9.147877564475525,eat_all,7,8,8049
0.5569794690288452,0.8649234954847358,0.019823497687273067,0.0940019754546923,28,0.03897263674020364,0.2366959618567465,9.144727214842806,eat_all,7,9,9049
0.5772450364773049,0.869162662986127,0.10455139779874416,0.09279302129165955,28,0.03885698665960601,0.23521488387085693,9.147118991125966,eat_all,7,10,10049
0.5917450244951632,0.8566528891165983,0.053623002779895894,0.08650135598384735,28,0.03737694943925957,0.23145698366837328,9.153176409855115,eat_all,7,11,11049
0.5977557298295979,0.8401353756563189,0.09105291784664862,0.09817929838957494,28,0.037743025581210794,0.23517692637067641,9.14539233487899,eat_all,7,12,12049
0.582869803159052,0.8513264011974206,0.013221576694105406,0.09347577052825462,28,0.03918718294188387,0.23707224479908262,9.144744310444391,eat_all,7,13,13049
0.5681662767121441,0.8564655405105237,0.002919266335316475,0.09052279398400523,28,0.03777660246466927,0.23482924881145684,9.149419748733527,eat_all,7,14,14049
0.5738375730015611,0.8739989240409398,0.034092748635891304,0.09896861909242252,28,0.03887398562905937,0.23714145342136628,9.147251062952316,eat_all,7,15,15049
0.5829184848750636,0.8864643140268134,0.0641954290653554,0.08682266225248626,28,0.03816147129727591,0.23625224315393267,9.148228296833498,eat_all,7,16,16049
0.566438750340644,0.8743310672492045,0.12708493868289839,0.0877370697297515,27,0.038682366107529245,0.23619491721096972,9.146480089123008,eat_all,7,17,17049
0.5569052680372021,0.8519019466475684,0.04254440518940931,0.09208161186980135,28,0.03873579140435393,0.23386338724629346,9.146122480121418,eat_all,7,18,18049
0.5526400142139166,0.9116657224498687,0.1716284410135245,0.09196457173638438,28,0.03837612761137593,0.23514766862574127,9.146725604755494,eat_all,7,19,19049
0.536664630690014,0.8985742701726549,0.07731057080019431,0.09457951740478177,28,0.03820679676045805,0.23403453876975153,9.150536505563712,eat_all,7,20,20049
0.5872611290308661,0.8923055848522754,0.04534617746083767,0.09175426513304265,28,0.037833420236415685,0.2350431771854855,9.148567980280628,eat_all,7,21,21049
0.6017220759129571,0.9126942004481107,0.0377062383548294,0.08997912541819784,28,0.038832750268168896,0.23384426202762806,9.148326214396036,eat_all,7,22,22049
0.5631102184684382,0.8838148903754988,0.030928456475396042,0.09638735427171416,28,0.038498575689539904,0.23604392405366392,9.148004953486375,eat_all,7,23,23049
0.5694910831588473,0.9139633157266589,0.07037732149172095,0.09511335814715635,28,0.03847303312262117,0.23739509114075444,9.146620428098062,eat_all,7,24,24049
0.5826763549329355,0.8465419307730345,0.02282859323684212,0.08458705647411525,28,0.03838889586036169,0.2374269924658473,9.14743665632972,eat_all,7,25,25049
0.5416537109237952,0.874275475280348,0.1679065923231425,0.09186997672015444,28,0.03758898865085942,0.23293174198558095,9.149707598921813,eat_all,7,26,26049
0.5624699321623686,0.8571447201587914,0.06839454490395576,0.09846417479768348,28,0.038950801592711276,0.23477795398261248,9.148434775639291,eat_all,7,27,27049
0.5877849009639482,0.8430446660671421,0.018134597286398987,0.08799635644095513,28,0.03846640602126123,0.23752930038300904,9.145102680807538,eat_all,7,28,28049
0.5855490093679773,0.8887645230980572,0.012729635934292242,0.09692203045248676,28,0.03788719305661207,0.2339720295729743,9.1464859400376,eat_all,7,29,29049
0.6135971505445303,0.9246870192804467,0.04809011848817514,0.08090494988315478,28,0.04845794941383953,0.28815943604945954,7.294308572352689,eat_all,9,0,51
0.6309674602064663,0.9136784383733364,0.1247928562210381,0.07868354646664284,28,0.049393334771605166,0.2887104864679625,7.292466030748557,eat_all,9,1,1051
0.6597492579254073,0.9020265891477589,0.1203348696100163,0.07621747598052626,28,0.04859133583837407,0.28834678832557575,7.295080307064441,eat_all,9,2,2051
0.6602822172399121,0.9285603814952733,0.05673663200885839,0.08855806931051599,28,0.0487378186810907,0.28816584819340313,7.294548230812079,eat_all,9,3,3051
0.658027365332057,0.9130876882593999,0.10234592737766035,0.08196774365142964,28,0.047869118112521584,0.2879093950485748,7.2968135275939465,eat_all,9,4,4051
0.5937440682929871,0.9253855513542459,0.001327990105280815,0.08004228018076677,28,0.04859384713530608,0.2881646641033503,7.293762683381076,eat_all,9,5,5051
0.5992664218700877,0.9320861530202524,0.014106447096676078,0.08358638563457618,28,0.048854063090213416,0.28803000854738553,7.295411901512157,eat_all,9,6,6051
0.6236016716811861,0.8692039227702069,0.11178080003274124,0.07578162770995231,28,0.0484605400872793,0.287495239928985,7.294836885210749,eat_all,9,7,7051
0.6224669993436075,0.895355038150543,0.01766981519071818,0.08652393760646304,28,0.04839919859424893,0.28969871788197077,7.29721420708985,eat_all,9,8,8051
0.5985603485060952,0.8645433430403022,0.07706677045582658,0.07823999561900558,28,0.04854451147777024,0.2865366951671624,7.29720031525017,eat_all,9,9,9051
0.6051567192349261,0.9285511043593925,0.08526341475024661,0.08212835974124719,28,0.04891318028657987,0.2900788504795112,7.289635695701663,eat_all,9,10,10051
0.5720984222411204,0.9190649327596653,0.10497202682839442,0.07648813033786979,28,0.04796196122635498,0.2889747192467708,7.295908148304753,eat_all,9,11,11051
0.6457605789515627,0.8701816949840427,0.19924073568839176,0.07904269277482388,28,0.047915749838750556,0.28845743770017485,7.295613351811142,eat_all,9,12,12051
0.638794202519122,0.8966396421231803,0.03231039076084813,0.08462947603780137,28,0.04788730524740981,0.2875997485008049,7.297808506892773,eat_all,9,13,13051
0.6738708123931267,0.9099382313844371,0.05645133189131176,0.07703749996398823,28,0.04753553784210432,0.2868054824043247,7.296004986790528,eat_all,9,14,14051
0.6328342515306096,0.9000022506499159,0.15611858134864184,0.08204215024473259,28,0.048630434582727866,0.2882446375079437,7.292950721223974,eat_all,9,15,15051
0.656896565958283,0.9184839340243357,0.07271038393273169,0.08574158434011106,28,0.0481173808708062,0.28969321936602405,7.2930052480927845,eat_all,9,16,16051
0.6690487201502848,0.8828307343386352,0.07509488173851041,0.07496350553194168,28,0.048816374401410303,0.2889339179095816,7.290636633505824,eat_all,9,17,17051
0.6743883956447594,0.9096115240174456,0.04740431641441753,0.0816042282292712,28,0.04804286249900498,0.28812828767354776,7.2938567415602185,eat_all,9,18,18051
0.6515788023991397,0.9310894604509266,0.01560232909155885,0.0844132316101525,28,0.047788553402339506,0.28701942281504833,7.296188258415023,eat_all,9,19,19051
0.6108757354101014,0.8808728473914534,0.07862582599436212,0.08129578049208448,28,0.04831094507039118,0.2877594981461479,7.294149612203424,eat_all,9,20,20051
0.6182502923024995,0.9362084738018716,0.07388557411956567,0.0850288668125279,28,0.04912226646716478,0.2880711110225711,7.295073443935334,eat_all,9,21,21051
0.6319308582564572,0.9288300544792193,0.06931169338416811,0.08051629284007145,28,0.04805152860956302,0.2863291192265163,7.297656543700004,eat_all,9,22,22051
0.6005019656551285,0.8325432517563256,0.0837481150469033,0.08435042241052222,28,0.048737617074953145,0.2904512904679966,7.289872979366164,eat_all,9,23,23051
0.5943598354854454,0.908680091054767,0.12052156098637226,0.07560291949911746,28,0.04922552470063346,0.2907012217560087,7.293389947735666,eat_all,9,24,24051
0.6441803177078229,0.9030042120047561,0.07408181282824645,0.08349563185525473,28,0.047801438489116395,0.28805258921169924,7.296980464293051,eat_all,9,25,25051
0.59312059034719,0.8882274774389287,0.19965619326294962,0.07692270065162465,28,0.04909121684032681,0.2907272082710342,7.291363687795731,eat_all,9,26,26051
0.6228879030445204,0.9109758518345407,0.13094039829268378,0.07978903474820832,28,0.049528756972248046,0.2902579526802711,7.292054700766824,eat_all,9,27,27051
0.6754479544066215,0.9180029777186076,0.05169202200017551,0.0805749771006014,28,0.04846960803022545,0.2875224536719577,7.294550967195064,eat_all,9,28,28051
0.6531823652607507,0.9134490971036355,0.1321065949487262,0.08728854062316632,28,0.04947346652559168,0.2900760740780834,7.291190324364164,eat_all,9,29,29051
0.6223665083982587,0.9130977282457444,0.01928474671069674,0.08478654170132971,28,0.053388492973453855,0.2952987026053196,5.723073500094466,eat_all,10,0,52
0.6820238853886866,0.9141409918982009,0.11819703681418116,0.08419058963444112,28,0.053477281371428195,0.2950182147692109,5.723295121197369,eat_all,10,1,1052
0.6760348240456897,0.9232193725558817,0.1351802814734399,0.07689792277174468,28,0.05268387086331242,0.292492719864583,5.724821326013925,eat_all,10,2,2052
0.6460842707565857,0.9065334501740463,0.11258984498420446,0.07853410447876824,28,0.05292325757817131,0.2945130846296049,5.723583462857678,eat_all,10,3,3052
0.6175259379456965,0.9121201529531471,0.0005422513461658155,0.07931264281967443,28,0.05383074958272953,0.2967655399716011,5.723995723908685,eat_all,10,4,4052
0.6701381472915168,0.925381327242493,0.18191853112041462,0.07745208001639343,28,0.05386205190731123,0.29564951486265945,5.7228781964868904,eat_all,10,5,5052
0.6897769782255379,0.9236442859057531,0.04146454724625661,0.08097146967144564,28,0.053259170082213945,0.29527139832543975,5.724213064829394,eat_all,10,6,6052
0.6169400821189978,0.919807028478394,0.10005911044879785,0.07831334438796868,27,0.053155258211232334,0.29549654691271204,5.7236564359633455,eat_all,10,7,7052
0.6791661102008559,0.9082858990997401,0.0699761556774798,0.07559657284825723,28,0.0526926859182052,0.29662945156303877,5.7254572989359644,eat_all,10,8,8052
0.6273165488047804,0.907139095470612,0.06519281753094153,0.08644742643068669,28,0.053394824708932045,0.2964512096450651,5.725766679173301,eat_all,10,9,9052
0.6280933399971669,0.9103004970397096,0.021160257789337344,0.08464974262028688,27,0.05360271204892664,0.29620540418790403,5.72314309439976,eat_all,10,10,10052
0.6115387575009169,0.9180504981037247,0.04120878931919053,0.08059127450437073,28,0.053353200903549135,0.29662246336480785,5.724696420375395,eat_all,10,11,11052
0.64690818804186,0.9007585908156388,0.26612854474218484,0.07736085749559,28,0.05400213626622629,0.2968118924755871,5.725501698711836,eat_all,10,12,12052
0.6134227767061827,0.9044838380634485,0.051790207121571105,0.07838983900826466,28,0.05376573936809622,0.29703178861632723,5.721853278543739,eat_all,10,13,13052
0.6661415116789938,0.9095790495982937,0.1684280856172624,0.07229522329077243,28,0.052505561421676596,0.2955908888740156,5.72451747330658,eat_all,10,14,14052
0.6500214479540939,0.9396745896384392,0.17510556954157086,0.07462633554626082,28,0.05343197842583681,0.29724399969747206,5.722795912713792,eat_all,10,15,15052
0.6243859242058913,0.9232241304198496,0.0708589661517323,0.08063728534808402,28,0.053389647445549686,0.2962769934071305,5.723173306220799,eat_all,10,16,16052
0.6672395969732764,0.8914295081678105,0.11598321382081961,0.07982955506487834,28,0.052874440339864,0.2955628302159962,5.723273556874247,eat_all,10,17,17052
0.6917149317731077,0.9007357320409044,0.09454119722007155,0.08073573456955026,28,0.05347184841031686,0.29371647354378416,5.7224107125199515,eat_all,10,18,18052
0.6563042266560783,0.9248217518607538,0.15737212055156166,0.08567331051692716,28,0.053286792297509065,0.2949077411949836,5.724234292395468,eat_all,10,19,19052
0.611796260384709,0.8970298015440807,0.17196422865369493,0.08267993091647251,28,0.05257018046972162,0.2956194403752811,5.72398172853761,eat_all,10,20,20052
0.6151342379116131,0.9213173389280083,0.018082682924745772,0.08448373195088543,28,0.05327776353258964,0.2961791023166953,5.723071094574133,eat_all,10,21,21052
0.6025460291637164,0.904756923568331,0.05620045088834525,0.08447587819293036,28,0.05314541513355688,0.2977449219691963,5.725572393502031,eat_all,10,22,22052
0.624036721262291,0.9249291385891445,0.017552210010858035,0.08332519323821268,28,0.05333825975944061,0.2950901429585645,5.7249979308338235,eat_all,10,23,23052
0.6186591420602925,0.9440643665211,0.017648076624549914,0.08237515736605852,28,0.05270538692921582,0.2932241135554362,5.725293403953408,eat_all,10,24,24052
0.6345906637868192,0.9295607543373869,0.04512172080382417,0.08375412358971927,28,0.05336206604354603,0.2946866596482731,5.725673144909898,eat_all,10,25,25052
0.6401443677002245,0.9152051651744285,0.03274430172970568,0.07659491211672222,28,0.05221651837058116,0.29202213562989665,5.725363010977575,eat_all,10,26,26052
0.6179504015772065,0.9311194085411992,0.09060413709517083,0.07419518283034669,28,0.05333360829425048,0.29480391889132457,5.7244209798054015,eat_all,10,27,27052
0.6131434345783097,0.9022266519860063,0.10482844344549182,0.07410948737651832,28,0.053296482878748545,0.29358801721043404,5.725306895504283,eat_all,10,28,28052
0.6132072742637299,0.9361738641115336,0.12207065178158652,0.07859646958546944,28,0.05267707401468268,0.2932065842732055,5.725542488765767,eat_all,10,29,29052
0.6610004397625995,0.8818581846367237,0.03727845176890516,0.06531537786602189,28,0.057112246677550646,0.27341727079708794,6.462531247130563,eat_all,11,0,53
0.66070365383,0.8653181287238769,0.053810199963871555,0.06885886013682108,28,0.05624386422386873,0.2719664454909586,6.462278960349242,eat_all,11,1,1053
0.6453819190334675,0.9122690528257426,0.32031732871151186,0.07503767151721537,28,0.057186623301374986,0.2784868365441421,6.461870882882715,eat_all,11,2,2053
0.6794044026311606,0.9196290132571502,0.272743332197136,0.0791874666237755,28,0.05699333989129562,0.27516888424004154,6.462469961693595,eat_all,11,3,3053
0.6711710354177179,0.9198037145887488,0.1337151386596254,0.06531509528483702,28,0.05649162725712229,0.2734783720003664,6.461998149149339,eat_all,11,4,4053
0.6819714958562589,0.9278107750389124,0.26993067038588164,0.06866712805570438,27,0.056585002371084034,0.27539687936499874,6.45999434553519,eat_all,11,5,5053
0.669477505809372,0.8785749128073123,0.2440089566144788,0.07227394797604676,28,0.057145087799195866,0.27665858915036196,6.463094752744006,eat_all,11,6,6053
0.6376083155502308,0.9000381597311801,0.06228664612627231,0.07386832261055334,28,0.057788430321244325,0.2752490499077263,6.4610718213341665,eat_all,11,7,7053
0.636439146840537,0.8646340674767036,0.2935673226324209,0.07308265970622102,27,0.05740126009826091,0.27747551641362683,6.462504726079802,eat_all,11,8,8053
0.6413807868884709,0.8543583347929363,0.1535849366696301,0.06481277961066267,28,0.0571234993217369,0.2736511281605352,6.460486484808111,eat_all,11,9,9053
0.6741642968535987,0.9201818788205817,0.309794730249208,0.07666619731483278,28,0.05705476600081326,0.2751572713486087,6.4616970141557415,eat_all,11,10,10053
0.6607528979678479,0.9057449874651843,0.06618906688806125,0.07075880393193479,28,0.056905873308438076,0.27555801556672804,6.462498581239659,eat_all,11,11,11053
0.6667121327582891,0.8753789619106834,0.03055010217230448,0.0748408486208443,27,0.05639597232104071,0.2759601430522466,6.461466514045223,eat_all,11,12,12053
0.6681957239782716,0.8572722944081412,0.13610601023238733,0.07239802699955625,28,0.058360060522144555,0.2751921698620557,6.462853603705794,eat_all,11,13,13053
0.663560373779912,0.9093762892400873,0.2014089964006562,0.0658537476359817,28,0.057181075826694565,0.2729892113817044,6.461185497940232,eat_all,11,14,14053
0.657804043487788,0.8894458357533702,0.39713496684576727,0.06719793715476569,28,0.05704416620854208,0.27686195392941304,6.461482923788448,eat_all,11,15,15053
0.6934678882297738,0.8947110570116127,0.0522640298843982,0.07327293990746349,28,0.05643543926336626,0.2771604461427583,6.46071663714796,eat_all,11,16,16053
0.6800871334936421,0.8670650473511785,0.08799417633867233,0.07680494233388259,28,0.05641964037555484,0.27405959368645144,6.462353482664377,eat_all,11,17,17053
0.6829576374937016,0.8973343910516487,0.2540045385007142,0.07669697466251721,28,0.057415286473070974,0.2785966464124861,6.460359111314966,eat_all,11,18,18053
0.6543349590230242,0.9124581739902033,0.0069412235098425925,0.07162315830644005,28,0.05748504656803674,0.27486944176652733,6.462377302334595,eat_all,11,19,19053
0.6365831700393141,0.8636327069657689,0.08375602698556202,0.06765950759579048,28,0.057506154986626125,0.27645603766494076,6.460826397435466,eat_all,11,20,20053
0.6434257829697766,0.9065917079751369,0.0819628762425868,0.07227388815921518,28,0.05736733113244293,0.2755313379745752,6.462975989466069,eat_all,11,21,21053
0.6628654893945847,0.8724527289924175,0.21966321656844348,0.06900372304478486,28,0.05745996689057639,0.27913689420389587,6.460754502594391,eat_all,11,22,22053
0.6599050693923413,0.9042104016079872,0.2218297120436849,0.06764075096362149,28,0.05707929550826553,0.2730833611287305,6.459286657592999,eat_all,11,23,23053
0.699063062658069,0.9153389773176308,0.09132432673785354,0.06871744098090882,28,0.05602950135174713,0.27355342648818126,6.459362406078432,eat_all,11,24,24053
0.6811077276445566,0.8523245855823574,0.1738071957317754,0.06878109095886029,28,0.057649579390154526,0.2737881988764032,6.462207103165162,eat_all,11,25,25053
0.6957022718310821,0.8553590115172099,0.1380780228046375,0.07494609482870586,28,0.05756504427727196,0.2780114294707633,6.46095796369335,eat_all,11,26,26053
0.6428946694979332,0.8885582119716281,0.1149228483918716,0.0691516198192726,28,0.057250294191471054,0.2772659679791018,6.463593595999078,eat_all,11,27,27053
0.6604535964089554,0.909230254016339,0.2559776757205942,0.07318592754089474,27,0.056500210269978646,0.27401074084161436,6.462398739997967,eat_all,11,28,28053
0.6487343624086159,0.8812756317946271,0.13465062273959752,0.07385052130814004,28,0.057784675723020484,0.2763419272786741,6.461520454988224,eat_all,11,29,29053
0.7864066620917514,0.9074863798577881,0.6198356789108107,0.05853037428437369,27,0.27969073182942333,0.564986901108076,6.383786930110401,eat_all,12,0,54
0.8117854222301126,0.9221785993779769,0.4640103601545893,0.05466008031199321,28,0.2745063585029948,0.5641874852830249,6.399413065646466,eat_all,12,1,1054
0.8044112324768496,0.888192292616423,0.25644586270760833,0.05116717665372168,28,0.2731548887708851,0.5606550653008061,6.4116092374545754,eat_all,12,2,2054
0.8190178707797798,0.9006909134705918,0.019660253862155405,0.050956754216484115,28,0.2770997404698922,0.563266496850229,6.385168504701397,eat_all,12,3,3054
0.8017516954092077,0.875448970454058,0.47517407067140377,0.05735217896607978,28,0.2739195727998036,0.5618650103925639,6.416961695032216,eat_all,12,4,4054
0.810606271121814,0.8558325049116027,0.35744382396595376,0.05180238009594887,28,0.27832689562686663,0.5634701099996464,6.403558323570819,eat_all,12,5,5054
0.7866756072624399,0.8722386715653279,0.5518236783746995,0.0614128852770908,28,0.2734915553833511,0.5603840345613885,6.40624192657462,eat_all,12,6,6054
0.8132071722179115,0.829316280870821,0.6453274463989768,0.052388137699134925,28,0.2727714234273881,0.5608864297575815,6.417295567581634,eat_all,12,7,7054
0.7887374978274302,0.9048636331499778,0.16180696131905176,0.0540208500171913,28,0.27699535348721877,0.5647597490039307,6.374990299349371,eat_all,12,8,8054
0.7928326185436417,0.9032299591495448,0.038982160457143394,0.05574087534637125,28,0.2768049602826569,0.5621306884506674,6.402268097296516,eat_all,12,9,9054
0.8052010946757624,0.8991992355258394,0.060408900632071855,0.05612836351996207,28,0.2763149487632825,0.5626838198331993,6.386151866769469,eat_all,12,10,10054
0.7820634518640687,0.8500555056194126,0.5971555191747161,0.059173264309470744,28,0.2790641006329668,0.565189085726407,6.411099683834564,eat_all,12,11,11054
0.8092883773039669,0.8825217826305446,0.24171963410092526,0.05120493547377675,28,0.2789827272636382,0.5659111294299617,6.364590951393474,eat_all,12,12,12054
0.7725562064899236,0.8622263081348125,0.28680531291018924,0.0491740218996662,28,0.2766491639062607,0.5627454381459629,6.389802459957739,eat_all,12,13,13054
0.80773370144295,0.8762067147821675,0.1836893648384591,0.05373658964444342,28,0.27648931609649724,0.5645933176277627,6.402127613821686,eat_all,12,14,14054
0.8072307825679198,0.902482988150273,0.21180517107447966,0.04935930233184415,28,0.27234121036030423,0.5607737580507407,6.409331124470194,eat_all,12,15,15054
0.800653957965509,0.9182542957519301,0.10376023994455931,0.05911528464983153,28,0.27748802694835084,0.5657045837396715,6.382373332190857,eat_all,12,16,16054
0.7857556485531265,0.930508157563969,0.24252859847509373,0.05526107096820172,28,0.27381886814861445,0.5605314202217397,6.4145107690869825,eat_all,12,17,17054
0.8223780428044936,0.9060252433191831,0.2910349422106694,0.05579317575503002,28,0.27405617411340205,0.560173349492889,6.442721234591617,eat_all,12,18,18054
0.7894000857411074,0.8808006995551538,0.2472808718674391,0.053496071783733126,28,0.27646604576646916,0.5618410168728333,6.395152862475844,eat_all,12,19,19054
0.7987205907463598,0.9033948021063527,0.11485819071448813,0.0493033563978674,27,0.2728890558867477,0.5624507771199881,6.386672357877138,eat_all,12,20,20054
0.8194702504836217,0.8614864691128336,0.02609321413824576,0.052809311358212964,28,0.2724730929669341,0.5603273561519488,6.42732284763444,eat_all,12,21,21054
0.7748529604500208,0.8773845279306981,0.4648726463091722,0.061284046497507384,28,0.27688836936273437,0.5610750396046751,6.404931773662369,eat_all,12,22,22054
0.8039959529002086,0.896803237841137,0.3070768087545271,0.054033490917832674,28,0.27674944210408575,0.5620411617067409,6.398684458831077,eat_all,12,23,23054
0.8081950619122196,0.8976154565795719,0.09291006306860519,0.05708927449408495,28,0.27895666234245475,0.5661685372947103,6.397461837450199,eat_all,12,24,24054
0.8016034946184648,0.9070978262026337,0.14976818053394905,0.058581315345070946,28,0.2758497504313189,0.5619212969637145,6.403956441376517,eat_all,12,25,25054
0.8028781193034646,0.8922420486988463,0.1764044406495995,0.04736951511983096,28,0.2733631933881999,0.5620255806447179,6.41824595892808,eat_all,12,26,26054
0.8179873247146018,0.9319433739657097,0.1735159853810751,0.05919586986898468,28,0.2746034469314299,0.5621130965377816,6.419794177545549,eat_all,12,27,27054
0.8012874079088086,0.8479449753371974,0.04697790563484229,0.053359614764135775,28,0.27706795480259694,0.5660652474672362,6.388290614796265,eat_all,12,28,28054
0.7541798234974507,0.8691388134879003,0.5235517839119601,0.05178936776867271,28,0.27369172266284364,0.5604774913645726,6.397973241390684,eat_all,12,29,29054
0.7494183757237394,0.925166753237999,0.014891162221874258,0.06518351721203557,28,0.04450353754385334,0.33125934086958286,6.455856840346294,eat_bio,5,0,47
0.7530650349251282,0.9148443122700552,0.05476591808910592,0.0657440214985082,28,0.04473858867347384,0.32997517968985474,6.453918952530638,eat_bio,5,1,1047
0.7420594640106996,0.9630149840083199,0.02917694790774106,0.06871722377144228,28,0.04542913081694575,0.331803020843486,6.458515957729859,eat_bio,5,2,2047
0.7411679011509557,0.954355755861515,0.09331300597942274,0.06886273126280884,28,0.04547949261749025,0.332190896767143,6.455384568255254,eat_bio,5,3,3047
0.7480217385165713,0.8890557766520801,0.14289639914827498,0.0727122951935077,28,0.0457324542822204,0.3314632842055426,6.457251707740145,eat_bio,5,4,4047
0.7348331530868724,0.8966714636518065,0.11889070433343225,0.0668108486677265,28,0.046495203418848,0.33624491672479084,6.455306395298122,eat_bio,5,5,5047
0.7614924817843629,0.9064218730966912,0.14498162552063654,0.06638611038926774,28,0.04622951862396811,0.3316761545321752,6.457123679867947,eat_bio,5,6,6047
0.7457206141327235,0.9226815123892042,0.08317509827446569,0.06529550535346099,28,0.045184793296795416,0.3308584052812507,6.4568631467971045,eat_bio,5,7,7047
0.7308540823277158,0.9435357694593671,0.1604640720051507,0.06725076546410799,28,0.04579129879825881,0.3322359280309804,6.457662156238895,eat_bio,5,8,8047
0.7321783637927404,0.9376675065674286,0.0312835456818905,0.06897662113826254,28,0.04569957363959199,0.33035959795846803,6.458126416992496,eat_bio,5,9,9047
0.7310986170440723,0.9614885151179168,0.027143428042555567,0.06742877739767637,28,0.04519438589232502,0.33120239822774306,6.454777423876013,eat_bio,5,10,10047
0.7666923684666165,0.9550934522263599,0.1301133898385685,0.06617031861690718,28,0.04536725208907445,0.33261274474286107,6.454050858584716,eat_bio,5,11,11047
0.7129143872074845,0.970670874335991,0.15346517526936074,0.07927499392644702,28,0.046139430233837535,0.3305741744867201,6.456595319125462,eat_bio,5,12,12047
0.7424463280852824,0.9329407969679784,0.12881223862245486,0.07478742095958435,28,0.04494969749599145,0.3301717461598571,6.4577805767615795,eat_bio,5,13,13047
0.7458048178451024,0.9406177149353425,0.14485502976387746,0.06256540519162263,28,0.045279075607333706,0.3334767649574665,6.455252723740936,eat_bio,5,14,14047
0.7521052254618363,0.963900733059719,0.1438966336587754,0.06410820052847452,28,0.045950351739162294,0.3314964965116325,6.456927056870659,eat_bio,5,15,15047
0.7398523767914706,0.8764124465263233,0.007285836146917437,0.06976369623695597,28,0.046007667288080305,0.3335873911105014,6.457621600532577,eat_bio,5,16,16047
0.7511587727899921,0.9742588910000795,0.015661012904938446,0.06625471779391696,28,0.04567295119003001,0.3335088594445214,6.455216402026808,eat_bio,5,17,17047
0.7585851465063747,0.9646530565966162,0.28429151746059284,0.06574663546855082,28,0.04557777135145756,0.3319682587162113,6.458387781136152,eat_bio,5,18,18047
0.7423245489681131,0.9671081594420062,0.06723354157086162,0.06812367684670849,28,0.04525334434227261,0.3306833789650503,6.456883805966473,eat_bio,5,19,19047
0.7386175523205166,0.962406812104555,0.07238482186724658,0.06692981349600238,27,0.045638839847065356,0.33434390558607535,6.453286100563397,eat_bio,5,20,20047
0.7359976831524788,0.9579015361361611,0.030131068038425062,0.06316436660112822,28,0.04561715457681447,0.33270237262334074,6.4578973831838855,eat_bio,5,21,21047
0.7281963398240376,0.9562619644189304,0.15765036484321102,0.07050492287249603,28,0.044721038671377,0.33175197137543344,6.453899965356048,eat_bio,5,22,22047
0.7398859967446743,0.9335897219112921,0.11820139185587643,0.06610238808253985,28,0.04544379994052296,0.3320427568399422,6.456726070653706,eat_bio,5,23,23047
0.7570178962645457,0.9094173847587743,0.10147089801830446,0.07416909554271345,28,0.04493047420390404,0.33188843760630476,6.455731086803551,eat_bio,5,24,24047
0.7405864768954609,0.9622653950759206,0.03006734724893661,0.0689188122087661,28,0.04601365249625631,0.33628924298686663,6.454029724586204,eat_bio,5,25,25047
0.7341985788301025,0.9643960052387183,0.1799361650523777,0.07260275367014388,27,0.04577202101541385,0.333259405535623,6.45622242892245,eat_bio,5,26,26047
0.7207347820608898,0.9049803048226899,0.11553300792283781,0.06603103939995551,28,0.0462278725492062,0.3315857322005147,6.457065946758501,eat_bio,5,27,27047
0.762003122761387,0.9437543013342544,0.04967984401533506,0.06928038704411571,28,0.045428911617658864,0.32994387900129396,6.457333636358226,eat_bio,5,28,28047
0.7278869328329696,0.8818467632657747,0.02142811525899013,0.07134113162640121,28,0.045252821281139874,0.33220432352957047,6.455125932420394,eat_bio,5,29,29047
0.6485282315003058,0.9404798496118311,0.20322520654558324,0.08161554107844493,28,0.048303707580537196,0.2954571250275079,6.869629718986558,eat_bio,7,0,49
0.651302117145862,0.9210035011846465,0.04048086777103711,0.0756342624725105,28,0.047902794231486724,0.2935504537190321,6.871679634546833,eat_bio,7,1,1049
0.6414443223470949,0.8552376379043792,0.04387929867774855,0.08230451680793587,28,0.04793936186637415,0.29171524789471825,6.87059699673345,eat_bio,7,2,2049
0.6414850145337991,0.9096887236782493,0.1639298751576295,0.0772957536744438,28,0.047463716476814015,0.29151973298067035,6.8705701436000135,eat_bio,7,3,3049
0.648113084064945,0.9243373211611694,0.1808368923412462,0.0863534095707816,28,0.047424385750417186,0.2933456002514633,6.872737056601172,eat_bio,7,4,4049
0.6794643769526815,0.922347211477202,0.06399996235904754,0.07567244652321875,28,0.047741714415034706,0.2934259718791955,6.872309832465282,eat_bio,7,5,5049
0.6593072714911752,0.8986393080222713,0.01773541935547697,0.07802813587203729,28,0.048665898155710006,0.29406638445319944,6.868156854446188,eat_bio,7,6,6049
0.6270394413375902,0.9009687266741124,0.20918560938938813,0.08172251163367338,28,0.048126976761908954,0.29531863203469566,6.869864418608049,eat_bio,7,7,7049
0.644418928244562,0.9281084861161448,0.13961055630055727,0.08181058692762457,28,0.04787777401497705,0.2908625176581697,6.875273358944873,eat_bio,7,8,8049
0.6187008653644408,0.938301601083165,0.012791494438516127,0.08249157110191577,28,0.048085400829731624,0.2913674799218862,6.870428307867703,eat_bio,7,9,9049
0.6533629051252725,0.8644661858832287,0.15427005578232503,0.08366187512930175,28,0.04776779448522005,0.29260712668933886,6.873322670142379,eat_bio,7,10,10049
0.6454254402462685,0.8965017675022342,0.06496031230276723,0.07493242484258185,28,0.0467892800347961,0.2873257447983562,6.872557291085256,eat_bio,7,11,11049
0.6765775122271599,0.9034123297927007,0.10573941735882927,0.0874364629605035,28,0.04848210536311785,0.2945688164013515,6.8716573076049015,eat_bio,7,12,12049
0.6703859859665924,0.9336219759609319,0.014281176093484773,0.08442844403197301,28,0.04756697052488805,0.29307752309389284,6.868620918758086,eat_bio,7,13,13049
0.6372620118254494,0.9241852376668446,0.022326318192780373,0.07767994235464191,28,0.04726069872206262,0.2907897071770526,6.872864489721384,eat_bio,7,14,14049
0.6157729647260506,0.9111108886537306,0.04898238489530241,0.09075359876176725,28,0.047554624371149566,0.2921904846880848,6.8695714066606,eat_bio,7,15,15049
0.6778732571989339,0.9393708690300437,0.08187995615924762,0.07585955779795803,28,0.04773051560412927,0.29301818483889264,6.867587982458268,eat_bio,7,16,16049
0.6439139086655226,0.8907398103620554,0.14471052676107413,0.07594386512768828,27,0.04780087517496814,0.29282292192871034,6.8649439588964905,eat_bio,7,17,17049
0.6203129951318519,0.9257035602006525,0.0375634780449499,0.07928096405784585,28,0.04724262508232033,0.28986169681646967,6.872383524883985,eat_bio,7,18,18049
0.6133633706577576,0.9318101937581899,0.2560024753018479,0.078541318794974,28,0.048083298878735865,0.2906132591781316,6.869734737706636,eat_bio,7,19,19049
0.6204259735320148,0.905473276368712,0.09131151822390525,0.08438367691339549,28,0.04663643639998986,0.2895831919187976,6.872540001670191,eat_bio,7,20,20049
0.6794328312172753,0.881338992715199,0.0783489599772802,0.07891916842355468,28,0.04742095826059968,0.29143370750267666,6.871781637592846,eat_bio,7,21,21049
0.6371635392787305,0.9282401119327612,0.026162913471068392,0.07842277602719454,28,0.04743745304703508,0.29012626520859264,6.870284249747049,eat_bio,7,22,22049
0.6219333880424808,0.9063583639404337,0.020701569172545297,0.08741639868829736,28,0.04803293103958945,0.29170293262038,6.870454937557209,eat_bio,7,23,23049
0.6085539931518746,0.9329475897579618,0.16591532280866433,0.08623718998777373,28,0.04889415666318805,0.2940570426845913,6.8707201017997,eat_bio,7,24,24049
0.663282790317991,0.9023563356926971,0.03194842115618404,0.07365845156410925,28,0.047465083138365956,0.295373582817088,6.872885323085309,eat_bio,7,25,25049
0.6339690438985579,0.9017879484643914,0.21718705495478693,0.08101403803653782,28,0.04796854739782117,0.291655572159665,6.872618964740156,eat_bio,7,26,26049
0.6288474649800143,0.8970287420025859,0.10556264688966162,0.08733059136410926,28,0.04702785810562879,0.2904809790576237,6.872382042824669,eat_bio,7,27,27049
0.6741725333050239,0.8876720986912385,0.03916226569757784,0.07801580788693199,28,0.047870224579916486,0.29331058085616885,6.871720770481758,eat_bio,7,28,28049
0.6577351316299621,0.8979386495529009,0.021373966314353825,0.08372621793933181,28,0.04807304157346713,0.2917008827787341,6.8730347176872195,eat_bio,7,29,29049
0.6633860155875676,0.8681343685702579,0.08687917700237555,0.07681141856315726,28,0.053723088379869305,0.31412650441877,5.317660753030905,eat_bio,9,0,51
0.6562225153664167,0.8534091147342278,0.13398613977171572,0.07309399510654213,28,0.05425631743490749,0.314528557630401,5.316329569346129,eat_bio,9,1,1051
0.6845667826835162,0.9034968527402928,0.11447902270354858,0.06975172753740559,28,0.05442145734029169,0.31791009239336604,5.317522407317591,eat_bio,9,2,2051
0.6789012888749213,0.859450178659869,0.03915209506996344,0.081785745327582,28,0.05464250519938123,0.3190184305021282,5.316589853162233,eat_bio,9,3,3051
0.6433733164355836,0.9245791844314002,0.1475722220887699,0.07848039544384737,28,0.05376552465071941,0.3183829711178866,5.319867364497181,eat_bio,9,4,4051
0.6502393765671248,0.9197360228647244,0.0003373164630716769,0.0759693291194722,28,0.053784415725769294,0.3164237012240844,5.315823083213802,eat_bio,9,5,5051
0.6363748163696392,0.9388308299875519,0.024669281469306893,0.07717065199244734,28,0.05426356953355358,0.315942778036821,5.316674421164411,eat_bio,9,6,6051
0.6557099812659256,0.8929475320863199,0.17125277978497805,0.0713640663168234,28,0.05383702318290333,0.3169027740278652,5.315362329089834,eat_bio,9,7,7051
0.6389053601771816,0.9075482146950584,0.008402436783403681,0.08239981464995516,28,0.05406717760924629,0.32065803836960644,5.319120648597179,eat_bio,9,8,8051
0.6491736931992828,0.9192179148622671,0.12705333648944309,0.07327742661945942,28,0.05421249552026222,0.31666811290847546,5.317636125561285,eat_bio,9,9,9051
0.6425862989202914,0.9356961137483065,0.10795941366691965,0.07653966784242808,28,0.05467147909206975,0.3167126624815443,5.3123949503922985,eat_bio,9,10,10051
0.6426298857434429,0.9328499696458916,0.08742199095366178,0.07123574285835665,28,0.05410732911325708,0.3198493704032733,5.318476665703367,eat_bio,9,11,11051
0.6404139147621363,0.8683592718677315,0.2122002082210712,0.07284010977063046,28,0.05417284732238684,0.31759076878198444,5.3175603934239675,eat_bio,9,12,12051
0.6436130265470331,0.8883390074184956,0.03677791064991369,0.0763920623931848,28,0.05342670053596648,0.3183938982137975,5.319195570890583,eat_bio,9,13,13051
0.6720883392063544,0.9144104098790777,0.05246365248346849,0.07082543904907289,28,0.05396725539241837,0.31679369687730247,5.318893654188367,eat_bio,9,14,14051
0.6529554867379599,0.9325138555585906,0.1856425508219482,0.07544570035762323,28,0.054361869862870546,0.31611208459002893,5.315036211601816,eat_bio,9,15,15051
0.6614446289241915,0.9246683730574432,0.03708121085026113,0.07874832620617853,28,0.05375917007581904,0.31852851631982254,5.316920545715298,eat_bio,9,16,16051
0.6530207369401854,0.8607465047938765,0.05442063178761605,0.0675809003929657,28,0.0543177652939083,0.3156366736767102,5.314084566843558,eat_bio,9,17,17051
0.6700937207720287,0.8969355407125639,0.04035434362000791,0.07598324902868363,28,0.053781786027303505,0.31703725833329666,5.31778549993891,eat_bio,9,18,18051
0.6302641126074529,0.9364221815584084,0.011472350855317164,0.07800845878437615,28,0.05420945378720964,0.31634277226628443,5.3180974411650235,eat_bio,9,19,19051
0.6378160603528649,0.9256863580884881,0.07900618718866004,0.07629251902710185,28,0.0542437469210996,0.31792139426102145,5.316791602866852,eat_bio,9,20,20051
0.6459065774512032,0.8500137984432795,0.07905193125861627,0.07772535650742092,28,0.054515746287075756,0.316858761578613,5.316676266895746,eat_bio,9,21,21051
0.6352416656329922,0.8724071273720858,0.07125296204612551,0.07548755299435823,28,0.05337242378571783,0.3150163989229912,5.317409753953209,eat_bio,9,22,22051
0.667277593853713,0.8742407582283805,0.08097110481082466,0.07693515006319684,28,0.05490882067416554,0.3174782470610665,5.314371996006562,eat_bio,9,23,23051
0.6492200742294211,0.8664965153046824,0.18596549298743661,0.07128990305479693,28,0.05479075695078413,0.3204454910035068,5.316602697550481,eat_bio,9,24,24051
0.6446843734547795,0.878038116663243,0.08188606925762208,0.08046955931283017,28,0.05354055521148079,0.317754919007045,5.31717541898613,eat_bio,9,25,25051
0.6554706058937667,0.925231118116782,0.2415713195471904,0.0710092253241981,28,0.05437035293600902,0.3205630294825152,5.315608508208517,eat_bio,9,26,26051
0.6378787499976555,0.8550735417450849,0.17584971457493934,0.07688999717381995,28,0.05478194203108926,0.31719527601643516,5.313920212773638,eat_bio,9,27,27051
0.666043639051082,0.8567861374310001,0.08582577168547981,0.07602210763336041,28,0.0542845131684657,0.31551175620494415,5.317454972939393,eat_bio,9,28,28051
0.6628758175793797,0.8696751724133469,0.13713380374599296,0.083484667764902,28,0.05485424518313268,0.3173298293913231,5.3129844763282295,eat_bio,9,29,29051
0.6183805085280454,0.9464258748690684,0.04108260970152595,0.09104132218269467,28,0.052691915453058305,0.3229981621252554,4.603482095853399,eat_bio,10,0,52
0.6694237860101688,0.9231299574002787,0.16755774903500628,0.08874879687683654,28,0.052221664241951904,0.3217454041105789,4.6018706563382725,eat_bio,10,1,1052
0.6714209410961703,0.9159799240274543,0.17702144373689702,0.08253452507407606,28,0.0516428576819438,0.3188088966628586,4.6037886162413155,eat_bio,10,2,2052
0.6940216217799285,0.9354057405616383,0.16129444894326084,0.08211339068201515,28,0.0521315079462203,0.32070983764714833,4.6025969137617,eat_bio,10,3,3052
0.6412458431967293,0.942284418971661,0.013977988751727202,0.08514604046361494,28,0.054118673729716064,0.3280494422411215,4.601449753576333,eat_bio,10,4,4052
0.7030046470957333,0.9268678928817404,0.2968440269002602,0.08063700130159032,28,0.05194802459360917,0.3216033702204383,4.601126534155846,eat_bio,10,5,5052
0.6854136046848615,0.9390293459493252,0.08499093563746088,0.08544513768923291,28,0.05357458332101836,0.3242343303877122,4.603142934342537,eat_bio,10,6,6052
0.6638616009265944,0.9200375496145808,0.07491446118246398,0.08355776988691727,27,0.052765531677456214,0.32660108530827603,4.604725022204533,eat_bio,10,7,7052
0.6980155992090452,0.9254079757005872,0.09135083094559662,0.08247154528685506,28,0.05384240124041041,0.32780950936843567,4.6063257843390355,eat_bio,10,8,8052
0.649574339093214,0.9453648429716542,0.0334828036172188,0.09072632869253706,28,0.05284171951689804,0.3288508018766614,4.606218212160906,eat_bio,10,9,9052
0.6923430790955578,0.9323232188956319,0.0391866066612359,0.09328177451529439,27,0.05372437118730277,0.3259914963096016,4.600908287250049,eat_bio,10,10,10052
0.6628359708227956,0.9510077890782103,0.09468431415090083,0.08526375984728361,28,0.05380663346715723,0.32676226490446797,4.604818496114948,eat_bio,10,11,11052
0.6473398248859371,0.930273820787461,0.38589127539147916,0.0853518814480903,28,0.05331781190199417,0.3262017928189872,4.602289449563979,eat_bio,10,12,12052
0.664308560137221,0.9296040901565361,0.04154361365130023,0.08580675944418259,28,0.053650782760802526,0.32746725187343023,4.600595847528102,eat_bio,10,13,13052
0.7045433202954733,0.9450967262049541,0.2321318826390009,0.0765841435597136,28,0.053912174832546116,0.32612150974860404,4.605860412480965,eat_bio,10,14,14052
0.6534751083370003,0.9438687285682151,0.21953534155550644,0.08034194637810542,28,0.053006147142375344,0.3269039249000558,4.600981709361967,eat_bio,10,15,15052
0.6374026016541932,0.9466260575162968,0.06467205287454149,0.08833934408810186,28,0.054561556638758196,0.3249351598262158,4.601514176562586,eat_bio,10,16,16052
0.6734316558728046,0.9456643147883665,0.12374452494562793,0.08369847166634448,28,0.05449708498061625,0.3239396399542841,4.601326572345473,eat_bio,10,17,17052
0.6841597479903841,0.9352384303155473,0.09329167372563767,0.08699898271951319,28,0.05261078307435827,0.3173967262255269,4.596217672490957,eat_bio,10,18,18052
0.6415278163074433,0.9259146392294518,0.27037059009460446,0.09479301832878263,28,0.05211107774008834,0.3201311307549038,4.602300173896756,eat_bio,10,19,19052
0.6811976983479104,0.9252700030448686,0.2546022497276929,0.08730936626130101,28,0.05292828525271126,0.32435318056500995,4.603507630182094,eat_bio,10,20,20052
0.6508193087223295,0.9297866871561767,0.01915731997857774,0.09227594821536023,28,0.05279347048964377,0.3225443665045282,4.600558749389288,eat_bio,10,21,21052
0.647241004058554,0.933728395221021,0.015300525069365613,0.08740554187934796,28,0.053504188594971865,0.32700068801854104,4.604251778682528,eat_bio,10,22,22052
0.6402086806008681,0.9049968134493112,0.04768322374380332,0.08367427286115506,28,0.052390055588636415,0.32355293642349414,4.605066946468539,eat_bio,10,23,23052
0.6430440919233189,0.9175978349765765,0.0713195500517479,0.08915041788266873,28,0.05263242612280899,0.3230196814867742,4.605944302721951,eat_bio,10,24,24052
0.6732558487096387,0.9419579052191931,0.08832149953807004,0.08624720825590175,28,0.05258985709617428,0.32384836378722953,4.604500970854136,eat_bio,10,25,25052
0.6811914859183628,0.9466870856519186,0.0012812683359150225,0.07868621202473326,28,0.05166465738625578,0.3206628439205851,4.605107338062305,eat_bio,10,26,26052
0.628754315920429,0.9248738046967111,0.08908318740719202,0.07800397817682171,28,0.05258849448163798,0.3244692807550266,4.605122497618625,eat_bio,10,27,27052
0.6130181788603605,0.9290056393869193,0.16378804829165908,0.07861806807431511,28,0.05244000048302113,0.32341114137376875,4.604302490245161,eat_bio,10,28,28052
0.628040429702047,0.9297890450157015,0.1572241046334401,0.08241362078547441,28,0.0532234256695146,0.3219607725305318,4.603264477090485,eat_bio,10,29,29052
0.6675647334004767,0.9542963916533804,0.0026438451630967723,0.07449962106000199,28,0.06034455397184768,0.3316864626817749,4.640019338130335,eat_bio,11,0,53
0.6560379498482705,0.9497476676750025,0.14631232074911285,0.07622001350385246,28,0.059304508723090614,0.3309908889979659,4.64102900676672,eat_bio,11,1,1053
0.6622595613871541,0.9449754304374268,0.3073248752830048,0.08271962472630014,28,0.06177398379199502,0.3362636314592227,4.640688263312931,eat_bio,11,2,2053
0.6717793176712717,0.941894238337532,0.2753207626466348,0.0834155132028268,28,0.060120688817868445,0.3317482155020674,4.639476277147699,eat_bio,11,3,3053
0.6816849203531613,0.9525887912111684,0.11483545511795619,0.07096928613548584,28,0.06095689756681534,0.3318027985123254,4.640360268629115,eat_bio,11,4,4053
0.6885094549151489,0.9396527025638003,0.23097783551902507,0.07218237929328815,27,0.060830167900276434,0.33319477693262173,4.639133995432279,eat_bio,11,5,5053
0.6733155747377988,0.9345299721760927,0.1856314749530749,0.07709125453124714,28,0.060942542086640246,0.3375290972009265,4.640352703104336,eat_bio,11,6,6053
0.6528879061517646,0.9231693860550297,0.033660825506980165,0.0778415683115357,28,0.06097903516789773,0.3333058108165011,4.639353450301525,eat_bio,11,7,7053
0.6698332609114047,0.9625972976423685,0.37300515329857237,0.08044283822793104,27,0.06262574273609667,0.33659389546691043,4.642230068922459,eat_bio,11,8,8053
0.6763733065029819,0.9494399137490117,0.07582034734378007,0.07039020565638522,28,0.06157365955701389,0.3308660845660284,4.639202828691882,eat_bio,11,9,9053
0.6838569748158421,0.9370606144717264,0.2622871074854826,0.081843209152878,28,0.060539177155392275,0.3335556901163928,4.638246596352387,eat_bio,11,10,10053
0.6510820725841787,0.9382252021048441,0.01912691076956565,0.07603125429862707,28,0.06067142057564648,0.3350325781750318,4.639412494503679,eat_bio,11,11,11053
0.64288150943856,0.9350940673457284,0.05575787235601843,0.08245385163030058,27,0.06103932371359267,0.33350431258141217,4.641000315648757,eat_bio,11,12,12053
0.6782816521839546,0.948952931001019,0.19835190761907423,0.07829862894993223,28,0.06082754136134333,0.3308070366317053,4.640264941098781,eat_bio,11,13,13053
0.6952311787770804,0.9533438083080916,0.26543375096341015,0.07178613299486734,28,0.06080796470288822,0.3302882393568508,4.63937710807013,eat_bio,11,14,14053
0.659606742567442,0.9303452687280126,0.38732201736098654,0.06956109456671299,28,0.06089824481059698,0.3360963233904372,4.6408004368108235,eat_bio,11,15,15053
0.6901377653717258,0.9430080709808968,0.0072007492741380285,0.08038843469837395,28,0.06094999011931217,0.3380348196611483,4.638966743747406,eat_bio,11,16,16053
0.6988852393799716,0.952715857491499,0.14140493674310886,0.08421425037540958,28,0.06159313957439642,0.3347219474812006,4.638959869022969,eat_bio,11,17,17053
0.6806983852497744,0.9511235130308873,0.18398522701029066,0.08133072823384743,28,0.061192630730775834,0.3363327046125218,4.638805491149519,eat_bio,11,18,18053
0.6772047148037709,0.9562650822791416,0.04233715246086094,0.07718492274463587,28,0.0607068044182712,0.3326734815684429,4.638889888752663,eat_bio,11,19,19053
0.6347685087604524,0.9486806322318421,0.04347106896959229,0.07376044335869231,28,0.060606063559106235,0.3338453391048856,4.640538763001098,eat_bio,11,20,20053
0.672243233093549,0.948354406022237,0.12279208826769897,0.08005456994985984,28,0.06119688754384094,0.33467063236930683,4.637255968287417,eat_bio,11,21,21053
0.6764736514344429,0.9460219961249472,0.21058678784233187,0.07505937376869391,28,0.06205978701876323,0.3385601084840636,4.63734153137685,eat_bio,11,22,22053
0.6786414655824615,0.952864531243247,0.2930578062531373,0.07425653727798676,28,0.060177635953998054,0.3304942481201026,4.638489100872344,eat_bio,11,23,23053
0.7021393060405987,0.9437750988193077,0.059514681365677564,0.07283522756286287,28,0.06017838412837583,0.33258504088281415,4.639408767741717,eat_bio,11,24,24053
0.7130351184147038,0.9285119217329714,0.05572006569117015,0.07511110990787685,28,0.06085353006938014,0.332875169809847,4.639611228097793,eat_bio,11,25,25053
0.6785521417906126,0.9338860736995658,0.20836351296466918,0.08235026001010326,28,0.061617096627234344,0.3375651504699012,4.639932206988701,eat_bio,11,26,26053
0.651137778696395,0.9443016719601408,0.021018282706811046,0.07324443223213296,28,0.06065288880888076,0.33754435327435073,4.639176455809789,eat_bio,11,27,27053
0.6570209122084714,0.9466950110599658,0.35318174033937405,0.08185644329944411,27,0.0605156489098973,0.33147914127612077,4.640237103871732,eat_bio,11,28,28053
0.6752643261874872,0.9508686530295491,0.07699326640777078,0.08365845585473203,28,0.06080201361889994,0.33452565169653503,4.638466078214402,eat_bio,11,29,29053
0.5959057480195658,0.7921777189149052,0.3056126891045216,0.0584772265432471,27,0.16401891992002637,0.3222854470906113,4.858324007805974,eat_bio,12,0,54
0.5839637000260456,0.8429247137943328,0.15975591860490168,0.0571443675933786,28,0.16639407714007642,0.32229365568907714,4.861817879879859,eat_bio,12,1,1054
0.6317894052491544,0.7850654346195759,0.02972339497729129,0.05373543338987138,28,0.16259467648487796,0.31639672347363634,4.863577219033675,eat_bio,12,2,2054
0.6139206011101882,0.7921711696897582,0.08208175070175018,0.05602208676824208,28,0.16082908041991195,0.3193712229167146,4.865586212468467,eat_bio,12,3,3054
0.5773498491659812,0.7700150959509415,0.03850132469343221,0.057669981026806205,28,0.15927291366077237,0.31662758719160505,4.901668871482363,eat_bio,12,4,4054
0.6089097925732874,0.7861890300027403,0.10960241022265503,0.05246584832481554,28,0.16058322912491685,0.31882916194436994,4.905929523970116,eat_bio,12,5,5054
0.5909632640643188,0.8544389060563446,0.151271410175999,0.06348058942892011,28,0.1621698728427213,0.3160257885953106,4.862079151233309,eat_bio,12,6,6054
0.626715461270745,0.7774870225885296,0.20421106973365258,0.05813079006654093,28,0.16414782785606544,0.3200712738916358,4.868245290149244,eat_bio,12,7,7054
0.6359810436782631,0.8170605535083739,0.20839513774567903,0.05897824157480432,28,0.16445387510998638,0.3263705491449555,4.887981949922833,eat_bio,12,8,8054
0.6093507972255551,0.7887361784958,0.12484266510634548,0.05582930200810847,28,0.16030734183346662,0.31681035818350584,4.869521641556162,eat_bio,12,9,9054
0.6394880764077233,0.8030475610023362,0.0786841254480078,0.05787101041453919,28,0.16508770201773157,0.3231873288228289,4.864461291568938,eat_bio,12,10,10054
0.6024770065379116,0.7650966639043036,0.22004859579852562,0.060167877083183254,28,0.1633289783522359,0.3219332061911024,4.8845608854203855,eat_bio,12,11,11054
0.606811443169528,0.8758848356591835,0.131374643429381,0.051778024814015944,28,0.16355738997566213,0.3242045982408882,4.87448818364724,eat_bio,12,12,12054
0.5978763150590554,0.7936150753815157,0.33383233992323647,0.05174618754163362,28,0.16212858627348553,0.31968521372360903,4.856555043459345,eat_bio,12,13,13054
0.5985358805897392,0.7651801095851167,0.5957775953299862,0.05798102007445039,28,0.16250345542014644,0.32343943936074676,4.867412490219751,eat_bio,12,14,14054
0.5656046136143341,0.8100484839518165,0.08900311248270236,0.05217820040263314,28,0.16053328870898925,0.31809629880918283,4.8653675601872575,eat_bio,12,15,15054
0.670014961665437,0.8305774154717154,0.2853165496864178,0.05741270184012617,28,0.15996087566297168,0.3173659708538123,4.8668959152254025,eat_bio,12,16,16054
0.6179953757089809,0.8580578723484391,0.07715916421736971,0.05910468226393256,28,0.1608554462566047,0.3171220493098141,4.86069945282332,eat_bio,12,17,17054
0.6174136598748537,0.7797227857096682,0.4241109120636045,0.05770268427549339,28,0.16123309292890672,0.31275860667309396,4.8458822214313635,eat_bio,12,18,18054
0.6428099410823573,0.8319432548513397,0.1015634518821014,0.058122562036393946,28,0.15994875325638622,0.3176557645400362,4.885336495204432,eat_bio,12,19,19054
0.6144277837940408,0.8548699855439235,0.07881883452759889,0.052570153771914575,27,0.16123296537187198,0.31887018454247024,4.863337020601825,eat_bio,12,20,20054
0.5809990223894544,0.8107805529959581,0.17815810250273978,0.05412310106951633,28,0.16160954079903767,0.3162433779311015,4.87455859249496,eat_bio,12,21,21054
0.6257783554149624,0.8125124532213406,0.05059319409547591,0.06535402637888388,28,0.16015425655916635,0.3164893182162335,4.873987571471736,eat_bio,12,22,22054
0.613310385962641,0.8201557280544245,0.06667459262953683,0.05874184973105753,28,0.16099916298535522,0.3192139288754321,4.8794001653739425,eat_bio,12,23,23054
0.6140003972731484,0.8198151233922865,0.1799138801909567,0.05701477408364137,28,0.16187632565262952,0.3225267680001489,4.888134448156788,eat_bio,12,24,24054
0.6131107542624367,0.7972954873998359,0.1363700656405145,0.062056968293143305,28,0.16112642090218113,0.31716125754737384,4.877546317034406,eat_bio,12,25,25054
0.6438948382976634,0.8162631575408312,0.3598831067986898,0.04976139676373301,28,0.1605433696286873,0.3165015020884941,4.869644978054742,eat_bio,12,26,26054
0.6440493231252942,0.8622724835019564,0.1081095664275445,0.05451543860454788,28,0.16009439333044154,0.3134077448723478,4.846056057498208,eat_bio,12,27,27054
0.6174437065880083,0.836910140963149,0.5033327112152637,0.05199387757068689,28,0.1637560318717735,0.32239594911417063,4.873248217565738,eat_bio,12,28,28054
0.6202098074229306,0.8033324778317391,0.11964990418613679,0.0592397442692289,28,0.1600791169439585,0.3159720945506499,4.862277692425111,eat_bio,12,29,29054
0.6828474228594777,0.8625956597691115,0.06852034616101704,0.08243815854552948,28,0.06163152850637556,0.2792276725086663,8.619311852313722,sl_eat_all_ssl_all,5,0,47
0.6627232243598469,0.9252568758423081,0.17265007722800935,0.08178303045184143,28,0.06229143974560743,0.27912324985957565,8.622308133186783,sl_eat_all_ssl_all,5,1,1047
0.6953610130834215,0.8958498627685675,0.060852287039166605,0.08165505428799029,28,0.05916261726687022,0.2774615814913799,8.620976038965592,sl_eat_all_ssl_all,5,2,2047
0.6727667332878243,0.8984842845292054,0.05833619298224902,0.08413275406977064,28,0.06269094476514947,0.2802404268077762,8.61526622116903,sl_eat_all_ssl_all,5,3,3047
0.7114994954339018,0.9289735738944372,0.11738798024600475,0.08821020282266229,28,0.059808498485082934,0.2752079659895357,8.620743340823203,sl_eat_all_ssl_all,5,4,4047
0.68153978679276,0.8979419013802146,0.0010124133720471843,0.0825638685187242,28,0.06466467426632758,0.2810424586630775,8.614641889635223,sl_eat_all_ssl_all,5,5,5047
0.6942594027850374,0.9014893874901263,0.28677198938995474,0.08289828924163178,28,0.06232822935672291,0.2821251754707885,8.618860370566505,sl_eat_all_ssl_all,5,6,6047
0.6672770057953825,0.8787597895993926,0.23976046677805823,0.07974283963872672,28,0.058703429969821995,0.27752787324762085,8.619619397914624,sl_eat_all_ssl_all,5,7,7047
0.6887253538967212,0.8909181372753604,0.25026394803759,0.0821093586396079,28,0.06078479549805478,0.27992800394721384,8.616227131160256,sl_eat_all_ssl_all,5,8,8047
0.6513890754620473,0.9057887798851347,0.03115450909205755,0.08367121242270051,28,0.05956127307518432,0.2737870605202316,8.623658899292208,sl_eat_all_ssl_all,5,9,9047
0.6604787783534263,0.8933587308791443,0.13321821368800624,0.07973766896161809,28,0.06113940988612095,0.27944277527497524,8.613304542557458,sl_eat_all_ssl_all,5,10,10047
0.691223165484953,0.8616154879295292,0.06270087548830339,0.08292292755249336,28,0.06328097132482406,0.28134828468201917,8.619393792390214,sl_eat_all_ssl_all,5,11,11047
0.6590281668326173,0.9114513257778374,0.3196468230221082,0.09440536414807822,28,0.060794278046549875,0.27359467115570685,8.618132704545724,sl_eat_all_ssl_all,5,12,12047
0.6680002064340487,0.8815955414715783,0.3325656594894716,0.0882983955272385,28,0.06099533865309473,0.27770306154218566,8.624469407502756,sl_eat_all_ssl_all,5,13,13047
0.6804498202140294,0.9293180426556538,0.2176545909035833,0.08079546503709856,28,0.06111214637493888,0.28034249958001256,8.619707854436701,sl_eat_all_ssl_all,5,14,14047
0.6771774121957732,0.9300109911851118,0.1446199657831891,0.08033827262185583,28,0.06161960438211592,0.2812288857372213,8.6168605491328,sl_eat_all_ssl_all,5,15,15047
0.6983708210406612,0.9093431029452704,0.03685870987013054,0.08571801477574394,28,0.06261661302833697,0.2812826067428324,8.622565068955508,sl_eat_all_ssl_all,5,16,16047
0.6953221138073161,0.9253733704571664,0.09284540074090604,0.0840009436246362,28,0.06301758327266181,0.2819951556868484,8.61900551483131,sl_eat_all_ssl_all,5,17,17047
0.6879182216215856,0.9039113538198729,0.3100537848582052,0.08264250167207553,28,0.05971727495173508,0.2763326623847803,8.624447264065676,sl_eat_all_ssl_all,5,18,18047
0.667045375245241,0.9087970574188258,0.015035098768538997,0.08355421095339953,28,0.06203995339848002,0.27844299611222306,8.624901121598375,sl_eat_all_ssl_all,5,19,19047
0.6570619716822168,0.8830805118506152,0.10639258162133844,0.08074073432441828,27,0.06511658883302936,0.28488775407888056,8.618414221726205,sl_eat_all_ssl_all,5,20,20047
0.6809410564201765,0.8796375030805622,0.05994420285534624,0.07693526944012362,28,0.061059943005255565,0.27912081262665167,8.617836149776226,sl_eat_all_ssl_all,5,21,21047
0.655775924588035,0.9161232360389366,0.25117339063818733,0.08464958960414996,28,0.06350083770649713,0.2818836967136583,8.622894333876816,sl_eat_all_ssl_all,5,22,22047
0.700253804371722,0.8603524451243846,0.16392875607466034,0.0782860524290823,28,0.06103440287752816,0.277778793858606,8.621757979079135,sl_eat_all_ssl_all,5,23,23047
0.6755800621235987,0.9115016659233461,0.04430302383219427,0.09185048773083468,28,0.06293526361810793,0.28089441187832376,8.612915403390732,sl_eat_all_ssl_all,5,24,24047
0.6663815694465758,0.9225505548923735,0.07871804939889314,0.0871693298821505,28,0.06347767801754647,0.28201548413903493,8.611867050956487,sl_eat_all_ssl_all,5,25,25047
0.69893536957261,0.8657758765668374,0.29014260206741177,0.0893800626392402,27,0.06390240113718645,0.27855316734523466,8.621886160567222,sl_eat_all_ssl_all,5,26,26047
0.6577177869292572,0.8409756177563745,0.04078497643310149,0.08264275994307436,28,0.06067195646669552,0.27988249597806286,8.616283466342136,sl_eat_all_ssl_all,5,27,27047
0.7072561359969759,0.9096044653311605,0.018641324285479544,0.08329184617116638,28,0.05969251545287263,0.27706619928660764,8.627624215489416,sl_eat_all_ssl_all,5,28,28047
0.6467001762628264,0.9197653605832666,0.1400298302794026,0.07959635715224361,28,0.061098095604148146,0.27752974078122894,8.619074555584339,sl_eat_all_ssl_all,5,29,29047
0.6216892309452724,0.8628711014907576,0.14659956155128023,0.10416875371830404,28,0.0574784390410145,0.2623233631264924,8.75252048749015,sl_eat_all_ssl_all,7,0,49
0.5966176869257946,0.8549298786083636,0.12714363948167903,0.10357849442711196,28,0.055401116363172825,0.26116007075965947,8.739917286516878,sl_eat_all_ssl_all,7,1,1049
0.5780454951991386,0.84798581866321,0.10912066838173773,0.11130453116808539,28,0.05474689000427598,0.25805477758550244,8.739903858220677,sl_eat_all_ssl_all,7,2,2049
0.6087836774000319,0.8462273451789567,0.22070493590474713,0.10147446340753019,28,0.05394826043787313,0.25969431142848937,8.744225203002987,sl_eat_all_ssl_all,7,3,3049
0.5773082404343333,0.8640166156840341,0.20028892334206902,0.11637257716051566,28,0.05775954056264829,0.2634399599469478,8.765353717492168,sl_eat_all_ssl_all,7,4,4049
0.6006382222576191,0.8652727302124786,0.07264855630590465,0.10647027747084609,28,0.05549410965397001,0.260325980474609,8.75427411795589,sl_eat_all_ssl_all,7,5,5049
0.6054299274612784,0.8527242979494657,0.17443230672184337,0.10607898150221719,28,0.056973521441565506,0.2627366109265196,8.751356528890762,sl_eat_all_ssl_all,7,6,6049
0.581467892161174,0.8406308881971445,0.1637241764699324,0.10674879269787817,28,0.05689579444423924,0.26216590415636815,8.750590766258322,sl_eat_all_ssl_all,7,7,7049
0.5934457244519756,0.8651302748004109,0.20948735199583854,0.10777165661655026,28,0.05635040575971495,0.26099384317369184,8.742110945578,sl_eat_all_ssl_all,7,8,8049
0.5870619524474032,0.8673767425685612,0.030214882721360414,0.11172189910928215,28,0.053672162485109885,0.2546281090274849,8.756622402235042,sl_eat_all_ssl_all,7,9,9049
0.591513227267401,0.8616205026584838,0.25886126000334203,0.11047250230446642,28,0.05656894614866223,0.26063825858594925,8.745077482317715,sl_eat_all_ssl_all,7,10,10049
0.6330171511890657,0.8192066288661142,0.030371544639330214,0.10138883288787921,28,0.055936371359927,0.2589912459138561,8.76460984664884,sl_eat_all_ssl_all,7,11,11049
0.6125694176296517,0.8396576974548507,0.14884489179885907,0.11590957548971081,28,0.056600606924098525,0.2605214718024989,8.753827759660604,sl_eat_all_ssl_all,7,12,12049
0.6295835446293536,0.8411882060780187,0.12587759950205019,0.10651864979620808,28,0.056554282358582744,0.2615238878081237,8.755634689587168,sl_eat_all_ssl_all,7,13,13049
0.5942973762604763,0.8649154107774853,0.03909807320459752,0.10568900741506992,28,0.05550550170561558,0.25806707830914427,8.751709602277918,sl_eat_all_ssl_all,7,14,14049
0.5962966136852342,0.8875987939899449,0.05016487666594945,0.11922081634861717,28,0.05723714091493684,0.26338662153160664,8.749350665679243,sl_eat_all_ssl_all,7,15,15049
0.6215130323661298,0.8686709533572616,0.040924688278156145,0.10368392533292914,28,0.05721458112405839,0.26139060909376344,8.750785484395129,sl_eat_all_ssl_all,7,16,16049
0.5917148491332634,0.8473600879739168,0.3226754774872227,0.10234155873198861,27,0.057892595832865004,0.26278906241634803,8.743042991561781,sl_eat_all_ssl_all,7,17,17049
0.5892483021327746,0.846231935864582,0.03886691061813216,0.11131274798026572,28,0.052820658559525446,0.2536390225108437,8.742204488518174,sl_eat_all_ssl_all,7,18,18049
0.5838631717959986,0.8625547358562589,0.22701082067602224,0.1117881630876043,28,0.055398973165561784,0.25855005577268325,8.742108775259236,sl_eat_all_ssl_all,7,19,19049
0.5817836881330993,0.8517976935541747,0.15712444888952357,0.11420129129525133,28,0.05542314899596372,0.2584234247003256,8.74508439846097,sl_eat_all_ssl_all,7,20,20049
0.5953456694019665,0.841624330041026,0.046869255230593584,0.1108338335285661,28,0.05799905508700084,0.2639618101598769,8.750112317114858,sl_eat_all_ssl_all,7,21,21049
0.5950441478472103,0.8699815404681805,0.05011041136967479,0.104105459710861,28,0.05472984974599872,0.2575942269211899,8.751298765924512,sl_eat_all_ssl_all,7,22,22049
0.5807698284210016,0.8308397712386284,0.12395505053032983,0.10999818293051548,28,0.05769336655665701,0.2606700760369854,8.737378950191312,sl_eat_all_ssl_all,7,23,23049
0.5714620067268238,0.8512663258226295,0.204183391292316,0.11162691645320043,28,0.057292220672319656,0.26449336403492696,8.76812137428262,sl_eat_all_ssl_all,7,24,24049
0.6051516377706065,0.8471200740359712,0.07626870753430746,0.10339768424953577,28,0.0583148721520502,0.2633924357840589,8.757205477733212,sl_eat_all_ssl_all,7,25,25049
0.5825837687435867,0.8429301397462119,0.23983994369502884,0.10887026394325391,28,0.055806635695537926,0.2575697251143611,8.75630643332293,sl_eat_all_ssl_all,7,26,26049
0.5765426095845179,0.8204528009150612,0.1252992620422967,0.11783673480874865,28,0.0560376569996876,0.2591064191498023,8.749068106398312,sl_eat_all_ssl_all,7,27,27049
0.6289365719374083,0.8359837279941924,0.08506323045574363,0.10735392115640817,28,0.054875518803884304,0.25781935813960827,8.741304179540029,sl_eat_all_ssl_all,7,28,28049
0.6105397543318334,0.846044181168056,0.07898131589772901,0.11244245705119638,28,0.05490936410122537,0.2569511902302856,8.753135463720374,sl_eat_all_ssl_all,7,29,29049
0.5928456642474075,0.882382982168374,0.014419356529193784,0.10060478179349618,28,0.046814581460548295,0.2870533254646353,6.584943478110897,sl_eat_all_ssl_all,9,0,51
0.588233283746568,0.8247102141699374,0.18225108531468603,0.09756032153948342,28,0.048799808700788885,0.29030631343972163,6.587196757270034,sl_eat_all_ssl_all,9,1,1051
0.5768452101108069,0.875822883090612,0.00033718560072545776,0.09568822604978934,28,0.0466538603443151,0.2869168156468967,6.598117521747714,sl_eat_all_ssl_all,9,2,2051
0.6098703370702555,0.8064043314712144,0.1600394044011061,0.10893957687640571,28,0.046626986208878,0.28303060494281385,6.607657187184609,sl_eat_all_ssl_all,9,3,3051
0.5417997381968922,0.8347915126857032,0.21697743407623243,0.09886126910805364,28,0.0471006975364857,0.2899010640925707,6.593301567392179,sl_eat_all_ssl_all,9,4,4051
0.5471904784536905,0.8863499606727094,0.019434224555476585,0.09740451920484461,28,0.04744487920790063,0.2910665431544987,6.590025792453807,sl_eat_all_ssl_all,9,5,5051
0.5523517581547707,0.7885136171897542,0.03511174341184579,0.10338961590076859,28,0.047221467826731416,0.2877245155316307,6.591908244537473,sl_eat_all_ssl_all,9,6,6051
0.567728503824074,0.7998227323945553,0.11373387717953316,0.09421729719989445,28,0.046947530770089056,0.2899534897395873,6.600016845469249,sl_eat_all_ssl_all,9,7,7051
0.5189785199456218,0.8758935821610303,0.03953000376466109,0.10724967494501651,28,0.04896103162796053,0.28992372449877407,6.6024469181637775,sl_eat_all_ssl_all,9,8,8051
0.544663895601484,0.841312749091308,0.10937828094205093,0.09745515219826242,28,0.046059780357841903,0.28732385043676056,6.597941487582481,sl_eat_all_ssl_all,9,9,9051
0.5225450823859239,0.9104086071187567,0.08071154319113105,0.09855983759627616,28,0.04734441600330943,0.28887294131797536,6.587939623620632,sl_eat_all_ssl_all,9,10,10051
0.5305968866514166,0.8316603099565463,0.16735461243601604,0.09741009869971536,28,0.04786749607799676,0.291779244128785,6.595717234295433,sl_eat_all_ssl_all,9,11,11051
0.5762091828828713,0.8146542256714222,0.24996274308006314,0.09825340156242472,28,0.048199112297549036,0.291779290961413,6.595790266967277,sl_eat_all_ssl_all,9,12,12051
0.5767311850912947,0.7993773564451307,0.09446143569332506,0.10039384951758028,28,0.047664781938738354,0.28557281243432686,6.599383309614192,sl_eat_all_ssl_all,9,13,13051
0.5738575833136528,0.8026640287490558,0.05747280105548432,0.09519759072288105,28,0.04712329205457597,0.2865456615035445,6.594183171790834,sl_eat_all_ssl_all,9,14,14051
0.5588463635328125,0.7955814002190233,0.1755019047722015,0.10113103235569178,28,0.04748301848780987,0.28951038421669145,6.585324865106199,sl_eat_all_ssl_all,9,15,15051
0.5704421539980918,0.8155422137198546,0.01158930302998318,0.1039223509461456,28,0.047355308572080874,0.29166469184491,6.589895041483529,sl_eat_all_ssl_all,9,16,16051
0.5883716640463506,0.7852890208908383,0.02265192993426625,0.09549369613769784,28,0.04632297164106118,0.2869635448954172,6.590462952824634,sl_eat_all_ssl_all,9,17,17051
0.5758577350452937,0.8416221310784398,0.04599872823880998,0.09964124456927032,28,0.045823247826468017,0.2883388912892152,6.586936683575661,sl_eat_all_ssl_all,9,18,18051
0.5465658959978928,0.8229392937413657,0.012518298590950173,0.10755691566520169,28,0.04714215472962037,0.2899365761597217,6.585361403436282,sl_eat_all_ssl_all,9,19,19051
0.5620662307030884,0.8186746904017446,0.08990907922123823,0.10042127499119388,28,0.04718056904644478,0.2874080447200963,6.598149220005077,sl_eat_all_ssl_all,9,20,20051
0.5520484823455013,0.8368291965017012,0.07822973293609783,0.1035355499831036,28,0.046875864377611,0.29024185374530065,6.595395725741355,sl_eat_all_ssl_all,9,21,21051
0.532774322406001,0.8366923377154135,0.025893652672042643,0.10403777294572121,28,0.04593688843906176,0.2834542929947705,6.6031543722190875,sl_eat_all_ssl_all,9,22,22051
0.5698434633736978,0.769491984726597,0.014733023558108639,0.10104977614107534,28,0.046863554003850776,0.28995297142827753,6.5919300745752425,sl_eat_all_ssl_all,9,23,23051
0.5394642763942873,0.8377847260956608,0.13796426843999102,0.09082274519529901,28,0.04715491910074268,0.29087538271915975,6.590389472914131,sl_eat_all_ssl_all,9,24,24051
0.5144047213871243,0.7848462227542969,0.20654183126644166,0.10426649783905931,28,0.04760359531793548,0.289132643059503,6.588363219587813,sl_eat_all_ssl_all,9,25,25051
0.5241729830657726,0.8363898890934518,0.19987048927739395,0.0984640217991553,28,0.04807786222127,0.2913438230785478,6.590387415570856,sl_eat_all_ssl_all,9,26,26051
0.5470425628507393,0.7923974822081968,0.2368231988047588,0.09728356369090777,28,0.046364648603160426,0.28776063225926063,6.59074379272804,sl_eat_all_ssl_all,9,27,27051
0.5705537643713293,0.7873365638262635,0.12974893917379843,0.09854486970996591,28,0.04566316624580446,0.2861472422274038,6.59888414931921,sl_eat_all_ssl_all,9,28,28051
0.5507247066095593,0.8337144309816404,0.10932512256358519,0.10718971753586269,28,0.04686270042092578,0.28935137866780225,6.592174259122837,sl_eat_all_ssl_all,9,29,29051
0.5773601020283896,0.8991955328685501,0.012131787072964549,0.09957150428382781,28,0.07000045920353148,0.3379239505515461,5.0573084809232896,sl_eat_all_ssl_all,10,0,52
0.5951386210915526,0.8529605728251068,0.10275741969420026,0.09917496798082458,28,0.07127967346087613,0.3395111151790284,5.052397050818672,sl_eat_all_ssl_all,10,1,1052
0.5743256749600087,0.8811255072153079,0.20144307139059436,0.08917503556979928,28,0.0718089025431793,0.3370021571502978,5.05511339265737,sl_eat_all_ssl_all,10,2,2052
0.6173696083544012,0.880629522250952,0.08431005140081839,0.0925219337632476,28,0.07124839221053016,0.33967622512896284,5.053024819047942,sl_eat_all_ssl_all,10,3,3052
0.5457713377520005,0.9013730870897693,0.039944335077567436,0.09207414715495749,28,0.06777322332336018,0.3370166519910196,5.0648450331746595,sl_eat_all_ssl_all,10,4,4052
0.6013392745297363,0.8846229083534197,0.23372753025635376,0.08684282794030751,28,0.0722283536306412,0.3417436117340328,5.0547624333196906,sl_eat_all_ssl_all,10,5,5052
0.6086266891593428,0.8489914724971769,0.08903884793174704,0.0910006226908014,28,0.07062385314166134,0.33927678496514035,5.056283219040866,sl_eat_all_ssl_all,10,6,6052
0.5764377202291636,0.8841224364680255,0.13432382034010962,0.09080482150095076,27,0.06945469587315034,0.3362263466890968,5.06150008636252,sl_eat_all_ssl_all,10,7,7052
0.5944627474081536,0.8765591007512226,0.08807240762614958,0.08751232667633305,28,0.07015509442148095,0.34171573716039816,5.058784358063096,sl_eat_all_ssl_all,10,8,8052
0.6128240933498053,0.8782133137986909,0.0691792178691915,0.09599956197672126,28,0.06884185517592407,0.3421069820608744,5.062702569510607,sl_eat_all_ssl_all,10,9,9052
0.5906014273291955,0.8569519067356953,0.053110759917758,0.09475424247290005,27,0.06896610930863803,0.33917190655983653,5.057651087568136,sl_eat_all_ssl_all,10,10,10052
0.5633209208956352,0.9066712006648382,0.18274907441945218,0.09004123922324127,28,0.06863658251407209,0.33927031943734626,5.0604913554753805,sl_eat_all_ssl_all,10,11,11052
0.5737836107635355,0.8775873751962713,0.31811248512678336,0.09328500102440422,28,0.06952246983857152,0.34119027847230704,5.060199037129215,sl_eat_all_ssl_all,10,12,12052
0.5776259745541059,0.879014908356756,0.06706930125853577,0.09037638606609569,28,0.06955685665998265,0.33804329589568716,5.062357737500913,sl_eat_all_ssl_all,10,13,13052
0.6277252424693607,0.8825182639497646,0.25423447876356065,0.08725686516035365,28,0.0705039962251041,0.3409454651123268,5.053591737588352,sl_eat_all_ssl_all,10,14,14052
0.5432545812246172,0.8691294490571899,0.15266169480168681,0.08944448796204663,28,0.07007614388897757,0.34192404584851066,5.054256504477244,sl_eat_all_ssl_all,10,15,15052
0.5530703566781423,0.8790813125008187,0.051908471154879655,0.0924873504454893,28,0.0700466256527829,0.33854466005110456,5.0598946174936925,sl_eat_all_ssl_all,10,16,16052
0.5980867336954468,0.8605655350306272,0.02139847175884516,0.08980636937840447,28,0.07133462182567538,0.3406692007239591,5.0538119273793285,sl_eat_all_ssl_all,10,17,17052
0.6164800627212955,0.8452981179239902,0.1019019607007065,0.09505279479392142,28,0.07405231691328715,0.34228110335580597,5.049490705510551,sl_eat_all_ssl_all,10,18,18052
0.5613012474697904,0.9027621177536812,0.20306665607049454,0.0959339208525181,28,0.07382132886148533,0.34383816616481633,5.043979527150325,sl_eat_all_ssl_all,10,19,19052
0.5826600656981074,0.8648497442509546,0.26280885177065544,0.09731188724986885,28,0.07188758025544788,0.3450073071393275,5.0541251759331445,sl_eat_all_ssl_all,10,20,20052
0.5844009015917379,0.8751064317246915,0.023731898860736355,0.09478553271680787,28,0.07158156338797325,0.34028338726430946,5.054941281580778,sl_eat_all_ssl_all,10,21,21052
0.5857014636932938,0.871216037873333,0.03451704206857002,0.09110185350659769,28,0.07122467381573476,0.3454686857240989,5.0552261818111495,sl_eat_all_ssl_all,10,22,22052
0.598754105459584,0.8864435531663328,0.004983458429353746,0.0959369724174351,28,0.06904665073829008,0.339846201780388,5.059216144708128,sl_eat_all_ssl_all,10,23,23052
0.5778619983381893,0.8832533044518147,0.14798722873232656,0.09476860734784875,28,0.06871120868440889,0.3374304520015143,5.058641106223368,sl_eat_all_ssl_all,10,24,24052
0.6218007328602494,0.8823575910074707,0.005923872796808411,0.09798184054968716,28,0.07085760839182145,0.34175597681286,5.056088577518738,sl_eat_all_ssl_all,10,25,25052
0.5772049002730986,0.9138673017298815,0.03404235504945061,0.08831323735352443,28,0.07016543098493608,0.3362657188659041,5.056231057411639,sl_eat_all_ssl_all,10,26,26052
0.547450229620059,0.8930130875104348,0.1356867163707982,0.08670449732308143,28,0.06865814237609588,0.3355991058459159,5.060538234120122,sl_eat_all_ssl_all,10,27,27052
0.5584639974336641,0.891938013278746,0.14001786518931655,0.09067434571247066,28,0.06841476797760793,0.33675873541665735,5.061105073907776,sl_eat_all_ssl_all,10,28,28052
0.5559117821893494,0.8979787587331103,0.12084824097934152,0.09497199649359347,28,0.07237044633856082,0.34024299818588327,5.0477082445690185,sl_eat_all_ssl_all,10,29,29052
0.6450400629024222,0.9499327562295612,0.020782573336429886,0.1033757824819706,28,0.2709249499355975,0.5585601480084371,3.432577432448648,sl_eat_all_ssl_all,11,0,53
0.6324107185573626,0.92249922880558,0.12996753271877975,0.10050857294734898,28,0.2707659246914515,0.558710904506477,3.4265101466681003,sl_eat_all_ssl_all,11,1,1053
0.6144795598719527,0.9360893644016391,0.4349093193017897,0.11198223127147347,28,0.2697802453650571,0.555317782572179,3.405772191172119,sl_eat_all_ssl_all,11,2,2053
0.6831076219316105,0.9529389082722393,0.22831338927483605,0.10923962505703949,28,0.2669712939250141,0.553938644482608,3.408656762083427,sl_eat_all_ssl_all,11,3,3053
0.6487869080777466,0.9390262229474018,0.1506698039353491,0.10079342394121503,28,0.2662527554783718,0.5540870528013052,3.416485602467332,sl_eat_all_ssl_all,11,4,4053
0.6817102954680112,0.9590356888584062,0.3626479039264229,0.10559186408130046,27,0.2653754449024436,0.549507055192972,3.4046902493469724,sl_eat_all_ssl_all,11,5,5053
0.6640252760157528,0.9267773385501634,0.005021362724168139,0.10433708412624297,28,0.2667879485205716,0.5532398936855777,3.399196978939863,sl_eat_all_ssl_all,11,6,6053
0.6141030479475199,0.9508544157639855,0.35015911915175296,0.11070898173111471,28,0.2704402077074448,0.5591760608107595,3.4254393065594604,sl_eat_all_ssl_all,11,7,7053
0.6364898013876854,0.9364574854294514,0.6424662421589229,0.10923366047459886,27,0.2685075936829484,0.5566879698907864,3.3996451398717125,sl_eat_all_ssl_all,11,8,8053
0.6527423930900289,0.9384095423448295,0.0856713757576376,0.09883526102782991,28,0.27110942225052165,0.5585292561828631,3.4199037715154788,sl_eat_all_ssl_all,11,9,9053
0.6779547577402879,0.9359640197808705,0.2958158232120217,0.1111179201543795,28,0.2703532426201174,0.5581599394411538,3.4138475392569467,sl_eat_all_ssl_all,11,10,10053
0.6409910316209586,0.9156027187912741,0.09896175883703898,0.107559479518609,28,0.2713022229387408,0.5577662324459858,3.414513784415162,sl_eat_all_ssl_all,11,11,11053
0.6502995970602135,0.9265261631760151,0.18618783773207642,0.10626801292603966,27,0.2688235868375661,0.556224975276496,3.41028300887152,sl_eat_all_ssl_all,11,12,12053
0.6631384609314723,0.9408979113153867,0.3827301742405283,0.11499356072355475,28,0.2714268891564909,0.5600819016808515,3.430618246624374,sl_eat_all_ssl_all,11,13,13053
0.6552850124897753,0.9113447069827807,0.36904213536393177,0.10254094155546471,28,0.2683693014952446,0.5548089148998011,3.4203638989417144,sl_eat_all_ssl_all,11,14,14053
0.6307402201413754,0.9369885756827359,0.20358557124902046,0.09833260135180304,28,0.26863439977554804,0.554495836415691,3.3968000565899774,sl_eat_all_ssl_all,11,15,15053
0.6541733056203425,0.9304599917488019,0.15645844486930982,0.11183045174861711,28,0.2688396020973642,0.5554535912095812,3.4073475277233833,sl_eat_all_ssl_all,11,16,16053
0.658100554210956,0.9559452408763981,0.1336600613782361,0.1099465068678135,28,0.26793385859891633,0.5550944276626287,3.4121316216031983,sl_eat_all_ssl_all,11,17,17053
0.6502676939410459,0.9512845804919532,0.1367193415576144,0.10934315018089585,28,0.26705930591323995,0.5533061679000697,3.409944003841908,sl_eat_all_ssl_all,11,18,18053
0.6363864180447658,0.9406604713214394,0.17011060388377575,0.10675685607039659,28,0.26675474532088295,0.5524892828875605,3.418868739375028,sl_eat_all_ssl_all,11,19,19053
0.6302554091947281,0.9310305007327744,0.17417484054039847,0.1096666893185756,28,0.26745344317658415,0.5521229051096544,3.4047313087098052,sl_eat_all_ssl_all,11,20,20053
0.6454029750344199,0.9324874163627076,0.08227620463658239,0.11069379379646996,28,0.26750668933415284,0.554625981660155,3.412174201198449,sl_eat_all_ssl_all,11,21,21053
0.6411784134219555,0.9460807764787871,0.4118093795650993,0.11176562570734823,28,0.2660176085692469,0.5520418985849275,3.398344727143782,sl_eat_all_ssl_all,11,22,22053
0.6457946931245562,0.942559096570309,0.43092422435096517,0.10190649122296717,28,0.2712673546428903,0.557657888892535,3.427046291113025,sl_eat_all_ssl_all,11,23,23053
0.7044509591020052,0.9587832025721628,0.26550384267796373,0.09920705398866086,28,0.2696631471111184,0.5572676469527941,3.422428573994786,sl_eat_all_ssl_all,11,24,24053
0.6790102498998071,0.9388066992587927,0.026112355870788813,0.10438955875305375,28,0.2698490312853379,0.557828771674056,3.422644710145967,sl_eat_all_ssl_all,11,25,25053
0.6579907974801708,0.9365421451619911,0.14105170874124168,0.11348914639859302,28,0.26957791994822194,0.5547008225212657,3.402679221118506,sl_eat_all_ssl_all,11,26,26053
0.6232422074916986,0.9508137623317394,0.35550902776810966,0.10596144138827568,28,0.2695324938835077,0.5552133653978013,3.4006496505837474,sl_eat_all_ssl_all,11,27,27053
0.62231410838868,0.9338941909915086,0.30249370524867675,0.10619529693207853,27,0.27000295382923345,0.5573502457412206,3.4270858808183315,sl_eat_all_ssl_all,11,28,28053
0.6639332124485982,0.930897819304235,0.03821411509422114,0.11121261224616188,28,0.27273178129821335,0.5624545126198636,3.4455169515283197,sl_eat_all_ssl_all,11,29,29053
0.6847371329835447,0.7331412172197841,0.6713952449949153,0.10975787620428284,27,0.6224811492570412,0.758634668133526,11.78630173312274,sl_eat_all_ssl_all,12,0,54
0.6812621719396744,0.7329957739240462,0.6576817930702048,0.09440595733567284,28,0.6202003382760193,0.7571237345727961,11.75082511369117,sl_eat_all_ssl_all,12,1,1054
0.7041820662730093,0.7206122282001314,0.28455316756035576,0.0976776219358111,28,0.6146318765957325,0.7525570003877059,11.775718866722553,sl_eat_all_ssl_all,12,2,2054
0.675128460100918,0.7070247587785734,0.4963750081974673,0.11316409069827862,28,0.6208758981711037,0.7576675964561689,11.751620828462787,sl_eat_all_ssl_all,12,3,3054
0.6493528491902445,0.7371178074495057,0.5221151215502329,0.09565545562724903,28,0.6172063354708061,0.7550093779841587,11.74283741345202,sl_eat_all_ssl_all,12,4,4054
0.6828004149296631,0.7493317585790177,0.39549498148883644,0.09924708798651054,28,0.6269515034443542,0.7614382867709547,11.761231044472266,sl_eat_all_ssl_all,12,5,5054
0.7020373299422857,0.7856683360335711,0.6360842358851878,0.10834355141037566,28,0.6238309648579639,0.7604892137929525,11.796322491217841,sl_eat_all_ssl_all,12,6,6054
0.6559166149695702,0.7161079219057653,0.5852664485099801,0.09941809923871409,28,0.6295219000540145,0.7634678065598948,11.737337300351198,sl_eat_all_ssl_all,12,7,7054
0.6894410555690009,0.7431102569144244,0.48602610728803597,0.10474378789741365,28,0.6216220895463169,0.7605619655161465,11.805688382604078,sl_eat_all_ssl_all,12,8,8054
0.6718493810959918,0.7003901018959561,0.34920494107002525,0.09103315291129621,28,0.6278070330547424,0.7611360865036776,11.751560514757966,sl_eat_all_ssl_all,12,9,9054
0.6636761566393468,0.744920995053012,0.6665746425039542,0.10616184665870686,28,0.6195597105564365,0.7580568228162504,11.777580285307291,sl_eat_all_ssl_all,12,10,10054
0.6548167421353566,0.7317228420584747,0.6823844028576043,0.10408724416781763,28,0.6212784685250899,0.7591262336621591,11.76882351743177,sl_eat_all_ssl_all,12,11,11054
0.6855630067312092,0.7658827205530541,0.2916552083393854,0.09845502704542397,28,0.6225690695143458,0.7598452090843895,11.76298469025156,sl_eat_all_ssl_all,12,12,12054
0.6513349506754802,0.7235745247238337,0.6955785957236051,0.09642997814600923,28,0.6188089492195732,0.7564622997321877,11.76846427224018,sl_eat_all_ssl_all,12,13,13054
0.6785130400421744,0.7466379971437818,0.7442399491493009,0.09952210926430426,28,0.619324596200388,0.7582509802806022,11.80687614969341,sl_eat_all_ssl_all,12,14,14054
0.6568476627877737,0.7330022100124155,0.5244382432418347,0.0966045435584855,28,0.6200479834967388,0.7576432391002542,11.76671138030476,sl_eat_all_ssl_all,12,15,15054
0.6981991136705678,0.7474880850992616,0.6043321759566713,0.10792613343737895,28,0.625442767151075,0.7619268080475005,11.774869359649658,sl_eat_all_ssl_all,12,16,16054
0.7028482885787629,0.74307061551442,0.44579637552996265,0.10193770859727727,28,0.623957143421543,0.7602699412771505,11.743971469188686,sl_eat_all_ssl_all,12,17,17054
0.6601306426797684,0.6871220075965848,0.5889826474739367,0.10964229888105217,28,0.6270543489959793,0.7606454872904999,11.7451984520531,sl_eat_all_ssl_all,12,18,18054
0.7038079566067571,0.7244169809894139,0.16997468937262084,0.09420619404693498,28,0.6217154322566972,0.7590304020062715,11.794241731405847,sl_eat_all_ssl_all,12,19,19054
0.6921837837255763,0.7711794065410261,0.6869888578243682,0.09234286534027587,27,0.6232574670766218,0.7597877534219426,11.761213060578754,sl_eat_all_ssl_all,12,20,20054
0.6561897877928733,0.7273295637771083,0.28317849649996013,0.10325679084819804,28,0.6239155546917915,0.7579925685725087,11.763415389724573,sl_eat_all_ssl_all,12,21,21054
0.6905282529548521,0.7568331494847874,0.026618221115813096,0.11238932370852395,28,0.6265388705542236,0.7613470068311856,11.762176008382495,sl_eat_all_ssl_all,12,22,22054
0.6639974587313597,0.729255198585312,0.5145783047752341,0.09968454992343079,28,0.6252609059443022,0.7619677347117333,11.736686658658503,sl_eat_all_ssl_all,12,23,23054
0.6472798815837706,0.7385604937939717,0.2855887474858016,0.10729554370983298,28,0.6284885316246396,0.764537345408282,11.759673367919563,sl_eat_all_ssl_all,12,24,24054
0.6807362581748833,0.7490593522378369,0.6520149002504142,0.10390407615771236,28,0.6183986641163632,0.7581608141175497,11.758505870959604,sl_eat_all_ssl_all,12,25,25054
0.6853417978525658,0.770561289763643,0.6385441816794024,0.0919999084254541,28,0.6211047185626367,0.7594129246824908,11.781559252175828,sl_eat_all_ssl_all,12,26,26054
0.6929221765005126,0.801996595005083,0.4269971607544774,0.10479069334004061,28,0.6254313669745525,0.7624899444474005,11.739265918602984,sl_eat_all_ssl_all,12,27,27054
0.695889896662172,0.7241310845221587,0.6989343435557118,0.094693458670731,28,0.6190612190469231,0.7580325769498858,11.758104250592451,sl_eat_all_ssl_all,12,28,28054
0.6826785139998791,0.7591475082801249,0.31169048580174225,0.09676579671565398,28,0.6286499947384434,0.7623592048301423,11.740322694128581,sl_eat_all_ssl_all,12,29,29054
0.6219641218552826,0.8560616378826396,0.025905927384484235,0.07532155224319799,28,0.03651766766218385,0.21872340011401886,8.565857525938078,sl_eat_bio_ssl_all,5,0,47
0.6415929550857907,0.8862101316318934,0.053363430203871506,0.07651523638963668,28,0.03595149428781173,0.21598189685364425,8.56545355062067,sl_eat_bio_ssl_all,5,1,1047
0.6181323526363658,0.8874283522351186,0.02505611762405845,0.07947003797408743,28,0.03606506263613407,0.2196738050591258,8.566710090375054,sl_eat_bio_ssl_all,5,2,2047
0.6247760223549801,0.8556121676758857,0.08989341975605845,0.07963086621651051,28,0.036074344130791344,0.21970403683160314,8.564613991198193,sl_eat_bio_ssl_all,5,3,3047
0.6423629674446931,0.8573912412096781,0.026064628680699743,0.08235591262274226,28,0.03632555696973309,0.21712144301366662,8.56706255959967,sl_eat_bio_ssl_all,5,4,4047
0.6364311752483853,0.8562886344778073,0.05301996259038598,0.0801393102049154,28,0.03681748757211602,0.2205835672174835,8.560250855399085,sl_eat_bio_ssl_all,5,5,5047
0.6529713446627463,0.875675927887773,0.0031390300287292465,0.07600388993801852,28,0.036852278049717316,0.22017839326053126,8.566361227160074,sl_eat_bio_ssl_all,5,6,6047
0.6451297773660015,0.8409585650866616,0.017895809734838817,0.072469736042428,28,0.03605247403596603,0.21782755385445582,8.565710736567864,sl_eat_bio_ssl_all,5,7,7047
0.6410851440297393,0.8275191198280494,0.03648256039986883,0.07731605358955489,28,0.036386782585084966,0.22113757480896645,8.564141240152987,sl_eat_bio_ssl_all,5,8,8047
0.6217959214993991,0.8609726098991807,0.008391282708046595,0.08057320062983252,28,0.03617246921210689,0.2155889088516884,8.567050161401454,sl_eat_bio_ssl_all,5,9,9047
0.619714135871043,0.8254143071358321,0.004995868304054084,0.07588752451777873,28,0.03592628650771159,0.21928103442997343,8.564400840385733,sl_eat_bio_ssl_all,5,10,10047
0.6477322616745644,0.8374792433849046,0.009499593267432915,0.07530738386802738,28,0.03590562020685242,0.21774465459649744,8.565207898855547,sl_eat_bio_ssl_all,5,11,11047
0.6042037983761508,0.875397875481449,0.1125179223721132,0.09182110059824317,28,0.036068859766617035,0.21547019399467954,8.568552082086276,sl_eat_bio_ssl_all,5,12,12047
0.6375538238290197,0.8714458464640522,0.0034826409718999207,0.07969264971148789,28,0.03624511633907071,0.2176432671687324,8.5654450426543,sl_eat_bio_ssl_all,5,13,13047
0.6290098223676563,0.8858572553524958,0.05852250706824942,0.07440145656972555,28,0.036427708081624176,0.22091113979226412,8.56178397247575,sl_eat_bio_ssl_all,5,14,14047
0.6256310711233479,0.85422038137991,0.027233094646887897,0.07393309715765997,28,0.0362758640032877,0.22122566705552593,8.56363060744866,sl_eat_bio_ssl_all,5,15,15047
0.6471677469816359,0.8668766789520548,0.019272646661078967,0.07685707066192574,28,0.036539490154549485,0.22077499261874725,8.565382412143425,sl_eat_bio_ssl_all,5,16,16047
0.6259218868810611,0.9138988037431519,0.04029233001452432,0.07780682632636127,28,0.03606368322904105,0.21789982776115505,8.564765596096079,sl_eat_bio_ssl_all,5,17,17047
0.6331690997016157,0.8834953362601837,0.17840816330986808,0.07319730016470363,28,0.03587483597476772,0.2177473822510403,8.565974571431768,sl_eat_bio_ssl_all,5,18,18047
0.6043631794449019,0.8447571521257988,0.05539792703409881,0.08000018171435692,28,0.03593794132741514,0.21703329899814988,8.566312400130712,sl_eat_bio_ssl_all,5,19,19047
0.6126284241127512,0.8018516994322231,0.07197496639835985,0.07700489629237,27,0.036495018591717804,0.2201043555260068,8.564054024885479,sl_eat_bio_ssl_all,5,20,20047
0.6321803989505331,0.8614197771832457,0.029005638245750733,0.07633663944068703,28,0.03616845984661509,0.21966625664214726,8.565201878143787,sl_eat_bio_ssl_all,5,21,21047
0.6201927413588654,0.8028184116241215,0.0280215194966033,0.08078991173767272,28,0.035592021736062976,0.2172191755862869,8.563774139845304,sl_eat_bio_ssl_all,5,22,22047
0.6212320477659689,0.8107975368552663,0.06873805160300002,0.0764614070987746,28,0.03620734020629642,0.2170956335593231,8.563106937365932,sl_eat_bio_ssl_all,5,23,23047
0.6287797436830561,0.8289084566119875,0.035280298716051775,0.08272578237451045,28,0.036072297188412254,0.21935561699795686,8.565270401865252,sl_eat_bio_ssl_all,5,24,24047
0.6144160450698029,0.8552038175482426,0.04862310132614979,0.07802455210966557,28,0.03617327619007015,0.2210958461553927,8.563505344659108,sl_eat_bio_ssl_all,5,25,25047
0.6318870967513373,0.8794985440824761,0.08113002576040104,0.0784486427629974,27,0.03641184088799686,0.21726286199068903,8.564172957734478,sl_eat_bio_ssl_all,5,26,26047
0.613481118072927,0.8693169974975372,0.08942617298881264,0.07628675995784248,28,0.03654960231149135,0.219522972703789,8.56601934387928,sl_eat_bio_ssl_all,5,27,27047
0.6492370108559021,0.8551024919642737,0.014656780286657584,0.07750349925969384,28,0.03597897705374044,0.21715117723501587,8.56786844898978,sl_eat_bio_ssl_all,5,28,28047
0.6302889820593661,0.8525254600772654,0.04583251988641353,0.07568285780695991,28,0.03585772481470063,0.21868319874778408,8.563308242477433,sl_eat_bio_ssl_all,5,29,29047
0.4194332664721069,0.7595313275725172,0.10452591655649243,0.14115383136095616,28,0.02964870070317595,0.17744379166976082,9.466382257770965,sl_eat_bio_ssl_all,7,0,49
0.40971877353727104,0.751676181439652,0.016012284259920757,0.14224778224813048,28,0.03082423361127348,0.18051788728210774,9.46538370256658,sl_eat_bio_ssl_all,7,1,1049
0.39282393519343983,0.772020384828465,0.012016309358160485,0.1483819207552706,28,0.030401227465035954,0.1780103676335037,9.469212922244331,sl_eat_bio_ssl_all,7,2,2049
0.4164134352576701,0.7505182309913693,0.0038256429201326716,0.14432765844923529,28,0.030182215586431645,0.1782261895015651,9.4660465113941,sl_eat_bio_ssl_all,7,3,3049
0.3947740493891899,0.7411076006421193,0.03932728976861342,0.14949604438777545,28,0.030107857615068612,0.17893663055935224,9.470888276740848,sl_eat_bio_ssl_all,7,4,4049
0.4097304904719784,0.7934557018584633,0.07944115251581936,0.13892623747515537,28,0.030713386838369983,0.18115862248980166,9.468398228325425,sl_eat_bio_ssl_all,7,5,5049
0.4103126053154516,0.8146662297831936,0.04467293234360551,0.14138633797684305,28,0.030685114564560634,0.18160941853095092,9.466703107891744,sl_eat_bio_ssl_all,7,6,6049
0.39985411693117306,0.720783307711461,0.07034115056681288,0.14909977259292115,28,0.032539192818601216,0.18295583738893315,9.466358903781883,sl_eat_bio_ssl_all,7,7,7049
0.39321595919383656,0.7778747960417485,0.0062649558274190924,0.14333424020456934,28,0.030197344307322887,0.17965745004019015,9.47037722973152,sl_eat_bio_ssl_all,7,8,8049
0.41987787044865466,0.7375574539614116,0.04271738673122208,0.14726941272391303,28,0.02910479474386609,0.1754413512315432,9.46731824488787,sl_eat_bio_ssl_all,7,9,9049
0.4111435109701925,0.7286892200451487,0.10142529648741591,0.14727929165434456,28,0.031119561289452553,0.18093206608970555,9.470437988845006,sl_eat_bio_ssl_all,7,10,10049
0.40835240763246894,0.7377404283347923,0.09605334314163655,0.1350252652309248,28,0.031253701976025616,0.17811807437765928,9.474934590633563,sl_eat_bio_ssl_all,7,11,11049
0.40135481056512906,0.70280617001215,0.028664562119272353,0.15331098261765694,28,0.03274031902786346,0.18230931344691062,9.467276622642263,sl_eat_bio_ssl_all,7,12,12049
0.41760874662016195,0.7364761386045766,0.0609578747669259,0.1453109440663083,28,0.03151956354996059,0.18013508672900902,9.468925246329846,sl_eat_bio_ssl_all,7,13,13049
0.39590499649964955,0.7365586476148123,0.06425550008266664,0.1400801816498397,28,0.030303826621985074,0.17979402041281795,9.469217985419828,sl_eat_bio_ssl_all,7,14,14049
0.3810909353569928,0.8133539769226857,0.024711007002540794,0.15403451716027822,28,0.03078705081864041,0.18142457397749012,9.469116308235773,sl_eat_bio_ssl_all,7,15,15049
0.4165854167776379,0.7603074701399763,0.07939628427505317,0.13825390412334218,28,0.03075010062666498,0.179519220627533,9.467112537390554,sl_eat_bio_ssl_all,7,16,16049
0.3939922721695482,0.7084216631566764,0.06528947607101171,0.13192442093816506,27,0.030201488453723536,0.17886168458214932,9.465769861065652,sl_eat_bio_ssl_all,7,17,17049
0.39868102913578063,0.7581965085093675,0.01757886224916944,0.14557874581798935,28,0.029012261609235642,0.17626218684024944,9.468457894818464,sl_eat_bio_ssl_all,7,18,18049
0.3964982394911614,0.7571528441033921,0.08743642539210629,0.1446035698132442,28,0.029465369023713384,0.1769290254115101,9.468833917962746,sl_eat_bio_ssl_all,7,19,19049
0.3880045415924956,0.8116294557630914,0.07324597369182474,0.14756514707585852,28,0.030575664964827696,0.17891432049634634,9.47083835895856,sl_eat_bio_ssl_all,7,20,20049
0.4113074395348534,0.7498676159833881,0.08606123986561359,0.15165182264839702,28,0.03126772820273017,0.18236521788748206,9.466813847287264,sl_eat_bio_ssl_all,7,21,21049
0.4258041973313874,0.8119195695025146,0.0223761912177106,0.1439019413483536,28,0.030277221078675177,0.1781827309213083,9.474802327718635,sl_eat_bio_ssl_all,7,22,22049
0.40443162235342117,0.7480553855586354,0.0035896319805288194,0.14898737025505474,28,0.031280239076165985,0.18104174480397014,9.470043327556034,sl_eat_bio_ssl_all,7,23,23049
0.3988843607804946,0.7818998508634951,0.07570416178594175,0.14917883192911602,28,0.0325019060600153,0.18377394250546966,9.466631998821052,sl_eat_bio_ssl_all,7,24,24049
0.4003025153303816,0.7846710156987304,0.03350771186182147,0.132415654531137,28,0.03123505188811943,0.1825972571800086,9.466987046037945,sl_eat_bio_ssl_all,7,25,25049
0.3850406223483418,0.7212469778999987,0.08093542312712564,0.14432536676786376,28,0.03267648960951498,0.1816600507947065,9.470838731813423,sl_eat_bio_ssl_all,7,26,26049
0.39705572601691835,0.829666002792794,0.01623317325880117,0.15391691546476666,28,0.03153140513246845,0.1812563829489229,9.47402151960257,sl_eat_bio_ssl_all,7,27,27049
0.4393782983247706,0.7643065062228874,0.00875645780926187,0.1345026529442367,28,0.03052419471127347,0.1814611319187621,9.46621592549969,sl_eat_bio_ssl_all,7,28,28049
0.41784595478641534,0.76106861028062,0.012568595914266997,0.15585882927363912,28,0.030691171911617014,0.18055104774514863,9.469137112962837,sl_eat_bio_ssl_all,7,29,29049
0.44593135053060384,0.7569159729903333,0.06680425308740735,0.20264413102259796,28,0.04149495041075188,0.20482053192945604,7.744775068677684,sl_eat_bio_ssl_all,9,0,51
0.4363633847598628,0.7687334746825896,0.10702286888630858,0.20365126290773017,28,0.041405803213279996,0.20459636213842228,7.745279312502296,sl_eat_bio_ssl_all,9,1,1051
0.4163240382082726,0.6721830880185912,0.07444317917778565,0.20169221160329703,28,0.043292428173665784,0.21046200213999114,7.749779348851403,sl_eat_bio_ssl_all,9,2,2051
0.42949647275822594,0.7177994240888952,0.07408752339355136,0.2173400707643577,28,0.041824870075584254,0.20586502796985434,7.745181017968116,sl_eat_bio_ssl_all,9,3,3051
0.4187584717111553,0.7568724691525598,0.15395149692823024,0.2105943242757231,28,0.04256997339409466,0.21054531698292187,7.747463062866246,sl_eat_bio_ssl_all,9,4,4051
0.4191593873423571,0.7604314256326316,0.02551568851288044,0.19990294774780656,28,0.041655636323282244,0.20662219186654515,7.7442678641240885,sl_eat_bio_ssl_all,9,5,5051
0.4305364772983321,0.7010220307131554,0.06507689254345432,0.21075735885170332,28,0.04209071533661471,0.2087170888457796,7.745683614068296,sl_eat_bio_ssl_all,9,6,6051
0.4248029707188585,0.7423082293024683,0.003973670329967392,0.19633211608784099,28,0.041992563547459776,0.20761841485470547,7.748471399476597,sl_eat_bio_ssl_all,9,7,7051
0.43336348216896886,0.7349774023903186,0.10748367359555752,0.210961636111077,28,0.044595807637232386,0.20985933046632166,7.744722062786485,sl_eat_bio_ssl_all,9,8,8051
0.4234195483509227,0.7285529725281186,0.08604091016551513,0.20855603212948395,28,0.04183984841847013,0.20491049144850382,7.748985927096132,sl_eat_bio_ssl_all,9,9,9051
0.4210645553887312,0.7394054499866731,0.04075244957236622,0.2060614412728634,28,0.042681115010598826,0.20755894068385033,7.747097969140121,sl_eat_bio_ssl_all,9,10,10051
0.41833304304232877,0.7271555790035225,0.043990391043987935,0.20419527188103417,28,0.04427391095643137,0.21117436572981577,7.746589390242511,sl_eat_bio_ssl_all,9,11,11051
0.4194039415265296,0.7020271584177002,0.020048203257954516,0.1986443947303557,28,0.04273336542598954,0.2089200799823203,7.745609791073047,sl_eat_bio_ssl_all,9,12,12051
0.437032103197511,0.7829083535883561,0.06944961064370794,0.21321020599586726,28,0.04262015388757884,0.20943740667427813,7.747130050926757,sl_eat_bio_ssl_all,9,13,13051
0.4319579898225886,0.6995772541695807,0.05903007809998272,0.20220513619631403,28,0.04163335579325664,0.20810503693778853,7.7458124078319495,sl_eat_bio_ssl_all,9,14,14051
0.42295331290627847,0.7420610431368637,0.009556110047002042,0.21026429176973643,28,0.04272442672791928,0.2094890588288933,7.746783268970947,sl_eat_bio_ssl_all,9,15,15051
0.4236042341288232,0.7043559273512653,0.07554924253152769,0.20666498600216512,28,0.04265371794409203,0.20936502875664,7.7413596552771455,sl_eat_bio_ssl_all,9,16,16051
0.4253362244069464,0.7386115498102207,0.04135284333355022,0.20300689602557181,28,0.04185334821268608,0.20554892693356636,7.7444417949722935,sl_eat_bio_ssl_all,9,17,17051
0.42247771174772025,0.6925297404835766,0.035300971521583076,0.2111219127040733,28,0.04366326280551987,0.2093936620894072,7.739876714455483,sl_eat_bio_ssl_all,9,18,18051
0.4147004950501157,0.7108879481872802,0.05807068356123892,0.2173441422682715,28,0.044558703639364906,0.21084915903208795,7.743896776393749,sl_eat_bio_ssl_all,9,19,19051
0.4248617421671191,0.7636083178790798,0.04295779412915123,0.21911775426912572,28,0.043092540648463296,0.2090724152587307,7.7456794362110495,sl_eat_bio_ssl_all,9,20,20051
0.41032884349732823,0.7117057278687651,0.1346227107272524,0.21600038113201572,28,0.042733188517469455,0.20806415944351947,7.749401404943553,sl_eat_bio_ssl_all,9,21,21051
0.4157161679600061,0.7207678388449439,0.10835832459111291,0.20673695831249783,28,0.042803564720015015,0.20638967627356358,7.7497731658773725,sl_eat_bio_ssl_all,9,22,22051
0.439264594583532,0.6591036997518929,0.08150571033088042,0.20910821209572544,28,0.04175333131814739,0.20711658830150478,7.7448661553024944,sl_eat_bio_ssl_all,9,23,23051
0.4319039673349806,0.7376980674290097,0.05126179242094993,0.19687039452810692,28,0.042310990195404914,0.20964551629819803,7.741401710105265,sl_eat_bio_ssl_all,9,24,24051
0.4175170424137253,0.6863204748397875,0.13333907847294732,0.20681951740150728,28,0.04269176441324634,0.20993299069136281,7.746322260623263,sl_eat_bio_ssl_all,9,25,25051
0.43046027146873167,0.7622576423443623,0.001497259907488549,0.20043900140941928,28,0.042063597354540516,0.20906782392328946,7.744225837212414,sl_eat_bio_ssl_all,9,26,26051
0.42884680471670966,0.7241416896156738,0.008660786166575502,0.19828399000090507,28,0.04259294162201354,0.2077356301169523,7.747620574355431,sl_eat_bio_ssl_all,9,27,27051
0.42895794233184825,0.7089612420618843,0.15079922496278136,0.2056338938218391,28,0.04176824178289165,0.2086230235627249,7.7457702147576635,sl_eat_bio_ssl_all,9,28,28051
0.4009754266840252,0.7609425901692176,0.13646150673714874,0.21158730284430974,28,0.043284767868243396,0.20695655219823267,7.7480212379568725,sl_eat_bio_ssl_all,9,29,29051
0.4986255855173013,0.8035336958486019,0.06839647274291283,0.21860442960330076,28,0.055813305625086074,0.23530583918681788,5.990435505781508,sl_eat_bio_ssl_all,10,0,52
0.5754498973523209,0.7971490713024815,0.02169843161938117,0.2146671191830212,28,0.05672149815434994,0.2375403507632309,5.990993803878711,sl_eat_bio_ssl_all,10,1,1052
0.49469780095600446,0.8019280875464823,0.06797823976265718,0.21253918395566926,28,0.05471761094967107,0.23280256075956207,5.991085806491619,sl_eat_bio_ssl_all,10,2,2052
0.5448017577768417,0.7856978816488496,0.03472806488293702,0.2111928499351043,28,0.055569235064236444,0.23629677339151067,5.9918759939052935,sl_eat_bio_ssl_all,10,3,3052
0.5213246353365881,0.788436502603483,0.07258298226295247,0.19776148636417337,28,0.05622742135511736,0.23635105117128422,5.990982052107275,sl_eat_bio_ssl_all,10,4,4052
0.5334029116953156,0.8594445304079541,0.06491227067225314,0.20065550895049616,28,0.05601441761165146,0.23640416317230162,5.990551953067196,sl_eat_bio_ssl_all,10,5,5052
0.49494472100655873,0.7488656171867821,0.013732447801355047,0.20778079024679155,28,0.05706475981206543,0.23859702109740713,5.992182031783682,sl_eat_bio_ssl_all,10,6,6052
0.5323454928272743,0.7637785868089966,0.10373923114441039,0.2085152474698281,27,0.05552570841808133,0.23671034366306642,5.992309261535461,sl_eat_bio_ssl_all,10,7,7052
0.5376217733880321,0.8043138127940879,0.012266494026986464,0.193968895658928,28,0.05666576561785188,0.23862176453334932,5.990641631655248,sl_eat_bio_ssl_all,10,8,8052
0.5187118625313932,0.7490861883991035,0.03775115969970757,0.21147812019052978,28,0.057323300330463275,0.2395952161853154,5.991017958653172,sl_eat_bio_ssl_all,10,9,9052
0.49810102712953175,0.7654739363330905,0.014495553907632625,0.2160264880212769,27,0.0560114534705575,0.2360287227829367,5.991492909390074,sl_eat_bio_ssl_all,10,10,10052
0.4936514582612803,0.771179909188847,0.08404786869805476,0.20076205387532817,28,0.05605753266013423,0.23790732448268578,5.992406316856058,sl_eat_bio_ssl_all,10,11,11052
0.5351642106782688,0.8117824283147803,0.071237870728109,0.20901588278421834,28,0.05730170004964456,0.2378819439407128,5.992845576563245,sl_eat_bio_ssl_all,10,12,12052
0.4949512261258369,0.782938346529719,0.10329598694080305,0.19992121663787582,28,0.055847266103046474,0.2358881917828901,5.990874369271835,sl_eat_bio_ssl_all,10,13,13052
0.5398650066540255,0.7699823561174115,0.02197860769327255,0.19611376857735432,28,0.05666300788481675,0.23835831057411977,5.991826104975969,sl_eat_bio_ssl_all,10,14,14052
0.546433918966148,0.7994043586136157,0.02213609275390379,0.19334451477061823,28,0.056884011329414355,0.23934861358807194,5.991135974323353,sl_eat_bio_ssl_all,10,15,15052
0.4894041808410967,0.8101906007736656,0.011667463839956671,0.20386676729537698,28,0.05700996522259273,0.23738114090484447,5.990712978630152,sl_eat_bio_ssl_all,10,16,16052
0.5174064965648129,0.7550692245487698,0.0010360662741341242,0.20415196821978798,28,0.05634407493907303,0.23656789382657542,5.99109519840531,sl_eat_bio_ssl_all,10,17,17052
0.5503076115602219,0.7708764715298301,0.0036076671883387167,0.2020695476474285,28,0.05534325740469396,0.23342682167858042,5.991618587845887,sl_eat_bio_ssl_all,10,18,18052
0.5056577505307236,0.7337329734377596,0.05471331959404413,0.211471958919999,28,0.05611721864572629,0.23542997083565892,5.990676056297175,sl_eat_bio_ssl_all,10,19,19052
0.5012293587429459,0.7916973351662924,0.045555077152195485,0.2101863337176235,28,0.05551094097597233,0.23757332841104015,5.990625163194472,sl_eat_bio_ssl_all,10,20,20052
0.5102763691700017,0.811661430066111,0.07205693871633169,0.2154628359801199,28,0.05430341771775075,0.234770871399571,5.992484574122698,sl_eat_bio_ssl_all,10,21,21052
0.5205875780846239,0.7638774179260942,0.032140204259974624,0.20436503949585766,28,0.055383979711772606,0.23922439621296973,5.991970271654046,sl_eat_bio_ssl_all,10,22,22052
0.5052284719396154,0.7674725877600366,0.021271910408430277,0.20856037574688752,28,0.055425327425781296,0.23649536764875329,5.992356300483911,sl_eat_bio_ssl_all,10,23,23052
0.5211544137679659,0.7724745117817118,0.02238395133878703,0.19993778663090184,28,0.05732137168528245,0.23786942075385345,5.990182272621456,sl_eat_bio_ssl_all,10,24,24052
0.5281041818125092,0.7954842883210348,0.014800634403319513,0.21359449400230587,28,0.05544735620592138,0.23524335822067438,5.990515436022591,sl_eat_bio_ssl_all,10,25,25052
0.5010751980828666,0.8503565426470727,0.010141535824185923,0.20673396419641554,28,0.055161516129693264,0.23547377590539273,5.990993292192291,sl_eat_bio_ssl_all,10,26,26052
0.5120498531279829,0.8073520431575949,0.043072805997757556,0.20180906714963465,28,0.05747769659274531,0.2371399573624862,5.990808338880683,sl_eat_bio_ssl_all,10,27,27052
0.45848124221712894,0.8005047441138006,0.04456761625000686,0.20281508698245082,28,0.05698475966051182,0.23524523020867474,5.99208633765822,sl_eat_bio_ssl_all,10,28,28052
0.4875085719098138,0.8264861404910114,0.06835632805612586,0.20136540372029357,28,0.05570437348310092,0.23569784552253073,5.991032411385976,sl_eat_bio_ssl_all,10,29,29052
0.5678043895384608,0.852774107189403,0.0376717151470564,0.1854883036310511,28,0.09862715255061429,0.2784712017201009,6.032542062706617,sl_eat_bio_ssl_all,11,0,53
0.591847963124501,0.9008682485549437,0.045078687730228974,0.1889815771754725,28,0.10108238885758834,0.28180060485297354,6.031220301280747,sl_eat_bio_ssl_all,11,1,1053
0.5820241157741798,0.8620887209248214,0.1324747374350388,0.1946524696346544,28,0.09960944802452545,0.28314706787043414,6.0359340302630375,sl_eat_bio_ssl_all,11,2,2053
0.6441968840513048,0.8849254103695989,0.04842673609098634,0.20217741543291376,28,0.09764542446918258,0.2796497496321509,6.026177098787031,sl_eat_bio_ssl_all,11,3,3053
0.5603582723597825,0.9057767836885112,0.09148099586874568,0.18691425972180675,28,0.09769844696334393,0.27798785558651906,6.031371436836112,sl_eat_bio_ssl_all,11,4,4053
0.5950514897186826,0.8981102794783699,0.112193215151827,0.18125495589403787,27,0.09961695738817482,0.2814161202889763,6.037302801595641,sl_eat_bio_ssl_all,11,5,5053
0.563277608706797,0.8315175800521329,0.015535857098256757,0.18932518347174798,28,0.10067903161103989,0.280890346457664,6.039017149071389,sl_eat_bio_ssl_all,11,6,6053
0.5431812219548814,0.8400337546873695,0.1937319290271488,0.1955782747240057,28,0.09964876979734334,0.2806354399338442,6.0387806377871165,sl_eat_bio_ssl_all,11,7,7053
0.527070102667262,0.8710221511918421,0.08911033177433296,0.19441994239448834,27,0.10103674781751523,0.28224302367257204,6.033490910694213,sl_eat_bio_ssl_all,11,8,8053
0.5770106238414683,0.8862972420106903,0.05725629164813141,0.18170586329896724,28,0.0987205144514328,0.28002328886991495,6.034902769032547,sl_eat_bio_ssl_all,11,9,9053
0.5903137884557632,0.8417303932132756,0.1089148085387028,0.20672565569575774,28,0.1005206253407875,0.2820211455179979,6.035818952825027,sl_eat_bio_ssl_all,11,10,10053
0.5625302786226603,0.8334540464850569,0.1709667310466073,0.1921813195003163,28,0.0986909101723371,0.27941949809760597,6.033271491909714,sl_eat_bio_ssl_all,11,11,11053
0.5420322608830418,0.8465209548166606,0.11586539254644758,0.18762610965882118,27,0.0990724709638346,0.2792020502421484,6.035168653229522,sl_eat_bio_ssl_all,11,12,12053
0.6073078748708545,0.8426111256400495,0.07870743487115575,0.1878972623017305,28,0.099713349406257,0.28153298820722383,6.030801359846057,sl_eat_bio_ssl_all,11,13,13053
0.6315170486172099,0.8692822010431789,0.14356418588901648,0.18225533055685414,28,0.09897838032735233,0.27964573171853546,6.027490680566251,sl_eat_bio_ssl_all,11,14,14053
0.5492081972886254,0.8609656688599078,0.013121805205062764,0.18559837745717622,28,0.10081338165074354,0.28272319393500045,6.0324420385683535,sl_eat_bio_ssl_all,11,15,15053
0.5883294380566306,0.8551917840949763,0.10940429309049647,0.19866665994986257,28,0.10079410703220103,0.2829223148562415,6.0381782314747365,sl_eat_bio_ssl_all,11,16,16053
0.5750403760523244,0.8642348701169157,0.0749132837743745,0.21054251645028396,28,0.10098149263490262,0.2802386322442521,6.033721424863277,sl_eat_bio_ssl_all,11,17,17053
0.5830287633228057,0.8932330150083698,0.061623351771568066,0.1975140518193825,28,0.10109263144378297,0.2823093505828634,6.035222714092404,sl_eat_bio_ssl_all,11,18,18053
0.6038426453175283,0.8392178196330751,0.105953985975273,0.19200043179294352,28,0.098614294028091,0.2802403329771204,6.030746649554352,sl_eat_bio_ssl_all,11,19,19053
0.6356473795423649,0.9068199524617968,0.10534807683993248,0.18971224794376215,28,0.09816232862478422,0.2812288077405391,6.032894680066705,sl_eat_bio_ssl_all,11,20,20053
0.5699633676586556,0.8437964723167564,0.12691740204306337,0.19026403409744566,28,0.09982592970200109,0.2800900024988908,6.0335012524064755,sl_eat_bio_ssl_all,11,21,21053
0.5957940785963591,0.8546322243650646,0.10406866561286585,0.19870397119157476,28,0.10269780706568452,0.2847815074371135,6.039728504219707,sl_eat_bio_ssl_all,11,22,22053
0.5732256971673662,0.853991774062059,0.029848840422873137,0.1868506936436618,28,0.09986350081986255,0.27838384186637716,6.028685098342796,sl_eat_bio_ssl_all,11,23,23053
0.6251955550824584,0.896200035035088,0.09934523168650232,0.1805722159313645,28,0.096877462198169,0.2765651456602517,6.031930082174891,sl_eat_bio_ssl_all,11,24,24053
0.6515765691449363,0.8728337277008642,0.07703764698122485,0.18964745822829823,28,0.09966218991285668,0.2818080698278383,6.032355956383819,sl_eat_bio_ssl_all,11,25,25053
0.5654319284544291,0.8125574638347984,0.012578698249051062,0.19676185622658504,28,0.10046391156970079,0.2817678804712805,6.034121192246769,sl_eat_bio_ssl_all,11,26,26053
0.6253443429784913,0.8425503285791429,0.1444466103874207,0.17774747760311263,28,0.10016592915097852,0.2808998533906497,6.03736607586298,sl_eat_bio_ssl_all,11,27,27053
0.5920515509774884,0.8852974906144601,0.05623935555054163,0.19051495816149333,27,0.09937978045886668,0.27934142710311505,6.033395762906346,sl_eat_bio_ssl_all,11,28,28053
0.5874282151633187,0.8379219375773355,0.05630778975174791,0.19430785038344284,28,0.10124439219677615,0.28110551902063596,6.032933979454121,sl_eat_bio_ssl_all,11,29,29053
0.6131586566331386,0.7320420833387544,0.003548967187729024,0.21356159896120683,27,0.08322312875850611,0.2859693241344653,18.056745448455278,sl_eat_bio_ssl_all,12,0,54
0.6126315997522638,0.7683702801292664,0.03332506802768032,0.21601321081738709,28,0.0817322816894206,0.28559267140925587,18.100570008696195,sl_eat_bio_ssl_all,12,1,1054
0.6411701960358728,0.6705058953579331,0.05393593302951452,0.20883476641184087,28,0.08378139020766204,0.28445580427988026,18.071398255388754,sl_eat_bio_ssl_all,12,2,2054
0.6319920610350176,0.687305666728997,0.0037191937872940953,0.20875755179280628,28,0.08428808158788079,0.2860597655769737,18.10053602483127,sl_eat_bio_ssl_all,12,3,3054
0.5942727186431326,0.6645805143430482,0.006362919623306003,0.21762505746525695,28,0.08526800957965788,0.2867648090815251,18.03883311949864,sl_eat_bio_ssl_all,12,4,4054
0.619212611931445,0.7222581511030174,0.01032165904397946,0.2164336220032963,28,0.08322683186099292,0.28558465277451955,18.040888813130834,sl_eat_bio_ssl_all,12,5,5054
0.6430506435899057,0.7343925926365419,0.05108374859108192,0.23312952861009387,28,0.08261811017801293,0.281845936042659,18.044802259283017,sl_eat_bio_ssl_all,12,6,6054
0.6436139495333731,0.7281287094154615,0.03574381799279239,0.22432021703249763,28,0.08256272863712517,0.2849435110093826,18.064997938153432,sl_eat_bio_ssl_all,12,7,7054
0.6354228934507207,0.7199368064236366,0.06556661597838047,0.20445946443584237,28,0.08199948630743839,0.2846988204203528,18.083169943528855,sl_eat_bio_ssl_all,12,8,8054
0.6159338903519281,0.748060033946706,0.08336808285775434,0.20721469065424192,28,0.08038416479524813,0.2830737752396305,18.085190005254407,sl_eat_bio_ssl_all,12,9,9054
0.6601551532718657,0.7201882809853493,0.037541638672000735,0.219337866854297,28,0.0830822125377064,0.28585780937748967,18.070689235415262,sl_eat_bio_ssl_all,12,10,10054
0.6325893986634303,0.7188712329486173,0.01799473731258401,0.22381021220180225,28,0.08148215579580656,0.283042069872179,18.08047631453056,sl_eat_bio_ssl_all,12,11,11054
0.6208100120781171,0.7013828394659009,0.14721292429729785,0.20735126532164533,28,0.08380262952229009,0.2846969096172017,18.08647342141174,sl_eat_bio_ssl_all,12,12,12054
0.6212011618205093,0.7107767934320552,0.05368123548323197,0.19934476442208568,28,0.08336792328085997,0.2846752974675143,18.054150048679737,sl_eat_bio_ssl_all,12,13,13054
0.6320142015778115,0.6858466926388631,0.002978696851846985,0.2147630607725041,28,0.08390017578507131,0.28592084110363786,18.112459955671824,sl_eat_bio_ssl_all,12,14,14054
0.60048761965688,0.6872056509165719,0.019194602728808123,0.21127262251125173,28,0.08251521393194401,0.28409147343296576,18.08003709110486,sl_eat_bio_ssl_all,12,15,15054
0.6481583256529073,0.7095679377892636,0.01757455048726861,0.2221663137210983,28,0.08285770386979151,0.2843312726425941,18.025910757000766,sl_eat_bio_ssl_all,12,16,16054
0.6135294082121469,0.7382991417563461,0.010562583268631784,0.218982451183912,28,0.08210135069884318,0.2812869124299613,18.091574509982717,sl_eat_bio_ssl_all,12,17,17054
0.6409299920088067,0.7017103024955403,0.0070705601387591015,0.2149426070491039,28,0.08023271530144417,0.27998074847948357,18.07700225755063,sl_eat_bio_ssl_all,12,18,18054
0.6478009964406133,0.7530627974688623,0.046838409894535915,0.20970615818380792,28,0.08302551221491056,0.2838437326366182,18.049811047005786,sl_eat_bio_ssl_all,12,19,19054
0.6265146264229876,0.7334916372798499,0.012680472478581522,0.20607198989839925,27,0.08169035033374683,0.2827898793531105,18.03809874114742,sl_eat_bio_ssl_all,12,20,20054
0.5979607400832109,0.7063494414796657,0.03213873939421884,0.2187279420396817,28,0.08127507614734562,0.28246295272649186,18.041395127562968,sl_eat_bio_ssl_all,12,21,21054
0.6033003333218231,0.7210715837755202,0.11756653471582806,0.2245465693423398,28,0.08181848802332753,0.2841786766940896,18.052823728024702,sl_eat_bio_ssl_all,12,22,22054
0.6296210737541853,0.7048333983333731,0.07604909526723837,0.21426470521643004,28,0.08188931671989524,0.28481468602351234,18.040741257564914,sl_eat_bio_ssl_all,12,23,23054
0.6342175950573248,0.7102802082964147,0.021621515734173025,0.22743223970786527,28,0.08432605366527697,0.28997842925184075,18.035047095279324,sl_eat_bio_ssl_all,12,24,24054
0.6472676695204493,0.6972990559615002,0.09581338566787263,0.21387075292077323,28,0.08110317462384943,0.28217891638578657,18.03954753166332,sl_eat_bio_ssl_all,12,25,25054
0.6343133553442878,0.7447328916557312,0.013548469327192529,0.21213498860864755,28,0.08355257740060018,0.2853860881780789,18.034852399084848,sl_eat_bio_ssl_all,12,26,26054
0.6447097960426318,0.8182583631080806,0.030585330134384754,0.21591107082221853,28,0.0817284046570256,0.2831451773122836,18.052655418786326,sl_eat_bio_ssl_all,12,27,27054
0.623859512880096,0.7195717400549816,0.06904541145815549,0.2081749339601647,28,0.08179698610727149,0.2834978188387644,18.09993508734855,sl_eat_bio_ssl_all,12,28,28054
0.6170209944586126,0.7141172570127519,0.1013396262057977,0.20864471038106333,28,0.08200175236467382,0.2854261960470455,18.07972125250682,sl_eat_bio_ssl_all,12,29,29054
0.9249590560867708,0.8987352364044089,0.9271895136740366,0.3112445785408204,28,0.5054474105521183,0.8396941543688138,27.712797710120316,random_init_eat_seed42,5,0,47
0.9011884823201047,0.9414151949931506,0.9187960346968422,0.30125886540390656,28,0.5113023281994545,0.840474364710919,27.712797484110382,random_init_eat_seed42,5,1,1047
0.8986638703983727,0.9770593533692346,0.8792245809907127,0.3218862980380637,28,0.5158653488778472,0.8396016227064302,27.712799221853157,random_init_eat_seed42,5,2,2047
0.9226657992819917,0.9791011521781183,0.9618159426159847,0.32977176929768137,28,0.5192484647159553,0.8422679175007292,27.712800061732803,random_init_eat_seed42,5,3,3047
0.9059325454371334,0.9765802765417382,0.9079518781528177,0.3606791925763981,28,0.5015213174989216,0.8336401885032934,27.712802054182173,random_init_eat_seed42,5,4,4047
0.9006476369076895,0.9375863021543035,0.8861502193513157,0.3456585379139384,28,0.510258444522149,0.8402804970583876,27.712799964433124,random_init_eat_seed42,5,5,5047
0.931665408330929,0.9370149623015915,0.8420145701075815,0.3285584319176672,28,0.5046558126635038,0.8419348254292937,27.712801409300557,random_init_eat_seed42,5,6,6047
0.9140828091706543,0.9122574064203344,0.9736673412700682,0.3069449067977724,28,0.5273155282878245,0.8447918977020117,27.712800693287974,random_init_eat_seed42,5,7,7047
0.8966826891737979,0.9892158639802426,0.908081463418849,0.32377398684637837,28,0.5266194418172694,0.8441064797854334,27.71279711883495,random_init_eat_seed42,5,8,8047
0.9140883921377899,0.9857773485064956,0.8828592574898642,0.3585177712281614,28,0.5110915772979239,0.8351502228880766,27.712800881006697,random_init_eat_seed42,5,9,9047
0.909899028746592,0.9792715693079375,0.9578132915339305,0.3098678631790944,28,0.5079630254206131,0.8408457301316523,27.71279843383254,random_init_eat_seed42,5,10,10047
0.9329599520136798,0.9768132118546365,0.8977645991838081,0.2953770218070747,28,0.5097374575878267,0.8401225062064611,27.71280089169027,random_init_eat_seed42,5,11,11047
0.899036533678864,0.9214956550467814,0.8230129319181544,0.4038012072847483,28,0.509465246002007,0.8393786432862526,27.712802169716394,random_init_eat_seed42,5,12,12047
0.9042640715287478,0.9623419511691791,0.7387332954652522,0.4026724832472587,28,0.5154694412879922,0.8395358218504955,27.71279886569883,random_init_eat_seed42,5,13,13047
0.9100273188674304,0.9447963574643531,0.6061501783198645,0.30839912146945514,28,0.5060564582417373,0.8375377584568798,27.712799178609544,random_init_eat_seed42,5,14,14047
0.915538926968725,0.895802200554267,0.702500836868731,0.2747097587044031,28,0.5099434529610237,0.8400540749983265,27.712799313796356,random_init_eat_seed42,5,15,15047
0.9180910758132537,0.9066587334291973,0.8569175258486461,0.29057840619539194,28,0.5131513144144353,0.8429866204017739,27.712800342391635,random_init_eat_seed42,5,16,16047
0.9033586594374972,0.9875927789197302,0.7671276806712178,0.3039826759722032,28,0.5012765462269523,0.8404730015550067,27.712797713331064,random_init_eat_seed42,5,17,17047
0.9084296565787845,0.9910484909776528,0.5234046061173822,0.34088562255223914,28,0.5055482843149702,0.8374220535365354,27.712798583056447,random_init_eat_seed42,5,18,18047
0.9224159815520718,0.9896412797217733,0.8872922927448952,0.2834765664846008,28,0.5089859779518847,0.8423939633785075,27.71280179658028,random_init_eat_seed42,5,19,19047
0.9191917036615525,0.8984802670118957,0.950311024726364,0.3025403144696445,27,0.5063743493314209,0.8412972844846974,27.712797857286734,random_init_eat_seed42,5,20,20047
0.9055626757501706,0.9757247728062846,0.915080449127105,0.26181044140174886,28,0.4881640987440037,0.8292067348571228,27.712799446661382,random_init_eat_seed42,5,21,21047
0.8975084773685245,0.9550239196156023,0.8589950903157406,0.30757792834644593,28,0.5179523512946752,0.8464169701160603,27.712797534156213,random_init_eat_seed42,5,22,22047
0.9178008763346354,0.9756626717338751,0.8033883901972874,0.3020508579680468,28,0.5119750404655103,0.842046139160168,27.712796099491097,random_init_eat_seed42,5,23,23047
0.9080080713482321,0.9796208895664955,0.846409206900883,0.3390915006610455,28,0.5049329046389884,0.842600990535352,27.71280247821111,random_init_eat_seed42,5,24,24047
0.8871279913073996,0.9084808906649509,0.5254339787134354,0.4043058925095929,28,0.5015819939451791,0.841215276362047,27.712799817424465,random_init_eat_seed42,5,25,25047
0.8876876115418625,0.9713291691139829,0.8410071568660119,0.3428774296165069,27,0.5278574509258447,0.8461406893356579,27.712801848147432,random_init_eat_seed42,5,26,26047
0.9073145408477545,0.9224407195529283,0.8238351668009251,0.31817932564110857,28,0.5056331066344871,0.837054393213605,27.71279836307407,random_init_eat_seed42,5,27,27047
0.9396825147628018,0.9885278154549564,0.852370974396646,0.3206610713707317,28,0.5049826778488027,0.8365467122791033,27.712798501868495,random_init_eat_seed42,5,28,28047
0.9005548678630124,0.9101781602375393,0.9537231142032805,0.3357351478841724,28,0.5223532214789078,0.8428306177140774,27.7127995148688,random_init_eat_seed42,5,29,29047
0.8834680167978414,0.9536447969811851,0.8256710147449416,0.4131900438788553,28,0.4910033619077722,0.8460807651675079,27.71280027200047,random_init_eat_seed42,7,0,49
0.8900393356793085,0.9472891054056204,0.9493113972278638,0.3634879078669148,28,0.5044640745355473,0.8506422690835606,27.712799106933083,random_init_eat_seed42,7,1,1049
0.9224319376434359,0.9203263468428492,0.9656746645681489,0.39320545222024944,28,0.5053205159407755,0.8483511946500255,27.712797596905915,random_init_eat_seed42,7,2,2049
0.897118581500641,0.9033352099075364,0.9280731198640747,0.34065594964090307,28,0.4879446279403918,0.8458571231300039,27.712801435803808,random_init_eat_seed42,7,3,3049
0.9108524372425368,0.9426501275639307,0.7909096671180208,0.3603053912231255,28,0.4988942288692041,0.8491119649561552,27.71279806135518,random_init_eat_seed42,7,4,4049
0.9216580793973985,0.9733362303796644,0.9195533894138078,0.3216867309940849,28,0.5058803619123325,0.8495275909505068,27.7128008059675,random_init_eat_seed42,7,5,5049
0.9106228962860914,0.9883199085378915,0.9728321585540811,0.3566412848993997,28,0.5146893095289303,0.8523174543967839,27.712802903747768,random_init_eat_seed42,7,6,6049
0.9114345104374216,0.978928453465841,0.8768550319876317,0.3343483695724555,28,0.4930163161162636,0.8449196963920581,27.712800557744746,random_init_eat_seed42,7,7,7049
0.8842070659267955,0.9841304067236611,0.9056729497397936,0.3810850598484905,28,0.4964676880905412,0.8491591449953807,27.71279858657372,random_init_eat_seed42,7,8,8049
0.9003671121340411,0.9667237559167112,0.9401204266595524,0.3203102499161902,28,0.5040528972342462,0.8446217706208967,27.712799426402942,random_init_eat_seed42,7,9,9049
0.903384045807351,0.9582465225420937,0.788515524520235,0.35438940026560234,28,0.49083875708247077,0.8471558194288646,27.712800334510167,random_init_eat_seed42,7,10,10049
0.9299190300393698,0.9875821078572061,0.9388061288702653,0.32201747403820147,28,0.5040025801584124,0.8502618261985502,27.712799579600336,random_init_eat_seed42,7,11,11049
0.8874143299142245,0.9732090407326529,0.8335328978175219,0.4237110478961242,28,0.5090866565381779,0.8487882163289567,27.71279882327208,random_init_eat_seed42,7,12,12049
0.8863829120101325,0.9756029931903081,0.9460448438957252,0.29470264046504596,28,0.513879436125036,0.8537447065285139,27.712801268710784,random_init_eat_seed42,7,13,13049
0.9062112523037124,0.9090453343919325,0.9226217797204649,0.3820497304704677,28,0.5046544428092444,0.8504621623889321,27.712799175393098,random_init_eat_seed42,7,14,14049
0.9387825971368928,0.983648603908869,0.9032700798996833,0.4207382198541181,28,0.4966709355666125,0.8456097684446398,27.712800409974385,random_init_eat_seed42,7,15,15049
0.8930058423145576,0.9778438137519423,0.9299608521849683,0.33567572570712173,28,0.5116000165947661,0.8510688372379329,27.71279728057433,random_init_eat_seed42,7,16,16049
0.9081335612773376,0.9727299911226946,0.7842760912710538,0.3259882858203864,27,0.5068217493623617,0.8507953254792452,27.712798671672196,random_init_eat_seed42,7,17,17049
0.886399459668006,0.9401515979129907,0.9061115489219015,0.3684910310915733,28,0.5001541194331894,0.8497729605770068,27.71279555181829,random_init_eat_seed42,7,18,18049
0.9393012947536243,0.9106836924796902,0.5965878143608271,0.4056290084346875,28,0.49974136178706574,0.8507736326247554,27.712802450199682,random_init_eat_seed42,7,19,19049
0.9154591707909325,0.9891107209041946,0.8189144856549707,0.3863502837663259,28,0.49554038629465735,0.8483679656635733,27.712801016485308,random_init_eat_seed42,7,20,20049
0.9261051126127174,0.951294135014448,0.8673813940227652,0.33789055924456385,28,0.499865840468267,0.8480110982572702,27.712802811796447,random_init_eat_seed42,7,21,21049
0.9181597097644147,0.9278823205361831,0.9037815202508911,0.344297103954522,28,0.4935989152606424,0.8470086126917682,27.71280013922801,random_init_eat_seed42,7,22,22049
0.8838019018100916,0.9714630512285168,0.9455908155658779,0.3840788668129504,28,0.4921914666858714,0.84350325708242,27.712799481935225,random_init_eat_seed42,7,23,23049
0.9205967325786274,0.9048225819446541,0.7272818935175424,0.38586414135568925,28,0.4971707352244608,0.8488090945609303,27.712799494069316,random_init_eat_seed42,7,24,24049
0.8898167382587603,0.9580037590221554,0.8640351442674011,0.30302381553344976,28,0.5039904932643889,0.851487097174868,27.712799788467947,random_init_eat_seed42,7,25,25049
0.8912710525476916,0.8932419133381734,0.7125372318785714,0.37596779777294514,28,0.5050821790810489,0.8495157234109172,27.71280029435628,random_init_eat_seed42,7,26,26049
0.9069591900953581,0.9832010539223532,0.9528725011767358,0.3529987261085576,28,0.5027164470324961,0.8501788627082365,27.71279955250303,random_init_eat_seed42,7,27,27049
0.8803413448791935,0.9749841439699279,0.9047241057832354,0.3353651179204314,28,0.49579655944600287,0.848022952220256,27.712800723628096,random_init_eat_seed42,7,28,28049
0.9249207616566146,0.9748283729740732,0.8275623854084547,0.3604451708589217,28,0.49318213162879504,0.8444585160849281,27.712802997058407,random_init_eat_seed42,7,29,29049
0.875851066475254,0.9870414592311789,0.8962225273653289,0.3924000213123656,28,0.5005804516821399,0.8527446392926097,27.712799437499697,random_init_eat_seed42,9,0,51
0.9410715190985025,0.9766284583408874,0.9390921032073405,0.38069903542408634,28,0.5000398664611807,0.8525890604589891,27.71280074862167,random_init_eat_seed42,9,1,1051
0.8917116436565822,0.9829141753603375,0.9586266376044086,0.3913676281873787,28,0.5268706026787765,0.8617275931732743,27.712797265670076,random_init_eat_seed42,9,2,2051
0.9200961370216116,0.9696579270480787,0.9612101385619928,0.4305026352242984,28,0.49784817915429236,0.8537619983455036,27.712799813315616,random_init_eat_seed42,9,3,3051
0.9096213834402272,0.9540192063074955,0.8046359239836941,0.3419135953719949,28,0.503524943952252,0.8549497423961215,27.712798900790627,random_init_eat_seed42,9,4,4051
0.8508846588121699,0.9829926016235738,0.880842914965471,0.37805866024168316,28,0.5105430597943074,0.8594337615588052,27.712801399400895,random_init_eat_seed42,9,5,5051
0.8659792208949664,0.8952237188528244,0.8811498001276342,0.37412390563164977,28,0.5277166763581764,0.8586089526528795,27.712798997383693,random_init_eat_seed42,9,6,6051
0.894601839944493,0.9564981822889227,0.882903322092341,0.3806463155385029,28,0.5117980397461839,0.8614327068873108,27.71280182833767,random_init_eat_seed42,9,7,7051
0.8898796366567128,0.9749648394191969,0.8938741320912805,0.4429359522380145,28,0.5159823803750753,0.8596114383157675,27.71279656714668,random_init_eat_seed42,9,8,8051
0.8721894580015285,0.9846213675085943,0.9382591159669368,0.4040121086077792,28,0.5140797369776501,0.8531381914512026,27.712803622464516,random_init_eat_seed42,9,9,9051
0.9433000156241999,0.9849721309678638,0.930851309812373,0.47666091421108625,28,0.5236137064329811,0.8637281645494393,27.712797355280443,random_init_eat_seed42,9,10,10051
0.9050220685000147,0.9853451348226627,0.9679025778402331,0.4153162023249219,28,0.5096149446044879,0.8574600556081656,27.712798981423443,random_init_eat_seed42,9,11,11051
0.8911485936640208,0.9889313255269929,0.9519723833845662,0.3761150132964701,28,0.5040734537095234,0.8541886133069879,27.71280112922856,random_init_eat_seed42,9,12,12051
0.9122586130721405,0.9732331222587561,0.9087616448717857,0.3611151841327531,28,0.5222217481163169,0.8576834623099847,27.712801983271824,random_init_eat_seed42,9,13,13051
0.9191750627446795,0.9786517325044732,0.9573139566465128,0.36710496167638546,28,0.5118126249165553,0.8565380136552333,27.712802461688778,random_init_eat_seed42,9,14,14051
0.8804748432780933,0.9663247227444668,0.9682309229358658,0.4114332277841292,28,0.511910413254297,0.8587148999289073,27.712802205847613,random_init_eat_seed42,9,15,15051
0.8741753854541908,0.9587971201718682,0.8802371978730971,0.38421177895012204,28,0.5170699673108624,0.8589491790506647,27.71280153200422,random_init_eat_seed42,9,16,16051
0.8876140103142622,0.9737319899118713,0.8758425882249742,0.382348539015724,28,0.5160902321398418,0.8563064514841443,27.712799325733236,random_init_eat_seed42,9,17,17051
0.881001047072744,0.9528208756253885,0.9506109702722105,0.41817723182297417,28,0.516085990920722,0.8601964300235869,27.712802009537995,random_init_eat_seed42,9,18,18051
0.8973619817878948,0.9800430351905934,0.9065767824000289,0.4042512010070609,28,0.5255404950871921,0.8615703088840794,27.712800220529473,random_init_eat_seed42,9,19,19051
0.8765251372649505,0.9568557666624639,0.9393014209502883,0.4032147051755536,28,0.5138106784840081,0.855596596149116,27.712798796452173,random_init_eat_seed42,9,20,20051
0.898334859140634,0.9712355004978622,0.9097707988929489,0.38643392910799035,28,0.5201719207743367,0.8594079065612978,27.71279994698651,random_init_eat_seed42,9,21,21051
0.897130294926253,0.9666148582352603,0.8726845477206276,0.4048673640516945,28,0.5165150381181862,0.8596628714595842,27.712798203011136,random_init_eat_seed42,9,22,22051
0.8499106443769995,0.9245652318037164,0.9550494169261716,0.35876428942636646,28,0.523900938448184,0.8604403177272081,27.712801152795798,random_init_eat_seed42,9,23,23051
0.9363094239718656,0.9856493950659416,0.9556776017593498,0.3850744829511457,28,0.5055881742037349,0.8563012495734352,27.712803796632908,random_init_eat_seed42,9,24,24051
0.8720111712532777,0.9518956472127809,0.8413881909960801,0.419430090283368,28,0.5161320166413993,0.8641890150062118,27.712800726428668,random_init_eat_seed42,9,25,25051
0.8674392769777469,0.9818040720978145,0.9854150324817981,0.4144663271416437,28,0.4950469397386076,0.8565442439680999,27.71279933624459,random_init_eat_seed42,9,26,26051
0.8746806248709493,0.9792974316453931,0.978845063622094,0.4397316882177319,28,0.5022782385066178,0.852616486460002,27.712800637642196,random_init_eat_seed42,9,27,27051
0.9214251691240956,0.9785856777976984,0.8844596458094814,0.4266855721893309,28,0.505536352195582,0.8565478937514017,27.712799529440137,random_init_eat_seed42,9,28,28051
0.8344332636582881,0.9854007864080815,0.9579272031786646,0.3993231207275229,28,0.520271154362702,0.8587874985401488,27.712800932261505,random_init_eat_seed42,9,29,29051
0.8477422444156073,0.9878520184296077,0.909628930553961,0.41245981209358434,28,0.538405995452868,0.8658159515647905,27.71280016316719,random_init_eat_seed42,10,0,52
0.9279521813330602,0.9765605971034292,0.7938767365891385,0.4330614848253899,28,0.5275320356579231,0.8664099465338378,27.7128013528593,random_init_eat_seed42,10,1,1052
0.9305878420239916,0.9771917168730306,0.979688798512617,0.33896848199783697,28,0.5222252372306204,0.8606420935918938,27.712799647846726,random_init_eat_seed42,10,2,2052
0.8952975758893388,0.9626741312074547,0.9336845850798461,0.41245969062371834,28,0.5384565977960132,0.8655981225971785,27.7128000397467,random_init_eat_seed42,10,3,3052
0.8910823335443532,0.9774626675254778,0.9475828911776298,0.402950130686932,28,0.5302113619453844,0.8667728641608466,27.712800356888497,random_init_eat_seed42,10,4,4052
0.9397083589425467,0.9834801368595804,0.9683304513330793,0.3900569836653994,28,0.5249784966087595,0.864629283928729,27.712800085307105,random_init_eat_seed42,10,5,5052
0.9067538231512753,0.9443196046879139,0.9605834607522179,0.3785098559248585,28,0.5304961379204908,0.8664287564396522,27.712798188395695,random_init_eat_seed42,10,6,6052
0.9192246743760872,0.9802633311453521,0.9434327651574991,0.40127293639991624,27,0.5256884696699535,0.866464119960778,27.712795605869974,random_init_eat_seed42,10,7,7052
0.9281519062225965,0.9687570472904028,0.7910796924446072,0.40925419877327246,28,0.5318930702556748,0.870124189438448,27.712802486226906,random_init_eat_seed42,10,8,8052
0.9192334291480287,0.9823898165243097,0.9521526122767524,0.41158107490578566,28,0.5179845856756,0.864918994230115,27.712801278351876,random_init_eat_seed42,10,9,9052
0.8923375641791887,0.9839750874725575,0.9604987284311469,0.4532212637961995,27,0.5345054197276916,0.8657438008503328,27.712799293560582,random_init_eat_seed42,10,10,10052
0.8784908852915736,0.981337068377988,0.5149948609212235,0.44762562035533543,28,0.5318785553402674,0.8661715521405962,27.71279839574653,random_init_eat_seed42,10,11,11052
0.9336999793840342,0.9415510933763901,0.6330900324695315,0.44623216866613974,28,0.5366925871079113,0.8683747620788131,27.712799891380453,random_init_eat_seed42,10,12,12052
0.8645078994462064,0.9206835323527919,0.9198941115932517,0.4122469267464698,28,0.5260330187068438,0.8587041515488271,27.71280344051086,random_init_eat_seed42,10,13,13052
0.9413913325982994,0.9797072133806253,0.9571432401140584,0.39110842920199934,28,0.5268556431239638,0.8654562499132099,27.71280274986194,random_init_eat_seed42,10,14,14052
0.8769098467425529,0.966460332480761,0.8823255443756026,0.43895211964858005,28,0.5392212899156621,0.8665673354729294,27.71280295287731,random_init_eat_seed42,10,15,15052
0.8537540251485873,0.9793364919834499,0.8664592046926145,0.42309995397249034,28,0.541646838279081,0.8669796487837854,27.71280157517703,random_init_eat_seed42,10,16,16052
0.9283050077806172,0.9830091848136704,0.9159208294328792,0.38709390001716026,28,0.5391643347830931,0.8651518851109911,27.712800694020036,random_init_eat_seed42,10,17,17052
0.9610291276836701,0.9732226081118718,0.9785524918893672,0.37923935790046326,28,0.5160761611550928,0.8593499982063222,27.712795951105598,random_init_eat_seed42,10,18,18052
0.9295418726324141,0.9796545745024574,0.9543093804671914,0.4667053866719071,28,0.5302400697128062,0.8625483483074289,27.712807292066667,random_init_eat_seed42,10,19,19052
0.9167275115751001,0.9799048496959815,0.7476436355951196,0.4392784775988683,28,0.5228256611354444,0.8656398471100444,27.712795968095726,random_init_eat_seed42,10,20,20052
0.9472111550647282,0.9783577068555559,0.9153069484650058,0.40532713403029913,28,0.5424864817040416,0.8675088929118204,27.712799684825185,random_init_eat_seed42,10,21,21052
0.9093237656711622,0.9852642473742226,0.9535315178278495,0.4471945523093296,28,0.5339079440598974,0.865686915920427,27.712802589296643,random_init_eat_seed42,10,22,22052
0.9145664697748803,0.9784257472783352,0.9426599025519694,0.40705821486051436,28,0.5122395423648025,0.8582718176405917,27.712801922463242,random_init_eat_seed42,10,23,23052
0.8892632810410925,0.978272403903822,0.9190588159383515,0.4140488819977322,28,0.5301949556658595,0.869862807187055,27.712800220319746,random_init_eat_seed42,10,24,24052
0.8903089131874763,0.9823880821025309,0.9217706960642481,0.4491244268303466,28,0.5216690220138209,0.8644468154790867,27.712799993499367,random_init_eat_seed42,10,25,25052
0.9296583255437378,0.9813441609777167,0.9054485807719239,0.3728947257240352,28,0.5185456185295442,0.8615425549862189,27.712800289094194,random_init_eat_seed42,10,26,26052
0.8837194633667942,0.9632615851548628,0.8825731349779009,0.41476608682163596,28,0.5329530757936602,0.8667133773445704,27.712799258606648,random_init_eat_seed42,10,27,27052
0.8565472367013163,0.9851663187930779,0.9574105973374214,0.4338805218026391,28,0.5185059659986042,0.8591396065044247,27.71279776808851,random_init_eat_seed42,10,28,28052
0.9271496376252488,0.9766394623082266,0.874872837704083,0.452320129190756,28,0.5387536101847601,0.8665202708523948,27.71279997301011,random_init_eat_seed42,10,29,29052
0.9251308482877534,0.9843407803056108,0.9291050594236234,0.44412147734644775,28,0.5499728362044242,0.8669484009863232,27.712799472576584,random_init_eat_seed42,11,0,53
0.9329878748968923,0.9454505959455444,0.8927129007134471,0.4300166132739741,28,0.5598392495729188,0.8763826384416481,27.712799995922623,random_init_eat_seed42,11,1,1053
0.9324266528095251,0.9862382950983417,0.9650216307080105,0.5528392373869223,28,0.5505256972645393,0.8703090678864968,27.712799491756513,random_init_eat_seed42,11,2,2053
0.935149105872575,0.9845323822013151,0.9494964538158781,0.44421887613925576,28,0.5412745532390352,0.8654748234665521,27.712801662790827,random_init_eat_seed42,11,3,3053
0.937261417293009,0.9800722586821149,0.9308774362917801,0.4422916295873881,28,0.5411861032238512,0.8685690420072671,27.712799462286604,random_init_eat_seed42,11,4,4053
0.9358866427497485,0.9851733158127839,0.9801745762086235,0.428510806285373,27,0.5516711799859714,0.8682892517163506,27.712800233714137,random_init_eat_seed42,11,5,5053
0.896978489191213,0.9432559201465803,0.8162984845083768,0.4655074732900699,28,0.5563434466027266,0.8733773820477178,27.712800113605756,random_init_eat_seed42,11,6,6053
0.9429769700815619,0.985398352785193,0.9197065322364306,0.414856958313795,28,0.5360502831696696,0.8641161608695183,27.71280053382248,random_init_eat_seed42,11,7,7053
0.9125469237449055,0.9403638709867181,0.8677617620439697,0.47433043853804513,27,0.5625947554286148,0.8754549603529148,27.71280020338174,random_init_eat_seed42,11,8,8053
0.914297257713103,0.9873385394890091,0.9472606882183598,0.45021700456643576,28,0.5436817470882349,0.8679638043852942,27.712798889373982,random_init_eat_seed42,11,9,9053
0.9143550822220586,0.9739275760603163,0.9519338648518003,0.5379882787209997,28,0.5333390191999982,0.8652591072874495,27.712802522209728,random_init_eat_seed42,11,10,10053
0.9163346610076119,0.9071597000886135,0.946473224482243,0.4316929767444516,28,0.5510624484280257,0.8724001851374291,27.712804714578564,random_init_eat_seed42,11,11,11053
0.899223822754798,0.9793432016066372,0.9495200254257742,0.46804860640233775,27,0.5508285461855619,0.8720987782093236,27.712798921965668,random_init_eat_seed42,11,12,12053
0.9076298568967751,0.9592137002133679,0.8903433010814821,0.4173889425374049,28,0.5648014477246428,0.8708026551778633,27.712798832545673,random_init_eat_seed42,11,13,13053
0.9422811396941488,0.9437327452551374,0.8939667219216934,0.392677987616663,28,0.5379660943218015,0.8647085821767979,27.712800387676513,random_init_eat_seed42,11,14,14053
0.930655962608045,0.9752465416662742,0.9821842297405818,0.3527881782188613,28,0.5374612174163121,0.8683598379910835,27.71279735642185,random_init_eat_seed42,11,15,15053
0.9199937322890746,0.9345419488022543,0.9262437016448978,0.46203377471735835,28,0.558410960077662,0.8755960785992275,27.71280064547637,random_init_eat_seed42,11,16,16053
0.9312413892354501,0.9542483905349091,0.9188883366820045,0.4621137639268465,28,0.5465747415513118,0.8710888298540549,27.71279938406912,random_init_eat_seed42,11,17,17053
0.9187294577075817,0.9813729039971901,0.9783649053810224,0.3852553558491315,28,0.5361446373731927,0.865307563761543,27.712798348593886,random_init_eat_seed42,11,18,18053
0.9083943098551834,0.9520671523533641,0.7567804115081719,0.4478608050657923,28,0.5608468239785032,0.8751474242273668,27.71279911355694,random_init_eat_seed42,11,19,19053
0.9247794433529247,0.9875455672497309,0.9275509301078393,0.4565438332125232,28,0.5456522292660292,0.8699907153231704,27.712800234879705,random_init_eat_seed42,11,20,20053
0.9173161842892427,0.9642943238372862,0.9136671974569726,0.4674482168310436,28,0.5648185466218523,0.8714954940419202,27.712800268423745,random_init_eat_seed42,11,21,21053
0.9157864781330094,0.9414689145241655,0.49839001507619307,0.4145919213954684,28,0.5519667088915452,0.8710273914950539,27.71280260060817,random_init_eat_seed42,11,22,22053
0.9119087407543814,0.9629001951183064,0.8614894812796801,0.3898443538517767,28,0.558667799152062,0.8720772971755161,27.71280061956409,random_init_eat_seed42,11,23,23053
0.9332094296564607,0.979592411922846,0.9425181175937993,0.4019299750826423,28,0.5482399768040339,0.8715418032822239,27.712798900691986,random_init_eat_seed42,11,24,24053
0.9511794046883251,0.9769121462053818,0.9708761203205929,0.43631497359094173,28,0.5360922288113972,0.8665438740563163,27.71280128723436,random_init_eat_seed42,11,25,25053
0.9058394497666618,0.9384955685599425,0.8333075958892169,0.48557162672844123,28,0.5463612130509805,0.8696601016839433,27.712800943255083,random_init_eat_seed42,11,26,26053
0.8975504621148509,0.9792235235341582,0.9546506301683332,0.44486697466696834,28,0.5570502570693074,0.8737773188688801,27.71280077242853,random_init_eat_seed42,11,27,27053
0.9131677911771556,0.9350701390943634,0.7710699544966736,0.49304984412068126,27,0.547321163259867,0.8724632606502882,27.712799923927403,random_init_eat_seed42,11,28,28053
0.9150567269064489,0.9603363947246238,0.9392743846124675,0.4534151891443356,28,0.5557157377510786,0.868609686958359,27.712799648568545,random_init_eat_seed42,11,29,29053
0.9110692824281967,0.9464664309760258,0.9438357433744048,0.4918139312477764,27,0.5653870064304493,0.8741812047115375,27.71280111256009,random_init_eat_seed42,12,0,54
0.9263415389013406,0.9788609639708575,0.8877546867591131,0.41548747703135835,28,0.5666103593633407,0.8749638228207144,27.712799928656093,random_init_eat_seed42,12,1,1054
0.9340594070781207,0.9635849589243651,0.9262446616777837,0.44530430021913786,28,0.5699098985874262,0.873184409719958,27.712798731997864,random_init_eat_seed42,12,2,2054
0.9204567431258889,0.9473099755167486,0.8841196864937205,0.47367487890687393,28,0.5510690608406471,0.86897669463903,27.71279678055502,random_init_eat_seed42,12,3,3054
0.9237678019665371,0.9592827805967834,0.9299084105697019,0.4510348026395472,28,0.549637784015847,0.8707109640399956,27.712797281582578,random_init_eat_seed42,12,4,4054
0.9055700179172277,0.9749770557381892,0.9587475874408582,0.4880102750661,28,0.5599823018117059,0.8754504273233966,27.712800068419117,random_init_eat_seed42,12,5,5054
0.9233375119991912,0.9330719361367521,0.9328053184954391,0.4767456909601041,28,0.5556302796946825,0.8734318206427619,27.71279835228023,random_init_eat_seed42,12,6,6054
0.9302890633100921,0.9837115391170409,0.9758981560594179,0.45518142926257577,28,0.5724863781377006,0.8764384965700635,27.712797455586692,random_init_eat_seed42,12,7,7054
0.9213973100944106,0.9705297017989201,0.9783006015338673,0.42872637846185485,28,0.552858448888433,0.8728200140891823,27.71280283747341,random_init_eat_seed42,12,8,8054
0.9025700209430045,0.9506052903467271,0.9164589604644121,0.40127286038903104,28,0.5509565171802815,0.8733611183706858,27.7127999758941,random_init_eat_seed42,12,9,9054
0.9148247045663884,0.9309542712000397,0.8922487426489609,0.42391646396775406,28,0.5505828827706432,0.870114116469808,27.71280056691874,random_init_eat_seed42,12,10,10054
0.932225109109396,0.9708177924396176,0.9491464775417755,0.509869255154176,28,0.57298290365442,0.8758914094378659,27.71280224820471,random_init_eat_seed42,12,11,11054
0.8997678006711334,0.9734451765051559,0.9367591523901835,0.4771933768407436,28,0.574981605997761,0.877741647926432,27.712801755839365,random_init_eat_seed42,12,12,12054
0.9319897217553231,0.9505487607867755,0.9580710980900289,0.3852765311271348,28,0.5588848462263377,0.8729993127393005,27.71279842637431,random_init_eat_seed42,12,13,13054
0.9032509034322084,0.9199529619215951,0.989950230695985,0.49121657791064016,28,0.5778349650640355,0.8789885224680758,27.71279720125933,random_init_eat_seed42,12,14,14054
0.9207997592261998,0.9818154158304987,0.9286351862391459,0.3687172563528661,28,0.5544333899098457,0.8698332615350012,27.71280060472117,random_init_eat_seed42,12,15,15054
0.9322537111996259,0.9335922330329712,0.950334256902746,0.4709626531936455,28,0.5455201487084865,0.8671561978554017,27.7128009515831,random_init_eat_seed42,12,16,16054
0.944877377534761,0.9511549148280125,0.9269916470746569,0.41845394397718333,28,0.5754957346586739,0.8775308859136861,27.712800658581994,random_init_eat_seed42,12,17,17054
0.9023446491499085,0.9561919112983606,0.9680252163054716,0.5070199443289554,28,0.5634067846229133,0.8727446571923397,27.712798948028578,random_init_eat_seed42,12,18,18054
0.9381098494395971,0.9705760087490278,0.8638090300272185,0.410500453624271,28,0.5593513986292857,0.8719698232454438,27.71279925250045,random_init_eat_seed42,12,19,19054
0.9175454404404148,0.9521716698255155,0.9428911997790794,0.40596392632589673,27,0.5699877426775563,0.8755146852400439,27.71279930633083,random_init_eat_seed42,12,20,20054
0.9148994142513018,0.978112996500772,0.9353569813010877,0.41895667603029535,28,0.5678610289777931,0.8752601574372124,27.712797763786728,random_init_eat_seed42,12,21,21054
0.9395904063258251,0.9285148464175199,0.8828841592614081,0.4622789950908558,28,0.5644315425777938,0.8763952603396923,27.712799197026992,random_init_eat_seed42,12,22,22054
0.921721873600637,0.9732541129513284,0.926353645174324,0.4583926715044203,28,0.5616639883543886,0.8763386781312473,27.712798373376252,random_init_eat_seed42,12,23,23054
0.921809500798469,0.9578195802387383,0.9536177966706302,0.4668319913885087,28,0.5496223111310528,0.8738153696612073,27.712801112694287,random_init_eat_seed42,12,24,24054
0.9356880457679468,0.981315210006998,0.9670291997782844,0.4722564082706593,28,0.5728852398351142,0.8784997628952398,27.712800174892845,random_init_eat_seed42,12,25,25054
0.9363491460364181,0.943039810182376,0.9714760410952333,0.39043120475311066,28,0.5668887439822251,0.8762765960715844,27.712800186726557,random_init_eat_seed42,12,26,26054
0.9301521332596346,0.9737705575221632,0.9560345350217456,0.45934643244090023,28,0.5680705903135277,0.873840278306868,27.71280196362667,random_init_eat_seed42,12,27,27054
0.9161804986517605,0.9763027315551318,0.9709253744158689,0.4751134333586526,28,0.572522937384935,0.8755532089339051,27.71280328627766,random_init_eat_seed42,12,28,28054
0.9353052452784381,0.9687342730251242,0.9650400272679188,0.5164814682429738,28,0.5628472256122085,0.8734445464544188,27.712798255422687,random_init_eat_seed42,12,29,29054
